{"type":"Feature","properties":{"iso3":"CAN","name":"Canada","continent":"Americas"},"geometry":{"type":"MultiPolygon","coordinates":[[[[-95.160569,49.369494],[-95.159329,49.01179],[-122.753017,48.992515],[-122.881744,49.086493],[-123.090506,48.992515],[-123.040679,49.151028],[-123.211985,49.12995],[-123.156972,49.205308],[-123.246897,49.274644],[-122.960846,49.281887],[-122.86266,49.40644],[-122.869049,49.456366],[-123.02066,49.30683],[-123.270009,49.335354],[-123.169993,49.674994],[-123.489491,49.515041],[-123.516184,49.391669],[-123.865224,49.473334],[-124.06607,49.644029],[-123.954945,49.746894],[-123.805084,49.528632],[-123.550201,49.674872],[-123.794545,49.644029],[-123.927602,49.763617],[-123.883616,49.901109],[-123.953603,49.989691],[-123.771962,50.072943],[-123.814809,50.149156],[-123.970611,50.214423],[-123.813344,50.107815],[-123.981109,50.021389],[-123.938222,49.828803],[-124.020416,49.907782],[-124.081614,49.808295],[-124.30427,49.752672],[-124.525543,49.814846],[-124.822092,50.040107],[-124.703765,49.996894],[-124.605214,50.232856],[-124.687327,50.312567],[-124.631825,50.401801],[-124.35676,50.486151],[-124.671986,50.430854],[-124.80842,50.322252],[-124.941274,50.325995],[-125.006988,50.432115],[-125.088979,50.350165],[-125.060658,50.469794],[-124.885813,50.559312],[-124.828928,50.719713],[-124.896108,50.773586],[-124.803456,50.915513],[-124.971303,50.82038],[-124.900014,50.735256],[-124.933705,50.601508],[-125.127838,50.436998],[-125.347564,50.52025],[-125.577056,50.470689],[-125.452707,50.685289],[-125.503814,50.688137],[-125.670237,50.439439],[-125.814076,50.533149],[-126.242258,50.501044],[-125.977528,50.613227],[-126.243764,50.596625],[-125.699127,50.689399],[-125.512115,50.960842],[-125.637034,51.103705],[-125.557444,50.919827],[-125.67927,50.870307],[-125.650461,50.804511],[-125.743479,50.717231],[-126.186635,50.671861],[-126.055328,50.774726],[-126.196441,50.798],[-126.178863,50.853217],[-126.559397,50.853258],[-126.498931,50.922349],[-126.173085,50.938788],[-126.459462,50.951728],[-126.514882,51.062323],[-126.526845,50.955878],[-126.674224,50.87816],[-127.136138,50.930813],[-126.953481,50.884589],[-127.067372,50.830756],[-127.429026,50.943101],[-127.499582,51.095364],[-127.777008,51.167222],[-127.736399,51.25788],[-127.571441,51.300605],[-127.145863,51.319281],[-127.114125,51.382148],[-127.255767,51.308824],[-127.779652,51.330552],[-127.559926,51.467434],[-127.492014,51.620592],[-126.616526,51.697577],[-126.637563,51.761623],[-126.69933,51.665432],[-127.446929,51.685858],[-127.337066,51.857164],[-127.476715,51.713446],[-127.616038,51.707831],[-127.498931,51.676907],[-127.571604,51.528144],[-127.713857,51.45775],[-127.756988,51.487982],[-127.680653,51.505194],[-127.791371,51.526923],[-127.873687,51.673407],[-127.860178,51.90648],[-127.711781,51.948879],[-127.547353,52.143256],[-127.475453,52.106635],[-127.62442,52.02851],[-127.405344,52.104234],[-127.398346,52.196438],[-127.186431,52.309312],[-126.957428,52.268622],[-126.68102,52.000149],[-126.930043,52.293402],[-126.733754,52.371161],[-127.11734,52.350653],[-127.232737,52.50788],[-126.925526,52.73428],[-126.991689,52.843817],[-127.042307,52.864569],[-127.053822,52.653022],[-127.495107,52.358832],[-127.730336,52.276272],[-127.735748,52.328925],[-127.84732,52.224758],[-127.929433,52.304999],[-127.847483,52.371324],[-127.872629,52.504136],[-127.967681,52.322699],[-128.066558,52.449652],[-127.877675,52.584052],[-128.071197,52.517808],[-128.28303,52.283922],[-128.392242,52.296047],[-128.238108,52.443183],[-128.132232,52.873114],[-128.028798,52.916653],[-128.275502,52.79975],[-128.433013,52.823676],[-128.556752,53.12873],[-128.498362,53.141099],[-128.84911,53.278551],[-128.844228,53.470893],[-128.974477,53.556627],[-128.775543,53.555609],[-128.493886,53.344062],[-128.379506,53.447496],[-128.148915,53.453599],[-127.87149,53.228339],[-128.112375,53.465155],[-128.502675,53.444566],[-128.779286,53.594713],[-128.75536,53.810492],[-128.479482,53.836859],[-128.67516,53.887274],[-128.617909,54.020168],[-128.932851,53.776353],[-128.965891,53.89053],[-129.00178,53.762112],[-129.048004,53.812323],[-129.033274,53.749498],[-129.228342,53.632717],[-129.289784,53.385403],[-130.104726,53.947089],[-130.05663,54.139553],[-129.979888,54.161119],[-129.750885,53.985663],[-129.932281,54.16828],[-129.886586,54.2119],[-129.475331,54.235053],[-130.112172,54.159329],[-130.277252,54.20775],[-130.246449,54.387193],[-130.473948,54.35871],[-130.362701,54.61225],[-130.006093,54.319973],[-130.07315,54.377021],[-130.016591,54.488267],[-130.101145,54.426337],[-130.191314,54.482123],[-130.359771,54.632148],[-130.338124,54.693793],[-129.923655,54.609198],[-130.201527,54.728502],[-130.059682,54.878852],[-130.173655,54.84455],[-129.996734,54.976955],[-129.989247,54.920315],[-129.663319,54.984361],[-129.975657,55.058051],[-129.647084,55.433173],[-129.486562,55.459947],[-129.68635,55.419582],[-129.790517,55.598334],[-129.790883,55.347886],[-130.037099,55.036363],[-130.13268,55.019924],[-130.167388,55.085395],[-129.957916,55.273505],[-130.128814,55.759223],[-129.984731,55.905463],[-130.071539,56.084123],[-130.403974,56.121898],[-130.760334,56.345192],[-131.536437,56.585229],[-131.799108,56.587658],[-131.872411,56.77297],[-132.107384,56.858753],[-132.031859,57.028406],[-132.34122,57.080393],[-132.230994,57.19682],[-133.41503,58.330549],[-133.392241,58.403878],[-133.87123,58.735899],[-134.22219,58.842714],[-134.692084,59.235249],[-134.979973,59.297415],[-135.095754,59.418855],[-135.016198,59.543447],[-135.087874,59.606544],[-135.465137,59.789685],[-136.2585,59.621582],[-136.350329,59.592384],[-136.275036,59.486448],[-136.467557,59.461643],[-136.466549,59.287803],[-136.569489,59.172152],[-136.840816,59.148174],[-137.486875,58.900075],[-137.582088,59.206568],[-138.59921,59.753822],[-138.692098,59.886888],[-139.182146,60.073389],[-139.101608,60.346602],[-139.679816,60.32681],[-139.967757,60.188369],[-140.424111,60.293168],[-140.506664,60.236324],[-140.979555,60.295804],[-141.005564,69.650946],[-139.917958,69.621324],[-139.143788,69.513658],[-138.60851,69.248603],[-138.39037,69.309027],[-138.09553,69.140123],[-137.223744,68.950914],[-136.067616,68.885321],[-135.186757,68.662421],[-135.480336,68.811428],[-135.340891,68.838609],[-136.004994,68.947903],[-135.923085,68.962144],[-135.954172,69.048407],[-135.519032,69.029771],[-135.919423,69.093492],[-135.969106,69.207221],[-135.933827,69.254136],[-135.415924,69.0987],[-135.836293,69.260932],[-135.701527,69.332831],[-135.583852,69.235419],[-135.569325,69.344672],[-135.175893,69.262152],[-135.27599,69.400336],[-135.155385,69.479722],[-134.476308,69.443793],[-134.450307,69.51675],[-134.58731,69.495917],[-134.405507,69.636868],[-134.497955,69.72248],[-134.319895,69.723578],[-134.353993,69.681545],[-134.149159,69.64057],[-134.242421,69.577216],[-134.004506,69.558051],[-134.052317,69.530707],[-133.778554,69.577867],[-133.818105,69.467353],[-134.283437,69.185614],[-133.631907,69.399156],[-133.089426,69.445054],[-132.887278,69.661078],[-132.385081,69.646674],[-132.332997,69.684638],[-132.603505,69.669094],[-132.277415,69.774319],[-132.449208,69.744208],[-132.167633,69.687812],[-131.426422,69.950629],[-131.24059,69.933051],[-131.188466,69.824897],[-130.893625,70.106024],[-130.691233,70.086371],[-130.461578,70.174954],[-130.541412,70.114691],[-129.931711,70.076117],[-129.67394,70.269924],[-129.436431,70.1258],[-129.542144,70.049872],[-129.495229,70.030341],[-130.527089,69.783881],[-130.897776,69.587226],[-131.057607,69.642646],[-132.013051,69.527533],[-132.078521,69.386054],[-132.334625,69.315741],[-132.315338,69.267279],[-132.434804,69.304145],[-132.48648,69.174018],[-132.544667,69.290473],[-132.827016,69.223578],[-132.881093,68.992255],[-132.928863,69.08161],[-133.100738,69.072008],[-133.335439,68.867621],[-133.470123,68.893256],[-133.451039,68.791164],[-132.957875,68.699449],[-133.388173,68.845445],[-132.514231,68.805325],[-132.414215,68.842963],[-132.550201,68.920111],[-132.483795,68.88581],[-132.767934,68.847113],[-132.725331,68.874579],[-132.832631,68.921129],[-132.675649,68.927395],[-132.864654,69.009223],[-132.431304,69.228258],[-132.457265,69.13227],[-132.342926,69.225653],[-132.235097,69.159084],[-131.715443,69.400336],[-131.955556,69.399482],[-131.911244,69.428127],[-131.427561,69.435126],[-131.507883,69.346137],[-131.335072,69.478217],[-131.260854,69.421088],[-131.270904,69.485663],[-131.211171,69.398424],[-131.394114,69.323391],[-131.325592,69.325263],[-131.171051,69.387641],[-131.232493,69.541897],[-131.115142,69.51675],[-131.119374,69.409491],[-131.080556,69.446438],[-131.068837,69.51439],[-131.188385,69.579739],[-131.127797,69.621039],[-131.030181,69.461819],[-131.082021,69.355943],[-130.947743,69.538886],[-130.957631,69.410631],[-131.051259,69.338935],[-130.907297,69.34512],[-131.017974,69.216742],[-130.958485,69.145697],[-130.950917,69.247545],[-130.646596,69.461819],[-130.750234,69.454332],[-130.338124,69.68773],[-129.122914,69.856106],[-128.925364,69.977607],[-128.858388,69.955268],[-129.173695,69.832343],[-129.158559,69.71483],[-128.941518,69.68244],[-128.967641,69.732408],[-128.336293,69.950385],[-128.370229,70.097398],[-128.269928,70.140815],[-127.515207,70.222113],[-128.032379,70.293687],[-128.079905,70.331448],[-127.928293,70.385728],[-128.20051,70.400865],[-128.009267,70.579047],[-127.230824,70.309882],[-126.77477,69.975735],[-126.678375,69.753811],[-126.227366,69.517524],[-125.448842,69.319159],[-125.378977,69.342922],[-125.454498,69.386908],[-125.116851,69.420844],[-125.594309,69.425238],[-125.468658,69.51496],[-125.116851,69.489691],[-125.286773,69.550849],[-125.219309,69.585354],[-125.415883,69.603217],[-125.381988,69.68476],[-124.861562,69.713202],[-125.221262,69.768052],[-125.219309,69.845404],[-125.075307,69.797593],[-124.931223,69.925279],[-124.639312,69.973944],[-124.902943,70.016099],[-125.197906,69.936428],[-125.129872,70.037177],[-124.671254,70.078803],[-124.545562,70.018948],[-124.417348,70.051459],[-124.753245,70.120103],[-124.441558,70.155666],[-124.370269,70.041693],[-124.524403,69.973538],[-124.435374,69.955268],[-124.481191,69.759182],[-124.039418,69.682807],[-124.498362,69.415107],[-124.438466,69.369615],[-123.38268,69.414008],[-123.443227,69.476874],[-123.177561,69.495917],[-123.100453,69.67536],[-123.157338,69.77025],[-122.950999,69.838568],[-121.64387,69.789049],[-120.807362,69.623521],[-120.085805,69.363593],[-118.666371,69.225491],[-118.040883,69.024604],[-117.165395,68.893948],[-116.973622,68.946275],[-115.971181,68.809272],[-116.311106,68.947699],[-115.587758,68.975165],[-114.522572,68.717231],[-114.10554,68.506008],[-114.059438,68.397406],[-113.905385,68.399807],[-114.081207,68.240668],[-114.968617,68.283149],[-114.755116,68.194322],[-115.241689,68.186916],[-115.242787,68.054755],[-115.128651,68.022854],[-115.533803,67.934394],[-114.99649,67.792711],[-113.858754,67.696234],[-112.42101,67.68244],[-112.02774,67.748684],[-111.870758,67.694037],[-111.87975,67.764065],[-111.545644,67.721381],[-111.167388,67.846096],[-111.156321,67.767727],[-111.037506,67.766832],[-110.420806,67.948391],[-110.158193,67.918402],[-110.203033,67.974066],[-110.081654,68.009426],[-109.971181,67.967271],[-109.966908,67.833808],[-109.832021,67.873603],[-109.538726,67.689032],[-109.434234,67.752143],[-109.074574,67.721991],[-108.933665,67.546332],[-108.996938,67.449042],[-108.841176,67.367662],[-108.744456,67.45425],[-108.738393,67.593207],[-108.639882,67.629462],[-108.471262,67.351467],[-108.386301,67.449286],[-107.992543,67.282457],[-107.88561,67.092515],[-108.302968,67.040351],[-108.62206,67.159654],[-108.506012,67.036811],[-108.119456,66.939399],[-108.231679,66.851142],[-107.995229,66.832221],[-107.911936,66.688422],[-107.765736,66.691352],[-107.209869,66.359117],[-107.767405,66.739407],[-107.697255,66.802802],[-107.765859,66.996324],[-107.634836,66.967108],[-107.666493,67.063422],[-107.512318,67.00141],[-107.484364,66.91942],[-107.697255,66.953559],[-107.541249,66.884589],[-107.57372,66.844957],[-107.431467,66.807847],[-107.441396,66.962958],[-107.37678,66.969713],[-107.114329,66.824897],[-107.368276,67.03441],[-107.203196,67.124905],[-107.527008,67.212348],[-107.71642,67.404608],[-107.583648,67.478013],[-108.018788,67.735053],[-107.687327,67.9112],[-107.909535,67.995103],[-107.861724,68.104967],[-107.731435,68.088202],[-107.813954,68.057196],[-107.751861,67.995103],[-107.191558,68.117865],[-106.758168,68.104967],[-106.813385,68.207994],[-106.753,68.228827],[-106.443471,68.152777],[-106.346588,68.186916],[-106.48412,68.228664],[-106.470774,68.331529],[-105.776519,68.421942],[-105.692738,68.622626],[-106.522043,68.526679],[-106.422353,68.515855],[-106.617747,68.472113],[-106.516103,68.415839],[-106.592885,68.300727],[-106.786733,68.414944],[-107.246205,68.267279],[-107.806264,68.34516],[-107.889027,68.269477],[-107.620432,68.183295],[-108.389231,68.111029],[-108.436269,68.136786],[-108.32787,68.204576],[-108.457265,68.197414],[-108.416615,68.304185],[-108.807037,68.262641],[-108.280832,68.621568],[-107.292592,68.701402],[-106.244211,68.940375],[-105.812245,68.88581],[-105.52245,68.75373],[-105.469594,68.721991],[-105.521067,68.634711],[-105.326243,68.474921],[-105.535959,68.449897],[-105.095123,68.269517],[-104.880686,68.340237],[-104.839589,68.31037],[-104.944976,68.260565],[-104.884633,68.229478],[-104.634145,68.249579],[-104.675689,68.139716],[-104.483876,68.033922],[-103.792592,68.026272],[-103.386586,68.159613],[-103.366078,68.0185],[-103.256174,67.973131],[-102.218902,67.69184],[-101.988759,67.789659],[-101.415924,67.690253],[-101.447662,67.734361],[-100.956858,67.749213],[-100.923085,67.820746],[-100.71703,67.846991],[-99.767812,67.826483],[-98.936431,67.696845],[-98.356557,67.8039],[-98.712758,67.944932],[-98.733876,68.036689],[-98.596995,68.094306],[-98.092112,67.760321],[-97.415028,67.610663],[-97.061147,67.680406],[-97.203847,67.710883],[-97.120107,67.779405],[-97.249582,67.924628],[-97.363515,67.876939],[-97.693227,68.02265],[-98.131215,67.858507],[-98.572581,68.138129],[-98.4794,68.190375],[-98.363596,68.09398],[-98.340688,68.180732],[-98.686106,68.351386],[-98.477406,68.352484],[-98.520985,68.399766],[-98.192372,68.307685],[-97.781565,68.371161],[-98.003651,68.531928],[-97.874013,68.541734],[-97.548695,68.424018],[-97.577748,68.499945],[-97.260365,68.468695],[-97.009918,68.350043],[-96.993479,68.296739],[-97.05606,68.306627],[-96.971588,68.253852],[-96.690012,68.286444],[-96.641469,68.189032],[-96.403798,68.317857],[-96.814768,68.05036],[-96.764516,68.017157],[-96.444814,68.05036],[-96.548451,68.085069],[-95.896718,68.296739],[-96.081654,68.145941],[-96.024403,68.115709],[-96.212026,67.831244],[-96.181874,67.64289],[-96.30724,67.696357],[-96.46524,67.478013],[-96.068023,67.440863],[-96.248647,67.26317],[-96.110748,67.221869],[-95.734975,67.376451],[-95.53661,67.357123],[-95.811676,67.192857],[-95.387115,67.160631],[-95.347727,66.973822],[-95.881988,66.946763],[-95.94872,67.062323],[-96.127065,66.956977],[-96.280344,67.070258],[-96.454254,67.068834],[-95.864166,66.766466],[-95.79247,66.622992],[-95.630442,66.679389],[-95.655019,66.731024],[-95.754384,66.683051],[-96.076405,66.903144],[-95.976145,66.953925],[-95.316314,66.900214],[-95.218332,66.974066],[-95.342681,67.136827],[-95.172841,67.278632],[-95.341868,67.368516],[-95.355458,67.567125],[-95.680328,67.702501],[-95.545481,67.808295],[-95.456166,68.056871],[-94.798248,68.038072],[-94.193267,68.288682],[-94.122385,68.422349],[-93.374867,68.638739],[-93.730458,68.611802],[-93.581654,68.831488],[-93.656077,68.940375],[-93.909291,68.995673],[-93.800038,69.064561],[-93.936594,69.029771],[-94.064849,68.867499],[-93.8131,68.899482],[-94.109853,68.759101],[-94.636098,68.756049],[-94.559926,68.863145],[-94.60497,68.958238],[-94.402699,68.962144],[-94.052317,69.143256],[-94.300893,69.1435],[-94.313954,69.297919],[-93.525706,69.441352],[-93.881947,69.249498],[-93.796783,69.187323],[-93.361887,69.372992],[-93.555653,69.36994],[-93.505849,69.51557],[-94.322174,69.452989],[-94.629872,69.68773],[-94.875111,69.571641],[-95.650299,69.783881],[-96.003896,69.798041],[-96.2058,69.865831],[-96.0985,69.866929],[-96.128285,69.960679],[-96.53189,70.136176],[-96.561513,70.315253],[-96.259674,70.54682],[-95.79894,70.531236],[-96.053944,70.607042],[-95.830556,70.709581],[-96.190338,70.624742],[-96.573354,70.774034],[-96.616444,70.825751],[-96.382924,71.09101],[-96.535268,71.117906],[-96.390004,71.147773],[-96.488678,71.273993],[-96.133534,71.414171],[-95.535227,71.315741],[-95.577016,71.346015],[-95.472157,71.36046],[-95.546213,71.42772],[-95.375966,71.510688],[-95.924428,71.547593],[-95.492055,71.722968],[-95.301991,71.720526],[-95.238759,71.81977],[-94.650258,71.849311],[-95.246693,71.862982],[-95.211497,71.929023],[-94.886932,71.975836],[-94.404368,71.945868],[-94.649159,71.81977],[-94.552846,71.761461],[-94.388051,71.811591],[-94.410512,71.683051],[-94.180735,71.792548],[-93.76122,71.779283],[-93.703847,71.733466],[-93.820546,71.655341],[-92.990631,71.357123],[-92.854115,71.045152],[-92.938222,70.846055],[-93.052724,70.880683],[-92.178293,70.5963],[-92.285553,70.48961],[-91.998158,70.39411],[-92.086293,70.31212],[-91.96345,70.269884],[-91.744293,70.35932],[-91.696523,70.202257],[-91.510976,70.161322],[-91.995473,70.123033],[-92.263905,70.239488],[-92.484202,70.18122],[-92.430653,70.171373],[-92.473948,70.098578],[-92.587229,70.078803],[-91.942942,70.024115],[-92.841379,69.710028],[-92.538808,69.715033],[-92.923004,69.681505],[-92.340199,69.701972],[-92.114573,69.63227],[-92.299224,69.646715],[-92.237782,69.60578],[-91.819407,69.49079],[-91.426015,69.668402],[-91.195058,69.655707],[-91.093251,69.64057],[-91.541086,69.533759],[-90.654408,69.536851],[-90.32608,69.452989],[-90.702789,69.454332],[-90.633901,69.42829],[-90.79776,69.366197],[-90.805247,69.256334],[-91.070058,69.268134],[-90.956044,69.352525],[-91.156117,69.293321],[-91.449534,69.359361],[-90.670644,69.088202],[-90.621083,68.916327],[-90.446523,68.886298],[-90.561147,68.82807],[-90.457102,68.777045],[-90.526235,68.733385],[-90.486684,68.543769],[-90.600087,68.461249],[-90.318593,68.379259],[-90.475657,68.337714],[-90.151519,68.247748],[-89.849762,68.523301],[-89.909983,68.633246],[-89.809478,68.712714],[-89.715932,68.646186],[-89.726064,68.994859],[-89.19872,69.278062],[-88.941965,69.233588],[-88.022613,68.808661],[-87.800364,68.404283],[-87.814605,68.294135],[-87.91161,68.222724],[-88.146148,68.235907],[-88.180002,68.358588],[-88.398427,68.290798],[-88.282867,68.113837],[-88.373647,67.975816],[-88.152984,67.680406],[-87.483795,67.363105],[-87.399526,67.275702],[-87.51122,67.134223],[-87.327789,67.173285],[-87.310902,67.118272],[-87.228139,67.228095],[-86.960683,67.255235],[-87.06371,67.324164],[-86.882192,67.406073],[-86.501943,67.379381],[-86.452952,67.605943],[-86.529286,67.687201],[-86.138254,68.009385],[-85.901723,68.054389],[-85.844065,68.324042],[-85.68399,68.447089],[-85.734202,68.638739],[-85.668121,68.726996],[-85.485585,68.743109],[-85.562856,68.784003],[-84.80724,68.734239],[-84.759267,68.758246],[-84.840891,68.823106],[-85.192942,68.86933],[-85.042714,68.865912],[-85.012929,68.915717],[-85.145131,68.947862],[-85.080719,68.964301],[-84.804311,68.933417],[-84.945912,69.003119],[-84.561269,69.0008],[-85.095041,69.119981],[-85.024403,69.163642],[-85.270253,69.137885],[-85.224843,69.174058],[-85.484975,69.293891],[-85.360666,69.309638],[-85.50829,69.407782],[-85.34439,69.441352],[-85.534047,69.463324],[-85.531565,69.525987],[-85.385365,69.564195],[-85.544097,69.65351],[-85.449615,69.741197],[-85.514475,69.77025],[-85.342681,69.80622],[-85.590199,69.832343],[-85.095611,69.779405],[-84.339833,69.859687],[-83.754058,69.711737],[-82.253407,69.64057],[-82.616444,69.646715],[-82.554351,69.599555],[-82.753651,69.577867],[-82.479319,69.502753],[-83.253285,69.558051],[-82.281565,69.41942],[-82.225453,69.393541],[-82.389963,69.407782],[-82.165883,69.315538],[-82.294301,69.256334],[-82.237294,69.235216],[-81.753041,69.26789],[-81.358632,69.196723],[-81.273305,69.0987],[-82.061594,68.878974],[-81.396148,68.872748],[-81.252512,68.787095],[-81.255035,68.65644],[-81.399281,68.590928],[-81.973744,68.428534],[-82.226674,68.532701],[-82.22175,68.458116],[-82.636952,68.50963],[-82.496938,68.463935],[-82.629791,68.448676],[-82.602528,68.405992],[-82.3697,68.356269],[-82.467437,68.32453],[-82.4051,68.273383],[-82.260162,68.262641],[-82.344797,68.175523],[-82.206532,68.124701],[-81.993642,68.215033],[-82.177642,68.009385],[-82.112416,67.923082],[-81.237945,67.460517],[-81.502919,67.001044],[-81.954905,66.976793],[-82.158355,66.726142],[-82.373158,66.727647],[-82.633453,66.5633],[-82.998647,66.555162],[-83.369374,66.350287],[-83.560536,66.349351],[-83.678131,66.525336],[-84.01358,66.632066],[-84.004506,66.697008],[-83.865834,66.673448],[-83.951161,66.743354],[-83.91808,66.885932],[-84.269399,66.727851],[-84.411936,66.807318],[-84.240142,66.830675],[-84.566274,66.970649],[-84.370513,66.974066],[-84.910064,67.061876],[-84.637441,66.981513],[-85.004628,66.968085],[-85.204579,66.878485],[-84.603342,66.939927],[-84.747304,66.899604],[-84.343373,66.783189],[-84.421946,66.728827],[-84.315297,66.679877],[-84.166005,66.692084],[-84.216298,66.601386],[-83.931752,66.46015],[-83.70165,66.227973],[-83.83137,66.158393],[-83.800893,66.198228],[-84.177561,66.319159],[-84.348744,66.277777],[-84.537465,66.405219],[-84.58316,66.309312],[-84.381744,66.19005],[-85.136098,66.326402],[-85.241567,66.270087],[-85.346479,66.50113],[-85.465479,66.574425],[-85.840321,66.504828],[-86.740346,66.531562],[-86.631703,66.440253],[-86.789377,66.453925],[-86.648793,66.327012],[-85.892021,66.193411],[-86.063344,65.999091],[-86.426259,65.898383],[-86.559153,65.669867],[-87.380767,65.329698],[-88.063873,65.359483],[-88.83141,65.645209],[-88.420888,65.624986],[-89.109364,65.728461],[-89.687978,65.946845],[-89.967397,65.955797],[-89.767079,65.892646],[-89.732655,65.841539],[-89.801096,65.824042],[-91.46345,65.958116],[-91.062856,65.816107],[-91.004465,65.815863],[-91.10851,65.897569],[-90.955068,65.920356],[-89.958119,65.794298],[-89.491444,65.61579],[-89.06786,65.340074],[-87.372792,65.275214],[-87.046946,65.237982],[-86.938222,65.141954],[-87.315297,64.758897],[-87.523061,64.721422],[-87.577626,64.569525],[-87.810414,64.496894],[-88.092885,64.15058],[-88.707753,63.972724],[-88.96703,63.988511],[-89.249623,64.155748],[-89.049387,63.960883],[-89.147369,63.952582],[-89.545562,64.079779],[-89.482533,63.952582],[-89.540354,63.972113],[-89.825795,64.109565],[-89.759877,64.13642],[-89.773915,64.243354],[-90.127431,64.130072],[-89.91393,64.10338],[-89.819936,63.933417],[-90.252512,64.012152],[-89.969146,63.791205],[-90.119985,63.781236],[-90.068756,63.763658],[-90.22057,63.613227],[-90.606801,63.703192],[-90.656728,63.674994],[-90.557769,63.598253],[-90.910146,63.5692],[-91.681549,63.77501],[-91.898915,63.746039],[-91.9829,63.821723],[-92.064036,63.748887],[-92.373769,63.77912],[-93.44815,64.023139],[-93.748402,64.189643],[-93.555572,64.033637],[-93.76594,63.993476],[-93.647288,63.881456],[-93.217193,63.842719],[-93.450592,63.932074],[-93.400624,63.977362],[-92.127512,63.711168],[-92.529693,63.564399],[-92.467437,63.528388],[-91.778432,63.714423],[-91.371083,63.485053],[-90.784739,63.39765],[-90.951975,63.422187],[-90.708363,63.364691],[-90.658803,63.034247],[-91.441965,62.786933],[-92.134755,62.876899],[-92.09732,62.829169],[-92.159983,62.804755],[-92.428578,62.833564],[-92.22411,62.691962],[-92.275624,62.691352],[-91.894643,62.588853],[-92.398915,62.53852],[-92.57665,62.606024],[-92.566721,62.502631],[-92.503651,62.516547],[-92.790924,62.362738],[-92.602203,62.311143],[-92.63561,62.259955],[-92.496653,62.169989],[-93.252024,62.369818],[-92.781321,62.239569],[-92.793284,62.187934],[-93.073557,62.178046],[-93.120839,62.150377],[-92.955068,62.124091],[-93.158193,61.995592],[-93.416493,62.034003],[-93.217193,61.958319],[-93.367299,61.954901],[-93.279286,61.896837],[-93.597483,61.953843],[-93.271392,61.736314],[-93.436187,61.771918],[-93.334788,61.734565],[-93.984975,61.457994],[-93.827626,61.362738],[-94.074615,61.326117],[-94.001536,61.230902],[-94.101064,61.163194],[-93.998647,61.114732],[-94.357777,60.834459],[-94.514556,60.553453],[-94.738515,60.539374],[-94.665354,60.521674],[-94.761708,60.505194],[-94.632883,60.361151],[-94.817006,59.962877],[-94.807444,59.617987],[-94.738515,59.347724],[-94.68342,59.356676],[-94.791168,59.100043],[-94.967275,59.085924],[-94.723704,59.004218],[-94.745961,58.833116],[-94.608144,58.881537],[-94.399485,58.71247],[-94.204091,58.806464],[-94.36856,58.230414],[-94.237945,58.391669],[-94.177398,58.77912],[-93.170033,58.744371],[-93.098012,58.476264],[-92.807769,58.075751],[-92.785797,57.839423],[-92.423573,57.354438],[-92.597157,57.048326],[-92.842641,56.920518],[-92.218129,57.062812],[-92.454335,56.947699],[-92.337392,56.95954],[-91.031117,57.264635],[-90.435211,57.192613],[-89.827016,56.97602],[-88.891184,56.861274],[-88.31135,56.538031],[-87.989654,56.449449],[-87.626047,56.030707],[-85.904273,55.662049],[-85.152008,55.360419],[-85.126617,55.302558],[-85.389027,55.112128],[-85.419097,55.009711],[-85.053944,55.294135],[-84.613149,55.245185],[-83.904408,55.321275],[-83.623647,55.231513],[-83.58316,55.147895],[-83.674672,55.25377],[-82.975697,55.239081],[-82.897613,55.17414],[-82.95165,55.112738],[-82.61734,55.168809],[-82.353749,55.080308],[-82.355824,55.167914],[-82.248769,55.099595],[-82.270172,54.932563],[-82.198557,54.85578],[-82.43871,54.371446],[-82.430898,54.228217],[-82.256337,54.079454],[-82.142445,53.835883],[-82.209706,53.559027],[-82.11559,53.309638],[-82.238149,53.221422],[-82.303456,53.032701],[-81.563832,52.456244],[-81.490224,52.314439],[-81.882802,52.19359],[-81.512034,52.239325],[-81.390614,52.127794],[-81.002512,52.014838],[-80.605092,51.723456],[-80.427561,51.374091],[-81.012603,51.035386],[-80.385121,51.341376],[-79.784088,51.147406],[-79.354115,50.770982],[-79.725657,51.121772],[-79.696767,51.398505],[-79.346018,51.661811],[-79.029124,51.479926],[-78.960601,51.257921],[-78.847035,51.164496],[-78.919057,51.250596],[-78.88801,51.387641],[-78.690012,51.487291],[-79.009104,51.753526],[-78.573313,52.124701],[-78.552968,52.236396],[-78.408193,52.24079],[-78.512278,52.277574],[-78.586334,52.542426],[-78.765126,52.57038],[-78.724192,52.652289],[-78.830556,52.749335],[-78.690012,52.885077],[-78.842356,52.877997],[-78.844146,53.002021],[-78.984202,53.028428],[-78.895416,53.268622],[-78.985666,53.445746],[-79.087758,53.480414],[-78.978424,53.505479],[-78.954701,53.600084],[-79.130483,53.706],[-79.013499,53.845893],[-78.940297,53.821967],[-79.107737,53.906114],[-78.991689,53.912909],[-79.100901,53.981798],[-78.964345,54.002305],[-79.269358,54.083564],[-79.083485,54.159288],[-79.382069,54.194078],[-79.326812,54.228217],[-79.463979,54.310167],[-79.450307,54.413804],[-79.601186,54.557196],[-79.550404,54.569688],[-79.765614,54.652777],[-79.642934,54.738227],[-78.392242,55.027533],[-77.800526,55.264106],[-77.112904,55.67536],[-77.169993,55.682969],[-76.681549,56.042914],[-76.518422,56.413642],[-76.532867,57.087226],[-76.808705,57.675523],[-77.201812,58.05622],[-78.012034,58.384833],[-78.371897,58.614],[-78.429921,58.620836],[-78.320058,58.546373],[-78.570953,58.638658],[-78.48705,58.697374],[-78.565745,58.95775],[-78.316396,58.925523],[-78.106557,59.209906],[-77.67516,59.402289],[-77.90803,59.404731],[-77.737213,59.539496],[-77.716176,59.621405],[-77.798695,59.682847],[-77.577748,59.695176],[-77.312734,59.566759],[-77.545481,59.74494],[-77.321685,59.790473],[-77.395823,59.908515],[-77.189198,60.060248],[-77.634185,60.066474],[-77.408274,60.129096],[-77.743153,60.404242],[-77.55602,60.543158],[-77.41511,60.54682],[-77.829254,60.643256],[-77.625559,60.754381],[-77.744049,60.766547],[-77.51065,60.834825],[-77.894887,60.752305],[-77.860097,60.79267],[-77.96996,60.79267],[-77.880686,60.827379],[-78.196523,60.79267],[-77.703114,61.191107],[-77.785268,61.454698],[-77.545481,61.485338],[-77.641265,61.560248],[-77.476552,61.539984],[-77.792714,61.701361],[-77.989735,61.71483],[-78.136952,62.013495],[-78.154897,62.297309],[-77.404856,62.588324],[-75.592152,62.273017],[-75.893788,62.163764],[-75.327748,62.31745],[-74.598256,62.110663],[-74.741078,62.185126],[-74.723541,62.246405],[-74.41686,62.252509],[-73.696034,62.481024],[-72.824615,62.117051],[-72.62914,62.116889],[-72.603342,62.006781],[-72.795969,61.835395],[-72.666168,61.883165],[-72.631581,61.82099],[-72.605214,61.943671],[-72.23233,61.881293],[-72.143544,61.80976],[-72.206288,61.738593],[-71.995229,61.67711],[-72.277333,61.603095],[-71.979482,61.603827],[-71.969838,61.701239],[-71.580963,61.613837],[-71.548655,61.574652],[-71.857411,61.533759],[-71.761301,61.479722],[-71.891591,61.436957],[-71.61852,61.418036],[-71.822662,61.375474],[-71.685699,61.334662],[-71.727122,61.293524],[-71.596791,61.259385],[-71.57433,61.173082],[-71.521067,61.224595],[-70.554433,61.013861],[-70.144032,61.083564],[-70.0926,60.91474],[-70.151194,60.889472],[-69.932362,60.814521],[-69.820546,60.904283],[-69.702626,60.874335],[-69.601186,61.084906],[-69.36974,60.916815],[-69.381337,60.799872],[-69.70519,60.690741],[-69.657704,60.584093],[-69.808095,60.53559],[-69.753285,60.332953],[-69.616933,60.235175],[-69.628041,60.076728],[-70.571929,59.994981],[-70.996205,60.076239],[-70.577707,59.97724],[-69.769765,59.971055],[-69.589833,59.876085],[-69.622385,59.727403],[-69.537262,59.622748],[-69.748525,59.516099],[-69.656484,59.440131],[-69.749501,59.34276],[-69.297678,59.334296],[-69.232533,59.241278],[-69.528066,59.185981],[-69.379262,59.119737],[-69.537994,58.835883],[-69.642079,58.791205],[-69.839426,59.04564],[-69.801747,58.82628],[-69.91161,58.874091],[-70.211903,58.789537],[-69.943471,58.775621],[-69.928131,58.702989],[-69.80012,58.704901],[-69.849517,58.614],[-69.795725,58.598456],[-69.608225,58.760362],[-69.256337,58.899156],[-68.786936,58.922471],[-68.371205,58.790391],[-68.350209,58.621527],[-68.211781,58.548285],[-68.2058,58.434027],[-68.345326,58.131903],[-69.36974,57.770494],[-68.949696,57.941026],[-68.417592,58.038642],[-68.319244,58.108832],[-68.176666,58.48192],[-67.974436,58.56981],[-67.882436,58.271308],[-68.123525,58.098375],[-67.862701,58.23725],[-67.738515,58.469184],[-67.649037,58.251776],[-67.724355,57.931383],[-67.573232,58.226386],[-66.909983,58.500434],[-66.852203,58.425035],[-66.661122,58.491075],[-66.553619,58.710191],[-66.37442,58.852769],[-65.957509,58.626288],[-66.065094,58.32982],[-65.843577,58.574449],[-66.094594,58.772528],[-66.039703,58.847398],[-65.809641,58.847602],[-65.983062,58.904853],[-65.886138,58.993232],[-65.704823,58.94831],[-65.793324,59.005072],[-65.683461,59.052802],[-65.507069,58.988105],[-65.594106,59.046007],[-65.349436,59.039781],[-65.625396,59.069932],[-65.710805,59.151068],[-65.742665,59.26789],[-65.594106,59.189399],[-65.612131,59.249376],[-65.510121,59.253892],[-65.578684,59.348334],[-65.371816,59.280097],[-65.443227,59.388617],[-65.381825,59.402289],[-65.545318,59.474351],[-65.191151,59.463487],[-65.003082,59.375678],[-65.39269,59.512071],[-65.519399,59.702582],[-65.484731,59.760484],[-65.33609,59.845689],[-64.983957,59.764757],[-65.226389,59.875556],[-64.894154,60.195746],[-64.957265,60.258857],[-64.848785,60.365709],[-64.464223,60.291083],[-64.416615,60.259711],[-64.758656,60.238349],[-64.557362,60.269843],[-64.485341,60.24018],[-64.542958,60.19359],[-64.392161,60.179023],[-64.812489,60.008246],[-64.398346,60.120836],[-64.373769,60.040107],[-64.53954,60.010932],[-64.416615,59.985093],[-64.501943,59.912095],[-64.245432,59.994981],[-64.326039,60.060248],[-64.170888,60.022406],[-64.274403,59.963731],[-64.182607,59.915595],[-64.234486,59.882799],[-64.137929,59.915595],[-64.175852,59.796129],[-64.259389,59.788398],[-64.21227,59.716132],[-63.921986,59.655504],[-64.059722,59.621405],[-64.120595,59.518378],[-63.973378,59.623725],[-63.889556,59.617255],[-63.983388,59.525824],[-63.874135,59.572984],[-63.728139,59.509141],[-64.065989,59.395453],[-63.7506,59.388617],[-63.825754,59.252061],[-63.553538,59.353583],[-63.609771,59.227281],[-63.417836,59.290961],[-63.463246,59.193101],[-63.363026,59.18773],[-63.581776,59.075059],[-64.002838,59.048936],[-63.894643,59.059678],[-63.860463,58.963446],[-63.832143,59.03856],[-63.158355,59.063096],[-63.339752,59.032335],[-63.167836,58.963446],[-63.32608,58.861029],[-62.989654,58.881537],[-63.047434,58.870795],[-62.914622,58.764838],[-63.033315,58.719184],[-62.844594,58.685167],[-63.167836,58.504828],[-63.442209,58.524644],[-63.499867,58.481431],[-63.341949,58.478827],[-63.582143,58.31745],[-63.264027,58.470038],[-63.085846,58.456366],[-63.16161,58.367621],[-62.804433,58.494818],[-62.558258,58.477484],[-62.65392,58.414781],[-62.620351,58.320665],[-62.899037,58.226142],[-62.578765,58.223009],[-63.079091,58.155341],[-63.028066,58.144843],[-63.315256,57.99726],[-63.138254,57.999864],[-62.852528,58.14704],[-62.450999,58.167792],[-62.517323,58.058539],[-62.395985,58.114814],[-62.305043,58.031195],[-62.655629,57.948676],[-62.103627,57.955919],[-62.118723,57.797471],[-61.898101,57.62169],[-62.328684,57.466051],[-62.516103,57.508979],[-62.469553,57.462633],[-61.90038,57.415473],[-61.817047,57.377387],[-61.927642,57.367051],[-61.880483,57.277655],[-62.023915,57.257148],[-61.865102,57.17064],[-61.649241,57.2331],[-61.67748,57.183905],[-61.365712,57.106879],[-61.338694,56.962958],[-61.519032,56.972968],[-61.68635,56.80919],[-61.898183,56.761217],[-61.898305,56.710395],[-61.694936,56.7296],[-61.814076,56.71247],[-61.67162,56.655463],[-61.743316,56.633979],[-62.483876,56.77558],[-62.044423,56.825792],[-62.569895,56.803941],[-61.934682,56.633043],[-62.242991,56.626532],[-61.723704,56.580552],[-61.713979,56.50141],[-62.103424,56.45893],[-61.605621,56.30683],[-62.078481,56.298204],[-61.935292,56.217353],[-61.372792,56.228827],[-61.339263,56.144599],[-61.426015,56.082017],[-61.234975,56.043769],[-61.468129,56.029731],[-61.40274,55.959906],[-61.138987,55.972154],[-61.071156,55.92829],[-61.194,55.89289],[-61.119537,55.859442],[-60.728505,55.825263],[-60.94929,55.755072],[-60.771799,55.735541],[-60.601959,55.819566],[-60.677113,55.589301],[-60.507924,55.804023],[-60.343902,55.782579],[-60.52538,55.616767],[-60.399526,55.612982],[-60.454742,55.503119],[-60.321604,55.53498],[-60.451161,55.384833],[-60.279449,55.501207],[-60.206695,55.449408],[-60.612416,55.167914],[-60.396637,55.258734],[-60.687571,54.995429],[-60.287099,55.233385],[-60.022817,55.276557],[-60.297109,55.023383],[-59.799672,55.33039],[-59.735422,55.201483],[-59.963979,55.117133],[-59.440053,55.151842],[-59.947662,54.756415],[-59.398183,55.039862],[-59.2329,55.219916],[-59.125315,55.194648],[-59.38622,55.004584],[-59.027415,55.161973],[-59.02595,55.019884],[-58.907948,54.965277],[-59.015452,54.899766],[-58.90567,54.922471],[-58.744293,54.804389],[-57.864817,54.74494],[-57.349477,54.584825],[-57.41161,54.491319],[-57.659779,54.488634],[-57.419016,54.461005],[-57.651723,54.379096],[-58.186147,54.358588],[-58.242299,54.324937],[-58.137196,54.331488],[-58.179351,54.297187],[-58.681223,54.15705],[-59.579661,54.05036],[-59.302846,54.018378],[-58.412465,54.230699],[-58.652943,54.036444],[-59.042714,54.030219],[-58.919789,54.015977],[-59.474517,53.828111],[-60.13268,53.783149],[-60.016591,53.714301],[-60.130035,53.532538],[-60.845286,53.820787],[-60.923207,53.739122],[-60.049794,53.497789],[-60.037099,53.439927],[-60.397084,53.370103],[-60.204742,53.35456],[-60.420644,53.275458],[-60.131947,53.279161],[-60.142649,53.333686],[-59.783803,53.481513],[-59.860707,53.499701],[-59.489735,53.568793],[-59.295155,53.687445],[-59.076812,53.686998],[-58.853139,53.941962],[-58.155873,54.093817],[-57.81843,54.066107],[-58.150624,54.14057],[-58.328969,54.097724],[-58.39684,54.12755],[-58.330149,54.214545],[-57.466176,54.200303],[-57.075795,53.824164],[-57.13036,53.831],[-57.124135,53.741645],[-57.51769,53.6258],[-57.339345,53.59044],[-57.377431,53.433702],[-56.983469,53.727484],[-56.510406,53.779731],[-56.436513,53.767524],[-56.726918,53.686998],[-55.979604,53.549791],[-56.263499,53.553656],[-55.816518,53.340399],[-55.895334,53.315741],[-55.863596,53.248155],[-55.757436,53.261786],[-55.746897,53.145738],[-55.915679,53.116319],[-55.931386,53.025824],[-56.165191,53.035875],[-55.884023,52.96015],[-55.833241,52.828681],[-56.137278,52.816759],[-55.759023,52.656195],[-55.791005,52.604438],[-56.124257,52.645453],[-55.990142,52.628404],[-55.98644,52.556708],[-56.500356,52.597724],[-55.768707,52.499213],[-55.644887,52.39289],[-55.847279,52.349677],[-56.169097,52.443712],[-55.616526,52.220323],[-55.761342,52.222235],[-55.701324,52.132676],[-55.785268,52.03498],[-55.93578,52.020453],[-55.934193,51.925238],[-56.668568,51.651719],[-56.966542,51.425238],[-57.189809,51.418809],[-57.281117,51.506781],[-57.71227,51.472602],[-58.040151,51.313666],[-58.62267,51.27733],[-58.639556,51.146308],[-58.830434,51.090033],[-58.885976,50.998358],[-58.895497,51.054999],[-58.998362,51.022325],[-58.940297,50.884589],[-59.03775,50.752427],[-59.070709,50.850653],[-59.409901,50.666612],[-59.454106,50.533749],[-59.791005,50.440416],[-59.944325,50.261094],[-60.10851,50.228827],[-60.152984,50.284857],[-60.838368,50.219794],[-60.795969,50.256334],[-61.784291,50.103135],[-61.612416,50.156684],[-62.326975,50.289171],[-62.750722,50.287462],[-62.709137,50.315416],[-63.442209,50.222886],[-64.470041,50.322252],[-65.964223,50.293199],[-66.161855,50.195787],[-66.498931,50.252509],[-66.512074,50.164618],[-66.445139,50.175889],[-66.618072,50.179511],[-67.131459,49.831285],[-67.245107,49.458848],[-67.376332,49.339219],[-68.054555,49.294379],[-68.283681,49.194322],[-68.183583,49.150987],[-68.219635,49.112006],[-68.376617,49.069037],[-68.444325,49.061632],[-68.382069,49.099921],[-68.444325,49.198188],[-68.409495,49.133979],[-68.634592,49.017035],[-68.698801,48.944892],[-68.643544,48.91767],[-69.055735,48.773505],[-69.117909,48.630561],[-69.65453,48.162909],[-70.369211,48.374132],[-71.047963,48.449042],[-70.832631,48.414781],[-70.792063,48.379747],[-70.891672,48.362738],[-70.843251,48.321723],[-70.477528,48.356431],[-69.950307,48.230821],[-69.760487,48.12995],[-69.792836,48.006293],[-70.236887,47.495592],[-70.49706,47.429267],[-70.75064,47.091783],[-71.30248,46.758857],[-71.84024,46.686998],[-72.212473,46.561021],[-72.602528,46.301337],[-72.994496,46.210801],[-73.420277,45.765123],[-73.755442,45.676378],[-74.001088,45.491278],[-74.359527,45.559475],[-73.961537,45.354234],[-74.712961,44.999254],[-75.270233,44.863774],[-75.870325,44.408608],[-76.430033,44.103304],[-76.797194,43.64527],[-78.750821,43.617055],[-79.17431,43.464532],[-79.058425,43.277799],[-79.031967,43.013422],[-78.915256,42.947612],[-79.019384,42.802686],[-80.246596,42.365477],[-81.276662,42.208665],[-82.424861,41.676811],[-82.865222,41.752491],[-83.068413,41.847731],[-83.157012,42.000435],[-83.109832,42.272279],[-82.526224,42.619906],[-82.153611,43.549591],[-82.532141,45.293516],[-83.483974,45.771937],[-83.636867,45.773944],[-83.492031,46.037088],[-83.613884,46.115636],[-83.995824,46.101166],[-84.158812,46.433343],[-84.110443,46.526464],[-84.566565,46.461196],[-84.773322,46.633434],[-84.894943,46.905148],[-88.347264,48.298655],[-89.340382,47.984152],[-89.902441,47.985909],[-90.120386,48.115359],[-90.701307,48.08456],[-90.923153,48.227109],[-91.276362,48.064768],[-91.574845,48.048205],[-92.070499,48.346714],[-92.259118,48.339635],[-92.353815,48.222897],[-92.526932,48.445623],[-92.718909,48.459782],[-92.646743,48.497428],[-92.955588,48.612228],[-93.25774,48.630314],[-93.756779,48.516549],[-93.835741,48.617137],[-94.592852,48.726433],[-94.713284,48.823843],[-94.827256,49.292858],[-95.160569,49.369494]]],[[[-67.176015,45.178656],[-67.356272,45.165926],[-67.471303,45.266282],[-67.449961,45.610809],[-67.807045,45.71287],[-67.757849,45.919472],[-67.854742,47.09785],[-68.299728,47.367833],[-68.889718,47.190609],[-69.0402,47.249055],[-69.054333,47.389253],[-69.221972,47.459688],[-69.989961,46.721697],[-70.061817,46.445409],[-70.280899,46.211857],[-70.283173,45.890482],[-70.419315,45.716901],[-70.686792,45.572723],[-70.730329,45.507973],[-70.650257,45.427461],[-70.812986,45.42343],[-70.872491,45.274189],[-71.016539,45.343125],[-71.160329,45.245767],[-71.3521,45.278323],[-71.449045,45.226905],[-71.50408,45.013739],[-74.695875,44.99803],[-73.73469,45.418606],[-73.54304,45.416327],[-73.448842,45.704495],[-73.217275,45.89883],[-73.156117,46.049709],[-72.669423,46.215155],[-72.189931,46.526231],[-70.534901,47.010565],[-69.445465,47.991889],[-68.463287,48.528917],[-66.62206,49.122626],[-65.615142,49.26024],[-64.96349,49.219306],[-64.552561,49.097357],[-64.221181,48.894355],[-64.174875,48.784491],[-64.529652,48.882392],[-64.477447,48.841905],[-64.539215,48.830024],[-64.397206,48.821357],[-64.429067,48.780463],[-64.189687,48.657579],[-64.282135,48.569037],[-64.221547,48.533677],[-65.285553,48.012641],[-65.783844,48.115587],[-65.890981,48.208197],[-66.09557,48.097154],[-66.473297,48.120103],[-66.817738,48.006334],[-66.385894,48.075141],[-65.772206,47.882921],[-65.628814,47.67064],[-65.20934,47.819688],[-64.800038,47.809272],[-64.860463,47.759385],[-64.680165,47.741319],[-64.908844,47.519843],[-64.908844,47.355333],[-65.331451,47.100572],[-64.825429,47.089097],[-64.904368,46.858751],[-64.613393,46.419298],[-64.663564,46.336737],[-64.536529,46.351467],[-64.559397,46.223782],[-63.813059,46.140286],[-63.905588,46.05801],[-64.063791,46.061754],[-64.052317,46.00137],[-63.690297,45.853095],[-63.229848,45.806057],[-63.380727,45.771959],[-63.312408,45.737169],[-63.083363,45.763495],[-63.120676,45.806057],[-62.699574,45.772447],[-62.756947,45.758897],[-62.647532,45.726711],[-62.747548,45.627102],[-62.577463,45.685858],[-62.475738,45.662706],[-62.509145,45.614976],[-61.924306,45.889146],[-61.794911,45.652899],[-61.492543,45.69066],[-61.236806,45.468004],[-61.482655,45.374742],[-60.972564,45.288235],[-61.11974,45.213446],[-61.174794,45.258043],[-61.174794,45.202786],[-61.702382,45.169257],[-61.677235,45.088487],[-62.475738,44.901109],[-62.552724,44.800116],[-62.807362,44.733018],[-63.058583,44.778225],[-63.058583,44.675198],[-63.099517,44.774807],[-63.285146,44.627427],[-63.4558,44.668362],[-63.45637,44.600735],[-63.632639,44.712958],[-63.523793,44.503241],[-63.625885,44.445868],[-63.942494,44.534044],[-63.890859,44.679796],[-64.056956,44.638821],[-64.024973,44.550686],[-64.097076,44.474718],[-64.144846,44.570217],[-64.280832,44.558173],[-64.353912,44.456122],[-64.210561,44.367336],[-64.347157,44.367336],[-64.269032,44.267076],[-64.408925,44.328518],[-64.363881,44.29914],[-64.497914,44.140774],[-64.606191,44.158596],[-64.560943,44.079983],[-64.71703,44.058824],[-64.696685,43.990139],[-64.833323,43.913886],[-64.785959,43.874498],[-64.937652,43.849026],[-64.948964,43.775255],[-65.020416,43.816962],[-65.052846,43.720526],[-65.169545,43.709377],[-65.237864,43.805569],[-65.240102,43.694688],[-65.367543,43.743557],[-65.346059,43.587388],[-65.442209,43.592922],[-65.474843,43.470933],[-65.565989,43.574042],[-65.719309,43.508897],[-65.861643,43.805569],[-65.987213,43.839219],[-65.991322,43.703192],[-66.121693,43.743557],[-66.194651,44.142727],[-66.113678,44.34337],[-65.840484,44.573391],[-66.187245,44.394599],[-65.998769,44.579657],[-65.785878,44.696357],[-65.710194,44.613756],[-65.450917,44.770616],[-65.74177,44.667833],[-65.723459,44.727444],[-64.863189,45.139553],[-64.441151,45.255764],[-64.395334,45.301622],[-64.45934,45.329169],[-64.348704,45.319444],[-64.356597,45.10399],[-64.223459,45.108385],[-64.155344,44.98371],[-64.130767,45.206529],[-63.360219,45.36107],[-64.576161,45.415635],[-64.745107,45.306138],[-64.929311,45.326321],[-64.902008,45.429999],[-64.380605,45.792385],[-64.305531,45.826565],[-64.264556,45.765123],[-64.321604,45.877834],[-64.513905,45.720608],[-64.531484,45.902248],[-64.748687,46.089911],[-64.578684,45.872707],[-64.756256,45.627794],[-64.882802,45.633612],[-65.752349,45.244371],[-65.909413,45.210273],[-66.135976,45.312649],[-66.005279,45.459377],[-66.164133,45.351874],[-66.060211,45.258043],[-66.189361,45.177802],[-66.310048,45.20482],[-66.248606,45.185289],[-66.440663,45.079901],[-66.490956,45.155626],[-66.872141,45.065579],[-66.957021,45.189073],[-67.045522,45.117174],[-67.177195,45.22899],[-67.176015,45.178656]]],[[[-66.901031,44.88939],[-66.97525,44.860745],[-66.904937,44.955797],[-66.901031,44.88939]]],[[[-66.963531,44.961005],[-67.014312,44.963609],[-66.973948,45.018297],[-66.963531,44.961005]]],[[[-55.877187,47.266018],[-55.949941,47.268134],[-55.888051,47.294908],[-55.877187,47.266018]]],[[[-54.122548,47.642727],[-54.244049,47.407701],[-54.351064,47.403022],[-54.122548,47.642727]]],[[[-55.925038,47.677476],[-55.957183,47.605902],[-56.097646,47.629788],[-55.925038,47.677476]]],[[[-54.095123,47.619127],[-54.079498,47.669013],[-54.073801,47.508287],[-54.095123,47.619127]]],[[[-53.567698,48.190823],[-53.514027,48.186754],[-53.618804,48.082099],[-53.875234,48.106513],[-53.931386,48.208441],[-53.567698,48.190823]]],[[[-54.65689,49.465725],[-54.730377,49.411282],[-54.740387,49.458889],[-54.65689,49.465725]]],[[[-55.725738,49.561916],[-55.65746,49.561916],[-55.708485,49.50849],[-55.725738,49.561916]]],[[[-55.578969,49.609687],[-55.693105,49.568345],[-55.702545,49.622545],[-55.578969,49.609687]]],[[[-54.883453,49.55508],[-54.537506,49.60635],[-54.828481,49.489203],[-54.883453,49.55508]]],[[[-54.276763,49.575588],[-54.269846,49.72724],[-54.110219,49.754462],[-53.978505,49.664293],[-54.276763,49.575588]]],[[[-59.350575,50.603461],[-59.376291,50.65233],[-59.327463,50.54621],[-59.350575,50.603461]]],[[[-55.510365,50.805121],[-55.452301,50.79621],[-55.64273,50.723334],[-55.510365,50.805121]]],[[[-55.527821,50.972724],[-55.623362,50.911933],[-55.63915,50.961493],[-55.527821,50.972724]]],[[[-58.398427,51.254543],[-58.562896,51.233385],[-58.502105,51.275051],[-58.398427,51.254543]]],[[[-52.628814,47.526679],[-52.920318,47.094062],[-52.882192,46.951117],[-53.066884,46.665595],[-53.211334,46.635321],[-53.265981,46.739],[-53.389475,46.683783],[-53.355336,46.739],[-53.589996,46.626166],[-53.608551,46.797065],[-53.498606,46.886786],[-53.611562,46.814276],[-53.556264,47.157945],[-53.956939,46.852769],[-54.081654,46.80565],[-54.19579,46.864407],[-54.010406,47.233873],[-53.951243,47.231879],[-53.995961,47.272162],[-53.807851,47.423651],[-53.902008,47.431545],[-53.891835,47.57746],[-54.007965,47.794827],[-54.26651,47.903469],[-54.224273,47.772691],[-54.417307,47.459459],[-54.579457,47.359361],[-54.411204,47.601752],[-54.602935,47.40998],[-54.879954,47.366685],[-55.017079,47.184475],[-55.136098,47.169745],[-55.071767,47.094957],[-55.180084,47.075019],[-55.250885,46.91885],[-55.417836,46.866604],[-55.524159,46.921698],[-55.851308,46.870998],[-55.97997,46.970364],[-55.761138,47.108344],[-55.468984,47.16352],[-55.18399,47.460354],[-54.722524,47.662299],[-55.072174,47.597357],[-54.952545,47.75137],[-55.15038,47.601752],[-55.129872,47.663804],[-55.404205,47.700751],[-55.422353,47.482652],[-55.5985,47.399319],[-55.638417,47.545315],[-55.907826,47.447577],[-55.771637,47.572699],[-56.161936,47.491929],[-55.629547,47.677476],[-55.914418,47.659247],[-55.759999,47.912909],[-56.049387,47.705064],[-56.137807,47.825507],[-56.175364,47.666002],[-56.301747,47.629096],[-56.308583,47.75259],[-56.319163,47.634426],[-56.744211,47.625881],[-56.705881,47.574449],[-56.777455,47.533393],[-57.120717,47.567613],[-57.171986,47.636542],[-57.767812,47.616034],[-57.918609,47.650133],[-57.884511,47.697333],[-58.340728,47.642727],[-58.261301,47.75259],[-58.40095,47.654527],[-59.111643,47.560777],[-59.308461,47.622504],[-59.282867,47.759426],[-59.398834,47.880316],[-58.570424,48.440334],[-58.494618,48.458319],[-58.604482,48.403713],[-58.289174,48.513577],[-58.703236,48.554511],[-59.23648,48.472846],[-59.235178,48.523179],[-58.803456,48.77143],[-58.960805,48.629625],[-58.732533,48.563951],[-58.36856,49.149319],[-57.920725,48.962063],[-58.132558,49.086859],[-57.850413,49.184516],[-58.079986,49.146796],[-57.926096,49.246568],[-58.19343,49.243069],[-58.228668,49.370998],[-58.022572,49.554389],[-57.909413,49.459133],[-57.703603,49.458889],[-57.823069,49.561916],[-57.871449,49.527167],[-57.94811,49.679511],[-57.374135,50.581],[-57.162017,50.613674],[-57.350738,50.690985],[-56.995107,50.867255],[-56.960317,50.966539],[-57.057729,51.01439],[-56.91686,51.008857],[-56.962514,51.046576],[-56.664866,51.350084],[-55.892812,51.627753],[-55.839345,51.621527],[-55.890248,51.500922],[-55.60969,51.480414],[-55.737864,51.554999],[-55.659291,51.599799],[-55.426991,51.586982],[-55.433339,51.528062],[-55.515696,51.368557],[-55.640248,51.314765],[-56.089508,51.370551],[-55.981068,51.169176],[-55.729482,51.195868],[-55.733144,51.083075],[-55.877187,50.863471],[-56.103749,50.726955],[-56.112538,50.880072],[-56.172027,50.856635],[-56.095611,50.679267],[-56.41161,50.376899],[-56.500356,50.391099],[-56.444163,50.304389],[-56.657541,50.136298],[-56.767079,49.848456],[-56.881825,49.770819],[-56.781809,49.696601],[-56.856679,49.548245],[-56.116811,50.158393],[-56.098866,50.046332],[-56.191884,49.924994],[-55.959137,50.041083],[-55.746409,49.931952],[-55.492991,50.01439],[-55.465077,49.962551],[-56.069,49.698432],[-56.165435,49.574652],[-55.968495,49.702826],[-55.835601,49.691636],[-56.120513,49.441799],[-55.774159,49.513495],[-55.65746,49.383734],[-55.582387,49.472357],[-55.520904,49.493598],[-55.568593,49.3994],[-55.370107,49.506659],[-55.445221,49.355862],[-55.332509,49.403144],[-55.33373,49.349311],[-55.266265,49.361151],[-55.314849,49.534613],[-55.129994,49.513739],[-55.368398,49.060126],[-55.184478,49.123033],[-55.282297,49.150336],[-55.054189,49.294379],[-55.080434,49.347154],[-54.992747,49.28384],[-55.047963,49.232896],[-54.911977,49.283515],[-54.867787,49.397162],[-54.816965,49.275621],[-54.469309,49.546088],[-54.534047,49.445217],[-54.43102,49.472561],[-54.484771,49.278632],[-54.348948,49.429104],[-54.21935,49.417304],[-54.23233,49.362698],[-54.08552,49.46369],[-53.679107,49.366848],[-53.469553,49.262356],[-53.61677,49.126166],[-53.608957,49.043687],[-53.793568,49.027533],[-53.742299,49.016018],[-53.874664,48.992377],[-53.811676,48.935248],[-54.184641,48.800971],[-53.990631,48.768378],[-53.844472,48.839057],[-53.800404,48.814602],[-53.994496,48.753079],[-53.951243,48.6706],[-53.793568,48.678046],[-53.873158,48.673041],[-53.835194,48.750393],[-53.601715,48.687974],[-53.933665,48.571194],[-53.711008,48.560736],[-53.787668,48.502427],[-54.164133,48.390692],[-53.814036,48.465155],[-53.835113,48.37641],[-53.622874,48.540229],[-53.700266,48.455471],[-53.588124,48.526597],[-53.615387,48.409898],[-53.423573,48.62287],[-53.27481,48.539618],[-53.084543,48.699856],[-52.9829,48.604193],[-53.058461,48.435858],[-53.334869,48.379788],[-53.664174,48.166571],[-53.903879,48.236762],[-53.905181,48.08511],[-53.663197,48.061103],[-53.907623,48.038398],[-53.62914,48.049628],[-53.697336,47.896633],[-53.787343,47.903469],[-53.72525,47.889797],[-53.780426,47.785956],[-53.917714,47.862454],[-53.763173,47.625678],[-53.705719,47.676093],[-53.670033,47.526679],[-53.553863,47.539252],[-53.498687,47.746405],[-53.276479,48.016425],[-52.900461,48.161282],[-53.252309,47.581244],[-53.1704,47.609198],[-53.234853,47.565619],[-53.121938,47.437242],[-52.861155,47.608385],[-52.772532,47.801011],[-52.628814,47.526679]]],[[[-127.918691,51.52204],[-127.91808,51.421291],[-128.050282,51.459947],[-128.139027,51.658026],[-128.026194,51.719794],[-127.918691,51.52204]]],[[[-55.352691,51.884508],[-55.409657,51.882066],[-55.383127,51.959621],[-55.287262,52.000637],[-55.352691,51.884508]]],[[[-128.138336,51.864],[-128.251047,51.875922],[-128.218984,51.962714],[-127.99885,52.06566],[-128.009592,51.795478],[-128.135243,51.747301],[-128.138336,51.864]]],[[[-130.996653,52.111721],[-130.955068,52.07689],[-131.07136,52.060981],[-131.044423,51.973863],[-131.112701,52.001858],[-131.098704,52.156073],[-130.996653,52.111721]]],[[[-127.946604,52.165717],[-127.89623,52.166409],[-127.961497,52.082831],[-128.111155,52.127875],[-127.946604,52.165717]]],[[[-128.248199,52.021674],[-128.277496,52.1435],[-128.180247,52.199897],[-128.155141,52.094306],[-128.248199,52.021674]]],[[[-128.227773,52.212836],[-128.339757,52.079336],[-128.477369,52.151383],[-128.409081,52.236391],[-128.227773,52.212836]]],[[[-128.097401,52.24079],[-128.156077,52.246975],[-127.98526,52.302069],[-127.907704,52.200873],[-128.097401,52.24079]]],[[[-127.240834,52.426418],[-127.238026,52.312934],[-127.584828,52.177232],[-127.69811,52.004055],[-127.872874,51.954739],[-127.820221,52.195705],[-127.240834,52.426418]]],[[[-128.618235,52.453681],[-128.648305,52.2897],[-128.716664,52.307807],[-128.75536,52.467353],[-128.618235,52.453681]]],[[[-128.562978,52.611396],[-128.550649,52.6647],[-128.497874,52.436347],[-128.796986,52.513739],[-128.562978,52.611396]]],[[[-131.564565,52.727444],[-131.65689,52.721625],[-131.452992,52.717353],[-131.578847,52.597724],[-131.695627,52.700181],[-131.564565,52.727444]]],[[[-128.310374,52.429429],[-128.438629,52.374335],[-128.414622,52.782416],[-128.33316,52.697089],[-128.310374,52.429429]]],[[[-128.930084,52.614447],[-128.949574,52.473293],[-129.009185,52.48786],[-129.268666,52.789496],[-128.930084,52.614447]]],[[[-128.310374,52.727444],[-128.190053,52.830146],[-128.25121,52.624213],[-128.310374,52.727444]]],[[[-128.532826,52.727444],[-128.510365,52.862779],[-128.455556,52.789049],[-128.509877,52.653876],[-128.532826,52.727444]]],[[[-129.557281,53.001166],[-129.529775,52.964911],[-129.620513,52.958197],[-129.647288,53.010443],[-129.557281,53.001166]]],[[[-129.564076,53.056342],[-129.515736,53.035875],[-129.687611,53.06387],[-129.564076,53.056342]]],[[[-129.653472,53.132066],[-129.598948,53.093573],[-129.719594,53.103909],[-129.653472,53.132066]]],[[[-129.304067,53.035875],[-129.291127,52.982327],[-129.372629,52.992662],[-129.551747,53.14289],[-129.456614,53.169501],[-129.304067,53.035875]]],[[[-131.112701,52.171942],[-131.207916,52.153469],[-131.277211,52.24079],[-131.262929,52.124701],[-131.409413,52.223863],[-131.583608,52.384996],[-131.520985,52.397691],[-132.086008,52.73428],[-131.969309,52.727444],[-131.962554,52.786933],[-132.065012,52.850002],[-132.11026,52.757148],[-132.33434,52.922593],[-132.147532,52.971259],[-132.469553,53.028469],[-132.542104,53.152045],[-132.0655,53.161282],[-131.903961,53.240709],[-131.765452,53.198798],[-131.605051,53.049384],[-132.004018,53.06387],[-131.93106,52.997952],[-131.836659,53.050279],[-131.62621,52.998114],[-131.627309,52.940334],[-131.983551,52.885077],[-131.702382,52.803168],[-131.839508,52.713772],[-131.729644,52.70067],[-131.623606,52.5362],[-131.468984,52.507717],[-131.387196,52.378119],[-131.289174,52.43773],[-131.249908,52.371161],[-131.359731,52.344428],[-131.332183,52.297187],[-131.142568,52.31623],[-131.154937,52.247748],[-131.027089,52.180365],[-131.112701,52.171942]]],[[[-128.803782,52.70067],[-129.017242,52.715766],[-129.125396,52.867865],[-129.029693,52.857733],[-129.070668,52.892524],[-128.837961,53.035875],[-128.877349,53.072008],[-129.015452,53.145738],[-128.881663,53.04682],[-129.057362,52.917955],[-129.177113,52.936835],[-129.042104,53.310614],[-128.634674,53.163153],[-128.538726,53.019721],[-128.589101,52.623033],[-128.75536,52.603909],[-128.646108,52.96015],[-128.732981,52.918036],[-128.756703,52.676825],[-128.803782,52.70067]]],[[[-129.293528,53.107896],[-129.323883,53.220893],[-129.213043,53.326972],[-129.134185,53.120185],[-129.293528,53.107896]]],[[[-128.913645,53.40644],[-128.995513,53.337592],[-129.148183,53.363715],[-128.997222,53.543931],[-128.913645,53.40644]]],[[[-129.74295,53.235297],[-129.748362,53.169908],[-129.912953,53.15941],[-130.525624,53.608954],[-129.973988,53.457994],[-129.74295,53.235297]]],[[[-129.166249,53.385403],[-129.136138,53.6494],[-128.842193,53.715969],[-128.879791,53.592108],[-129.069447,53.520453],[-129.166249,53.385403]]],[[[-130.406361,53.686998],[-130.233388,53.78441],[-130.105784,53.603949],[-130.406361,53.686998]]],[[[-130.252797,53.892483],[-129.777496,53.689032],[-129.534576,53.508124],[-129.616322,53.499091],[-129.368776,53.38387],[-129.328718,53.263449],[-129.406478,53.33222],[-129.59203,53.245063],[-129.822255,53.405341],[-129.938588,53.620429],[-130.049631,53.587795],[-129.91808,53.643134],[-130.058339,53.640204],[-130.214589,53.755276],[-130.290924,53.837836],[-130.252797,53.892483]]],[[[-130.447377,53.981838],[-130.471547,53.910224],[-130.629506,53.964423],[-130.684234,53.947821],[-130.627797,53.872219],[-130.708404,53.905829],[-130.392486,54.095404],[-130.241811,53.937405],[-130.396596,53.836249],[-130.491444,53.877509],[-130.331288,53.967597],[-130.447377,53.981838]]],[[[-132.579416,53.207221],[-132.709788,53.261786],[-132.566233,53.319566],[-132.757558,53.317084],[-132.713612,53.369778],[-132.427602,53.315497],[-132.661041,53.483059],[-132.928863,53.522528],[-132.977284,53.556627],[-132.884185,53.594468],[-132.983876,53.667182],[-132.930776,53.690131],[-133.0985,53.779202],[-133.135813,53.914984],[-133.044749,54.148017],[-132.601959,54.122626],[-132.580149,54.02265],[-132.681304,53.950832],[-132.296742,54.112291],[-132.161041,54.00849],[-132.143951,53.841254],[-132.240631,53.777045],[-132.657948,53.690741],[-132.391103,53.671129],[-132.459299,53.6164],[-132.40803,53.613023],[-132.159169,53.699897],[-132.173085,53.798041],[-132.078521,53.892483],[-132.1822,54.043891],[-131.916371,54.040107],[-131.681549,54.141506],[-131.693267,53.991889],[-131.921986,53.640204],[-131.963043,53.282945],[-132.27774,53.214667],[-132.126943,53.200995],[-132.227528,53.156806],[-132.579416,53.207221]]],[[[-130.229156,54.118354],[-130.242014,54.195787],[-130.185902,54.179877],[-130.229156,54.118354]]],[[[-130.654042,54.118354],[-130.789947,54.16177],[-130.776031,54.214097],[-130.654042,54.118354]]],[[[-130.353261,54.267646],[-130.444081,54.291205],[-130.420644,54.331855],[-130.353261,54.267646]]],[[[-130.352122,54.267727],[-130.277252,54.331855],[-130.265045,54.278795],[-130.352122,54.267727]]],[[[-130.760162,54.362006],[-130.698638,54.409125],[-130.69107,54.367092],[-130.760162,54.362006]]],[[[-130.742787,54.605618],[-130.961903,54.454779],[-130.897328,54.633734],[-130.742787,54.605618]]],[[[-130.591949,54.742174],[-130.452138,54.793891],[-130.452626,54.735053],[-130.591949,54.742174]]],[[[-130.208363,54.811103],[-130.23998,54.730536],[-130.338124,54.707994],[-130.208363,54.811103]]],[[[-57.871449,54.817857],[-58.053293,54.753079],[-58.22525,54.853013],[-57.982411,54.917548],[-57.987945,54.849555],[-57.871449,54.817857]]],[[[-130.431223,54.789984],[-130.461578,54.831529],[-130.20401,55.021308],[-130.153472,54.991441],[-130.258534,54.843085],[-130.431223,54.789984]]],[[[-60.749013,55.934516],[-60.687571,55.92829],[-60.865142,55.865871],[-60.85204,55.961859],[-60.749013,55.934516]]],[[[-61.009674,56.043769],[-60.957509,56.026109],[-61.231313,56.080146],[-61.082875,56.170071],[-60.961415,56.104804],[-61.009674,56.043769]]],[[[-61.413726,56.373358],[-61.462148,56.318752],[-61.756418,56.400621],[-61.413726,56.373358]]],[[[-61.228831,56.455268],[-61.166005,56.454779],[-61.512278,56.445258],[-61.633453,56.46955],[-61.450917,56.478217],[-61.633453,56.510484],[-61.46231,56.550035],[-61.167348,56.475735],[-61.228831,56.455268]]],[[[-61.215728,56.585639],[-61.200063,56.644273],[-61.057485,56.633979],[-61.215728,56.585639]]],[[[-61.62975,56.84634],[-61.478831,56.957668],[-61.379018,56.936957],[-61.352284,56.859931],[-61.560658,56.789781],[-61.401357,56.780219],[-61.388417,56.623236],[-61.612375,56.725816],[-61.62975,56.84634]]],[[[-61.612945,57.415473],[-61.90038,57.448961],[-61.679351,57.537543],[-61.633453,57.511054],[-61.825266,57.435289],[-61.612945,57.415473]]],[[[-61.85261,57.586127],[-61.817983,57.494696],[-62.017079,57.51789],[-61.85261,57.586127]]],[[[-61.90038,57.764309],[-61.800404,57.844916],[-61.654124,57.789984],[-61.745188,57.713039],[-61.90038,57.764309]]],[[[-61.931386,57.795356],[-62.105784,57.838568],[-61.931386,57.915107],[-61.931386,57.795356]]],[[[-69.101971,59.131323],[-69.124109,59.046726],[-69.343617,58.949408],[-69.294586,59.151842],[-69.101971,59.131323]]],[[[-64.078969,59.799547],[-63.985707,59.770941],[-64.169057,59.71015],[-64.079701,59.866441],[-64.078969,59.799547]]],[[[-107.875356,66.943061],[-107.839101,67.000678],[-107.819081,66.919094],[-107.95051,66.857978],[-107.875356,66.943061]]],[[[-108.046702,66.981513],[-107.936838,66.953559],[-108.036773,66.90233],[-108.11498,67.036811],[-108.046702,66.981513]]],[[[-107.416656,67.11872],[-107.342519,67.110745],[-107.517486,67.081977],[-107.614654,67.165839],[-107.416656,67.11872]]],[[[-108.005727,67.371975],[-108.149078,67.412909],[-108.039866,67.392401],[-108.080881,67.4265],[-107.919667,67.487698],[-107.907338,67.31684],[-108.005727,67.371975]]],[[[-108.286936,67.535793],[-108.382476,67.467475],[-108.499176,67.535793],[-108.286936,67.535793]]],[[[-108.128651,67.645697],[-108.025502,67.667629],[-107.925689,67.557807],[-108.11498,67.484931],[-108.128651,67.645697]]],[[[-97.431711,67.707709],[-97.333363,67.694648],[-97.518137,67.624254],[-97.544789,67.668036],[-97.431711,67.707709]]],[[[-109.211741,67.7897],[-109.039784,67.7897],[-109.136057,67.768134],[-109.211741,67.7897]]],[[[-114.137278,67.887641],[-113.974517,67.891791],[-114.296457,67.892727],[-114.137278,67.887641]]],[[[-113.446034,67.926825],[-113.284332,67.938544],[-113.603749,67.906317],[-113.446034,67.926825]]],[[[-111.089345,67.865424],[-110.844472,67.955552],[-110.859364,67.902899],[-111.089345,67.865424]]],[[[-108.053538,67.954779],[-108.247874,67.882961],[-108.177073,67.961005],[-108.053538,67.954779]]],[[[-108.910715,67.919989],[-108.910064,67.872219],[-109.184682,67.957343],[-108.910715,67.919989]]],[[[-98.966664,68.070868],[-98.9735,68.016181],[-99.077789,68.049791],[-98.966664,68.070868]]],[[[-109.355702,68.057196],[-109.308217,68.008368],[-109.524485,68.043769],[-109.355702,68.057196]]],[[[-110.061431,68.098131],[-109.875844,68.13227],[-110.259429,68.042914],[-110.061431,68.098131]]],[[[-109.856028,68.159613],[-109.567983,68.249579],[-109.781972,68.142646],[-109.856028,68.159613]]],[[[-111.657867,68.304185],[-111.528676,68.314032],[-111.781361,68.255805],[-111.657867,68.304185]]],[[[-100.090688,68.372504],[-100.088368,68.299872],[-100.234039,68.324042],[-100.090688,68.372504]]],[[[-110.836049,68.550686],[-110.698883,68.488593],[-111.082183,68.474921],[-110.836049,68.550686]]],[[[-110.644276,68.550686],[-110.520741,68.550686],[-110.73762,68.543647],[-110.644276,68.550686]]],[[[-104.490142,68.515855],[-104.429433,68.444973],[-104.655181,68.398017],[-105.062164,68.549506],[-104.681304,68.578559],[-104.490142,68.515855]]],[[[-113.967437,68.612128],[-113.762034,68.597805],[-113.795766,68.581732],[-113.967437,68.612128]]],[[[-114.14623,68.67414],[-114.071767,68.644599],[-114.192738,68.680976],[-114.14623,68.67414]]],[[[-101.693959,68.770331],[-101.694,68.653876],[-101.824941,68.653022],[-101.8662,68.572455],[-102.351918,68.687201],[-102.024648,68.823798],[-101.693959,68.770331]]],[[[-114.473948,68.893256],[-114.330474,68.886176],[-114.382192,68.869208],[-114.473948,68.893256]]],[[[-100.206776,68.8039],[-100.392405,68.715074],[-100.603342,68.755561],[-100.631337,68.995673],[-100.323476,69.003119],[-100.154205,68.923407],[-100.206776,68.8039]]],[[[-100.042307,69.085028],[-100.000966,68.960639],[-100.255198,69.050279],[-100.12267,69.129218],[-100.042307,69.085028]]],[[[-101.529449,69.188056],[-101.524648,69.131781],[-101.701405,69.0987],[-101.618479,69.132514],[-101.69164,69.167141],[-101.627756,69.223538],[-101.529449,69.188056]]],[[[-135.566762,69.386054],[-135.280995,69.361762],[-135.291575,69.315904],[-135.566762,69.386054]]],[[[-100.981435,69.482245],[-101.228424,69.372992],[-101.291615,69.435981],[-101.186838,69.482245],[-101.37564,69.537177],[-101.276845,69.585354],[-100.981435,69.482245]]],[[[-96.554921,69.479193],[-96.740224,69.577867],[-96.148346,69.56269],[-96.110015,69.449652],[-96.232045,69.362698],[-96.554921,69.479193]]],[[[-133.929433,69.577867],[-134.018178,69.577867],[-133.850575,69.60578],[-133.929433,69.577867]]],[[[-95.944488,69.420844],[-95.999257,69.448961],[-95.923248,69.591498],[-95.801137,69.633124],[-95.380767,69.523261],[-95.403228,69.396918],[-95.501943,69.345038],[-95.711659,69.321763],[-95.663401,69.400336],[-95.72175,69.55565],[-95.80427,69.565619],[-95.780019,69.468655],[-95.884592,69.343899],[-95.96288,69.350491],[-95.944488,69.420844]]],[[[-139.113393,69.654202],[-138.891754,69.606269],[-139.11026,69.536851],[-139.287831,69.575629],[-139.113393,69.654202]]],[[[-135.574208,69.577867],[-135.536366,69.636868],[-135.402943,69.654202],[-135.574208,69.577867]]],[[[-102.125966,69.715033],[-102.159332,69.654242],[-102.236928,69.704413],[-102.125966,69.715033]]],[[[-95.214915,68.862209],[-95.530385,68.678412],[-95.595082,68.756049],[-95.796295,68.736762],[-95.842112,68.619534],[-96.520497,68.447577],[-97.144276,68.591539],[-97.096181,68.53913],[-97.445668,68.539455],[-98.119252,68.674994],[-98.363759,68.857571],[-98.522369,68.750312],[-98.863352,68.834418],[-98.815338,68.912584],[-98.981557,68.955756],[-99.18224,68.831448],[-99.59081,69.014838],[-99.419097,69.139635],[-99.006703,69.139065],[-98.745717,69.187079],[-98.653228,69.301011],[-98.439076,69.304145],[-98.39269,69.333401],[-98.6079,69.442694],[-98.418568,69.47606],[-98.590566,69.52025],[-98.575429,69.577379],[-98.023834,69.434638],[-98.355377,69.599555],[-98.312489,69.730414],[-97.974599,69.89643],[-97.47525,69.777167],[-97.342275,69.708808],[-97.458323,69.689154],[-97.376576,69.597642],[-97.284006,69.696967],[-96.893422,69.497748],[-96.219797,69.313951],[-96.171051,69.263129],[-96.239369,69.072008],[-96.123402,69.033352],[-96.067738,69.235256],[-95.828196,68.875881],[-95.214915,68.862209]]],[[[-97.46581,69.900621],[-97.434234,69.965969],[-97.254791,69.894721],[-97.46581,69.900621]]],[[[-124.959218,70.167548],[-125.105336,70.121812],[-125.10497,70.15705],[-124.959218,70.167548]]],[[[-113.165517,70.312161],[-112.976877,70.301663],[-113.207102,70.297838],[-113.165517,70.312161]]],[[[-100.7412,70.312161],[-100.794342,70.256049],[-100.872182,70.297838],[-100.7412,70.312161]]],[[[-111.952707,70.325141],[-111.671498,70.312161],[-112.311513,70.34691],[-111.952707,70.325141]]],[[[-116.664052,70.497056],[-116.610911,70.493354],[-116.815175,70.49372],[-116.664052,70.497056]]],[[[-116.263417,70.551703],[-116.156646,70.548529],[-116.453114,70.511949],[-116.263417,70.551703]]],[[[-116.722076,70.558539],[-116.509755,70.551703],[-116.777333,70.551703],[-116.722076,70.558539]]],[[[-115.885976,70.58218],[-115.834788,70.58161],[-116.064117,70.551703],[-115.885976,70.58218]]],[[[-117.05724,70.571601],[-116.917551,70.566474],[-117.275787,70.550279],[-117.05724,70.571601]]],[[[-128.234609,70.660956],[-128.08373,70.613186],[-128.344472,70.544867],[-128.234609,70.660956]]],[[[-100.351389,70.489651],[-100.655629,70.551581],[-100.714508,70.681464],[-100.193756,70.579047],[-100.392405,70.585273],[-100.25414,70.489691],[-100.351389,70.489651]]],[[[-125.948883,71.963202],[-125.988433,71.970404],[-125.909088,71.964342],[-125.948883,71.963202]]],[[[-110.507069,72.593817],[-110.47232,72.57331],[-110.595855,72.600653],[-110.507069,72.593817]]],[[[-110.397206,72.62051],[-110.348866,72.607489],[-110.493479,72.62051],[-110.397206,72.62051]]],[[[-110.314687,72.655219],[-110.279897,72.648424],[-110.410878,72.642239],[-110.314687,72.655219]]],[[[-100.872182,69.807807],[-100.964345,69.664455],[-101.255116,69.667873],[-101.430165,69.766832],[-101.474843,69.893785],[-101.673451,69.646715],[-102.253,69.912502],[-102.348785,69.763414],[-102.384267,69.813544],[-102.643951,69.760484],[-102.487172,69.69066],[-102.516998,69.585354],[-102.783844,69.536851],[-103.489613,69.694525],[-103.510081,69.619452],[-103.220774,69.555487],[-103.136098,69.449856],[-103.041127,69.515326],[-103.038319,69.257392],[-103.194936,69.20954],[-103.183461,69.115871],[-102.866444,69.366197],[-102.303822,69.501654],[-101.968332,69.441352],[-102.173166,69.352525],[-102.071604,69.302395],[-102.075592,69.24726],[-102.235829,69.263129],[-102.17984,69.21662],[-101.92748,69.261542],[-101.771555,69.193793],[-101.865875,69.044094],[-101.818227,69.01911],[-102.382436,68.957831],[-102.523061,68.865546],[-102.749135,68.899482],[-102.701975,68.852281],[-102.917063,68.804267],[-103.383168,68.782294],[-104.305247,68.940375],[-104.593617,68.864488],[-105.123036,68.89643],[-105.254791,68.951117],[-104.917063,69.047919],[-106.412099,69.188056],[-106.294545,69.271715],[-106.319936,69.386054],[-106.583892,69.503607],[-106.990875,69.34512],[-106.964223,69.201117],[-107.334828,69.02558],[-108.539459,68.946967],[-109.028554,68.726752],[-110.347035,68.580227],[-111.418284,68.578559],[-111.205393,68.550686],[-111.251047,68.51968],[-113.244008,68.454413],[-113.30309,68.474921],[-113.062815,68.488593],[-113.655507,68.800482],[-113.576527,69.016995],[-113.637847,69.029771],[-113.549713,69.044094],[-113.700551,69.16352],[-113.508778,69.174465],[-114.254791,69.283677],[-115.974843,69.300198],[-116.527699,69.413886],[-116.63268,69.461819],[-116.557607,69.495917],[-116.619618,69.571682],[-116.905629,69.592597],[-116.848134,69.632799],[-117.265126,69.782538],[-117.414418,70.015937],[-116.965077,70.129055],[-114.509429,70.315253],[-112.586252,70.200019],[-112.169789,70.267401],[-112.270904,70.284369],[-111.468129,70.282294],[-111.560943,70.295111],[-111.511586,70.323879],[-111.964263,70.374579],[-112.172434,70.503323],[-113.988393,70.716213],[-115.545888,70.582221],[-117.585439,70.60635],[-118.411041,70.974555],[-117.798004,71.170396],[-115.764638,71.367662],[-116.2058,71.426215],[-115.742014,71.510688],[-115.419016,71.45185],[-115.056752,71.52497],[-115.823598,71.548163],[-117.367828,71.388332],[-117.536692,71.502021],[-117.612782,71.476549],[-117.483022,71.421332],[-117.534088,71.379381],[-118.161977,71.378974],[-118.308827,71.432196],[-118.127309,71.538642],[-117.692209,71.553941],[-117.956125,71.603461],[-117.695302,71.668362],[-118.409332,71.579779],[-118.461293,71.653062],[-118.832997,71.662909],[-118.927154,71.589342],[-119.093088,71.668362],[-119.129384,71.797919],[-119.054311,71.935289],[-118.678212,72.142279],[-118.127838,72.22724],[-118.174469,72.338365],[-118.565582,72.388007],[-118.568674,72.477769],[-118.169586,72.641832],[-117.400461,72.905951],[-114.584299,73.384589],[-114.196645,73.308051],[-113.961985,73.12287],[-114.046498,72.972724],[-114.023101,72.797797],[-114.2412,72.792426],[-114.336659,72.755601],[-114.26773,72.696234],[-114.604237,72.607489],[-114.339467,72.563788],[-113.508778,72.70303],[-113.734039,72.614244],[-113.659576,72.613105],[-113.439849,72.709906],[-113.603993,72.777533],[-113.39094,72.911566],[-113.015004,73.016018],[-111.219635,72.724107],[-111.266835,72.579535],[-111.904286,72.346747],[-111.688832,72.355902],[-111.788197,72.223212],[-111.734364,72.213284],[-111.418284,72.346747],[-111.576812,72.343492],[-111.531565,72.400092],[-111.295237,72.470689],[-111.241851,72.471422],[-111.357493,72.371487],[-111.046986,72.290351],[-111.086293,72.408271],[-110.787668,72.477118],[-110.82787,72.509955],[-110.678334,72.579169],[-110.334299,72.427314],[-110.534413,72.504381],[-110.326568,72.554877],[-109.808258,72.430243],[-110.259429,72.559027],[-109.816396,72.493069],[-109.956939,72.607815],[-110.29426,72.675727],[-109.773427,72.716702],[-110.254506,72.738959],[-110.230336,72.824286],[-110.567942,72.867499],[-110.745432,72.965562],[-110.703725,73.009101],[-109.622629,72.915961],[-109.727447,72.89643],[-108.946034,72.673774],[-109.034291,72.596584],[-108.615875,72.548774],[-108.65685,72.340522],[-108.540151,72.148749],[-108.428334,72.160793],[-108.416615,71.990465],[-108.293121,71.976264],[-108.340932,71.935858],[-108.191518,71.962958],[-108.277211,71.890855],[-108.286936,71.798733],[-108.183909,71.764594],[-108.245961,71.722968],[-107.789947,71.616889],[-107.724517,71.634833],[-107.838735,71.692328],[-107.801137,71.734361],[-107.251576,71.806138],[-107.442616,71.862128],[-107.271596,71.884467],[-107.779164,72.141303],[-107.841949,72.278266],[-107.717763,72.30268],[-107.848053,72.360419],[-107.808665,72.442776],[-107.985219,72.518052],[-107.875356,72.524888],[-108.013173,72.62051],[-107.957916,72.642239],[-108.083648,72.760077],[-108.258941,73.175971],[-107.867909,73.189643],[-108.148346,73.301744],[-108.013336,73.354885],[-107.073232,73.178046],[-107.011383,73.197089],[-107.128733,73.244289],[-106.873443,73.315579],[-106.233998,73.087226],[-105.850087,73.059963],[-105.388987,72.797919],[-105.354482,72.759914],[-105.510569,72.778754],[-105.30016,72.661933],[-105.346669,72.62051],[-105.195872,72.483954],[-105.305084,72.45661],[-104.979807,72.205024],[-105.006215,72.069159],[-104.380279,71.600043],[-104.407582,71.510688],[-104.318837,71.469713],[-104.30016,71.380072],[-104.463124,71.3605],[-104.440541,71.249091],[-104.647817,71.119696],[-104.603139,71.082465],[-103.537709,70.599514],[-102.9204,70.517646],[-103.133372,70.596137],[-103.086903,70.677476],[-102.841949,70.580634],[-102.851064,70.516343],[-101.952789,70.269721],[-101.692779,70.308743],[-101.529449,70.11286],[-100.995717,70.174954],[-100.872182,69.807807]]],[[[-72.948964,66.734565],[-73.005483,66.779202],[-72.828359,67.018134],[-72.350901,67.119452],[-72.193349,67.275702],[-72.369822,67.330797],[-72.508005,67.502265],[-72.436106,67.53148],[-72.496449,67.630439],[-72.643503,67.67182],[-72.618886,67.795478],[-72.924631,67.931627],[-72.991404,68.225735],[-73.494944,68.276923],[-73.213735,68.379299],[-73.611562,68.276923],[-73.831288,68.34394],[-73.947377,68.413479],[-73.762278,68.510484],[-73.817006,68.571112],[-73.721506,68.61579],[-73.888295,68.714016],[-74.13915,68.735582],[-73.885976,68.564276],[-73.940297,68.508124],[-74.504628,68.599514],[-74.720774,68.735541],[-74.55073,68.824937],[-74.825022,68.776557],[-74.95934,68.810981],[-74.682485,68.896064],[-75.044138,68.906928],[-74.869985,68.932685],[-75.001088,68.927965],[-74.859202,68.968329],[-75.003367,68.947455],[-74.940663,68.997748],[-74.65746,69.011461],[-74.783437,69.078192],[-75.036,69.01496],[-75.106191,68.910346],[-75.486399,69.02204],[-75.570424,68.986518],[-75.496653,68.934231],[-75.606516,68.88581],[-76.624989,68.682359],[-76.681508,68.729397],[-76.533803,68.881415],[-76.644643,68.916938],[-76.623484,69.023627],[-75.989858,69.010891],[-75.59557,69.102118],[-75.598582,69.219224],[-75.94404,69.363471],[-76.359731,69.400336],[-76.634348,69.571682],[-76.181874,69.667873],[-76.584543,69.694648],[-76.640574,69.674058],[-76.543446,69.675482],[-76.575266,69.623481],[-76.681508,69.571682],[-77.20287,69.646715],[-76.794789,69.72248],[-76.901235,69.777086],[-76.795237,69.808173],[-77.292917,69.836005],[-77.013661,69.919745],[-77.066477,69.936225],[-77.634267,69.824897],[-77.461008,69.801907],[-77.614369,69.742987],[-77.741038,70.214911],[-78.408274,70.215888],[-78.539255,70.312161],[-78.427195,70.33039],[-78.486195,70.354926],[-79.073679,70.47663],[-78.881785,70.600775],[-78.717356,70.551703],[-78.818349,70.62401],[-79.12385,70.646633],[-79.022776,70.630439],[-79.188547,70.432196],[-79.326975,70.442694],[-79.246693,70.516059],[-79.313222,70.544867],[-79.406443,70.439846],[-79.587595,70.428209],[-78.970652,70.325141],[-78.766916,70.191392],[-78.66511,70.013821],[-78.82665,69.879543],[-79.680857,69.848578],[-80.068349,70.004136],[-81.756703,70.129706],[-81.193227,70.0008],[-80.778188,69.793158],[-80.929311,69.71483],[-81.600046,69.977444],[-83.005564,70.309963],[-81.711537,69.93476],[-82.255564,69.806952],[-83.051625,70.010484],[-83.6728,69.946357],[-84.694773,70.006578],[-84.87092,70.078803],[-84.816355,70.089097],[-85.856638,70.089545],[-85.234609,69.996243],[-85.733225,69.994859],[-86.521108,70.230658],[-86.59081,70.366767],[-86.296986,70.477444],[-86.341257,70.519843],[-86.66454,70.356024],[-86.858225,70.325141],[-86.898671,70.35932],[-86.778513,70.375881],[-87.031443,70.468492],[-87.248728,70.39411],[-87.047434,70.384467],[-86.988026,70.297838],[-87.779734,70.331977],[-87.640981,70.298896],[-87.852528,70.237982],[-88.241567,70.32392],[-87.879384,70.318345],[-88.141306,70.395901],[-88.907216,70.544867],[-89.415476,70.878852],[-89.208852,70.942125],[-89.538035,71.086615],[-88.642405,71.054592],[-87.893015,70.935289],[-87.002309,70.996772],[-87.749013,71.140774],[-87.920644,71.270006],[-88.066965,71.212836],[-89.813425,71.329006],[-89.980824,71.445299],[-90.044911,71.596666],[-89.797922,71.757758],[-90.104685,71.916327],[-89.969228,72.038886],[-89.598256,72.151109],[-89.90095,72.189765],[-89.953318,72.306464],[-89.852732,72.386664],[-89.899526,72.417304],[-89.787506,72.424262],[-89.870798,72.430365],[-89.753245,72.610826],[-89.493113,72.664008],[-89.564524,72.756415],[-89.269399,72.783189],[-89.39391,72.811591],[-89.298289,72.936428],[-89.355662,72.967108],[-89.253855,73.02265],[-89.311879,73.046291],[-89.114329,73.191962],[-88.886708,73.216986],[-89.033437,73.241034],[-88.961863,73.28974],[-88.648752,73.280707],[-88.833241,73.323554],[-88.413767,73.525458],[-87.764475,73.716742],[-86.714182,73.847398],[-85.105702,73.811998],[-84.882761,73.748236],[-86.030344,73.302436],[-86.672719,72.846991],[-86.735422,72.716702],[-86.266347,72.466254],[-86.435862,72.267483],[-86.447458,72.127631],[-86.419504,72.021186],[-86.127553,71.794257],[-85.371816,71.487372],[-84.959665,71.428778],[-84.837636,71.286566],[-85.193186,71.299302],[-85.515981,71.179511],[-85.945302,71.180894],[-86.803171,71.000434],[-84.972605,71.196194],[-84.87092,71.113471],[-85.145212,71.092963],[-84.959665,71.078681],[-85.008046,71.051988],[-84.950632,70.968248],[-84.799184,70.927883],[-84.797109,71.184882],[-84.691843,71.212307],[-84.788319,71.318915],[-84.739003,71.424465],[-84.528269,71.473131],[-84.65803,71.613105],[-84.603383,71.647895],[-85.257883,71.668362],[-85.583445,71.791815],[-85.453969,71.801744],[-85.547841,71.886786],[-86.021352,71.984117],[-85.510203,72.077541],[-85.54247,72.120795],[-85.416249,72.138821],[-85.514353,72.226996],[-85.437489,72.265082],[-84.957021,72.241034],[-84.354563,72.056627],[-84.206614,71.938544],[-84.180002,72.027737],[-84.911244,72.280911],[-84.814076,72.357611],[-84.432078,72.381537],[-84.87621,72.381822],[-84.777211,72.447414],[-85.131907,72.353909],[-85.514516,72.463446],[-85.602732,72.532904],[-85.496775,72.566148],[-85.702463,72.634711],[-85.659657,72.885199],[-85.570627,72.972317],[-85.317942,72.96308],[-83.991404,72.748969],[-85.118031,73.033149],[-85.535634,73.025784],[-85.463572,73.111884],[-85.124745,73.052476],[-85.213816,73.110297],[-85.175404,73.148993],[-83.637563,72.984809],[-85.192983,73.231269],[-85.113352,73.321845],[-84.836659,73.389065],[-84.342641,73.231269],[-84.65803,73.395087],[-84.1822,73.477688],[-83.780955,73.436103],[-83.594431,73.310248],[-83.665232,73.456122],[-84.007517,73.50495],[-82.831125,73.736721],[-81.528391,73.716213],[-81.216624,73.517279],[-81.218129,73.29267],[-80.642771,73.169827],[-80.571726,73.069078],[-80.64033,72.927924],[-80.273264,72.760647],[-80.558461,72.62759],[-80.526072,72.579535],[-81.382639,72.24433],[-80.506215,72.497626],[-80.517934,72.389228],[-80.97175,72.203355],[-80.572011,72.091376],[-81.026316,72.093492],[-81.087758,72.052558],[-80.800404,72.017768],[-80.961252,71.908677],[-80.396677,72.050116],[-80.365305,72.110907],[-80.482859,72.180732],[-80.261342,72.20482],[-80.306956,72.257392],[-80.245229,72.299872],[-79.676381,72.127631],[-80.155507,72.310858],[-79.818837,72.506415],[-79.613108,72.346625],[-79.780019,72.236884],[-79.714915,72.218248],[-79.587595,72.277899],[-79.450388,72.19595],[-79.533315,72.284735],[-79.283396,72.394436],[-78.971547,72.285305],[-78.943308,72.19595],[-79.209462,71.989325],[-79.152455,71.955715],[-78.504465,71.874457],[-78.897206,72.003485],[-78.830434,72.172675],[-78.504465,72.100328],[-78.208974,71.823798],[-77.952138,71.772854],[-78.298818,71.917182],[-78.176707,71.97248],[-77.770823,71.778225],[-77.714915,71.806708],[-78.326365,71.990465],[-78.461008,72.128241],[-78.849436,72.217719],[-78.750925,72.285305],[-78.798451,72.306383],[-78.569569,72.355658],[-78.397165,72.176337],[-78.476552,72.24433],[-78.408803,72.329047],[-77.691355,72.21662],[-77.660959,72.107815],[-77.620595,72.175442],[-77.298451,72.189765],[-76.997426,72.134467],[-78.532094,72.425605],[-78.409983,72.594428],[-77.601023,72.755805],[-76.783518,72.729478],[-76.651967,72.638739],[-76.196848,72.59927],[-76.126658,72.4914],[-75.93989,72.592231],[-75.198354,72.497626],[-74.966746,72.277411],[-75.063303,72.186469],[-76.028757,72.08869],[-76.414622,71.860785],[-76.02363,72.052558],[-75.657704,72.124335],[-75.242055,72.083441],[-75.607737,71.990424],[-75.873647,71.726752],[-76.099924,71.703111],[-75.866444,71.707953],[-75.501943,72.002509],[-75.243479,72.011379],[-75.063181,72.128241],[-74.254099,72.081529],[-74.136423,71.992825],[-74.214955,71.837144],[-75.351796,71.700141],[-74.941721,71.675198],[-75.414052,71.52497],[-74.664296,71.690172],[-74.720408,71.590806],[-75.133738,71.492418],[-74.843699,71.523261],[-74.905019,71.459621],[-74.711008,71.403876],[-75.078562,71.204576],[-74.67158,71.365058],[-74.629506,71.418199],[-74.742502,71.514106],[-74.537343,71.644843],[-74.136057,71.743476],[-74.249013,71.582994],[-74.145985,71.538642],[-74.199656,71.589667],[-73.996042,71.754218],[-73.620961,71.772528],[-74.000356,71.501614],[-74.317942,71.415107],[-74.029978,71.442369],[-74.216176,71.217841],[-74.002878,71.326321],[-73.817006,71.552232],[-73.563791,71.558498],[-73.638905,71.3605],[-73.409291,71.409003],[-73.687937,71.243801],[-73.747507,71.089748],[-73.855906,71.076565],[-73.694163,71.086127],[-73.626576,71.22606],[-73.438669,71.313544],[-73.06489,71.282701],[-73.276438,71.223334],[-73.268992,71.127102],[-73.427683,71.054877],[-73.386301,70.990546],[-73.187082,71.206244],[-72.995351,71.254218],[-72.994618,71.40766],[-72.755076,71.435614],[-72.837595,71.510688],[-72.638987,71.545478],[-72.58434,71.655341],[-71.581899,71.515082],[-71.145212,71.294176],[-71.47053,71.06566],[-72.045115,71.084784],[-72.356272,70.87873],[-72.748484,70.827338],[-72.172068,70.844672],[-72.364613,70.68891],[-72.582509,70.646186],[-72.531687,70.617092],[-71.590647,70.873236],[-71.215037,70.855292],[-71.201853,71.006985],[-70.861643,71.109076],[-70.586374,71.034613],[-70.544016,70.897447],[-70.805531,70.724351],[-71.163645,70.590766],[-71.576365,70.613186],[-71.747996,70.448879],[-71.967356,70.421373],[-71.741444,70.428209],[-71.805979,70.30976],[-71.753529,70.314643],[-71.451609,70.586615],[-71.183176,70.543118],[-71.32311,70.318345],[-71.274648,70.269924],[-71.535105,70.039618],[-71.247996,70.222113],[-70.985341,70.633694],[-69.914988,70.879869],[-69.777699,70.847724],[-69.956532,70.734524],[-70.480214,70.613186],[-70.405344,70.540839],[-70.494496,70.489651],[-70.309519,70.503323],[-70.411977,70.60635],[-70.102488,70.611721],[-69.473459,70.791327],[-68.362253,70.584296],[-68.286814,70.506537],[-68.487375,70.369208],[-68.591298,70.466986],[-68.68456,70.331977],[-69.808339,70.166693],[-70.156606,70.045478],[-69.82905,70.011908],[-70.435536,69.865871],[-69.758494,69.972886],[-69.792551,70.085028],[-69.719838,70.126614],[-68.655995,70.171942],[-68.790598,70.041164],[-69.444285,69.821234],[-69.788157,69.832343],[-70.000437,69.661078],[-69.949452,69.661322],[-69.763173,69.800198],[-69.390614,69.783881],[-69.102895,69.920478],[-68.649159,69.942857],[-68.191111,70.126614],[-68.348744,70.188666],[-68.078359,70.327053],[-67.808542,70.263739],[-67.249501,69.963446],[-67.138783,69.762112],[-68.013051,69.776068],[-68.349192,69.633124],[-70.006663,69.543036],[-69.290517,69.508734],[-68.587473,69.59101],[-68.005116,69.461982],[-67.22761,69.464342],[-66.788035,69.340033],[-66.656077,69.242011],[-66.742258,69.136868],[-67.678049,69.177191],[-68.197947,69.310981],[-69.013539,69.359361],[-69.260569,69.276801],[-68.999216,69.334703],[-68.10436,69.238471],[-68.96406,69.223456],[-68.531931,69.210598],[-69.096059,69.091864],[-68.924753,69.105536],[-69.018259,68.968411],[-68.864084,69.09162],[-68.373362,69.179592],[-67.735463,69.040107],[-68.000803,68.971991],[-68.533762,68.988837],[-68.013621,68.893256],[-68.492787,68.899482],[-67.795969,68.790513],[-69.363474,68.88109],[-68.988759,68.803412],[-68.999867,68.748603],[-68.047719,68.687201],[-68.880116,68.612738],[-67.917429,68.550686],[-67.946482,68.416002],[-67.858957,68.550238],[-67.643056,68.564276],[-67.534413,68.550727],[-67.622548,68.399807],[-67.568918,68.476386],[-67.354929,68.5008],[-67.208119,68.443793],[-67.34142,68.413479],[-66.663564,68.440823],[-67.02245,68.361558],[-67.403147,68.396959],[-67.793894,68.337714],[-67.851389,68.261623],[-67.567942,68.337714],[-67.697703,68.249579],[-67.578847,68.252102],[-67.356516,68.357367],[-67.032541,68.326646],[-67.238962,68.29678],[-67.385081,68.154202],[-67.602122,68.16706],[-67.399729,68.12759],[-67.003733,68.293647],[-66.788157,68.249416],[-66.951121,68.019232],[-66.714304,68.147528],[-66.722239,67.999661],[-66.58141,68.148383],[-66.346018,68.136217],[-66.478017,68.08511],[-66.218617,68.033596],[-66.409739,67.899563],[-66.745554,67.879096],[-66.388661,67.78148],[-66.279408,67.961005],[-65.968129,68.033149],[-65.907419,68.154446],[-65.892405,68.053778],[-66.032338,67.961005],[-65.961008,67.915269],[-66.026194,67.653144],[-65.946034,67.828803],[-65.697133,67.988959],[-65.451894,67.998603],[-65.613637,67.799547],[-65.372996,67.607367],[-65.364735,67.690172],[-65.51769,67.766262],[-65.375071,67.934272],[-65.0537,68.052436],[-64.719553,67.985175],[-65.066599,67.934272],[-64.972361,67.924791],[-65.141835,67.809719],[-65.019154,67.818061],[-65.039255,67.762356],[-65.203114,67.656195],[-64.895253,67.796454],[-64.795644,67.698065],[-64.752024,67.801744],[-64.503489,67.806545],[-64.394846,67.719916],[-64.641428,67.666734],[-64.329416,67.729804],[-64.052439,67.541327],[-64.44343,67.481147],[-64.044871,67.466864],[-63.941599,67.361029],[-64.004587,67.331],[-63.920888,67.318305],[-64.762278,67.362738],[-64.257273,67.305487],[-64.788564,67.221625],[-64.727488,67.203315],[-64.011708,67.282457],[-63.999623,67.228949],[-64.60912,67.140286],[-64.695302,67.019599],[-64.496531,67.138617],[-63.449086,67.227973],[-63.800404,66.992987],[-63.439443,67.121283],[-63.285227,67.310492],[-63.22057,67.257148],[-63.117055,67.330268],[-62.981272,67.25495],[-63.250437,67.13231],[-63.227488,66.986029],[-63.772898,66.832099],[-63.502634,66.826239],[-63.455881,66.912584],[-63.455881,66.707221],[-63.349599,66.790351],[-63.34907,66.890692],[-62.865305,66.969143],[-62.822743,66.801459],[-62.911814,66.654771],[-62.695627,66.947455],[-62.555247,66.938463],[-62.328603,66.736151],[-62.441721,66.899604],[-62.284006,66.946112],[-62.249094,67.049221],[-62.090037,67.05976],[-62.017161,66.912584],[-61.776926,66.953559],[-61.797109,66.893744],[-61.989491,66.895901],[-61.60558,66.871649],[-61.729726,66.830715],[-61.50593,66.804999],[-61.267527,66.631578],[-61.576283,66.550482],[-61.953318,66.687445],[-62.188425,66.632066],[-61.821523,66.628648],[-61.605092,66.505561],[-61.989817,66.419176],[-61.477528,66.379381],[-61.541697,66.34927],[-61.93456,66.289455],[-62.607371,66.442206],[-62.716013,66.41234],[-62.354604,66.32099],[-62.639719,66.222968],[-62.894154,66.337226],[-62.699045,66.198147],[-62.137441,66.154527],[-62.154286,66.103909],[-61.992747,66.050198],[-62.302317,65.980902],[-62.785227,66.037665],[-62.923655,66.15119],[-63.0655,66.124335],[-62.409373,65.967963],[-62.456003,65.925727],[-62.306386,65.828925],[-62.644602,65.810777],[-62.870798,65.908149],[-62.611684,65.776068],[-62.582102,65.733629],[-62.82665,65.768012],[-62.594187,65.664008],[-62.63561,65.599555],[-62.785105,65.595201],[-62.963083,65.755072],[-62.907786,65.672512],[-62.959665,65.589993],[-63.216176,65.649604],[-63.501251,65.938747],[-63.531606,65.877916],[-63.354685,65.684882],[-63.710805,65.682522],[-63.384226,65.638373],[-63.353342,65.54682],[-63.607371,65.596747],[-63.291371,65.439765],[-63.62739,65.480292],[-63.406239,65.403022],[-63.524159,65.391913],[-63.373362,65.32982],[-63.43342,65.250149],[-63.346913,65.226874],[-63.494578,65.201483],[-63.373484,65.153795],[-63.376658,65.072333],[-63.590769,64.903144],[-63.825795,64.98664],[-63.6551,65.041897],[-63.844106,65.03144],[-63.885121,65.086127],[-63.802073,65.164455],[-63.853871,65.18358],[-64.091624,65.06151],[-64.278269,65.103949],[-64.109731,65.189643],[-64.374338,65.179267],[-64.40864,65.288275],[-64.251658,65.391913],[-64.298044,65.423],[-64.467722,65.291734],[-64.557118,65.093207],[-64.687856,65.170111],[-64.66218,65.246772],[-64.902089,65.28205],[-64.40864,65.480699],[-65.010203,65.369371],[-65.131825,65.424994],[-64.734731,65.645331],[-65.027089,65.5456],[-65.340891,65.583157],[-64.792226,65.727729],[-65.453847,65.679348],[-65.401723,65.748236],[-65.466298,65.744818],[-65.450754,65.843207],[-65.283152,65.927883],[-64.756825,65.968451],[-64.854319,66.03559],[-64.740671,66.199693],[-64.387156,66.32746],[-64.435292,66.341946],[-64.765614,66.255683],[-64.871449,66.107489],[-65.899403,65.953681],[-65.930002,66.065172],[-65.559926,66.234687],[-65.469919,66.353013],[-65.681874,66.191352],[-66.147776,66.140692],[-66.257314,66.223578],[-66.149648,66.289455],[-66.443837,66.268378],[-66.387522,66.242011],[-66.476267,66.204779],[-66.54011,66.244778],[-66.471791,66.350287],[-66.540883,66.346503],[-66.444407,66.401801],[-66.765981,66.385077],[-66.677235,66.46015],[-66.808298,66.452826],[-66.861562,66.542711],[-66.745432,66.572659],[-67.060251,66.645738],[-66.88268,66.570014],[-67.166331,66.488674],[-67.509104,66.617499],[-67.723744,66.582424],[-67.176381,66.454413],[-67.199086,66.370998],[-67.410268,66.432807],[-67.143137,66.327053],[-67.280344,66.288886],[-67.984568,66.513088],[-67.759104,66.360826],[-67.752919,66.254706],[-67.163279,66.042426],[-67.314158,66.001451],[-67.208485,65.942613],[-67.9228,65.903225],[-68.025746,65.994859],[-67.972646,66.083441],[-68.306223,66.226874],[-68.399241,66.186835],[-68.475413,66.290107],[-68.512929,66.208482],[-68.826731,66.200995],[-68.045155,66.083075],[-68.082509,65.980943],[-68.325185,66.045844],[-68.218007,65.966295],[-68.331248,65.949449],[-68.13679,65.926581],[-68.094472,65.836859],[-68.205393,65.802232],[-67.81432,65.782375],[-67.974355,65.709621],[-67.881663,65.654242],[-68.06074,65.569403],[-67.956899,65.572659],[-68.014353,65.506252],[-67.755198,65.631781],[-67.273142,65.645209],[-67.34142,65.583157],[-67.283681,65.562649],[-67.433054,65.503648],[-67.059885,65.424058],[-67.417104,65.35102],[-67.164296,65.319322],[-67.114369,65.263251],[-67.170115,65.226874],[-66.937327,65.241156],[-66.95165,65.129055],[-67.091013,65.075629],[-66.906239,65.071234],[-66.751658,65.181586],[-66.89094,65.065863],[-66.759226,65.069159],[-66.743398,64.968207],[-66.834299,64.945624],[-66.751169,64.931708],[-66.705393,64.789374],[-66.635691,64.781195],[-66.697743,65.035061],[-66.149648,64.870551],[-66.341501,64.774359],[-66.21052,64.761298],[-66.21288,64.704332],[-66.018666,64.857571],[-66.048411,64.741604],[-65.799631,64.651435],[-65.93342,64.860663],[-65.716786,64.844224],[-65.710276,64.69245],[-65.702952,64.754584],[-65.582834,64.756822],[-65.586497,64.649115],[-65.71345,64.603583],[-65.706858,64.490058],[-65.340891,64.527981],[-65.40095,64.472113],[-65.286936,64.471015],[-65.211374,64.541409],[-65.079335,64.429267],[-65.238596,64.405585],[-65.196278,64.315009],[-65.26891,64.29564],[-65.657948,64.30923],[-65.416005,64.288398],[-65.535268,64.262112],[-65.357533,64.254055],[-65.2447,64.198961],[-65.376902,64.162584],[-65.052927,64.068671],[-65.224233,64.041938],[-64.639353,63.991034],[-64.991444,63.828437],[-64.504832,63.64411],[-64.566599,63.616034],[-64.504832,63.443183],[-64.609568,63.422553],[-64.505564,63.32453],[-64.627756,63.321357],[-64.517893,63.298774],[-64.552602,63.253079],[-64.706125,63.277411],[-64.936838,63.622992],[-65.28779,63.8133],[-64.994374,63.612494],[-65.132761,63.444525],[-64.908925,63.287787],[-65.11677,63.285102],[-64.778554,63.108588],[-64.840403,63.101386],[-64.778269,63.074368],[-64.82844,62.977281],[-64.627756,62.911078],[-64.887074,62.869371],[-65.272043,63.006659],[-64.962473,62.662665],[-65.139027,62.570624],[-65.354563,62.684516],[-65.2447,62.780097],[-65.342478,62.775133],[-65.336537,62.907538],[-65.39863,62.829169],[-65.603831,62.825141],[-65.752431,62.92475],[-65.710642,63.041815],[-65.790354,62.904242],[-65.92988,62.923245],[-65.868642,63.008857],[-66.029368,62.986151],[-66.257395,63.131537],[-66.104237,62.996772],[-66.12914,62.943345],[-66.418406,63.007514],[-66.671254,63.27147],[-66.648183,63.340033],[-66.728586,63.30858],[-66.559926,63.081732],[-66.684071,63.10224],[-66.569569,63.030219],[-66.656199,63.040758],[-66.758778,63.081855],[-66.803578,63.235297],[-66.860666,63.151435],[-67.003407,63.226996],[-66.979197,63.377387],[-67.012441,63.287787],[-67.239817,63.321357],[-67.924184,63.767564],[-67.697703,63.369696],[-68.230458,63.596625],[-68.270579,63.690985],[-68.286977,63.636664],[-68.540598,63.746527],[-68.993031,63.760728],[-68.827748,63.650702],[-68.863352,63.609931],[-68.444407,63.444892],[-68.499582,63.43122],[-68.146921,63.160631],[-67.945749,63.143744],[-67.985666,63.075507],[-67.611318,63.097113],[-67.78718,63.023627],[-67.557688,63.052965],[-67.50593,63.02025],[-67.672556,62.947211],[-67.423818,62.979438],[-67.245188,62.883734],[-67.368723,62.863227],[-67.197987,62.876899],[-67.122304,62.759589],[-67.039744,62.773871],[-67.060251,62.698188],[-66.759714,62.683905],[-66.495961,62.463202],[-66.358225,62.451728],[-66.32783,62.390326],[-66.445058,62.356391],[-66.343821,62.270697],[-66.301951,62.35106],[-66.157826,62.273383],[-66.265126,62.266791],[-65.930002,62.204739],[-66.031077,62.098456],[-66.158396,62.124579],[-66.142201,62.012885],[-65.954172,61.919501],[-66.274485,61.8581],[-66.773549,62.017239],[-67.317454,62.073228],[-67.400624,62.149807],[-68.611073,62.26557],[-69.197499,62.444525],[-69.288279,62.493638],[-69.275828,62.617377],[-69.483388,62.588324],[-69.589467,62.666978],[-69.431874,62.71247],[-69.550893,62.708686],[-69.417592,62.745917],[-69.479197,62.76317],[-69.849599,62.822252],[-69.767323,62.738715],[-69.938954,62.801215],[-70.240305,62.754096],[-71.025502,62.953315],[-70.932729,63.02025],[-71.112538,62.9831],[-70.834584,63.12873],[-70.943349,63.138007],[-70.898549,63.164944],[-71.237131,63.007229],[-71.426137,63.075507],[-71.391794,63.116441],[-71.617909,63.143215],[-71.822743,63.34927],[-71.761342,63.402655],[-72.125193,63.437486],[-71.614451,63.426907],[-71.226918,63.602484],[-71.583201,63.592515],[-71.516347,63.626288],[-71.556386,63.698147],[-71.754506,63.69184],[-71.957753,63.80683],[-72.008372,63.753974],[-71.867502,63.766506],[-71.914744,63.662543],[-72.176259,63.75731],[-72.317576,63.67886],[-72.220652,63.869371],[-72.090321,63.910956],[-72.24177,63.959418],[-72.364613,63.798326],[-72.535959,63.801703],[-72.473215,63.809882],[-72.643015,63.854682],[-72.658803,64.079169],[-72.71406,63.965562],[-72.919016,64.050727],[-72.939768,64.186916],[-73.078236,64.183295],[-73.054311,64.22842],[-73.274485,64.313056],[-73.386301,64.28148],[-73.282908,64.362454],[-73.481882,64.405097],[-73.174672,64.616116],[-73.296091,64.653388],[-73.313954,64.538153],[-73.424875,64.517524],[-73.669016,64.663967],[-73.748158,64.555854],[-73.933176,64.603258],[-73.809763,64.49787],[-73.961659,64.48017],[-74.015126,64.327216],[-74.077748,64.329332],[-74.146474,64.451117],[-74.043568,64.44599],[-74.126169,64.541571],[-73.999623,64.516669],[-74.152821,64.564154],[-74.002634,64.582587],[-74.081736,64.748481],[-74.214182,64.619452],[-74.31078,64.685614],[-74.417917,64.590481],[-74.708363,64.74022],[-74.511586,64.837063],[-74.646311,64.904731],[-74.709828,64.803046],[-74.97114,64.804511],[-74.468739,64.562079],[-74.646311,64.534735],[-74.536448,64.507473],[-74.586008,64.516181],[-74.559885,64.427395],[-74.851389,64.396308],[-75.156809,64.494371],[-75.229726,64.438544],[-75.79304,64.617011],[-75.839223,64.562079],[-75.647165,64.470526],[-75.921824,64.487006],[-75.715769,64.383979],[-76.35261,64.362372],[-76.188059,64.301418],[-76.605214,64.311225],[-76.707834,64.193915],[-77.133249,64.301093],[-77.350819,64.241116],[-77.436228,64.289984],[-77.381052,64.315009],[-77.545522,64.315009],[-77.490915,64.349799],[-77.853993,64.370307],[-78.144399,64.557318],[-78.155629,64.699286],[-78.299021,64.706732],[-78.065623,64.850084],[-78.143381,64.947089],[-78.021921,65.018215],[-77.330027,65.187201],[-77.5006,65.315172],[-77.469838,65.374945],[-77.314036,65.362494],[-77.406809,65.438625],[-77.236399,65.473863],[-75.797922,65.232327],[-75.452341,65.078559],[-75.414052,64.980414],[-75.633046,64.953518],[-75.478871,64.775946],[-75.296986,64.734076],[-75.370229,64.923896],[-75.571726,64.884223],[-75.262563,64.957017],[-75.194936,65.072659],[-75.253896,65.108629],[-75.339223,65.017727],[-75.939524,65.300116],[-75.603505,65.334621],[-75.215443,65.254136],[-75.083974,65.30272],[-75.098744,65.377631],[-74.736318,65.433295],[-74.551218,65.333401],[-74.077748,65.535346],[-73.474436,65.459621],[-73.701609,65.699856],[-73.653188,65.720282],[-74.473704,66.131415],[-73.364817,66.647528],[-72.948964,66.734565]]],[[[-115.323638,73.508694],[-115.753774,73.357489],[-116.459055,73.261176],[-119.123199,72.63703],[-119.436594,72.318183],[-119.830393,72.222846],[-120.25475,72.26081],[-120.154652,72.151435],[-120.457387,71.929023],[-120.406077,71.663275],[-120.635243,71.491441],[-121.423166,71.380316],[-121.700551,71.468085],[-122.753285,71.099799],[-123.255279,71.130439],[-123.669179,71.494818],[-124.064565,71.700385],[-125.232289,71.941311],[-124.967885,71.942694],[-125.006703,71.97899],[-125.877553,71.964016],[-125.76061,72.003852],[-125.752065,72.147691],[-125.569407,72.175442],[-125.671498,72.217231],[-125.502349,72.274888],[-125.438385,72.415676],[-124.97289,72.565863],[-125.10261,72.634711],[-124.945546,72.70303],[-125.02066,72.70303],[-124.973866,72.745185],[-125.082753,72.840237],[-124.497467,72.973538],[-124.850697,73.063544],[-124.821116,73.10635],[-124.666412,73.154486],[-124.417795,73.363837],[-124.445302,73.419257],[-124.090077,73.526679],[-124.081614,73.635321],[-123.773752,73.765611],[-124.213246,73.879218],[-124.44579,74.064846],[-124.545644,74.265123],[-124.664418,74.265937],[-124.602935,74.313707],[-124.751373,74.316311],[-124.683217,74.351711],[-121.5808,74.555854],[-120.156565,74.278998],[-119.565582,74.238959],[-119.817983,74.104315],[-119.736724,74.033149],[-119.746938,74.097317],[-119.479888,74.226142],[-119.144358,74.209052],[-119.076772,74.11994],[-119.161977,74.033149],[-118.996449,74.009101],[-118.725413,74.220771],[-118.065989,74.280707],[-117.416493,74.232489],[-115.646352,73.6765],[-115.323638,73.508694]]],[[[-123.286936,48.612698],[-123.302887,48.596991],[-123.338612,48.64647],[-123.286936,48.612698]]],[[[-123.369008,48.774237],[-123.520416,48.728664],[-123.59557,48.951809],[-123.369008,48.774237]]],[[[-123.65392,49.033677],[-123.697987,49.082099],[-123.334462,48.902981],[-123.369293,48.861884],[-123.65392,49.033677]]],[[[-123.721262,49.160793],[-123.749501,49.128852],[-123.866078,49.179429],[-123.721262,49.160793]]],[[[-125.949941,49.200751],[-126.011708,49.159125],[-126.024322,49.211982],[-125.949941,49.200751]]],[[[-126.083323,49.314887],[-126.048492,49.267035],[-126.240346,49.301825],[-126.150217,49.396226],[-126.083323,49.314887]]],[[[-123.330678,49.37287],[-123.426178,49.340074],[-123.326324,49.420478],[-123.330678,49.37287]]],[[[-124.232167,49.499335],[-124.171742,49.46426],[-124.352284,49.474921],[-124.232167,49.499335]]],[[[-123.451568,49.445217],[-123.452626,49.508124],[-123.342356,49.506659],[-123.342681,49.442939],[-123.451568,49.445217]]],[[[-124.607411,49.530911],[-124.691274,49.509345],[-124.683746,49.549262],[-124.607411,49.530911]]],[[[-124.70873,49.497016],[-124.825429,49.540107],[-124.827219,49.602973],[-124.70873,49.497016]]],[[[-124.109486,49.677965],[-124.205068,49.705268],[-124.047475,49.779242],[-124.109486,49.677965]]],[[[-124.664418,49.746894],[-124.657582,49.8015],[-124.391265,49.720038],[-124.123158,49.499823],[-124.664418,49.746894]]],[[[-126.658681,49.787828],[-126.638824,49.595038],[-126.912506,49.691636],[-126.973988,49.735989],[-126.864084,49.773342],[-126.98705,49.815131],[-126.800933,49.880764],[-126.658681,49.787828]]],[[[-127.240631,50.021715],[-127.308013,49.991848],[-127.31135,50.02619],[-127.240631,50.021715]]],[[[-125.027496,50.14411],[-125.006988,50.232856],[-124.890981,50.069037],[-124.98648,50.01439],[-125.027496,50.14411]]],[[[-125.198842,50.041083],[-125.329172,50.15469],[-125.336008,50.274482],[-125.171457,50.21898],[-125.198842,50.041083]]],[[[-124.890981,50.192532],[-124.928334,50.29267],[-124.765859,50.189154],[-124.832346,50.117377],[-124.890981,50.192532]]],[[[-124.802642,50.228583],[-124.725087,50.304511],[-124.661448,50.262844],[-124.715566,50.162177],[-124.708608,50.260443],[-124.802642,50.228583]]],[[[-125.336008,50.301744],[-125.398061,50.307847],[-125.234486,50.414374],[-125.04898,50.219143],[-125.134267,50.127916],[-125.211497,50.318101],[-125.336008,50.301744]]],[[[-125.502268,50.413804],[-125.780832,50.385728],[-125.546864,50.443427],[-125.502268,50.413804]]],[[[-125.367991,50.461127],[-125.37857,50.375556],[-125.514068,50.368232],[-125.367991,50.461127]]],[[[-125.749135,50.42182],[-125.948638,50.424994],[-125.805816,50.475043],[-125.749135,50.42182]]],[[[-126.537709,50.583808],[-126.614898,50.55268],[-126.670888,50.589586],[-126.537709,50.583808]]],[[[-126.336537,50.603461],[-126.261464,50.580878],[-126.624501,50.534573],[-126.336537,50.603461]]],[[[-126.403798,50.629828],[-126.363515,50.618842],[-126.52953,50.592231],[-126.403798,50.629828]]],[[[-126.859283,50.645738],[-127.122141,50.62995],[-127.107493,50.671088],[-126.859283,50.645738]]],[[[-126.617665,50.672309],[-126.379547,50.81151],[-126.185292,50.759711],[-126.350209,50.651842],[-126.617665,50.672309]]],[[[-126.782135,50.774726],[-126.9051,50.821926],[-126.588124,50.822252],[-126.782135,50.774726]]],[[[-123.321197,48.495836],[-123.330393,48.404771],[-123.437327,48.444648],[-123.550608,48.313056],[-123.667795,48.317613],[-125.093984,48.730048],[-125.110015,48.841946],[-124.846995,49.020453],[-124.80842,49.246568],[-124.88801,49.013983],[-125.221262,48.954779],[-125.333404,49.041815],[-125.489369,48.918647],[-125.606557,48.961859],[-125.836252,49.069037],[-125.612945,49.206366],[-125.746693,49.148139],[-125.77477,49.370103],[-125.836903,49.273139],[-125.994374,49.242336],[-125.898997,49.422187],[-126.046457,49.337836],[-126.054351,49.438381],[-126.572662,49.414293],[-126.548818,49.596015],[-126.089508,49.660875],[-126.453236,49.674302],[-126.412017,49.771715],[-126.467356,49.792304],[-126.545318,49.704413],[-126.644399,49.873481],[-126.802235,49.954576],[-126.871653,49.882473],[-126.910227,49.957424],[-126.92984,49.883124],[-127.141916,49.866645],[-127.229075,49.946479],[-127.096913,50.150946],[-127.270497,50.145209],[-127.384836,50.034491],[-127.487904,50.130439],[-127.426422,50.17886],[-127.898101,50.114081],[-127.775299,50.232856],[-127.800282,50.314399],[-127.968088,50.342231],[-127.931304,50.440985],[-127.591176,50.485745],[-127.446929,50.376899],[-127.557851,50.492987],[-127.423695,50.581244],[-127.877675,50.630113],[-127.5926,50.543606],[-128.104319,50.47663],[-128.405873,50.761054],[-127.918365,50.870795],[-126.595326,50.480211],[-125.454457,50.328803],[-125.178334,49.924994],[-124.882069,49.724921],[-124.973256,49.684963],[-124.799631,49.48078],[-123.954945,49.229193],[-123.756907,49.042141],[-123.787343,48.965399],[-123.593821,48.836982],[-123.540924,48.554511],[-123.405385,48.686347],[-123.321197,48.495836]]],[[[-127.84557,50.922919],[-127.864166,50.892524],[-127.983022,50.916734],[-127.84557,50.922919]]],[[[-127.545318,51.089789],[-127.541982,51.052151],[-127.610178,51.070624],[-127.545318,51.089789]]],[[[-131.681264,52.842108],[-131.655181,52.830512],[-131.74352,52.811347],[-131.837636,52.840969],[-131.681264,52.842108]]],[[[-132.229644,52.995185],[-132.30309,52.966702],[-132.382558,53.004096],[-132.229644,52.995185]]],[[[-132.978505,54.245998],[-132.984934,54.193305],[-133.081776,54.231757],[-132.978505,54.245998]]],[[[-64.477447,60.33393],[-64.434153,60.301703],[-64.861562,60.465522],[-64.60143,60.468817],[-64.432485,60.402167],[-64.477447,60.33393]]],[[[-67.880798,60.496805],[-67.847044,60.416408],[-67.972847,60.290296],[-68.320967,60.197129],[-68.439034,60.259333],[-68.241306,60.585606],[-67.880798,60.496805]]],[[[-64.61026,60.690172],[-64.59732,60.650214],[-64.689768,60.587836],[-64.61026,60.690172]]],[[[-78.243723,60.834866],[-78.336293,60.758694],[-78.679433,60.711371],[-78.243723,60.834866]]],[[[-64.840566,61.351549],[-64.955434,61.347602],[-64.922475,61.402777],[-65.470611,61.644355],[-64.71703,61.663479],[-64.773834,61.634833],[-64.668609,61.615668],[-64.691029,61.468899],[-64.840566,61.351549]]],[[[-65.703277,61.793158],[-65.929433,61.787014],[-65.791493,61.872504],[-65.703277,61.793158]]],[[[-93.025461,61.916693],[-93.020131,61.844672],[-93.195383,61.877183],[-93.025461,61.916693]]],[[[-65.2412,61.920396],[-65.113189,61.944037],[-64.840443,61.781399],[-64.929921,61.727118],[-65.147328,61.783922],[-65.2412,61.920396]]],[[[-92.271881,62.407375],[-92.14151,62.403957],[-92.349843,62.393785],[-92.271881,62.407375]]],[[[-79.28246,62.269924],[-79.33373,62.036078],[-79.651235,61.653632],[-79.810292,61.574042],[-80.261091,61.856298],[-80.158275,62.19936],[-79.867276,62.400923],[-79.558583,62.420396],[-79.28246,62.269924]]],[[[-92.57665,62.403957],[-92.402211,62.410793],[-92.538808,62.38288],[-92.57665,62.403957]]],[[[-64.380605,62.527493],[-64.624379,62.375434],[-64.957143,62.464179],[-64.792144,62.492743],[-64.851715,62.514635],[-64.80134,62.568508],[-64.380605,62.527493]]],[[[-77.853912,62.588324],[-77.860585,62.550482],[-78.087026,62.560981],[-77.853912,62.588324]]],[[[-77.722971,62.588324],[-77.639516,62.59219],[-77.744049,62.541083],[-77.833485,62.602607],[-77.722971,62.588324]]],[[[-64.966908,62.533677],[-65.11441,62.538479],[-64.888336,62.595771],[-64.966908,62.533677]]],[[[-91.592885,62.650946],[-91.575103,62.624416],[-91.669667,62.654242],[-91.592885,62.650946]]],[[[-91.134145,62.684516],[-90.983998,62.664008],[-91.254221,62.676459],[-91.134145,62.684516]]],[[[-74.016225,62.670844],[-73.967519,62.618109],[-74.118642,62.602607],[-74.653066,62.719306],[-74.016225,62.670844]]],[[[-70.24059,62.615627],[-70.17705,62.589988],[-70.361982,62.526865],[-70.740549,62.557563],[-70.92516,62.745917],[-70.814565,62.744086],[-71.157297,62.803453],[-71.068674,62.820258],[-71.235951,62.88642],[-70.492493,62.766957],[-70.24059,62.615627]]],[[[-82.191314,62.986151],[-81.862375,62.92475],[-81.951731,62.835354],[-81.927561,62.729315],[-83.066151,62.187161],[-83.417795,62.239447],[-83.673004,62.145087],[-83.939117,62.459174],[-83.296457,62.930894],[-83.060414,62.841986],[-82.191314,62.986151]]],[[[-90.620229,63.47956],[-90.702219,63.444892],[-90.756825,63.500067],[-90.620229,63.47956]]],[[[-77.537994,63.287787],[-77.644839,63.14317],[-77.940764,63.087149],[-78.509185,63.374986],[-78.518503,63.485019],[-77.844309,63.47248],[-77.682607,63.438666],[-77.537994,63.287787]]],[[[-90.674875,63.521186],[-90.850575,63.506903],[-90.969716,63.548529],[-90.674875,63.521186]]],[[[-91.463124,63.616767],[-91.298655,63.567776],[-91.466542,63.564927],[-91.463124,63.616767]]],[[[-64.086415,63.335028],[-64.059722,63.274807],[-64.279205,63.341132],[-64.497914,63.616767],[-64.338002,63.656928],[-64.305531,63.485826],[-64.086415,63.335028]]],[[[-76.688873,63.485826],[-76.58019,63.475531],[-76.701975,63.369696],[-76.831044,63.385932],[-77.435618,63.595649],[-77.33316,63.622992],[-77.413442,63.632717],[-77.396962,63.693427],[-77.196034,63.685045],[-76.70934,63.567776],[-76.647613,63.529202],[-76.688873,63.485826]]],[[[-72.474436,63.705512],[-72.599721,63.646674],[-72.782867,63.664537],[-72.474436,63.705512]]],[[[-92.977651,63.904202],[-92.971669,63.874661],[-93.093658,63.910956],[-92.977651,63.904202]]],[[[-64.888336,63.794908],[-64.812611,63.883694],[-64.562571,63.908596],[-64.595815,63.857978],[-64.527211,63.85106],[-64.613393,63.787502],[-64.388051,63.732856],[-64.429067,63.677639],[-64.888336,63.794908]]],[[[-77.973378,63.965562],[-77.545481,64.027655],[-77.710317,63.942328],[-77.973378,63.965562]]],[[[-81.468821,64.191555],[-81.538808,64.206366],[-81.382558,64.213202],[-81.468821,64.191555]]],[[[-73.276357,64.219428],[-73.197987,64.21369],[-73.391184,64.196234],[-73.276357,64.219428]]],[[[-73.529612,64.504055],[-73.515289,64.370307],[-73.646474,64.318793],[-73.65331,64.444281],[-73.590972,64.44595],[-73.657135,64.502753],[-73.534006,64.566148],[-73.529612,64.504055]]],[[[-65.546254,64.548407],[-65.450673,64.534735],[-65.659576,64.508857],[-65.411936,64.739814],[-65.409088,64.658271],[-65.251454,64.712877],[-65.286122,64.619818],[-65.546254,64.548407]]],[[[-62.257232,65.748236],[-62.298207,65.713446],[-62.14387,65.68769],[-62.219309,65.613593],[-62.485707,65.7237],[-62.257232,65.748236]]],[[[-83.503407,65.809719],[-83.572418,65.840399],[-83.306549,65.856431],[-83.503407,65.809719]]],[[[-80.183339,63.767564],[-80.46642,63.727281],[-80.985585,63.455715],[-81.124908,63.463813],[-81.763661,63.641059],[-82.48176,63.685207],[-82.531117,63.784247],[-82.361195,63.851996],[-82.37092,63.913031],[-83.084543,63.958197],[-83.130442,63.979234],[-82.979604,64.117092],[-83.084299,64.189846],[-83.653472,64.032904],[-83.628,63.77912],[-84.063873,63.620673],[-84.260854,63.630032],[-84.59024,63.315131],[-85.273915,63.123358],[-85.509755,63.129218],[-85.635162,63.243109],[-85.601674,63.644192],[-85.711578,63.753363],[-86.213979,63.650865],[-86.632314,63.664537],[-86.868153,63.561754],[-87.214508,63.622992],[-86.895904,63.930243],[-86.19286,64.10342],[-86.364817,64.308824],[-86.419423,64.596869],[-86.184071,64.819485],[-86.220693,65.023627],[-86.138254,65.113511],[-86.104726,65.514228],[-85.938935,65.763198],[-85.486511,65.924136],[-85.488271,65.796617],[-85.325063,65.837592],[-85.166127,65.77147],[-85.079945,65.593085],[-85.301422,65.55683],[-85.019439,65.425442],[-84.918324,65.213813],[-84.788238,65.241156],[-84.593373,65.484117],[-84.450266,65.462307],[-84.160024,65.346991],[-84.225738,65.287543],[-84.098459,65.20954],[-83.397694,65.136623],[-83.222279,64.969916],[-82.746205,64.788642],[-82.336741,64.761542],[-81.797597,64.524075],[-81.780385,64.325873],[-81.60204,64.157538],[-81.994211,64.019477],[-81.501332,64.03262],[-81.398834,64.101508],[-80.973704,63.993598],[-80.903717,64.01081],[-80.930653,64.10342],[-80.82372,64.102688],[-80.496897,63.91767],[-80.704701,63.918402],[-80.64387,63.881659],[-80.183339,63.767564]]],[[[-85.001129,66.007636],[-84.857167,65.966702],[-84.592275,65.662177],[-84.690663,65.560045],[-85.096791,65.750393],[-85.186147,65.946845],[-85.15567,66.011217],[-85.001129,66.007636]]],[[[-84.473541,66.090237],[-84.457834,66.146145],[-84.021352,66.087714],[-83.712514,65.942776],[-83.682485,65.881537],[-83.801991,65.822699],[-83.531077,65.713446],[-83.239329,65.721584],[-83.367055,65.618598],[-83.814443,65.653022],[-83.685292,65.748236],[-84.125966,65.761623],[-84.194569,65.971869],[-84.473541,66.090237]]],[[[-83.273793,66.309312],[-82.927846,66.280992],[-83.03954,66.19477],[-83.273793,66.309312]]],[[[-62.40746,67.186957],[-62.770863,67.015041],[-62.901519,67.063422],[-62.40746,67.186957]]],[[[-63.517893,67.324164],[-63.386138,67.311713],[-63.83316,67.289984],[-63.517893,67.324164]]],[[[-63.757476,67.522773],[-64.037994,67.529608],[-63.972727,67.652411],[-63.757476,67.522773]]],[[[-73.358266,67.83808],[-73.389027,67.784329],[-74.402333,67.778876],[-74.597971,67.830227],[-74.775217,68.029364],[-74.477162,68.06981],[-74.338368,68.180732],[-74.250844,68.14647],[-74.272125,68.088446],[-73.446156,67.992987],[-73.358266,67.83808]]],[[[-66.296376,68.269477],[-66.183095,68.262641],[-66.31664,68.159491],[-66.637563,68.188707],[-66.296376,68.269477]]],[[[-86.577138,68.290595],[-86.429677,68.219062],[-86.373769,67.959174],[-86.464508,67.791897],[-86.638783,67.729153],[-86.886098,67.822943],[-86.943918,67.90705],[-86.84789,68.022162],[-86.985707,68.06745],[-86.716908,68.302314],[-86.577138,68.290595]]],[[[-75.033518,68.173285],[-75.003529,68.123277],[-75.143056,67.978339],[-75.0537,67.584215],[-75.387929,67.361477],[-75.889272,67.258002],[-76.981557,67.243313],[-77.226552,67.443427],[-77.318227,67.687934],[-77.244944,67.836005],[-76.730784,68.243109],[-75.911204,68.34455],[-75.033518,68.173285]]],[[[-78.909047,68.324042],[-78.831207,68.300767],[-78.871246,68.230373],[-79.04426,68.166205],[-79.186838,68.246324],[-79.18224,68.316636],[-78.909047,68.324042]]],[[[-82.08141,68.307318],[-82.348948,68.365058],[-82.021962,68.354193],[-82.08141,68.307318]]],[[[-74.368764,68.389228],[-74.39977,68.440823],[-74.320221,68.468817],[-74.09439,68.314154],[-74.257314,68.268948],[-74.214915,68.317857],[-74.368764,68.389228]]],[[[-78.614247,68.506293],[-78.97057,68.474921],[-78.668853,68.584784],[-78.901682,68.653022],[-78.842519,68.667304],[-78.489858,68.627387],[-78.530995,68.544379],[-78.709462,68.525621],[-78.614247,68.506293]]],[[[-74.844838,68.578559],[-74.893219,68.625718],[-74.683013,68.663275],[-74.517079,68.564276],[-74.844838,68.578559]]],[[[-74.838002,68.420233],[-74.78425,68.417914],[-74.8485,68.386542],[-74.811269,68.324042],[-74.976308,68.33515],[-75.378977,68.498847],[-75.40038,68.60871],[-75.238922,68.724799],[-75.019887,68.680976],[-74.773752,68.4855],[-74.838002,68.420233]]],[[[-68.006093,68.770331],[-67.696278,68.719468],[-68.442006,68.784573],[-68.006093,68.770331]]],[[[-90.182037,69.119208],[-90.129994,69.065009],[-90.26887,69.098578],[-90.182037,69.119208]]],[[[-90.497385,69.242662],[-90.685414,69.229071],[-90.660308,69.332343],[-90.777252,69.276801],[-90.777008,69.328681],[-90.579823,69.361965],[-90.497385,69.242662]]],[[[-79.079823,68.878974],[-79.268178,68.832261],[-79.413442,68.918647],[-79.176015,69.091864],[-78.658274,69.25788],[-78.710927,69.303412],[-78.607411,69.372992],[-78.24059,69.328315],[-78.739898,68.96426],[-79.079823,68.878974]]],[[[-90.250356,69.297919],[-90.355092,69.246487],[-90.510365,69.331448],[-90.201894,69.448147],[-90.175364,69.341702],[-90.250356,69.297919]]],[[[-76.692291,69.410875],[-76.673451,69.330715],[-76.930287,69.222846],[-76.860219,69.153957],[-76.921702,69.126654],[-77.264963,69.146715],[-77.380849,69.284003],[-77.250111,69.435126],[-76.692291,69.410875]]],[[[-67.444325,69.592108],[-67.322621,69.562812],[-67.729563,69.515367],[-67.444325,69.592108]]],[[[-67.909901,69.533759],[-68.307729,69.592108],[-67.827952,69.661078],[-67.94811,69.679836],[-67.891469,69.712104],[-67.731068,69.658759],[-67.909901,69.533759]]],[[[-78.394521,69.646715],[-78.155426,69.753852],[-77.958404,69.633246],[-78.517242,69.484768],[-78.877309,69.472602],[-78.566477,69.646715],[-78.394521,69.646715]]],[[[-79.971059,69.633124],[-80.077504,69.636868],[-79.970123,69.55386],[-79.998647,69.500149],[-80.814036,69.694525],[-80.649526,69.749823],[-80.425364,69.66828],[-80.387766,69.710273],[-80.504018,69.775824],[-80.446889,69.80036],[-79.97411,69.730618],[-79.454701,69.800971],[-79.366078,69.736558],[-79.532867,69.633124],[-79.971059,69.633124]]],[[[-83.83609,69.749823],[-83.90217,69.77383],[-83.85558,69.831732],[-83.569325,69.804267],[-83.700673,69.768541],[-83.65803,69.728664],[-83.83609,69.749823]]],[[[-91.853586,69.859687],[-91.641265,69.859687],[-91.822581,69.826321],[-91.853586,69.859687]]],[[[-91.463124,69.777086],[-91.737457,69.790758],[-91.408518,69.879543],[-91.504058,69.818671],[-91.463124,69.777086]]],[[[-87.084218,69.989407],[-87.36262,70.09276],[-86.650746,70.120917],[-86.501943,70.037177],[-86.503529,69.985907],[-87.084218,69.989407]]],[[[-71.507965,71.017279],[-71.366322,71.016059],[-71.43871,70.909898],[-72.002065,70.811916],[-72.228017,70.921698],[-72.067494,70.931627],[-72.011586,71.052151],[-71.859731,71.078559],[-71.507965,71.017279]]],[[[-72.953603,71.517524],[-72.835561,71.459662],[-73.011545,71.419501],[-72.991526,71.308987],[-73.053578,71.296373],[-73.266835,71.364407],[-73.371938,71.49018],[-73.100901,71.55329],[-73.139312,71.420844],[-72.953603,71.517524]]],[[[-72.737904,71.661526],[-72.658762,71.600043],[-72.726796,71.547431],[-73.043568,71.586412],[-72.737904,71.661526]]],[[[-95.327545,71.847113],[-95.273915,71.843492],[-95.340199,71.73725],[-95.492055,71.743476],[-95.327545,71.847113]]],[[[-95.766347,72.874986],[-95.749501,72.803168],[-95.855784,72.860663],[-95.766347,72.874986]]],[[[-96.917714,72.737779],[-97.013987,72.778754],[-96.726959,72.89765],[-96.670237,72.814195],[-96.753285,72.724107],[-96.917714,72.737779]]],[[[-97.072011,73.138129],[-96.809193,73.192084],[-96.578969,73.083441],[-96.710113,72.941718],[-96.934153,72.924465],[-97.100331,72.992011],[-97.135569,73.095201],[-97.072011,73.138129]]],[[[-108.087636,73.590644],[-107.579945,73.600531],[-107.993967,73.546576],[-108.087636,73.590644]]],[[[-104.680898,73.629828],[-104.500844,73.567206],[-104.59317,73.313178],[-105.015777,73.013861],[-105.329457,72.959906],[-105.22057,72.8758],[-105.268056,72.857123],[-106.446034,73.395819],[-107.039296,73.484442],[-106.599599,73.710639],[-105.381418,73.770657],[-104.680898,73.629828]]],[[[-80.903391,73.607367],[-80.802602,73.670722],[-80.861806,73.745185],[-80.56017,73.772528],[-79.450307,73.635321],[-78.138539,73.66885],[-77.21349,73.51081],[-76.904286,73.325019],[-76.706451,73.317043],[-76.634267,73.169827],[-76.271637,73.102118],[-76.332631,72.970526],[-76.058258,72.901679],[-76.318959,72.816718],[-78.170888,72.898627],[-79.56843,72.759833],[-80.00182,72.871243],[-80.156077,73.025784],[-80.142405,73.223822],[-80.869252,73.326239],[-80.849762,73.475328],[-80.716705,73.478909],[-80.903391,73.607367]]],[[[-96.32127,72.466864],[-96.664409,72.318264],[-96.876812,72.326321],[-96.581931,72.285305],[-96.489808,72.145575],[-96.869284,72.045111],[-96.515768,72.042182],[-96.514995,71.971015],[-96.766948,71.922268],[-96.501323,71.931464],[-96.559673,71.83983],[-97.685283,71.618394],[-98.219829,71.658637],[-98.336081,71.71308],[-98.221253,71.872789],[-98.295025,71.901679],[-98.496481,71.719672],[-98.060405,71.536444],[-98.215191,71.40941],[-98.717876,71.271674],[-98.94627,71.373928],[-99.21336,71.346829],[-99.412253,71.545478],[-99.371319,71.575873],[-100.636537,72.186469],[-100.980571,72.179023],[-101.200786,72.329657],[-101.44863,72.242133],[-101.770407,72.306708],[-101.879497,72.357611],[-101.792298,72.393541],[-102.000713,72.502672],[-102.392803,72.579535],[-102.755962,72.778754],[-102.484763,73.041246],[-101.947816,73.093451],[-101.296245,72.718573],[-100.457622,72.739732],[-100.329245,72.786933],[-100.447002,72.922105],[-100.392396,72.9501],[-100.48521,72.953803],[-100.447002,73.004706],[-100.342022,73.050971],[-100.416566,72.978339],[-100.200542,72.881171],[-100.035462,72.936428],[-100.289206,73.092231],[-100.244365,73.128892],[-100.529522,73.093451],[-100.611472,73.148098],[-100.506817,73.196234],[-100.556255,73.223822],[-100.381328,73.290351],[-99.811138,73.195136],[-100.343893,73.395087],[-100.39793,73.370185],[-100.347881,73.331366],[-100.857891,73.262844],[-101.625632,73.49136],[-100.91856,73.602973],[-100.440044,73.408108],[-100.589214,73.483791],[-100.543194,73.567043],[-101.104107,73.724189],[-100.968161,73.812486],[-100.414938,73.843655],[-100.023296,73.737779],[-99.846091,73.872301],[-100.08604,73.831773],[-100.278667,73.889553],[-99.802715,73.936957],[-99.800274,73.878323],[-99.191224,73.690253],[-97.773906,73.918891],[-97.81183,73.881049],[-97.193706,73.84748],[-96.945049,73.713813],[-97.220033,73.555976],[-97.424785,73.584662],[-97.663555,73.490465],[-97.220195,73.477484],[-97.17271,73.358954],[-97.828268,73.278266],[-98.49404,73.01789],[-98.452739,72.884914],[-98.013897,73.039496],[-97.255962,72.962063],[-97.262676,72.888495],[-97.4186,72.867499],[-97.034893,72.741278],[-97.19391,72.615058],[-96.537578,72.752021],[-96.570537,72.704657],[-96.32127,72.466864]]],[[[-99.247426,73.855048],[-99.411366,73.882717],[-98.769928,74.031073],[-97.657582,74.101386],[-98.143422,73.878404],[-98.951283,73.807115],[-99.143381,73.821601],[-98.826243,73.832099],[-99.247426,73.855048]]],[[[-90.291005,73.923285],[-90.195709,73.902248],[-90.786366,73.55683],[-90.995961,73.551215],[-90.921254,73.498114],[-91.278879,73.262681],[-91.59557,73.243598],[-91.377309,73.213446],[-92.072987,72.755194],[-92.384877,72.709906],[-93.279286,72.812323],[-94.32079,72.765082],[-93.823964,72.734076],[-93.816803,72.64525],[-93.464223,72.463446],[-93.847808,72.292141],[-94.087758,72.063544],[-94.218373,72.052558],[-94.056793,72.062649],[-94.088287,71.979397],[-95.197377,71.992377],[-95.088612,72.100328],[-95.193918,72.099921],[-94.790435,72.159939],[-95.176747,72.154975],[-95.229115,72.418118],[-95.135732,72.463446],[-95.588246,72.724107],[-95.513092,72.737779],[-95.647857,72.790961],[-95.717397,72.997138],[-95.634674,73.12641],[-95.53189,73.12637],[-95.704945,73.559556],[-95.540435,73.580715],[-95.725413,73.641506],[-95.702952,73.694322],[-95.391998,73.774237],[-94.622426,73.655748],[-95.115875,73.814032],[-94.957631,73.83393],[-95.023427,73.858385],[-95.317616,73.891995],[-95.293365,73.992174],[-94.73884,74.097724],[-93.919016,74.140082],[-93.757232,74.077135],[-93.667551,74.172838],[-93.272572,74.177965],[-92.430165,74.062405],[-92.271311,73.992174],[-92.333974,73.950019],[-91.572377,74.033149],[-90.291005,73.923285]]],[[[-97.736806,74.471381],[-97.786488,74.482001],[-97.503041,74.623033],[-97.275624,74.604885],[-97.377065,74.512356],[-97.736806,74.471381]]],[[[-95.362294,74.590806],[-95.266754,74.543606],[-95.841868,74.564887],[-95.656646,74.641099],[-95.362294,74.590806]]],[[[-103.638417,75.19953],[-103.585805,75.177151],[-103.762685,75.090644],[-104.229482,75.018866],[-104.906484,75.124091],[-104.676869,75.346015],[-104.403228,75.432603],[-103.820546,75.366685],[-103.638417,75.19953]]],[[[-93.43692,74.944322],[-93.440419,74.788642],[-93.56664,74.745103],[-93.457387,74.71776],[-93.533111,74.6706],[-94.724192,74.631781],[-95.305409,74.805487],[-95.540151,74.751207],[-95.492055,74.79975],[-95.897572,74.825873],[-96.136871,74.936916],[-96.033274,74.950588],[-96.098012,74.960842],[-96.054351,75.012641],[-96.3485,74.90998],[-96.403798,74.936916],[-96.355458,74.977444],[-96.589833,74.984809],[-96.59968,75.050279],[-96.354115,75.224677],[-95.986073,75.252183],[-96.071441,75.252183],[-95.944936,75.283677],[-96.171051,75.287014],[-95.802968,75.370103],[-96.129954,75.378607],[-96.033274,75.42414],[-95.704945,75.403022],[-95.824696,75.446763],[-95.791493,75.501044],[-94.922597,75.641303],[-94.39391,75.604234],[-93.690175,75.364976],[-93.649241,75.327867],[-93.800038,75.314276],[-93.499379,75.268012],[-93.580312,75.205024],[-93.484731,75.153225],[-93.512034,75.09516],[-93.607777,75.055325],[-93.43692,74.944322]]],[[[-96.575103,75.43773],[-96.843821,75.358588],[-97.054921,75.499213],[-96.436187,75.587795],[-96.375111,75.65998],[-95.936147,75.58039],[-96.164215,75.465074],[-96.424306,75.581204],[-96.575103,75.43773]]],[[[-120.997955,75.930609],[-120.868276,75.916938],[-120.991119,75.763007],[-121.256825,75.745836],[-121.053456,75.814521],[-120.997955,75.930609]]],[[[-102.87328,75.766099],[-103.386586,75.766099],[-103.051381,75.834418],[-103.112416,75.844224],[-103.078236,75.898179],[-102.000152,75.955756],[-102.388661,75.890367],[-102.604807,75.77261],[-102.87328,75.766099]]],[[[-94.48526,75.97842],[-94.294586,75.775702],[-94.743804,75.761542],[-94.900136,75.918036],[-94.48526,75.97842]]],[[[-102.571645,75.992662],[-103.931508,75.927191],[-102.443837,76.089911],[-102.326812,76.022773],[-102.571645,75.992662]]],[[[-117.784739,75.89647],[-117.932485,75.739814],[-118.613922,75.50373],[-119.409047,75.60163],[-118.621205,75.922065],[-117.798695,76.11164],[-117.462514,76.088284],[-117.784739,75.89647]]],[[[-78.895416,76.122992],[-78.812571,76.100043],[-79.148061,75.924954],[-78.874989,75.855536],[-79.279164,75.876532],[-79.425201,75.796291],[-79.752024,75.882799],[-78.895416,76.122992]]],[[[-81.327952,76.149726],[-81.436147,76.154731],[-81.204416,76.184475],[-81.327952,76.149726]]],[[[-103.811431,76.033637],[-104.452301,76.126166],[-104.202545,76.225409],[-102.726633,76.315619],[-102.541575,76.23135],[-102.585276,76.184475],[-102.530629,76.157172],[-103.811431,76.033637]]],[[[-89.380116,76.445136],[-89.596425,76.443671],[-89.524973,76.480414],[-89.380116,76.445136]]],[[[-83.992258,76.42536],[-84.131012,76.503892],[-83.911244,76.471869],[-83.992258,76.42536]]],[[[-104.39802,76.468736],[-104.67394,76.594794],[-104.024648,76.670478],[-103.935618,76.622016],[-104.058176,76.568061],[-103.767323,76.616278],[-103.020741,76.4501],[-103.336252,76.331732],[-103.88036,76.316962],[-104.377675,76.324856],[-104.333119,76.369452],[-104.462229,76.396715],[-104.39802,76.468736]]],[[[-97.424875,75.519721],[-97.280873,75.403022],[-97.724233,75.572211],[-97.856272,75.547675],[-97.750722,75.488674],[-97.809641,75.460028],[-98.021067,75.491929],[-97.804433,75.433824],[-98.164703,75.334174],[-97.890981,75.327867],[-98.000844,75.279527],[-97.897776,75.305487],[-97.759999,75.237942],[-97.802235,75.197577],[-97.614491,75.15412],[-97.812856,75.113105],[-98.103261,75.225531],[-98.151031,75.183295],[-97.944325,75.052558],[-98.035024,75.026272],[-98.750234,74.98843],[-98.860422,75.065253],[-99.374257,74.989203],[-99.295766,75.097317],[-99.645416,74.97602],[-100.392405,75.039944],[-100.515045,75.187079],[-100.017486,75.229315],[-100.748525,75.344713],[-100.426503,75.382514],[-100.721344,75.430365],[-100.041168,75.457221],[-100.310414,75.478746],[-99.703684,75.595201],[-99.864125,75.615912],[-99.80956,75.63581],[-98.894195,75.699652],[-102.633412,75.498114],[-102.846832,75.59984],[-102.633046,75.615912],[-102.684682,75.630032],[-102.619862,75.691067],[-102.009267,75.704657],[-102.205434,75.737128],[-102.091176,75.787258],[-102.374135,75.810492],[-102.281402,75.865424],[-101.832997,75.905829],[-101.275787,75.745673],[-100.913157,75.814521],[-101.358754,75.779731],[-101.348704,75.8369],[-101.553212,75.897366],[-101.314361,76.011664],[-101.70995,75.989691],[-101.896311,76.064683],[-101.756663,76.178534],[-101.385487,76.253363],[-102.167551,76.239081],[-102.057688,76.280015],[-102.194814,76.294338],[-101.846547,76.454779],[-101.321645,76.414537],[-101.086171,76.341986],[-101.127675,76.260321],[-100.634145,76.136664],[-100.715077,76.10635],[-100.420277,76.122992],[-100.625111,76.088284],[-100.353912,76.065579],[-99.919423,75.882799],[-99.440256,75.972235],[-99.876617,75.951606],[-100.199615,76.126776],[-99.460805,76.150133],[-100.478749,76.233832],[-99.843658,76.286851],[-100.963043,76.480292],[-100.33259,76.644721],[-99.64094,76.637437],[-99.138539,76.499742],[-99.221791,76.483222],[-99.070302,76.404202],[-99.129709,76.441718],[-98.850575,76.43769],[-99.05602,76.581732],[-98.548207,76.615465],[-98.487457,76.650621],[-98.828847,76.658433],[-98.455312,76.682074],[-98.177642,76.590644],[-98.404897,76.596015],[-98.321645,76.564276],[-97.66511,76.486151],[-97.788564,76.322252],[-97.506744,76.19066],[-97.645131,75.941474],[-97.575063,75.882799],[-97.898101,75.759955],[-97.377512,75.679836],[-97.424875,75.519721]]],[[[-101.159739,76.581732],[-101.687123,76.588568],[-100.972483,76.735541],[-100.247711,76.739407],[-101.159739,76.581732]]],[[[-89.674957,76.732611],[-89.859283,76.616441],[-89.712514,76.520941],[-90.064768,76.486151],[-90.571848,76.773505],[-89.982167,76.842353],[-89.674957,76.732611]]],[[[-105.395131,75.674262],[-105.750803,75.492377],[-105.619862,75.481269],[-105.70873,75.410386],[-105.655344,75.37759],[-105.939443,75.214667],[-105.839508,75.183295],[-106.059804,75.116889],[-106.003326,75.073676],[-107.231028,74.920111],[-107.686269,74.982245],[-107.74352,75.100002],[-107.773915,75.03441],[-107.991444,75.012641],[-107.962148,74.943264],[-108.416615,74.91706],[-108.807037,74.985297],[-108.512196,74.978461],[-108.824208,75.071519],[-109.532338,74.867011],[-110.307851,74.8522],[-110.666127,74.791327],[-110.634023,74.744818],[-111.000966,74.61636],[-112.437408,74.41352],[-113.693023,74.444485],[-114.440663,74.668769],[-113.971913,74.807603],[-113.257965,74.847886],[-113.19286,74.862372],[-113.329986,74.88288],[-112.958892,74.966702],[-111.585805,75.006415],[-110.936757,75.222846],[-111.24352,75.266506],[-111.624338,75.163398],[-111.561635,75.149807],[-112.346059,75.121527],[-112.473459,75.149807],[-112.336903,75.225531],[-112.589508,75.183295],[-112.654856,75.275702],[-112.730092,75.141547],[-112.857086,75.109849],[-113.138173,75.149807],[-113.886627,75.058173],[-113.957631,75.074449],[-113.93932,75.13817],[-113.645334,75.190741],[-113.939524,75.183295],[-113.784291,75.339667],[-113.32315,75.416693],[-113.873931,75.373765],[-114.035512,75.465766],[-114.19579,75.225165],[-114.615142,75.283271],[-114.323476,75.193915],[-114.440826,75.067939],[-115.057688,74.966742],[-115.20637,75.016995],[-115.173411,75.099514],[-115.262807,75.183295],[-115.405751,75.102932],[-115.653432,75.151435],[-115.557525,75.06151],[-115.715443,74.970364],[-116.25593,75.06037],[-116.043691,75.12873],[-116.33849,75.115627],[-116.246002,75.180243],[-116.767242,75.122219],[-117.510081,75.201117],[-117.674875,75.293158],[-117.202219,75.48078],[-116.0419,75.484809],[-115.023915,75.69359],[-116.10143,75.585761],[-117.249013,75.609076],[-116.885365,75.789008],[-114.805979,75.892279],[-116.202545,75.868069],[-116.708119,75.899563],[-116.728505,75.954169],[-116.484975,75.972113],[-116.707102,76.05036],[-116.541086,76.150824],[-116.162709,76.203843],[-114.711049,76.154202],[-115.926991,76.286851],[-115.512318,76.456204],[-114.904897,76.51675],[-114.132639,76.445705],[-114.141021,76.354804],[-113.994618,76.199286],[-112.994211,76.273261],[-112.46467,76.18065],[-112.502797,76.14468],[-112.364613,76.033637],[-111.726796,75.916938],[-112.207753,75.822414],[-111.459055,75.841864],[-111.573883,75.819078],[-111.369862,75.732611],[-111.410797,75.615912],[-111.274281,75.527167],[-110.51358,75.57331],[-108.937489,75.477444],[-109.010976,75.547675],[-108.855458,75.560696],[-108.908274,75.666083],[-108.849924,75.683417],[-110.054596,75.89647],[-109.297353,76.03913],[-109.360585,76.067043],[-109.307973,76.102525],[-110.383616,76.300523],[-110.383616,76.430854],[-109.808258,76.491645],[-109.70519,76.527086],[-109.849192,76.533352],[-109.440663,76.739895],[-108.775624,76.864163],[-108.667388,76.824856],[-108.690012,76.771145],[-108.450795,76.732611],[-108.731923,76.643215],[-108.561594,76.570054],[-108.591054,76.482408],[-108.509592,76.469387],[-108.587229,76.443183],[-108.080881,76.286851],[-108.499176,76.040473],[-107.889027,76.067776],[-107.650258,76.005764],[-108.046702,75.807074],[-107.978627,75.780707],[-107.72057,75.88581],[-107.075999,75.8994],[-107.101715,75.847886],[-106.956776,75.794094],[-107.023508,75.784654],[-106.896637,75.650784],[-106.861195,75.759955],[-106.614817,75.80093],[-106.862294,75.825629],[-106.841298,75.982123],[-106.339833,76.061591],[-105.606801,75.937445],[-105.466542,75.857733],[-105.395131,75.674262]]],[[[-114.837026,76.759833],[-114.631581,76.86164],[-113.846059,76.898871],[-113.453481,76.773505],[-113.636098,76.710842],[-114.837026,76.759833]]],[[[-79.56017,74.991523],[-79.334299,74.903388],[-79.947581,74.817532],[-80.31314,74.941555],[-80.399403,74.914252],[-80.100819,74.827623],[-80.215484,74.775051],[-80.153147,74.732856],[-80.231801,74.601752],[-81.320221,74.561835],[-81.788686,74.458401],[-82.450917,74.571357],[-82.574127,74.515326],[-82.919993,74.5515],[-83.130442,74.707831],[-83.037506,74.776109],[-83.078481,74.815823],[-83.491689,74.909491],[-83.554596,74.899644],[-83.523915,74.844428],[-83.331166,74.747219],[-83.514638,74.571112],[-84.25829,74.506496],[-84.914866,74.512356],[-84.974762,74.696967],[-85.076243,74.642646],[-85.035268,74.539008],[-85.184926,74.493109],[-85.332834,74.495998],[-85.533681,74.69009],[-85.484934,74.5539],[-85.603871,74.498033],[-86.124623,74.484361],[-86.08259,74.537421],[-86.200592,74.62108],[-86.289906,74.508043],[-86.440826,74.489814],[-86.803049,74.622219],[-86.801015,74.549384],[-86.650136,74.485297],[-87.259267,74.468166],[-87.368642,74.544867],[-87.643625,74.458319],[-88.517812,74.501207],[-88.544179,74.616034],[-88.296986,74.773017],[-88.48884,74.793524],[-88.447825,74.834418],[-88.52831,74.898912],[-88.869293,74.663153],[-88.90982,74.766018],[-89.077382,74.836575],[-89.060292,74.722235],[-89.244211,74.756659],[-89.117787,74.642971],[-89.421742,74.555732],[-89.918528,74.527289],[-90.563791,74.608588],[-90.701324,74.646145],[-90.723297,74.738267],[-91.024973,74.704088],[-90.756825,74.834418],[-90.771311,74.887926],[-91.221099,74.744696],[-91.119049,74.648749],[-91.285634,74.635891],[-91.295277,74.705227],[-91.513499,74.644721],[-92.062734,74.803412],[-92.011627,74.897203],[-92.227122,75.068549],[-92.053863,75.087836],[-92.472076,75.215318],[-92.352406,75.365424],[-92.432525,75.371772],[-92.380767,75.456122],[-92.004384,75.60163],[-92.153066,75.729397],[-92.116444,75.862372],[-92.61974,76.014594],[-92.666127,76.135077],[-93.128326,76.370185],[-93.753285,76.291083],[-93.664418,76.270209],[-94.749094,76.314846],[-95.060658,76.225409],[-95.390248,76.239081],[-95.374501,76.298326],[-94.825836,76.309149],[-95.823313,76.399115],[-96.108998,76.499742],[-95.603912,76.594794],[-96.027008,76.554999],[-96.499623,76.695746],[-96.92516,76.716132],[-96.904124,76.801459],[-96.816029,76.806342],[-96.350494,76.74608],[-96.564931,76.773017],[-96.343007,76.798651],[-96.850087,76.890815],[-96.657704,76.952297],[-96.828359,76.972805],[-95.770741,77.076728],[-94.113596,76.887763],[-93.700917,76.920966],[-93.185129,76.739976],[-93.33727,76.537502],[-93.631825,76.456692],[-93.560699,76.395168],[-92.950307,76.630072],[-92.333974,76.6022],[-91.44107,76.693671],[-90.921132,76.643297],[-90.571685,76.564032],[-90.492747,76.468329],[-91.565541,76.506578],[-89.217844,76.266059],[-89.380116,76.184475],[-90.45641,76.17768],[-90.09789,76.150092],[-90.142974,76.127834],[-91.613352,76.267035],[-91.273671,76.211737],[-91.408518,76.157172],[-90.690745,76.123358],[-90.866689,76.075263],[-90.188222,76.067776],[-91.104644,76.034613],[-91.161488,76.020657],[-90.978342,75.972235],[-91.120513,75.869818],[-90.809234,75.99079],[-90.113759,75.937445],[-90.007069,76.017971],[-89.687978,75.903266],[-89.777333,75.794094],[-89.514801,75.85932],[-89.197662,75.796291],[-89.167714,75.750556],[-89.306142,75.636298],[-89.763051,75.581204],[-89.208485,75.586005],[-88.940012,75.431871],[-88.763783,75.43773],[-88.900299,75.609076],[-88.68456,75.682807],[-88.222646,75.544989],[-88.287424,75.500678],[-88.228139,75.47134],[-87.750844,75.580878],[-87.466908,75.456],[-87.446523,75.572414],[-87.265736,75.623033],[-86.39509,75.431342],[-86.618031,75.368883],[-85.521881,75.403022],[-86.110951,75.484931],[-85.591949,75.597113],[-84.500885,75.63581],[-84.664703,75.691067],[-83.933258,75.803127],[-83.984364,75.821194],[-83.119537,75.740058],[-82.331044,75.843573],[-81.113149,75.77912],[-81.286285,75.663723],[-80.503407,75.661566],[-79.978668,75.549872],[-80.341786,75.482856],[-79.594594,75.459215],[-79.659739,75.450019],[-79.501047,75.391913],[-79.60025,75.318752],[-79.443512,75.287014],[-79.605865,75.197821],[-80.44343,75.039944],[-80.197011,74.957994],[-79.504994,74.998969],[-79.56017,74.991523]]],[[[-119.317494,76.199897],[-119.480824,76.35517],[-119.671457,76.338853],[-119.710683,76.267035],[-119.597157,76.20246],[-119.675282,76.165961],[-119.552398,76.122992],[-119.805653,76.115627],[-119.523346,76.052558],[-119.511138,75.967231],[-120.387441,75.806708],[-120.489003,75.847073],[-120.388499,75.972235],[-120.717437,76.026801],[-120.649159,76.102525],[-120.847157,76.198147],[-121.01122,76.138861],[-120.991119,75.944281],[-121.117787,76.000149],[-121.283844,75.920885],[-122.098704,76.040961],[-122.132232,75.9831],[-122.618886,75.941962],[-122.731557,75.97842],[-122.482981,76.102362],[-122.704905,76.115627],[-122.492584,76.1435],[-122.670155,76.17768],[-123.040679,76.088284],[-122.403228,76.404202],[-121.553578,76.436998],[-121.162709,76.691596],[-120.367991,76.814521],[-120.36974,76.892768],[-119.162709,77.324897],[-117.852366,77.390448],[-117.93456,77.371405],[-117.039215,77.292792],[-117.158193,77.336656],[-116.682525,77.370592],[-117.154042,77.458726],[-116.406728,77.562405],[-115.392568,77.307929],[-116.37149,77.145494],[-116.25768,77.055894],[-115.732045,76.948554],[-115.907094,76.89704],[-116.325795,76.945543],[-115.905588,76.712795],[-116.324818,76.581732],[-117.074778,76.526068],[-116.934316,76.35578],[-117.136342,76.290229],[-117.571401,76.271633],[-118.05842,76.410386],[-117.907582,76.533352],[-117.92809,76.677924],[-117.764231,76.757066],[-117.865793,76.82331],[-118.496653,76.718899],[-118.325999,76.589789],[-118.534901,76.503811],[-118.946278,76.522854],[-118.568959,76.345201],[-118.928578,76.253363],[-118.914459,76.188951],[-119.083852,76.089586],[-119.285512,76.129218],[-119.317494,76.199897]]],[[[-85.162221,77.458726],[-85.244374,77.532457],[-85.542388,77.540717],[-85.018381,77.583482],[-84.816233,77.499701],[-85.162221,77.458726]]],[[[-89.661285,77.35635],[-89.790883,77.270697],[-90.362538,77.19892],[-91.179514,77.394192],[-91.209299,77.575385],[-90.881703,77.657701],[-90.304107,77.629381],[-89.775746,77.486396],[-89.661285,77.35635]]],[[[-104.394521,77.192532],[-104.754018,77.111233],[-105.26415,77.178168],[-106.093658,77.729641],[-105.503041,77.721096],[-104.996083,77.537095],[-104.952016,77.487006],[-105.006215,77.460842],[-104.437164,77.314887],[-104.394521,77.192532]]],[[[-93.252024,77.644355],[-93.409006,77.609565],[-93.545522,77.44481],[-95.98762,77.479071],[-96.30248,77.593329],[-96.260406,77.691474],[-95.5065,77.810736],[-95.355458,77.739936],[-93.608022,77.78148],[-93.101145,77.664211],[-93.252024,77.644355]]],[[[-77.572743,77.856635],[-77.671783,77.796617],[-77.920318,77.808295],[-77.572743,77.856635]]],[[[-102.44872,77.739936],[-102.530629,77.836127],[-102.448476,77.881293],[-101.725209,77.90648],[-100.95816,77.760321],[-101.790598,77.679389],[-102.44872,77.739936]]],[[[-113.686269,77.866604],[-113.600942,77.832424],[-114.300689,77.713284],[-114.621327,77.756822],[-114.516103,77.760443],[-115.118235,77.959662],[-114.32726,78.080797],[-114.350982,78.034735],[-113.686269,77.866604]]],[[[-109.603668,78.07392],[-109.786855,77.949774],[-110.903717,77.853217],[-110.71996,77.766181],[-110.129506,77.78148],[-110.086822,77.571479],[-110.235422,77.504218],[-111.990834,77.329291],[-113.165883,77.515082],[-113.241282,77.582261],[-113.123525,77.614407],[-113.32315,77.808173],[-113.141103,77.922512],[-111.824127,78.052639],[-109.603668,78.07392]]],[[[-102.900543,78.274359],[-102.783844,78.237047],[-103.047231,78.127021],[-103.284169,78.161363],[-102.900543,78.274359]]],[[[-88.057444,78.45246],[-88.246205,78.260932],[-88.405588,78.258979],[-88.201405,78.356879],[-88.221913,78.432603],[-88.057444,78.45246]]],[[[-109.259511,78.459296],[-109.404164,78.32274],[-109.823232,78.295396],[-110.840321,78.315172],[-111.154612,78.39053],[-111.420562,78.276516],[-111.778472,78.270209],[-112.175526,78.377387],[-113.061513,78.274359],[-113.295277,78.315334],[-113.101796,78.42768],[-111.816029,78.548896],[-110.740956,78.757961],[-109.887278,78.67593],[-109.259511,78.459296]]],[[[-74.558095,78.78144],[-74.167063,78.726793],[-74.692291,78.721666],[-74.558095,78.78144]]],[[[-96.910308,77.795152],[-97.092885,77.805813],[-96.993479,77.924872],[-97.774281,78.041571],[-96.937611,78.081041],[-96.856313,78.10928],[-96.897043,78.146796],[-97.88976,78.21894],[-97.766835,78.247016],[-98.407297,78.488186],[-98.024973,78.552558],[-98.31607,78.646226],[-98.361887,78.766181],[-97.451039,78.797105],[-96.164215,78.623765],[-96.249176,78.551825],[-95.906972,78.48725],[-95.46109,78.511135],[-94.82787,78.363715],[-95.369944,78.246772],[-94.889312,78.10928],[-95.113108,77.960679],[-96.496165,77.906073],[-96.910308,77.795152]]],[[[-105.606801,79.103583],[-105.456899,79.329291],[-103.721588,79.363349],[-102.908437,79.239691],[-102.903432,79.180487],[-102.626943,79.102729],[-102.664906,78.985989],[-102.749989,78.968248],[-102.53718,78.877631],[-102.40274,78.934801],[-102.411977,78.999661],[-101.648427,79.081],[-101.014231,78.950507],[-101.162587,78.837795],[-100.906361,78.773749],[-100.398549,78.829901],[-99.892079,78.69892],[-100.034332,78.656968],[-99.936431,78.623765],[-99.557932,78.5987],[-99.833648,78.457587],[-99.748118,78.380805],[-99.789215,78.320217],[-99.570627,78.295315],[-98.96581,78.020087],[-99.072377,77.976996],[-99.024729,77.898505],[-99.158437,77.849799],[-99.938588,77.782904],[-100.610015,77.863959],[-101.059722,78.205512],[-102.160756,78.288316],[-102.542877,78.24258],[-102.817983,78.311916],[-102.667144,78.363715],[-102.74413,78.380561],[-103.946523,78.242825],[-104.465688,78.274644],[-105.043324,78.495347],[-104.640981,78.583441],[-103.497182,78.506537],[-103.428131,78.583441],[-104.01065,78.620185],[-103.347971,78.721747],[-103.498443,78.788275],[-104.188059,78.776679],[-103.856272,78.882554],[-104.247222,78.997056],[-104.955434,78.798163],[-105.005605,78.807115],[-104.678538,79.011135],[-105.563466,79.025946],[-105.606801,79.103583]]],[[[-100.15217,79.997992],[-100.193715,80.032294],[-100.096913,80.083645],[-99.779368,80.150784],[-99.1197,80.133734],[-98.705963,79.966986],[-98.758616,79.939927],[-98.651357,79.792222],[-98.877919,79.678941],[-99.583608,79.898668],[-100.070221,79.87816],[-100.153798,79.906806],[-100.15217,79.997992]]],[[[-95.852366,80.652777],[-96.150543,80.665839],[-95.477691,80.708441],[-94.982289,80.648017],[-95.852366,80.652777]]],[[[-96.623118,80.044338],[-96.77302,80.072699],[-96.761342,80.12934],[-94.422841,79.982245],[-94.807444,80.090481],[-94.087473,80.179877],[-94.617096,80.222602],[-95.401519,80.126654],[-95.655873,80.176947],[-95.232004,80.241278],[-95.969146,80.201361],[-96.684967,80.343695],[-95.437408,80.343695],[-96.058705,80.48192],[-95.921946,80.542426],[-96.027008,80.58393],[-93.785756,80.529283],[-94.655995,80.652045],[-94.073801,80.707424],[-94.128774,80.728217],[-95.499745,80.80801],[-95.19225,80.872382],[-95.485219,80.906073],[-94.902984,81.063707],[-94.447092,80.967515],[-93.909291,81.042629],[-94.344228,81.098131],[-93.155751,81.097846],[-93.124379,81.149604],[-93.217356,81.19066],[-94.395863,81.261705],[-94.188466,81.366645],[-93.522939,81.315741],[-93.552073,81.364325],[-93.25768,81.37344],[-91.829091,81.161933],[-91.915028,81.084174],[-91.088857,80.748603],[-90.709788,80.703315],[-90.613637,80.655829],[-90.750315,80.594184],[-90.677724,80.564521],[-90.006663,80.541938],[-89.774322,80.464097],[-89.811025,80.515041],[-89.324859,80.53677],[-89.057973,80.467841],[-89.22936,80.415188],[-89.120839,80.409613],[-89.130198,80.355618],[-89.260487,80.303656],[-88.538442,80.099107],[-88.146148,80.097317],[-88.399322,80.175238],[-88.274403,80.174058],[-88.310211,80.211982],[-88.708567,80.28974],[-88.596344,80.412746],[-87.700551,80.412584],[-87.564768,80.190416],[-88.024648,80.138495],[-87.994008,80.098334],[-87.239369,80.07038],[-87.035797,79.96662],[-87.488271,79.837226],[-86.962026,79.908759],[-87.131337,79.672797],[-87.410715,79.590399],[-87.401723,79.517076],[-86.309071,79.648098],[-86.080963,79.583686],[-86.042063,79.54857],[-86.138254,79.528754],[-86.037424,79.48192],[-86.136057,79.471747],[-86.01061,79.439154],[-85.861806,79.593004],[-85.69872,79.617987],[-84.936025,79.307074],[-85.295562,79.196357],[-86.503896,79.068671],[-86.746653,78.959052],[-86.943593,79.058905],[-86.950917,78.927436],[-87.036122,78.874498],[-87.621571,78.645738],[-87.984527,78.792873],[-87.989125,78.95954],[-87.745229,79.061347],[-88.1256,79.005601],[-88.208323,78.973212],[-88.218251,78.8487],[-88.144276,78.706773],[-88.322581,78.673245],[-87.898671,78.574164],[-88.228505,78.463568],[-88.767405,78.617987],[-88.551178,78.432807],[-88.811269,78.165432],[-89.049957,78.181708],[-90.006174,78.613756],[-90.099477,78.561713],[-89.976308,78.439439],[-89.472035,78.186184],[-90.332021,78.336371],[-90.705434,78.335435],[-90.372548,78.287502],[-90.319203,78.151923],[-92.024526,78.210679],[-92.969065,78.489569],[-91.653961,78.529853],[-92.81135,78.638088],[-93.281728,78.594713],[-93.8131,78.767768],[-93.064809,78.741848],[-93.874582,78.83397],[-94.271555,78.968207],[-93.627065,79.054104],[-93.330474,79.170966],[-90.387766,79.239569],[-92.627349,79.245429],[-92.695872,79.267401],[-91.127553,79.388658],[-92.495351,79.365424],[-92.54776,79.368598],[-92.279775,79.429999],[-92.923818,79.416002],[-93.117909,79.485907],[-93.025461,79.408433],[-93.388539,79.343166],[-93.263254,79.408149],[-93.298004,79.454413],[-93.929799,79.259182],[-94.210927,79.274888],[-93.874013,79.39175],[-94.480092,79.426663],[-94.432281,79.389716],[-94.529775,79.342475],[-95.211008,79.280951],[-95.32136,79.336982],[-95.196645,79.335639],[-95.352203,79.406684],[-95.75536,79.406236],[-95.696929,79.44009],[-95.766469,79.475002],[-95.61148,79.559027],[-94.727691,79.6105],[-94.309885,79.747789],[-95.853749,79.652411],[-96.589833,79.871283],[-96.1704,79.903713],[-96.677561,80.015367],[-96.390207,80.048896],[-96.623118,80.044338]]],[[[-61.085479,82.331163],[-61.312408,82.197211],[-62.031321,82.13939],[-61.910797,82.124254],[-63.920196,81.798692],[-64.286041,81.831163],[-64.120636,81.769477],[-64.372589,81.724962],[-65.37503,81.762681],[-66.04662,81.694403],[-65.34085,81.694403],[-65.858144,81.627265],[-68.213206,81.563218],[-69.308339,81.721666],[-68.389394,81.566636],[-68.855865,81.55036],[-68.580556,81.516099],[-67.268829,81.571397],[-66.608306,81.516221],[-70.213287,81.179877],[-69.637278,81.179877],[-69.999786,81.116156],[-65.735748,81.493272],[-64.546051,81.55036],[-64.447011,81.49669],[-64.692128,81.390815],[-65.988922,81.228258],[-66.672109,81.039862],[-67.563018,80.94599],[-67.605784,80.871202],[-68.972564,80.617499],[-68.890614,80.604478],[-69.374176,80.397406],[-70.309478,80.358018],[-70.269521,80.453477],[-70.788238,80.570502],[-70.370351,80.412665],[-70.46463,80.348741],[-69.959462,80.261827],[-70.159088,80.192491],[-71.734609,80.117865],[-72.41983,80.213446],[-71.929433,80.12169],[-72.391876,80.090522],[-72.167877,80.056464],[-70.648223,80.14289],[-70.496978,80.07274],[-71.448761,79.916083],[-70.91161,79.892564],[-71.142405,79.789496],[-72.231679,79.662584],[-72.920196,79.709581],[-73.063507,79.801866],[-72.943023,79.808458],[-74.227773,79.895697],[-74.844879,79.850328],[-73.383331,79.775621],[-73.132395,79.580024],[-73.462961,79.499864],[-73.96581,79.563585],[-73.992218,79.458686],[-74.282012,79.439927],[-74.958241,79.515326],[-75.034576,79.505235],[-74.922637,79.435655],[-75.027984,79.373277],[-77.10969,79.544501],[-77.165028,79.540758],[-76.193593,79.470282],[-76.152333,79.395006],[-75.909983,79.365953],[-76.886464,79.352891],[-77.352935,79.464219],[-77.161895,79.330186],[-78.059397,79.356879],[-77.365061,79.281358],[-77.456614,79.259874],[-74.468739,79.227159],[-74.783355,79.193183],[-74.49234,79.036729],[-75.757151,79.084215],[-76.088775,79.204698],[-78.257395,79.171942],[-76.085601,79.103624],[-76.168691,79.077338],[-78.895497,79.069444],[-77.703155,79.008043],[-78.281239,78.806627],[-78.226837,78.772203],[-77.718007,78.969713],[-76.732818,79.036729],[-75.780751,78.982001],[-75.721913,78.967027],[-76.441192,78.871283],[-74.915069,78.854356],[-74.756093,78.819322],[-74.877105,78.794786],[-74.7471,78.715399],[-74.865875,78.687567],[-74.842315,78.632676],[-74.632598,78.589667],[-76.687571,78.519721],[-75.055938,78.340318],[-75.62621,78.199815],[-76.888336,78.223334],[-75.617584,78.130968],[-75.901357,77.967882],[-76.232411,78.021104],[-76.880686,77.905015],[-78.271718,77.987047],[-78.201934,77.977525],[-78.429962,77.911322],[-77.980702,77.816718],[-77.942128,77.760484],[-78.058095,77.689073],[-77.756418,77.627305],[-78.289133,77.37755],[-78.765777,77.310899],[-78.84085,77.315416],[-78.752105,77.359198],[-78.819814,77.383653],[-79.133209,77.291327],[-80.391387,77.295152],[-81.296864,77.43651],[-81.916412,77.690497],[-81.926178,77.629869],[-81.692901,77.539537],[-81.746327,77.449164],[-81.170929,77.332506],[-82.151926,77.315904],[-81.857696,77.170478],[-81.103017,77.287462],[-80.145416,77.211127],[-80.375478,77.100694],[-80.321319,77.081244],[-80.026397,77.189032],[-79.432403,77.238593],[-79.0065,77.104722],[-79.392893,76.952867],[-78.903066,76.93419],[-78.955963,76.857123],[-78.720367,76.827582],[-78.53421,76.953966],[-78.131744,77.025255],[-77.716217,76.821967],[-77.812408,76.705308],[-77.770782,76.664293],[-78.088368,76.614569],[-78.141347,76.527167],[-78.499786,76.459337],[-78.743194,76.57689],[-79.293243,76.302354],[-81.072499,76.129136],[-80.958038,76.190741],[-81.064971,76.207953],[-81.039947,76.25963],[-80.776438,76.386542],[-80.825103,76.436387],[-81.247711,76.550645],[-81.538116,76.473009],[-82.055694,76.516466],[-82.061594,76.616523],[-81.784413,76.674425],[-82.276275,76.634874],[-82.729766,76.82099],[-82.511871,76.662299],[-82.082102,76.568101],[-82.209462,76.542182],[-82.133046,76.455146],[-82.282012,76.400499],[-83.001047,76.436265],[-83.421661,76.754991],[-83.516672,76.722276],[-83.24588,76.566881],[-83.185089,76.430894],[-83.69461,76.431464],[-84.292958,76.663804],[-84.212677,76.622748],[-84.215891,76.450792],[-84.633372,76.439032],[-85.040761,76.563666],[-84.960601,76.428209],[-84.399932,76.339342],[-85.203399,76.284288],[-86.347401,76.388536],[-86.419464,76.459947],[-86.237213,76.50788],[-86.577952,76.641669],[-86.631744,76.63703],[-86.308258,76.535264],[-86.64273,76.477159],[-86.792388,76.357042],[-87.401031,76.455675],[-87.525624,76.614691],[-87.585113,76.55504],[-87.451812,76.373277],[-88.403554,76.393663],[-88.358957,76.489976],[-88.509307,76.61522],[-88.506988,76.823717],[-88.689239,76.733507],[-88.585032,76.63703],[-88.660186,76.60224],[-88.496327,76.547593],[-88.598704,76.410468],[-88.667795,76.402452],[-88.612945,76.486192],[-88.68338,76.593573],[-88.797353,76.55504],[-88.787262,76.474107],[-88.995188,76.412177],[-89.416534,76.492174],[-89.461578,76.575507],[-89.656728,76.565416],[-89.404124,76.73253],[-89.53718,76.856757],[-88.393219,77.102525],[-88.544097,77.102525],[-88.494618,77.114122],[-86.60379,77.178209],[-87.181304,77.200181],[-86.935536,77.260484],[-87.248687,77.307969],[-86.830963,77.356391],[-87.681223,77.35338],[-87.77595,77.421007],[-87.669586,77.468004],[-87.693023,77.52086],[-88.188303,77.640367],[-88.206044,77.761583],[-88.123565,77.809434],[-88.221954,77.856676],[-87.192047,77.904527],[-86.452179,77.836412],[-85.974395,77.713324],[-85.742421,77.491767],[-85.795684,77.425279],[-85.528798,77.466254],[-84.466135,77.301744],[-84.597564,77.380601],[-83.466217,77.348944],[-83.799835,77.429023],[-82.972971,77.683946],[-82.540802,77.924913],[-82.596018,78.021186],[-82.321075,78.082587],[-82.764882,78.027696],[-82.758941,77.916205],[-83.391143,77.623277],[-83.918243,77.493516],[-84.761016,77.52025],[-84.845448,77.543199],[-84.433583,77.725165],[-84.943023,77.602729],[-85.28246,77.659654],[-85.338165,77.730333],[-84.969635,77.818793],[-85.379913,77.8133],[-85.250518,77.885443],[-84.35676,77.888292],[-85.652333,77.919053],[-85.062774,78.06269],[-84.288604,78.082587],[-85.097401,78.103095],[-84.994415,78.158311],[-84.027984,78.178819],[-84.948516,78.201239],[-84.808827,78.326524],[-84.588165,78.343736],[-84.842681,78.365343],[-84.658925,78.572618],[-85.491485,78.106065],[-86.289377,78.08336],[-85.939198,78.237372],[-85.850331,78.369981],[-86.23648,78.205064],[-86.506256,78.215196],[-86.725006,78.12873],[-87.536692,78.144639],[-87.091054,78.206773],[-87.488433,78.21898],[-87.511301,78.43537],[-87.157257,78.549302],[-86.858306,78.548774],[-87.122345,78.582872],[-86.609853,78.809272],[-85.031077,78.921861],[-83.745636,78.838853],[-82.37678,78.571357],[-82.264312,78.587144],[-82.596018,78.706407],[-82.247304,78.719916],[-83.260162,78.836737],[-81.710032,78.849107],[-81.65689,78.890733],[-81.759999,78.918647],[-81.47879,79.049018],[-82.534576,78.885118],[-84.279286,78.955308],[-84.752105,79.038926],[-84.452911,79.148301],[-83.363189,79.055243],[-83.961212,79.127631],[-84.016591,79.154283],[-83.931793,79.192369],[-84.000274,79.223009],[-84.32962,79.192369],[-84.485829,79.408759],[-84.879303,79.487413],[-85.174346,79.650255],[-86.449859,79.754218],[-86.468739,79.823717],[-86.378489,79.823594],[-86.467763,79.88227],[-86.39627,79.962999],[-85.253814,79.926011],[-86.534657,80.03087],[-86.643096,80.153184],[-86.473419,80.31037],[-83.787872,80.250922],[-82.170888,79.868883],[-81.911448,79.702989],[-81.670562,79.693305],[-81.615956,79.624376],[-81.750722,79.626329],[-81.651641,79.594224],[-81.378,79.64293],[-80.587473,79.569159],[-80.64273,79.590806],[-79.752024,79.706977],[-80.881012,79.653917],[-81.503245,79.71483],[-81.628977,79.768378],[-81.565582,79.806627],[-81.658966,79.889268],[-81.442291,79.926744],[-82.168731,80.018297],[-83.205556,80.317084],[-80.051178,80.527574],[-78.052317,80.569078],[-79.964345,80.611274],[-78.53189,80.780748],[-76.515289,80.856065],[-78.936431,80.87877],[-78.899078,80.970811],[-78.380035,81.178575],[-76.759104,81.433092],[-78.191721,81.305162],[-78.682891,81.191759],[-78.690012,81.12523],[-79.505035,81.200303],[-79.094512,81.099107],[-79.323964,81.025865],[-79.182769,80.995714],[-79.279368,80.929551],[-79.614491,80.827623],[-80.875559,80.66295],[-82.913116,80.539415],[-83.168284,80.587714],[-81.759999,80.816718],[-83.548166,80.714301],[-83.149892,80.817735],[-83.273712,80.846503],[-83.862823,80.762071],[-83.730702,80.650743],[-83.846018,80.544053],[-85.121368,80.504096],[-85.864532,80.542955],[-85.562896,80.624945],[-86.050201,80.537828],[-86.749054,80.604478],[-85.622467,80.980292],[-82.363271,81.179877],[-85.780995,81.034044],[-87.276031,80.631781],[-87.706532,80.645453],[-89.451202,80.906928],[-88.413157,80.998765],[-86.699208,81.005439],[-84.768341,81.279161],[-85.245025,81.299058],[-87.388499,81.069444],[-89.826161,81.013048],[-90.318918,81.141669],[-89.983632,81.249864],[-88.933868,81.248725],[-89.955556,81.330634],[-88.990875,81.469346],[-87.940745,81.536119],[-87.283966,81.48607],[-88.342681,81.590522],[-90.49234,81.370836],[-90.859893,81.447333],[-89.585601,81.63231],[-90.092071,81.626085],[-90.04247,81.641832],[-90.298655,81.704088],[-90.356475,81.69066],[-90.29129,81.645982],[-90.682769,81.67711],[-90.992096,81.618842],[-90.96231,81.563463],[-91.470001,81.529893],[-91.417063,81.543931],[-91.48172,81.596177],[-91.956614,81.660224],[-90.242909,81.899848],[-89.764638,81.921983],[-89.369903,81.819648],[-89.179026,81.878282],[-89.37914,81.906846],[-89.344472,81.946479],[-89.079254,81.91413],[-88.989084,81.92772],[-89.058013,81.988593],[-89.007395,82.006822],[-87.999094,82.105292],[-87.372833,82.077379],[-87.193593,82.030626],[-87.317616,81.975572],[-86.727935,81.893012],[-87.089752,81.956041],[-86.628936,82.058702],[-85.978831,82.016466],[-85.429351,81.860093],[-85.371124,81.865098],[-85.734202,81.988593],[-85.267893,82.008002],[-84.795725,81.885565],[-85.069488,81.988593],[-84.865875,81.993516],[-84.603342,81.893012],[-84.713206,81.968126],[-86.859405,82.190253],[-85.350616,82.290269],[-85.500885,82.400133],[-85.89566,82.426703],[-85.761871,82.467475],[-84.708404,82.483018],[-84.623525,82.452501],[-84.900299,82.438341],[-83.674875,82.348985],[-82.969024,82.132554],[-83.130442,82.077379],[-81.876617,82.043809],[-82.584259,82.094835],[-83.008697,82.230536],[-82.969879,82.298448],[-79.230621,81.817857],[-79.92337,81.988593],[-79.855621,82.008246],[-82.711578,82.381456],[-82.497304,82.509385],[-81.499989,82.497748],[-82.396759,82.619208],[-82.328033,82.659166],[-80.580637,82.543443],[-81.576161,82.791246],[-81.473948,82.830308],[-80.315419,82.786444],[-80.152008,82.680772],[-79.846954,82.643785],[-79.942169,82.679185],[-78.547922,82.676011],[-79.895009,82.765245],[-79.998443,82.803575],[-79.67634,82.824652],[-80.401194,82.879584],[-80.158111,82.939276],[-79.340484,82.975531],[-79.009023,82.874742],[-78.605987,82.94359],[-78.524444,82.927436],[-78.559071,82.866278],[-78.175445,82.831488],[-78.106597,82.831488],[-78.243723,82.866278],[-77.852203,82.926011],[-77.138661,82.866889],[-76.556915,82.675482],[-75.893829,82.598741],[-76.230784,82.493883],[-76.173573,82.456],[-75.400421,82.619208],[-76.272369,82.726426],[-75.975738,82.790513],[-76.373606,82.790513],[-77.387237,82.989732],[-77.134023,83.036973],[-74.200022,83.002143],[-73.828399,82.865709],[-72.591135,82.701158],[-72.501739,82.721625],[-73.653147,82.92711],[-72.702056,83.096544],[-71.627594,83.103339],[-71.766672,83.042467],[-70.837066,82.886094],[-71.454742,82.99962],[-71.012929,83.101549],[-69.68753,83.116523],[-69.757354,83.063463],[-69.483388,83.04564],[-69.657745,83.002794],[-69.039296,83.045762],[-68.171783,82.999132],[-68.131866,82.933173],[-66.321197,82.937364],[-67.246653,82.770209],[-68.637278,82.653306],[-68.225819,82.63977],[-66.667633,82.711859],[-65.851593,82.842353],[-65.155304,82.770006],[-65.307281,82.788194],[-65.100657,82.851996],[-65.257639,82.863267],[-65.132395,82.8994],[-64.696685,82.909776],[-64.903147,82.88288],[-64.489044,82.767564],[-63.447092,82.826728],[-63.380767,82.803575],[-63.43399,82.751451],[-63.853057,82.721625],[-62.962677,82.593492],[-63.373321,82.441026],[-62.174713,82.529853],[-62.352284,82.482042],[-61.578887,82.488878],[-61.085479,82.331163]]],[[[-79.841379,53.145738],[-79.796864,53.111314],[-79.912099,53.088935],[-79.930898,53.149482],[-79.841379,53.145738]]],[[[-79.950022,53.351793],[-79.917348,53.297431],[-79.984202,53.265123],[-80.070709,53.354926],[-79.950022,53.351793]]],[[[-79.861887,53.912909],[-79.90689,53.917711],[-79.930084,53.940863],[-79.861887,53.912909]]],[[[-79.977935,56.202053],[-80.087758,56.191474],[-80.030995,56.319729],[-79.699941,56.37816],[-79.577056,56.510159],[-79.678782,56.331285],[-79.977935,56.202053]]],[[[-79.593739,56.771186],[-79.525502,56.78441],[-79.487701,56.663642],[-79.548573,56.634101],[-79.593739,56.771186]]],[[[-79.902821,56.89411],[-79.807281,56.950629],[-79.730865,56.801907],[-79.902821,56.89411]]],[[[-79.792958,57.428534],[-79.846547,57.473456],[-79.755116,57.607327],[-79.703603,57.511054],[-79.792958,57.428534]]],[[[-80.470774,59.491034],[-80.527211,59.375393],[-80.553293,59.4501],[-80.470774,59.491034]]],[[[-80.224965,59.731269],[-80.168324,59.71601],[-80.306508,59.615465],[-80.224965,59.731269]]],[[[-80.108266,59.764797],[-80.07315,59.802069],[-80.162913,59.74494],[-80.012318,59.887885],[-79.909779,59.862047],[-80.108266,59.764797]]],[[[-65.607777,43.483466],[-65.559926,43.51081],[-65.628814,43.422065],[-65.607777,43.483466]]],[[[-59.793511,43.964571],[-59.740829,43.996438],[-59.858371,43.923598],[-60.130161,43.960473],[-59.793511,43.964571]]],[[[-66.231557,44.387193],[-66.20344,44.392239],[-66.313466,44.250678],[-66.231557,44.387193]]],[[[-66.86148,44.726752],[-66.769453,44.795657],[-66.691784,44.642992],[-66.905986,44.606169],[-66.86148,44.726752]]],[[[-73.995188,45.320136],[-73.920644,45.333808],[-74.139394,45.251166],[-73.995188,45.320136]]],[[[-73.889027,45.396715],[-73.858062,45.381781],[-73.975209,45.391262],[-73.889027,45.396715]]],[[[-73.931793,45.488837],[-73.943186,45.507554],[-73.896311,45.524482],[-73.931793,45.488837]]],[[[-60.914133,45.566555],[-60.985707,45.47016],[-61.089345,45.523342],[-60.914133,45.566555]]],[[[-73.857289,45.549384],[-73.585357,45.700629],[-73.731353,45.556952],[-73.857289,45.549384]]],[[[-73.499257,45.709947],[-73.56786,45.469387],[-73.973622,45.444648],[-73.499257,45.709947]]],[[[-70.843251,47.033189],[-70.861928,46.94595],[-71.114003,46.859442],[-70.843251,47.033189]]],[[[-60.080881,45.792426],[-60.704254,45.57331],[-60.871083,45.645657],[-61.321889,45.559068],[-61.455312,45.709906],[-61.541127,46.040473],[-60.603261,47.033637],[-60.420318,47.022162],[-60.490387,46.905219],[-60.338735,46.875556],[-60.324452,46.745185],[-60.605784,46.21133],[-60.418853,46.329779],[-60.441965,46.270575],[-60.612416,46.128241],[-61.101877,45.958157],[-60.747467,46.06623],[-60.857777,45.924872],[-61.055735,45.89765],[-61.098459,45.854478],[-60.914133,45.854478],[-61.112782,45.727607],[-60.873199,45.752387],[-60.807362,45.720771],[-60.844879,45.655341],[-60.732493,45.684394],[-60.725453,45.784735],[-60.399526,45.997952],[-60.699127,45.890937],[-60.791168,45.940172],[-60.314605,46.208808],[-60.607045,46.076483],[-60.283518,46.327541],[-60.204661,46.241848],[-60.290273,46.156195],[-60.204986,46.142279],[-60.152089,46.245673],[-59.810536,46.169867],[-59.954213,46.035793],[-59.806956,45.960435],[-60.127349,45.869452],[-60.080881,45.792426]]],[[[-62.004018,46.464057],[-62.165639,46.358385],[-62.339426,46.359442],[-62.466176,46.214911],[-62.555002,46.234198],[-62.455922,46.080471],[-62.554555,46.043931],[-62.455922,46.025214],[-62.545237,45.971829],[-62.829457,45.972724],[-62.996653,46.061957],[-62.886952,46.129625],[-62.928212,46.176663],[-63.106272,46.21015],[-62.980336,46.305487],[-63.195709,46.272284],[-63.270863,46.204576],[-63.147694,46.206285],[-63.257192,46.141913],[-63.627756,46.223822],[-63.784779,46.320014],[-63.766835,46.399359],[-64.134267,46.415595],[-64.078928,46.618883],[-64.416819,46.682766],[-63.99706,47.067328],[-64.071929,46.757758],[-63.83316,46.587592],[-63.942047,46.500312],[-63.729563,46.443345],[-63.710805,46.558417],[-63.638905,46.567043],[-63.257192,46.423082],[-62.004018,46.464057]]],[[[-61.67101,47.546536],[-61.835683,47.432807],[-61.592519,47.560777],[-61.956288,47.296291],[-61.810658,47.24433],[-61.98884,47.217231],[-61.901235,47.422065],[-61.562123,47.627143],[-61.386342,47.643988],[-61.67101,47.546536]]],[[[-64.50475,47.889797],[-64.477447,47.944403],[-64.593495,47.765367],[-64.696604,47.759426],[-64.668691,47.871283],[-64.50475,47.889797]]],[[[-64.545766,47.971666],[-64.480051,47.998358],[-64.568267,47.906968],[-64.545766,47.971666]]],[[[-64.319203,49.791246],[-64.424713,49.808498],[-64.451283,49.909491],[-64.132802,49.950141],[-63.124094,49.783881],[-61.904164,49.354193],[-61.684682,49.165839],[-61.811635,49.069037],[-62.248199,49.067939],[-63.093332,49.232896],[-63.586781,49.38996],[-63.764231,49.601996],[-64.319203,49.791246]]],[[[-63.884674,50.199368],[-63.926991,50.221422],[-63.901479,50.253974],[-63.884674,50.199368]]],[[[-79.39509,52.083726],[-79.283681,52.096503],[-79.373402,51.945258],[-79.655751,51.987494],[-79.39509,52.083726]]],[[[-80.759348,52.919176],[-80.704701,52.721259],[-81.951731,52.974433],[-82.013173,53.070014],[-81.882802,53.179877],[-81.174224,53.212348],[-80.759348,52.919176]]],[[[-79.758168,53.522528],[-79.765614,53.546698],[-79.703603,53.516303],[-79.758168,53.522528]]],[[[-79.285878,54.91352],[-79.01891,54.940823],[-79.757924,54.780178],[-79.285878,54.91352]]],[[[-77.312082,55.619208],[-77.244985,55.644843],[-77.647857,55.427436],[-77.312082,55.619208]]],[[[-79.005279,56.017035],[-78.952707,56.030707],[-79.142445,55.797349],[-78.965688,56.083645],[-79.005279,56.017035]]],[[[-78.757639,56.167914],[-78.936391,56.119452],[-78.825022,56.358344],[-78.670766,56.443061],[-78.655263,56.236151],[-78.757639,56.167914]]],[[[-79.545888,56.043769],[-79.474517,56.102729],[-79.523915,56.135321],[-79.867055,55.843492],[-80.025706,55.900336],[-79.551015,56.266303],[-79.468495,56.529608],[-79.42984,56.431383],[-79.60733,56.134467],[-79.4287,56.21015],[-79.284931,56.661041],[-79.203959,56.684984],[-79.134263,56.634404],[-79.247638,56.631747],[-79.246991,56.562066],[-78.957753,56.434719],[-78.926625,56.297675],[-79.195465,55.904771],[-78.980214,56.392035],[-79.285878,55.866278],[-79.140981,56.226793],[-79.46935,55.879381],[-79.786122,55.790473],[-79.545888,56.043769]]],[[[-79.905914,56.866848],[-79.824208,56.847968],[-79.87975,56.752753],[-79.952382,56.814683],[-79.905914,56.866848]]],[[[-77.92162,58.332831],[-77.668324,58.250922],[-77.949452,58.326606],[-77.92162,58.332831]]],[[[-78.641591,58.628323],[-78.483062,58.552802],[-78.695058,58.676663],[-78.641591,58.628323]]],[[[-123.287221,48.812812],[-123.20226,48.758979],[-123.306996,48.764635],[-123.287221,48.812812]]],[[[-123.089019,48.767524],[-123.2235,48.832668],[-123.042307,48.784491],[-123.089019,48.767524]]],[[[-62.544962,45.826666],[-62.506908,45.828065],[-62.594546,45.803815],[-62.544962,45.826666]]],[[[-59.708079,45.994696],[-59.760406,46.000067],[-59.688629,46.03026],[-59.708079,45.994696]]],[[[-54.794227,47.279388],[-54.798379,47.242599],[-54.830051,47.267133],[-54.794227,47.279388]]],[[[-54.195604,47.393208],[-54.158678,47.41467],[-54.153354,47.368356],[-54.195604,47.393208]]],[[[-70.369781,47.426825],[-70.323883,47.427436],[-70.427602,47.372016],[-70.369781,47.426825]]],[[[-52.956475,47.654806],[-52.916443,47.634456],[-53.030336,47.599156],[-52.956475,47.654806]]],[[[-68.864333,48.407598],[-68.838064,48.413809],[-68.891065,48.388033],[-68.864333,48.407598]]],[[[-125.861625,49.237385],[-125.801352,49.143888],[-125.923406,49.196981],[-125.861625,49.237385]]],[[[-55.854271,50.205033],[-55.823887,50.204144],[-55.886002,50.197461],[-55.854271,50.205033]]],[[[-55.762971,50.231935],[-55.712812,50.21998],[-55.802679,50.220174],[-55.762971,50.231935]]],[[[-128.639076,50.80467],[-128.574073,50.808533],[-128.615888,50.782817],[-128.639076,50.80467]]],[[[-58.861186,50.833051],[-58.846323,50.789443],[-58.885608,50.794251],[-58.861186,50.833051]]],[[[-128.70214,50.836559],[-128.662177,50.825032],[-128.691551,50.801543],[-128.70214,50.836559]]],[[[-57.250265,50.840641],[-57.202935,50.834422],[-57.240205,50.795649],[-57.250265,50.840641]]],[[[-127.77912,50.901524],[-127.669204,50.880354],[-127.83436,50.878723],[-127.77912,50.901524]]],[[[-58.462634,51.176264],[-58.427357,51.167123],[-58.621209,51.091776],[-58.462634,51.176264]]],[[[-58.307577,51.25227],[-58.41101,51.201632],[-58.388163,51.238934],[-58.307577,51.25227]]],[[[-128.438216,51.980797],[-128.423227,51.925932],[-128.478828,51.906844],[-128.438216,51.980797]]],[[[-79.027455,52.113593],[-79.001861,52.107571],[-79.086659,52.09748],[-79.027455,52.113593]]],[[[-79.40567,52.260972],[-79.381256,52.244778],[-79.474965,52.237494],[-79.40567,52.260972]]],[[[-78.734242,52.445136],[-78.749827,52.406195],[-78.82079,52.423814],[-78.734242,52.445136]]],[[[-79.584625,52.555162],[-79.639394,52.53262],[-79.601552,52.577826],[-79.584625,52.555162]]],[[[-129.432788,52.68312],[-129.402445,52.646643],[-129.449572,52.643997],[-129.432788,52.68312]]],[[[-55.85233,52.77247],[-55.808092,52.761708],[-55.89536,52.763314],[-55.85233,52.77247]]],[[[-129.354662,52.86251],[-129.312018,52.839333],[-129.328924,52.799611],[-129.354662,52.86251]]],[[[-55.808466,53.006564],[-55.787036,52.962164],[-55.833971,52.976745],[-55.808466,53.006564]]],[[[-55.827319,53.079284],[-55.758767,53.034088],[-55.870688,53.026485],[-55.827319,53.079284]]],[[[-55.927587,53.492236],[-55.742891,53.445437],[-55.96554,53.432367],[-55.927587,53.492236]]],[[[-130.592115,53.496183],[-130.586966,53.466192],[-130.624653,53.48152],[-130.592115,53.496183]]],[[[-57.152729,53.693121],[-57.044938,53.715084],[-57.113763,53.642994],[-57.152729,53.693121]]],[[[-56.922484,53.797559],[-56.836105,53.80648],[-57.008855,53.788548],[-56.922484,53.797559]]],[[[-130.609117,53.797011],[-130.509821,53.826307],[-130.437885,53.756889],[-130.609117,53.797011]]],[[[-57.327952,54.287564],[-57.298974,54.248811],[-57.367639,54.259035],[-57.327952,54.287564]]],[[[-81.105214,54.332913],[-81.101796,54.374091],[-81.090077,54.337551],[-81.105214,54.332913]]],[[[-57.244476,54.484173],[-57.197644,54.449325],[-57.293337,54.468605],[-57.244476,54.484173]]],[[[-130.817562,54.486324],[-130.728455,54.437835],[-130.784743,54.412253],[-130.817562,54.486324]]],[[[-57.303677,54.574723],[-57.254727,54.537708],[-57.362203,54.507263],[-57.303677,54.574723]]],[[[-131.09876,54.627962],[-131.05684,54.625717],[-131.090905,54.58224],[-131.09876,54.627962]]],[[[-76.730458,56.160834],[-76.77481,56.103664],[-76.765492,56.175971],[-76.730458,56.160834]]],[[[-77.849843,56.315253],[-77.97232,56.286607],[-77.940541,56.311428],[-77.849843,56.315253]]],[[[-77.48705,56.442125],[-77.502553,56.386461],[-77.53539,56.379543],[-77.48705,56.442125]]],[[[-78.811147,56.65766],[-78.850942,56.672675],[-78.739898,56.666978],[-78.811147,56.65766]]],[[[-76.623443,56.681464],[-76.646352,56.550482],[-76.634185,56.715277],[-76.623443,56.681464]]],[[[-76.651967,57.071357],[-76.731435,57.186469],[-76.655995,57.139797],[-76.651967,57.071357]]],[[[-78.268381,57.198635],[-78.381947,57.174465],[-78.325551,57.207668],[-78.268381,57.198635]]],[[[-78.336497,57.305162],[-78.468414,57.287014],[-78.381012,57.328803],[-78.336497,57.305162]]],[[[-76.791127,57.336086],[-76.835439,57.425767],[-76.732981,57.293524],[-76.791127,57.336086]]],[[[-67.55829,58.411003],[-67.530842,58.296897],[-67.635937,58.291037],[-67.657824,58.364079],[-67.55829,58.411003]]],[[[-78.628814,58.779527],[-78.707631,58.786038],[-78.650868,58.802069],[-78.628814,58.779527]]],[[[-78.901112,58.832465],[-78.886057,58.808051],[-78.942128,58.837836],[-78.927073,58.865546],[-78.901112,58.832465]]],[[[-68.995487,59.016345],[-68.974561,58.989633],[-69.120279,58.957302],[-68.995487,59.016345]]],[[[-80.552398,59.110053],[-80.538564,59.094672],[-80.578603,59.092963],[-80.552398,59.110053]]],[[[-80.518544,59.694729],[-80.57433,59.652086],[-80.580556,59.669257],[-80.518544,59.694729]]],[[[-80.387278,59.711737],[-80.429677,59.652655],[-80.43871,59.677436],[-80.387278,59.711737]]],[[[-69.921941,61.013124],[-70.003856,60.935066],[-70.011946,60.996764],[-69.921941,61.013124]]],[[[-71.560975,61.333436],[-71.487818,61.337112],[-71.556856,61.295836],[-71.560975,61.333436]]],[[[-72.091425,61.894741],[-71.97344,61.858942],[-72.058945,61.850503],[-72.091425,61.894741]]],[[[-92.798413,61.948019],[-92.771875,61.935055],[-92.863299,61.930472],[-92.798413,61.948019]]],[[[-72.41214,62.039061],[-72.328116,62.016038],[-72.462401,62.036652],[-72.41214,62.039061]]],[[[-92.6417,62.060656],[-92.652846,62.026539],[-92.700898,62.074635],[-92.6417,62.060656]]],[[[-66.43846,62.895262],[-66.363253,62.870608],[-66.569044,62.914832],[-66.43846,62.895262]]],[[[-66.924694,63.065198],[-66.770799,62.944913],[-67.038246,63.071166],[-66.924694,63.065198]]],[[[-68.145251,63.272466],[-68.058483,63.222676],[-68.187891,63.250287],[-68.145251,63.272466]]],[[[-68.023387,63.300869],[-67.894994,63.189448],[-68.091999,63.320381],[-68.023387,63.300869]]],[[[-67.852667,63.345993],[-67.818293,63.291333],[-67.951502,63.380524],[-67.852667,63.345993]]],[[[-64.04343,63.563147],[-64.091172,63.48647],[-64.168668,63.604577],[-64.04343,63.563147]]],[[[-64.217244,63.842613],[-64.174201,63.805676],[-64.314973,63.73937],[-64.34177,63.820074],[-64.217244,63.842613]]],[[[-76.484202,64.181342],[-76.568512,64.206122],[-76.529652,64.245836],[-76.484202,64.181342]]],[[[-76.664418,64.241685],[-76.690053,64.264065],[-76.565256,64.254096],[-76.664418,64.241685]]],[[[-64.965364,64.309707],[-64.878303,64.229578],[-64.991296,64.193192],[-65.075487,64.306968],[-64.965364,64.309707]]],[[[-66.934274,65.317014],[-66.997076,65.29773],[-66.924565,65.364898],[-66.934274,65.317014]]],[[[-89.046753,65.406358],[-88.988851,65.392579],[-89.104454,65.40887],[-89.046753,65.406358]]],[[[-88.4308,65.48699],[-88.371277,65.46199],[-88.484618,65.464777],[-88.4308,65.48699]]],[[[-67.432516,65.742713],[-67.389158,65.736176],[-67.682481,65.689282],[-67.432516,65.742713]]],[[[-65.786418,65.701988],[-65.858819,65.749489],[-65.807341,65.776929],[-65.786418,65.701988]]],[[[-66.929467,65.949834],[-67.148557,65.99589],[-66.963871,65.996973],[-66.929467,65.949834]]],[[[-85.021725,66.08307],[-84.997474,66.057324],[-85.104005,66.059024],[-85.021725,66.08307]]],[[[-83.595204,66.040107],[-83.593129,66.076606],[-83.557769,66.051418],[-83.595204,66.040107]]],[[[-83.61144,66.084621],[-83.652455,66.090725],[-83.572418,66.106431],[-83.61144,66.084621]]],[[[-85.955642,66.463178],[-85.911232,66.461991],[-85.982292,66.463884],[-85.955642,66.463178]]],[[[-113.008308,67.947294],[-112.761341,67.964081],[-113.121476,67.9154],[-113.008308,67.947294]]],[[[-112.836925,68.17025],[-112.74613,68.167627],[-112.879153,68.141596],[-112.836925,68.17025]]],[[[-136.211942,69.179309],[-136.006267,69.090281],[-136.22191,69.105685],[-136.211942,69.179309]]],[[[-80.146578,69.400506],[-80.071006,69.383583],[-80.201038,69.427705],[-80.146578,69.400506]]],[[[-81.643279,69.414378],[-81.499122,69.372091],[-81.830309,69.344332],[-81.896757,69.416961],[-81.643279,69.414378]]],[[[-135.705953,69.508751],[-135.591182,69.467105],[-135.840928,69.48138],[-135.705953,69.508751]]],[[[-82.506235,69.790626],[-82.558868,69.743349],[-82.815708,69.781861],[-82.506235,69.790626]]]]}}