{"type":"Feature","properties":{"iso3":"RUS","name":"Russia","continent":"Europe"},"geometry":{"type":"MultiPolygon","coordinates":[[[[87.816324,49.165837],[87.323796,49.085274],[87.217963,49.229813],[86.933329,49.324277],[86.802432,49.52225],[86.599344,49.573513],[86.775871,49.695004],[86.642442,49.793861],[86.214251,49.496153],[85.946257,49.481374],[85.942123,49.551085],[85.628447,49.606482],[85.263095,49.581523],[84.975774,49.89401],[84.986729,50.066971],[84.261812,50.253626],[84.19794,50.493146],[83.950565,50.780416],[83.433956,50.992651],[82.764539,50.906661],[82.475823,50.714012],[81.763464,50.784343],[81.460226,50.730341],[81.400798,50.959113],[81.051517,50.955702],[81.152028,51.186541],[80.682754,51.302012],[80.599245,51.208555],[80.421995,51.187574],[80.439048,50.958131],[80.154518,50.827235],[80.049305,50.852349],[80.085995,50.752149],[80.021296,50.766877],[79.042958,51.992512],[77.866802,53.272331],[76.525695,53.961307],[76.374387,54.147755],[76.664602,54.134061],[76.837718,54.296894],[76.766094,54.36459],[76.885673,54.422777],[76.852394,54.461173],[75.429225,54.090085],[75.360702,54.059544],[75.433979,53.986525],[75.027906,53.807931],[74.806214,53.837697],[74.626793,53.687318],[74.453471,53.684993],[74.409132,53.477564],[73.90415,53.639156],[73.347181,53.459374],[73.39121,53.520249],[73.224915,53.629854],[73.431827,53.865447],[73.682872,53.874129],[73.740646,54.057942],[73.601533,54.071223],[73.518024,53.956036],[73.190705,53.961617],[72.885504,54.117318],[72.624228,54.134991],[72.503099,54.050862],[72.694818,53.992571],[72.423414,53.903481],[72.358405,54.092978],[72.466718,54.109928],[72.298563,54.1784],[72.33298,54.223771],[72.221875,54.333222],[72.043178,54.378026],[72.066743,54.222376],[72.187356,54.179433],[72.155109,54.128377],[71.762472,54.247646],[71.647234,54.108585],[71.349732,54.197675],[71.182301,54.101557],[70.980039,54.325057],[71.190621,54.318184],[71.141218,54.563751],[71.264673,54.661729],[70.994095,54.807508],[70.960092,55.105578],[70.793177,55.233167],[70.820359,55.294145],[70.468586,55.285462],[70.231351,55.141493],[69.673866,55.33404],[69.334558,55.385148],[69.226244,55.333575],[68.943161,55.43455],[68.980885,55.291458],[68.734234,55.351714],[68.593621,55.193583],[68.177109,55.170535],[68.308161,55.072815],[68.166051,54.95613],[67.846794,54.963933],[67.698482,54.867918],[65.97745,54.611706],[65.951871,54.693665],[65.743976,54.600854],[65.477378,54.632687],[65.214293,54.527887],[65.173779,54.310174],[64.910642,54.402727],[64.720163,54.333842],[64.004496,54.319735],[63.976642,54.218862],[63.708648,54.250437],[62.580965,54.053601],[62.545102,53.883689],[62.408159,53.92472],[62.446141,54.014534],[61.581801,53.947664],[61.337682,54.063161],[61.193505,54.018254],[61.210765,53.907667],[61.017391,53.948956],[60.971813,53.915832],[61.178725,53.780853],[61.042713,53.654246],[60.904737,53.657088],[61.280734,53.542418],[61.503047,53.588978],[61.555343,53.505727],[61.381607,53.436119],[61.235259,53.50304],[61.162706,53.299151],[62.050662,53.124769],[62.094173,52.992658],[61.959246,52.934935],[61.448269,53.021416],[60.97543,52.971548],[61.058422,52.922171],[60.672193,52.682625],[61.039922,52.334998],[60.672193,52.144338],[60.4258,52.129584],[59.985723,51.952282],[60.09228,51.854769],[60.452051,51.805469],[60.371539,51.705166],[60.484711,51.651034],[60.921067,51.611476],[61.015221,51.492078],[61.473798,51.425803],[61.646259,51.263193],[61.513175,51.159514],[61.404034,50.802585],[61.095216,50.722693],[60.718495,50.652672],[60.300433,50.684659],[60.021276,50.854055],[59.815708,50.56291],[59.555052,50.484361],[59.466272,50.507357],[59.535311,50.54658],[59.437643,50.631123],[58.925943,50.678148],[58.664357,50.789924],[58.550152,50.893277],[58.595007,51.023372],[58.323396,51.141944],[58.167643,51.055179],[57.796193,51.123263],[57.722399,50.908728],[57.418128,50.862375],[57.168221,51.093782],[56.716052,51.072465],[56.709644,50.981592],[56.446508,51.056575],[56.343878,50.911416],[56.174896,50.908677],[56.100069,50.74786],[55.694305,50.538777],[55.305389,50.664971],[54.685788,51.023553],[54.55267,51.010169],[54.673593,50.634326],[54.499443,50.523274],[54.383584,50.59991],[54.478566,50.815711],[53.93586,51.185611],[53.67386,51.219872],[53.609368,51.364101],[53.407313,51.484171],[52.52499,51.467531],[52.307794,51.774541],[52.035252,51.652404],[51.869164,51.673074],[51.693309,51.454096],[51.584324,51.534918],[51.304238,51.47164],[51.352503,51.636229],[50.767009,51.7594],[50.764322,51.578662],[50.599836,51.634731],[50.348947,51.322605],[49.795906,51.109569],[49.460112,51.116158],[49.359137,50.992651],[49.423732,50.882063],[49.36942,50.82677],[48.830435,50.596034],[48.608795,50.647917],[48.780981,50.137561],[48.885884,50.030436],[48.784598,49.933387],[48.429891,49.809674],[48.239308,49.864761],[47.808224,50.319927],[47.624669,50.440798],[47.469795,50.411756],[47.276266,50.199883],[47.308719,50.044802],[46.899907,49.820319],[46.775108,49.332545],[47.040002,49.150334],[46.753818,48.91407],[46.479312,48.411852],[47.078294,48.275349],[47.103564,48.101199],[47.173947,48.084198],[47.058398,47.994488],[47.125164,47.832094],[47.359672,47.683344],[47.435326,47.834394],[48.174351,47.712851],[48.525079,47.410234],[49.00629,46.76911],[48.764031,46.682836],[48.556705,46.761746],[48.479087,46.683457],[49.306,46.263129],[49.1421,46.309963],[49.05893,46.251776],[49.119477,46.158759],[49.020763,46.176663],[48.949962,46.098293],[48.839203,46.149359],[48.825531,46.066799],[48.667817,46.107815],[48.7824,45.858385],[48.721446,45.838324],[48.593761,45.958197],[48.465587,45.940172],[48.224294,45.768378],[48.242849,45.709906],[47.848888,45.717231],[47.818207,45.6081],[47.580414,45.770901],[47.653656,45.559068],[47.425304,45.734809],[47.559744,45.598456],[47.419119,45.426663],[47.379405,45.202826],[47.111501,44.958482],[47.084483,44.817532],[47.011485,44.902289],[46.971446,44.783759],[46.791677,44.706041],[46.683604,44.506781],[46.758962,44.40058],[47.002615,44.367336],[47.122244,44.222724],[47.22169,44.23078],[47.489268,43.815579],[47.366547,43.602851],[47.424327,43.503974],[47.544444,43.86522],[47.701508,43.874498],[47.490896,43.462836],[47.564952,43.268052],[47.481212,43.202338],[47.461925,43.020819],[47.69809,42.867133],[47.751801,42.636664],[48.078787,42.362738],[48.386729,41.937201],[48.552908,41.875556],[48.370153,41.58015],[48.086553,41.476643],[47.828739,41.198417],[47.268411,41.302803],[47.141391,41.5524],[47.028262,41.557075],[46.745033,41.840135],[46.549851,41.79776],[46.479312,41.887005],[45.631405,42.201172],[45.698688,42.507587],[45.32269,42.530118],[45.122961,42.702278],[44.902974,42.753076],[44.78231,42.61665],[44.508115,42.750286],[43.958433,42.554406],[43.751107,42.598745],[43.800613,42.746462],[43.194345,42.926761],[42.79132,43.176177],[41.614131,43.213022],[40.689966,43.523129],[40.23313,43.575765],[40.096705,43.562639],[39.93336,43.406684],[38.775645,44.261217],[38.217296,44.387193],[37.799978,44.722602],[37.769298,44.632392],[37.478282,44.677191],[37.191905,44.991034],[36.59311,45.164781],[36.935232,45.268012],[36.966156,45.311591],[36.788829,45.292182],[36.781586,45.387641],[36.687999,45.331488],[36.833263,45.44302],[37.131521,45.340562],[37.169119,45.251166],[37.319184,45.271674],[37.162283,45.306464],[37.504731,45.36107],[37.72047,45.299628],[37.702647,45.543158],[37.658702,45.580797],[37.608246,45.415839],[37.595063,45.635321],[37.702891,45.621772],[37.66684,45.663764],[37.816417,45.744615],[37.940115,46.020331],[38.091075,46.060004],[38.060313,45.826606],[38.207286,46.131781],[38.539073,46.033596],[38.57602,46.087348],[38.122895,46.377509],[37.90504,46.411038],[37.755138,46.645941],[37.98227,46.617499],[38.261485,46.728176],[38.57545,46.653795],[38.513438,46.732489],[38.383556,46.713813],[38.414724,46.833319],[39.088145,47.033189],[39.261892,47.008612],[39.367849,47.106147],[39.254568,47.140123],[39.264008,47.26081],[39.119884,47.277045],[38.492931,47.128079],[38.559906,47.218207],[38.821137,47.276313],[38.216645,47.103258],[38.284722,47.241149],[38.220333,47.288794],[38.260331,47.492942],[38.352935,47.607095],[38.713016,47.675722],[38.877244,47.86124],[39.759051,47.832947],[39.831191,48.099985],[39.993248,48.27323],[39.815895,48.308164],[39.906845,48.398339],[39.835325,48.57347],[39.63172,48.586906],[39.751196,48.781881],[40.053813,48.869215],[39.782305,48.888438],[39.681123,49.020316],[39.891342,49.041762],[40.141663,49.245781],[40.0349,49.487058],[40.126057,49.559095],[40.017743,49.607878],[39.801529,49.542197],[39.570432,49.713297],[39.289932,49.732056],[39.182755,49.858508],[38.937395,49.803473],[38.314074,50.049504],[38.189844,50.062785],[38.119047,49.919176],[38.000398,49.899798],[37.590294,50.20381],[37.599183,50.290885],[37.314755,50.42297],[36.594386,50.20443],[36.400186,50.306646],[36.269031,50.281376],[36.105837,50.42111],[35.611397,50.351708],[35.425258,50.500485],[35.377716,50.621821],[35.468873,50.668536],[35.293587,50.937615],[35.308676,51.047325],[35.143622,51.058487],[35.09918,51.183182],[34.185954,51.248914],[34.308737,51.33462],[34.21572,51.373765],[34.21541,51.531998],[34.089113,51.666615],[34.414157,51.736456],[34.385735,51.817665],[34.096244,51.951817],[34.07361,52.139558],[33.815227,52.345075],[33.531679,52.288825],[33.196506,52.368949],[32.926858,52.246915],[32.394281,52.326807],[32.233309,52.080853],[31.927229,52.031089],[31.764345,52.100568],[31.567354,52.311382],[31.552988,52.502249],[31.610763,52.535993],[31.4917,52.667096],[31.569525,52.767504],[31.247064,53.014388],[31.464002,53.199984],[32.20592,53.100352],[32.447197,53.288764],[32.717465,53.334937],[32.717794,53.431062],[32.429421,53.56159],[32.442133,53.713932],[32.10603,53.806949],[31.787289,53.794392],[31.823566,54.045488],[31.324682,54.229249],[31.22536,54.428048],[31.093585,54.479415],[31.128621,54.640387],[30.770607,54.786011],[30.994211,55.067027],[30.821353,55.26438],[30.905948,55.376001],[30.886156,55.600483],[30.742185,55.594385],[30.217773,55.855145],[29.907817,55.843208],[29.5081,55.685491],[29.363406,55.751482],[29.395601,55.947723],[29.030765,56.024178],[28.80897,55.934571],[28.594719,56.092391],[28.269364,56.058207],[28.169112,56.125257],[28.132215,56.535982],[27.882618,56.725479],[27.852232,56.854309],[27.661185,56.839271],[27.745469,57.067991],[27.696066,57.085457],[27.846134,57.267307],[27.536283,57.415695],[27.528169,57.528479],[27.328027,57.583153],[27.553853,57.794768],[27.790841,57.880861],[27.673122,57.912823],[27.495355,58.22146],[27.554886,58.395248],[27.428849,58.709403],[27.477785,58.875426],[27.694412,58.975936],[27.903909,59.290387],[28.181825,59.356068],[28.038578,59.462987],[28.072602,59.57803],[27.995372,59.715522],[28.123871,59.792304],[28.404959,59.682847],[28.500499,59.861029],[28.83253,59.786526],[29.161388,60.002631],[30.115001,59.870551],[30.23463,59.99136],[29.948253,60.02969],[29.899669,60.133612],[29.70102,60.200507],[29.092296,60.177965],[28.815684,60.361274],[28.63087,60.375556],[28.453624,60.539618],[28.683604,60.455878],[28.644542,60.669745],[28.721934,60.721177],[28.235606,60.559963],[27.816417,60.528225],[28.335924,60.859387],[29.203158,61.245901],[31.221587,62.491587],[31.569525,62.905929],[31.177817,63.225238],[30.001145,63.715337],[30.586432,64.084668],[30.50344,64.24378],[30.032461,64.396949],[29.965178,64.564432],[30.180824,64.642774],[30.114937,64.754343],[29.78028,64.795581],[29.588147,64.991435],[29.820484,65.093651],[29.833197,65.205013],[29.580085,65.235399],[29.720129,65.329088],[29.718165,65.454171],[29.825755,65.551969],[29.732324,65.60871],[30.11628,65.687206],[30.083517,65.804615],[29.875365,66.133587],[29.051539,66.907803],[29.519831,67.298167],[29.916241,67.508129],[30.009413,67.685844],[29.651192,67.823562],[29.298656,68.081789],[28.663759,68.204003],[28.447441,68.514889],[28.801477,68.835489],[28.444238,68.865823],[29.172979,69.069377],[29.37679,69.301611],[30.123411,69.441912],[30.231622,69.558339],[30.14863,69.618491],[30.755311,69.521494],[30.927032,69.57839],[30.843988,69.766234],[31.409028,69.715806],[31.296723,69.612616],[31.452159,69.68891],[31.810557,69.68773],[31.721202,69.725572],[31.728038,69.845404],[32.098888,69.791897],[31.918305,69.926459],[32.054454,69.963772],[32.523204,69.803168],[33.120291,69.744208],[33.075043,69.631659],[32.871755,69.582506],[32.169688,69.654853],[32.147472,69.75141],[31.968272,69.654202],[32.016124,69.580227],[32.385997,69.585354],[32.501964,69.517035],[32.238455,69.436957],[33.084972,69.47606],[32.819672,69.319159],[32.872732,69.310981],[32.969493,69.387356],[33.497813,69.432115],[33.261241,69.291002],[33.511567,69.225491],[33.023448,69.057766],[33.023448,68.954739],[33.112641,69.075385],[33.426606,69.104682],[33.562836,69.182074],[33.56422,69.293036],[33.723969,69.336819],[35.181977,69.183539],[35.175955,69.257717],[35.330333,69.276068],[35.873546,69.194892],[37.680512,68.713446],[38.316905,68.447577],[38.388682,68.343166],[38.715831,68.291571],[38.532481,68.355292],[38.639171,68.384955],[39.520763,68.075995],[39.850434,68.042548],[39.721365,68.158759],[39.793224,68.16474],[40.410655,67.875067],[40.321544,67.851142],[40.466807,67.761176],[40.670746,67.810289],[41.016612,67.697903],[40.989431,67.563707],[41.115977,67.447008],[41.140473,67.235338],[41.307791,67.234768],[41.38087,67.137519],[41.178071,66.809556],[40.565603,66.455756],[40.084972,66.288764],[38.554373,66.054999],[35.557791,66.38703],[34.803559,66.613511],[34.480154,66.537584],[34.355968,66.629788],[34.525157,66.648179],[34.142263,66.670844],[34.161143,66.735093],[33.832693,66.695543],[33.592052,66.830715],[33.541189,66.815579],[33.62615,66.748114],[33.483246,66.730414],[33.100597,66.85814],[32.804861,67.010321],[32.932791,67.079779],[31.877696,67.164781],[32.261974,67.124986],[32.549815,67.000067],[32.420177,66.892157],[32.890961,66.781562],[32.934744,66.741929],[32.812022,66.735745],[32.97462,66.691107],[33.308604,66.655178],[32.865245,66.597968],[33.259613,66.618394],[33.523611,66.541083],[32.968761,66.540432],[33.046886,66.506049],[33.7046,66.443834],[33.310802,66.316799],[34.08725,66.248928],[34.552989,66.093695],[34.71225,65.996568],[34.660899,65.95303],[34.838878,65.906806],[34.929698,65.739488],[34.704845,65.797309],[34.772227,65.609565],[34.681895,65.453355],[34.317882,65.397447],[34.615245,65.254584],[34.816091,65.043402],[34.719005,64.997626],[34.926524,64.859076],[34.785004,64.784125],[35.009031,64.743184],[34.854846,64.714402],[34.973409,64.624986],[34.929482,64.591498],[34.757986,64.560248],[35.410504,64.286755],[35.58907,64.322313],[35.589122,64.381008],[35.810802,64.342027],[36.365001,64.001776],[37.534362,63.800858],[38.073741,64.017401],[38.045665,64.148342],[37.902029,64.239936],[38.005382,64.275377],[37.749027,64.441714],[37.286228,64.352206],[37.121501,64.39474],[36.744116,64.681046],[36.559761,64.717423],[36.513845,64.825344],[36.57252,64.829576],[36.459972,64.887641],[36.814147,64.975716],[36.867361,65.075995],[36.817926,65.131337],[37.007677,65.172977],[37.67266,65.035663],[37.794595,64.920615],[38.046434,64.853672],[38.357904,64.852411],[38.374278,64.798],[38.036306,64.761908],[38.117035,64.702786],[38.039887,64.658271],[38.49171,64.767524],[38.425548,64.793443],[39.566524,64.545268],[39.900401,64.603461],[39.809906,64.659329],[39.889334,64.669908],[40.479991,64.539618],[40.533214,64.558987],[40.378103,64.922512],[39.740896,65.356513],[39.730317,65.524359],[40.710134,65.972317],[41.623383,66.165107],[42.200938,66.532172],[42.644786,66.452541],[42.575043,66.401557],[43.302094,66.426011],[43.692638,66.237209],[43.325043,66.106757],[43.343028,66.059516],[43.514903,65.974189],[43.521739,66.036119],[43.411388,66.061835],[43.464122,66.127143],[43.836436,66.185777],[44.045665,66.081041],[44.167166,65.885443],[44.079356,66.206692],[44.38559,66.60224],[44.563243,66.666205],[44.38087,66.763902],[44.480724,66.953559],[44.302501,67.055976],[44.358897,67.09162],[43.815329,67.177453],[43.766699,67.277689],[44.04184,67.680406],[44.144542,67.679429],[44.076671,67.707709],[44.097179,67.892727],[44.250743,67.919135],[44.148611,67.925238],[44.195649,67.9831],[44.138031,67.995103],[44.411794,68.063422],[44.180837,68.036078],[44.22755,68.29678],[43.273673,68.658176],[43.984548,68.551337],[45.582137,68.514198],[45.943858,68.446234],[46.044688,68.319525],[46.534923,68.132554],[46.461436,68.111802],[46.525727,68.113593],[46.698253,67.816474],[45.350434,67.730414],[45.314626,67.592108],[45.096853,67.563178],[44.918956,67.440863],[44.951687,67.320717],[45.593893,67.15824],[45.853201,66.88703],[46.597911,66.857978],[46.398774,66.751776],[47.558767,66.904975],[47.725597,67.000922],[47.701915,67.17182],[47.793142,67.360582],[47.947927,67.444322],[47.824718,67.560289],[48.008311,67.65058],[48.099376,67.639472],[48.071462,67.590399],[48.255707,67.682685],[48.656261,67.712226],[49.1067,67.639472],[48.803722,67.726874],[48.585948,67.934272],[49.133311,67.862616],[50.00115,68.058051],[50.759939,68.371405],[51.058849,68.351386],[52.177094,68.582424],[52.059581,68.515611],[52.361013,68.474921],[52.158865,68.398627],[52.248546,68.317694],[52.402029,68.337714],[52.725841,68.458075],[52.491384,68.591539],[52.6067,68.625718],[52.562185,68.649156],[52.299327,68.590522],[52.328461,68.63345],[53.878591,68.974107],[54.527354,69.009955],[53.611827,68.913479],[54.026215,68.845445],[53.72047,68.656928],[53.926931,68.432563],[53.8213,68.349677],[53.655935,68.407538],[53.574474,68.399807],[53.691173,68.34455],[53.44044,68.372504],[53.231781,68.29678],[53.992524,68.221381],[54.218761,68.317857],[54.203298,68.20954],[54.536306,68.305813],[54.650157,68.194322],[54.831879,68.173285],[54.917979,68.240302],[54.85613,68.324042],[54.996755,68.439154],[55.392914,68.564276],[56.049083,68.65412],[57.329845,68.564765],[57.587413,68.733873],[57.929535,68.751044],[57.945974,68.831204],[58.171153,68.88935],[58.245128,68.888414],[58.25115,68.792222],[58.439301,68.762885],[58.275645,68.877997],[58.878754,69.003119],[59.202891,69.003607],[58.891856,68.934231],[59.415538,68.766669],[59.398448,68.701117],[59.201508,68.705959],[59.063487,68.601874],[59.074229,68.437201],[59.674815,68.336168],[59.963878,68.46601],[59.772472,68.626166],[59.811209,68.687934],[60.466645,68.722317],[60.968761,68.906928],[60.907237,68.927395],[60.90268,69.12226],[60.776703,69.177191],[60.591319,69.132799],[60.562836,69.295233],[60.152599,69.626288],[60.653575,69.672756],[60.736013,69.839057],[60.926606,69.867499],[64.127615,69.550116],[65.004405,69.304145],[64.812836,69.266262],[64.785899,69.147121],[65.029552,69.271877],[67.090099,68.855658],[67.046153,68.818305],[67.1963,68.707343],[68.246349,68.355129],[68.184255,68.242133],[68.44809,68.237982],[68.609141,68.318996],[68.564789,68.349799],[69.10906,68.878974],[68.946056,68.893256],[69.179942,68.952094],[68.487153,68.97016],[68.026215,69.319403],[68.102224,69.482245],[68.045584,69.551093],[68.040212,69.489691],[67.824392,69.510728],[67.017263,69.70307],[66.868663,69.639838],[66.957693,69.536851],[66.813731,69.571682],[66.771007,69.740668],[66.874197,69.995917],[66.978201,70.057603],[67.00408,69.963202],[67.197032,69.995795],[67.327647,70.106024],[67.105235,70.209377],[67.266287,70.414537],[67.224946,70.507025],[67.326996,70.716946],[67.257009,70.825588],[67.138438,70.841783],[66.719981,70.769599],[66.650238,70.910712],[66.889496,71.078681],[66.819509,71.100979],[66.739919,71.007025],[66.620453,71.057847],[66.900401,71.28559],[67.58839,71.415107],[68.305431,71.696112],[68.643728,72.033189],[68.90089,72.479071],[68.869395,72.532375],[69.35377,72.952582],[69.773936,72.973293],[69.572276,72.920071],[69.887543,72.881496],[71.529796,72.916815],[72.836925,72.709906],[72.721446,72.70303],[72.844981,72.520413],[72.84783,72.261623],[72.522227,71.922268],[72.32016,71.823188],[72.363048,71.73607],[71.803396,71.480292],[72.105724,71.290351],[72.636485,71.131659],[72.648204,70.999579],[72.827403,70.887641],[72.688243,70.634426],[72.76588,70.550727],[72.739106,70.411811],[72.459483,70.304429],[72.61199,70.144761],[72.522146,70.012397],[72.677908,69.872992],[72.649587,69.748114],[72.50172,69.646715],[72.633311,69.454291],[72.505138,69.42121],[72.632091,69.328315],[72.477875,69.176947],[72.571056,68.951158],[73.646739,68.484442],[73.108572,68.226386],[73.081065,68.119778],[73.200694,67.913764],[73.094737,67.830146],[73.114268,67.690375],[72.556326,67.604682],[72.405935,67.479967],[72.402599,67.32807],[72.060069,67.308743],[72.231293,67.169176],[71.913259,67.13231],[71.99464,67.055976],[71.763682,66.9289],[71.301931,66.953559],[71.514903,66.878485],[71.480724,66.826972],[71.584239,66.731635],[71.459646,66.638739],[71.083507,66.632066],[71.12379,66.584296],[70.68865,66.515367],[70.295177,66.638251],[70.735037,66.74844],[70.315684,66.679877],[69.897797,66.871649],[69.577485,66.829576],[69.637218,66.796576],[68.965017,66.809556],[69.083751,66.779486],[69.112641,66.618842],[69.205577,66.569403],[69.902843,66.415473],[70.362641,66.334418],[71.428884,66.355943],[72.097016,66.248481],[72.347341,66.306383],[72.402599,66.50023],[72.288829,66.501125],[72.493663,66.618801],[72.942393,66.656684],[73.85377,66.996772],[73.919932,67.077704],[73.899587,67.29621],[74.730317,67.686265],[74.824962,67.940497],[74.736827,68.121283],[74.331554,68.385565],[74.457774,68.506293],[74.413422,68.619534],[74.48113,68.720526],[74.62794,68.774604],[76.113129,68.977729],[76.582367,68.975165],[76.6963,68.857733],[76.662608,68.762641],[77.315929,68.530585],[77.167003,68.281806],[77.330577,68.246649],[77.200206,67.996324],[77.299001,67.925442],[77.079845,67.790351],[77.684581,67.563666],[79.028331,67.569485],[78.751475,67.653144],[78.50766,67.613756],[78.573253,67.632636],[78.453624,67.69245],[78.113455,67.656968],[77.874278,67.685289],[77.948904,67.728217],[77.792979,67.76732],[77.494151,67.751288],[77.469737,67.879096],[77.572765,67.935533],[77.469737,67.995103],[77.586436,68.163316],[78.153575,68.257554],[77.91391,68.456732],[77.956309,68.495429],[77.774099,68.534247],[77.646983,68.911119],[76.042003,69.239081],[75.508556,69.26142],[75.09197,69.132799],[75.153982,69.119208],[74.772797,69.081244],[74.313731,69.146389],[73.961274,69.083808],[73.776622,69.153957],[73.899587,69.414008],[73.515961,69.746405],[73.705251,69.955308],[73.734548,70.180894],[74.266856,70.479722],[74.320811,70.658637],[73.952159,70.836819],[73.91033,70.950995],[73.532725,71.264309],[73.022472,71.428778],[73.481781,71.652737],[73.52589,71.822211],[74.994884,72.137844],[75.111095,72.346422],[75.061046,72.583197],[74.747569,72.808295],[75.036632,72.881659],[75.318858,72.819159],[75.522309,72.759833],[75.347504,72.692288],[75.708181,72.565863],[75.561697,72.525336],[75.735525,72.257392],[75.517833,72.153225],[75.443858,71.991929],[75.286794,71.959906],[75.237559,71.863593],[75.300629,71.724595],[75.49171,71.666083],[75.421723,71.627997],[75.532888,71.542304],[75.266612,71.462226],[75.263031,71.365546],[76.108409,71.204495],[76.888927,71.190416],[76.914236,71.072455],[77.005138,71.184475],[77.558116,71.173651],[77.837738,71.124579],[77.948904,70.976264],[78.411388,70.895453],[79.039561,70.937323],[79.102794,71.02025],[78.431488,70.932115],[78.539806,71.036322],[78.443858,71.115302],[78.346202,71.099799],[78.471039,71.061754],[78.237559,71.109687],[78.312511,71.226386],[77.956065,71.253892],[77.990489,71.346381],[77.928477,71.3605],[77.711925,71.281317],[77.435557,71.333197],[77.524913,71.305243],[76.272309,71.572903],[76.030447,71.897773],[76.878184,72.050035],[77.584646,71.831122],[78.109548,71.880439],[78.225759,71.982571],[78.031586,72.094672],[77.38738,72.092231],[77.490733,72.175442],[77.441742,72.209621],[77.668224,72.192816],[78.136241,72.385199],[79.209483,72.390204],[80.834646,72.083319],[80.820811,72.024604],[80.649425,72.065579],[81.249766,71.859198],[81.342296,71.764228],[81.736664,71.699897],[82.867361,71.786444],[83.203787,71.736884],[83.289887,71.647895],[83.050141,71.561591],[83.021983,71.436672],[82.259288,71.252672],[82.352794,71.096259],[82.208344,70.986802],[82.408376,70.790188],[82.100108,70.589301],[82.334239,70.210517],[82.209483,70.590888],[82.445323,70.606513],[82.478689,70.804999],[82.688162,70.9619],[82.888845,70.925971],[82.877289,70.986884],[83.106619,70.896186],[83.010509,70.426581],[82.664073,70.260159],[82.883067,70.089016],[83.149425,70.076483],[83.129731,70.208564],[82.951671,70.325141],[83.534434,70.331977],[83.774669,70.47663],[83.381847,71.03266],[83.116059,71.113471],[83.24171,71.112209],[83.156993,71.231838],[83.628184,71.610907],[83.403575,71.81977],[82.665375,71.883979],[82.185069,72.093492],[82.307384,72.182847],[82.18214,72.2862],[81.208181,72.354926],[80.704112,72.545356],[80.834483,72.62051],[80.634125,72.703925],[80.805186,72.849595],[80.814301,72.97427],[80.437185,73.100898],[80.594981,73.114569],[80.520844,73.155829],[80.255382,73.176093],[80.533702,73.218492],[80.528331,73.28148],[80.272716,73.30976],[80.662446,73.498236],[80.540294,73.48725],[80.510916,73.5539],[84.793224,73.764716],[85.427013,73.7119],[85.570486,73.812934],[86.016124,73.866523],[87.080089,73.871527],[87.026622,73.783596],[85.784516,73.455756],[85.806407,73.350735],[86.663341,73.122138],[86.782481,73.000881],[86.659679,73.151801],[85.93393,73.32392],[85.861501,73.364407],[85.882335,73.496243],[87.164806,73.611396],[87.312022,73.682522],[87.280528,73.729926],[87.653331,73.861233],[87.544932,73.914293],[87.487559,73.835842],[87.296397,73.841376],[86.963064,74.017768],[87.419932,74.012112],[87.362315,74.047756],[86.895763,74.070217],[86.663341,74.235907],[86.02003,74.262519],[85.911876,74.339789],[86.286794,74.312934],[86.263927,74.380194],[86.095714,74.403998],[86.475271,74.458197],[86.928233,74.389472],[86.717133,74.325141],[86.781749,74.307074],[87.26238,74.354682],[86.548839,74.507148],[86.758311,74.547187],[85.740408,74.635891],[86.076427,74.724311],[86.120616,74.751939],[86.028331,74.813951],[86.090587,74.820787],[86.346934,74.780829],[86.21339,74.76557],[86.336925,74.704088],[86.939464,74.60932],[86.953868,74.683661],[86.794688,74.685045],[87.022797,74.728583],[87.097179,74.862128],[87.366466,74.935207],[87.172862,74.985297],[87.435802,75.002631],[87.574067,74.929674],[87.763682,75.017768],[86.940766,75.074042],[86.988048,75.153225],[87.992524,75.10692],[88.371349,75.255316],[88.625987,75.266506],[88.550304,75.314276],[88.611664,75.344224],[89.085216,75.403022],[88.73585,75.409857],[89.229259,75.502672],[89.678722,75.441555],[89.623871,75.477484],[90.057872,75.519721],[89.914561,75.560696],[90.886729,75.670559],[91.580251,75.637763],[91.742931,75.73607],[94.143077,75.941311],[93.546072,75.953437],[93.418956,75.87287],[93.258149,75.951728],[93.32016,75.972235],[93.00587,75.944037],[93.072032,75.912502],[93.007009,75.886664],[92.853526,75.955268],[92.923839,76.05329],[93.313487,76.106269],[93.960704,76.048326],[93.635509,76.122992],[93.685802,76.13227],[94.526215,76.061591],[94.738536,76.115627],[94.539887,76.149726],[96.177257,76.096259],[95.605479,75.898627],[95.739513,75.856431],[95.937266,75.949164],[96.518565,76.015774],[96.664561,75.965399],[96.463878,75.880032],[96.835216,75.888983],[97.205821,76.033637],[97.396821,76.047309],[97.198253,75.942369],[97.823904,75.988105],[97.5796,76.047797],[98.161388,76.090806],[98.219981,76.102525],[97.917735,76.122992],[98.816417,76.267035],[98.712738,76.204983],[99.235037,76.223578],[99.295584,76.204983],[99.09018,76.164008],[99.574229,76.155097],[99.46754,76.10871],[99.754893,76.049018],[99.614757,75.837226],[99.424001,75.793443],[99.570649,75.779731],[99.902354,75.927191],[99.825043,76.119859],[99.590668,76.272406],[99.066173,76.353095],[98.848888,76.517279],[100.304454,76.461859],[100.851085,76.540107],[102.249522,76.383124],[100.9192,76.552924],[101.104828,76.616441],[101.23463,76.767279],[100.981293,76.787177],[100.872081,76.8994],[101.206309,76.986029],[101.177094,77.059231],[101.583669,77.222317],[103.196625,77.658922],[103.59254,77.631578],[104.290294,77.737535],[104.257498,77.685289],[104.751638,77.706204],[104.866873,77.612982],[105.334239,77.541002],[105.873709,77.56859],[105.927257,77.45893],[106.259451,77.383531],[105.795665,77.373521],[105.455821,77.240465],[104.163585,77.107978],[105.934825,77.143215],[105.435395,77.000067],[106.80714,77.052476],[107.285818,77.020575],[107.474864,76.932074],[106.953624,76.720526],[106.724132,76.718899],[106.789236,76.685004],[106.624766,76.56684],[106.396658,76.604315],[106.417003,76.509223],[107.84547,76.534817],[107.974376,76.613227],[107.90211,76.671088],[108.003917,76.74018],[109.397797,76.759996],[110.034516,76.691962],[111.090343,76.762274],[111.143891,76.687893],[111.555431,76.684149],[111.466807,76.639797],[112.15797,76.490465],[111.871593,76.361396],[112.288422,76.451361],[112.670909,76.363105],[112.688975,76.253892],[112.547862,76.242377],[112.82016,76.171129],[112.786876,76.086249],[112.591807,76.054674],[112.962169,76.06509],[113.059337,76.163764],[113.302745,76.115627],[112.93214,76.259589],[113.216075,76.266791],[113.459727,76.148383],[113.555919,75.972235],[113.439789,75.944281],[113.547699,75.902899],[113.499848,75.861965],[113.808604,75.936469],[113.890147,75.85399],[113.72047,75.61933],[113.426117,75.540229],[113.617442,75.656236],[113.067556,75.683498],[113.128917,75.694322],[112.364919,75.856431],[112.870616,75.711493],[112.768809,75.702826],[112.878103,75.646674],[112.803396,75.604478],[112.882091,75.546047],[113.267426,75.651109],[113.254893,75.574368],[113.638438,75.519721],[113.719493,75.424628],[113.549083,75.40644],[113.653656,75.384345],[113.55128,75.269355],[112.879649,74.992906],[112.146821,74.878363],[111.743826,74.663153],[111.402843,74.691107],[110.960216,74.548489],[110.331554,74.496161],[110.280528,74.478217],[110.362559,74.41828],[110.212087,74.372382],[109.589854,74.31509],[109.942638,74.307766],[109.796886,74.161689],[108.996104,74.01557],[108.06658,73.635321],[107.172862,73.621649],[106.785411,73.340522],[106.062755,73.273017],[105.833832,73.002265],[105.066742,72.78559],[105.117849,72.775133],[105.482595,72.768134],[106.036368,72.952522],[106.823294,72.825614],[107.103263,72.856406],[106.25464,72.9672],[106.181488,73.108466],[106.333018,73.189643],[106.775564,73.141018],[108.316661,73.221584],[108.374848,73.232408],[108.238943,73.274359],[109.439138,73.440497],[109.180186,73.510199],[109.221202,73.545111],[109.713878,73.452582],[110.898611,73.685858],[110.917979,73.765611],[110.663748,73.787258],[109.673676,73.678168],[109.555512,73.755194],[109.535655,73.821234],[109.819835,73.877265],[110.021495,74.014472],[110.958995,73.908637],[111.103038,73.950019],[111.126231,74.030463],[111.536469,74.051174],[111.582205,74.025702],[111.223399,73.99258],[111.435557,73.812567],[112.371837,73.705308],[112.920177,73.778876],[112.822927,73.99844],[113.111501,73.892157],[113.427908,73.633979],[113.14503,73.460761],[113.49464,73.339911],[113.487071,72.96369],[113.097179,72.840806],[113.177257,72.732978],[114.090343,72.600653],[113.390961,72.680609],[113.158214,72.822699],[113.516856,72.952948],[113.600597,73.10399],[113.542491,73.236274],[114.000255,73.334459],[113.48585,73.494778],[115.413097,73.710395],[118.450206,73.588772],[118.997569,73.49136],[118.489513,73.484442],[118.371837,73.431708],[118.394216,73.238023],[119.534516,73.055243],[119.722504,72.95893],[120.533702,72.874213],[119.778331,72.984809],[121.791352,72.976874],[122.732188,72.826565],[122.313243,72.934394],[122.84311,72.872504],[122.95338,72.891547],[122.436697,72.977362],[122.61378,73.030951],[123.13795,72.918036],[123.338145,72.981106],[123.314301,73.025784],[123.467947,73.079576],[123.375824,73.155504],[123.670665,73.203315],[123.21811,73.408759],[123.383556,73.435777],[123.246104,73.545885],[123.568858,73.716051],[123.691254,73.604193],[123.947032,73.62637],[123.999522,73.641506],[123.87672,73.772528],[124.059581,73.684801],[124.35255,73.806586],[124.856212,73.724066],[124.986583,73.627875],[125.127208,73.688178],[125.179373,73.558539],[125.630219,73.534613],[125.538259,73.474514],[125.574962,73.423],[125.947765,73.541002],[125.911876,73.436103],[125.974864,73.43594],[126.288097,73.557278],[126.391124,73.464016],[126.151622,73.436103],[126.254568,73.402533],[126.181407,73.388902],[126.453136,73.395087],[126.589692,73.295803],[126.555675,73.254828],[126.658702,73.302639],[126.562999,73.381496],[126.932384,73.429877],[126.867198,73.517646],[127.050466,73.549018],[127.987559,73.470852],[127.922374,73.443061],[128.051768,73.416327],[127.98227,73.363349],[128.315929,73.361029],[128.23463,73.265367],[128.892589,73.216986],[128.816742,73.100898],[129.066173,73.127672],[129.443508,73.028944],[129.478931,72.97924],[129.359618,72.940012],[128.927519,72.980158],[128.290782,72.908637],[128.129242,72.786078],[129.358084,72.70303],[127.905447,72.667141],[128.611339,72.482733],[129.258311,72.463935],[129.241954,72.415676],[129.489024,72.354193],[129.357595,72.262885],[129.521658,72.249416],[129.241954,72.134467],[129.458751,72.141588],[129.333263,72.091051],[128.934093,72.072984],[128.494314,72.202786],[128.569509,72.24372],[127.665782,72.43008],[127.838878,72.342475],[127.747081,72.325629],[128.441661,72.100287],[128.926606,71.738756],[129.18393,71.809272],[129.030121,71.994818],[129.543712,71.722968],[129.305431,71.760891],[128.830333,71.679145],[128.927908,71.59101],[129.233084,71.560248],[129.42335,71.32453],[129.762706,71.14761],[129.645274,71.096625],[130.067719,71.085761],[130.201508,71.011054],[130.167328,70.968817],[130.619884,70.8664],[130.789073,70.971137],[130.882335,70.786078],[131.042003,70.738756],[131.546153,70.887112],[131.898285,71.222357],[132.188324,71.215888],[131.966075,71.254584],[132.091645,71.498114],[132.539317,71.883612],[132.717784,71.946234],[133.066274,71.971291],[133.341361,71.886265],[133.354003,71.83396],[133.031345,71.955099],[132.796395,71.910922],[132.714854,71.776801],[132.985216,71.719717],[133.151622,71.579169],[133.908702,71.3994],[134.739024,71.367987],[134.650645,71.297309],[134.810232,71.481838],[135.42335,71.531195],[135.340831,71.565904],[135.621593,71.623114],[136.443858,71.575873],[136.58725,71.487779],[136.774587,71.523424],[137.492198,71.346829],[137.403494,71.284735],[137.704926,71.284735],[137.720225,71.231431],[137.526134,71.220282],[137.842296,71.119696],[138.038259,71.131049],[137.739268,71.229478],[138.067231,71.224921],[138.215017,71.257636],[137.992442,71.292182],[138.322927,71.311225],[137.828624,71.387152],[138.098643,71.581448],[138.500255,71.613105],[138.401866,71.567084],[138.577159,71.551947],[138.554861,71.606879],[138.756033,71.643012],[139.008962,71.585273],[139.192231,71.415107],[139.421886,71.488756],[140.018321,71.470852],[139.761729,71.652045],[139.708018,71.769924],[139.765391,71.854926],[139.336192,71.942694],[139.634532,71.954535],[139.874197,72.178168],[140.192882,72.166734],[140.145518,72.224921],[139.56072,72.232001],[139.432384,72.182847],[139.555919,72.175442],[139.242198,72.145697],[139.089203,72.236884],[139.498383,72.48725],[140.576508,72.496324],[141.070079,72.57807],[140.932628,72.600653],[141.01295,72.690823],[140.595958,72.858588],[140.725841,72.898627],[142.2317,72.701565],[143.486827,72.7001],[145.409516,72.555894],[146.854015,72.354193],[145.371755,72.345933],[144.943207,72.438178],[144.482758,72.23664],[144.105479,72.277899],[144.415538,72.175035],[145.068696,72.26435],[146.92921,72.312649],[145.972504,71.856269],[145.999848,72.017646],[146.346934,72.127631],[146.078949,72.170396],[145.949718,72.083075],[145.84254,72.230048],[145.613292,72.24433],[145.701996,72.217027],[145.6338,72.093492],[145.800466,72.00731],[145.769298,71.913804],[145.329356,71.870998],[144.970958,71.980292],[144.962169,71.922268],[145.188731,71.856024],[144.926768,71.782538],[144.89324,71.675198],[145.333263,71.661078],[146.156505,71.820705],[147.195567,72.329901],[148.402029,72.31094],[149.611339,72.148383],[150.074229,71.894232],[149.709483,71.772895],[149.329112,71.89704],[149.148692,71.771389],[148.866059,71.810248],[149.039399,71.764594],[148.827159,71.675198],[149.965099,71.662787],[150.068858,71.615058],[149.868012,71.497016],[150.670177,71.466376],[150.036632,71.227607],[150.096202,71.210517],[150.738943,71.393988],[150.613292,71.284369],[151.033051,71.393988],[151.492442,71.333157],[152.133962,70.998114],[151.657481,70.990546],[152.540782,70.791327],[155.936371,71.099351],[157.989106,71.047512],[159.237804,70.829291],[159.84311,70.581529],[160.094249,70.309882],[159.958669,70.141059],[159.68865,70.133979],[159.889985,70.107652],[159.869314,70.005032],[159.692068,69.910875],[159.769054,69.76203],[160.99464,69.593166],[160.937755,69.440131],[161.038585,69.194892],[160.962901,69.105536],[161.340343,69.027533],[161.394054,68.943427],[161.106944,68.605211],[160.758067,68.564276],[160.821056,68.527411],[161.149913,68.570868],[161.330821,68.691962],[161.327647,68.797065],[161.575857,68.932603],[161.415375,69.331448],[161.676443,69.482327],[162.38852,69.681545],[163.584809,69.684068],[164.072765,69.7685],[164.834258,69.567404],[165.674729,69.595978],[166.893809,69.495917],[167.802013,69.775214],[168.036143,69.720526],[167.926443,69.654202],[168.256602,69.531684],[168.192068,69.379869],[168.288259,69.242662],[169.371267,69.076565],[169.484141,68.821682],[169.625499,68.777248],[170.351085,68.82807],[170.609548,68.752346],[170.458669,68.831732],[170.594574,68.909003],[170.694021,68.858466],[170.979259,69.055854],[171.159434,69.037258],[170.919444,69.164984],[170.913097,69.304145],[170.60613,69.589789],[170.180414,69.584636],[170.231553,69.688589],[170.559976,69.753854],[170.556814,70.092434],[170.406749,70.11286],[170.481619,70.142035],[172.701345,69.98314],[173.2671,69.790758],[173.475759,69.829169],[173.195974,69.900946],[173.460785,69.948554],[173.737804,69.851996],[175.715542,69.881453],[175.529737,69.856304],[175.997177,69.769363],[176.143482,69.78209],[176.145792,69.839552],[175.790229,69.873085],[176.127615,69.893785],[176.242035,69.774359],[176.976899,69.634426],[178.772634,69.415229],[179.048839,69.336371],[178.75587,69.372992],[178.653982,69.31745],[179.261485,69.272162],[179.958507,68.995673],[179.576915,69.110907],[179.729991,69.006537],[180,68.98105],[180,65.06619],[179.478689,64.82274],[178.561534,64.591539],[178.485606,64.6105],[178.75587,64.682196],[177.601736,64.725898],[177.427094,64.821031],[177.491873,64.850084],[177.399913,64.936469],[176.93686,65.082831],[176.306326,65.055487],[176.914724,65.049302],[177.27589,64.850002],[177.025645,64.774359],[176.62615,64.867906],[176.45753,64.809149],[176.065196,64.958645],[175.71461,64.793647],[174.441742,64.69245],[175.711681,64.774726],[176.038748,64.92182],[176.41505,64.714748],[176.100841,64.548407],[176.428884,64.678941],[176.727387,64.579169],[176.98585,64.711127],[177.491873,64.767524],[177.369395,64.521674],[177.669932,64.305121],[178.183849,64.205797],[178.100841,64.23786],[178.250662,64.32685],[178.243907,64.400092],[178.183849,64.411282],[178.564708,64.060614],[178.382579,63.979234],[178.64324,64.000963],[178.762869,63.642768],[178.268403,63.588446],[178.341482,63.527411],[178.675466,63.563707],[178.720225,63.476467],[178.603201,63.419094],[178.663585,63.390367],[178.815766,63.419664],[178.770844,63.59394],[179.005544,63.321357],[178.848155,63.404202],[178.809337,63.350491],[179.386485,63.1612],[179.403656,63.055406],[179.249522,62.984687],[179.589041,62.762397],[179.383637,62.520819],[179.116059,62.472235],[179.103282,62.297919],[178.061046,62.541083],[177.306814,62.582099],[177.324474,62.727729],[177.454438,62.808539],[177.188975,62.709662],[177.009532,62.867255],[176.958018,62.643541],[177.26588,62.588324],[176.661876,62.534613],[176.320567,62.335028],[175.337901,62.082831],[175.395193,62.122748],[175.273611,62.152574],[175.230317,62.043931],[174.765147,61.916693],[174.625499,61.982856],[174.690115,61.861274],[174.104503,61.848538],[173.824718,61.660549],[173.544607,61.749091],[173.49586,61.589179],[173.128429,61.396959],[172.715587,61.430732],[172.931326,61.351549],[172.894542,61.277899],[172.667817,61.334459],[172.766775,61.262519],[172.573741,61.187201],[172.338227,61.211005],[172.434418,61.149563],[172.286388,61.123684],[172.489594,61.081244],[172.448253,61.044338],[172.263031,61.01496],[172.009288,61.101142],[172.200857,60.975775],[172.006847,60.855211],[171.957774,60.953111],[171.961599,60.854682],[171.548595,60.809516],[171.632579,60.744818],[171.436209,60.699408],[171.420258,60.77619],[171.374848,60.654975],[171.16033,60.556586],[170.750743,60.529486],[170.81072,60.49844],[170.717296,60.428168],[170.51588,60.450629],[170.662934,60.350246],[170.473969,60.232245],[170.400645,59.965644],[170.265147,59.920356],[169.936046,60.075751],[169.843761,60.210761],[169.97462,60.232164],[169.755219,60.27558],[169.69337,60.41649],[169.235362,60.621161],[167.781912,60.548163],[167.634939,60.455268],[167.365977,60.465806],[167.374034,60.405951],[167.229666,60.359687],[167.024913,60.42768],[167.052745,60.340522],[166.199067,59.826077],[166.109548,59.82746],[166.102794,59.90941],[166.287771,60.224677],[166.232595,60.395982],[166.39088,60.492255],[166.052257,60.453843],[165.946056,60.38935],[166.168956,60.45246],[165.245779,60.103339],[164.999278,60.135321],[165.198578,60.005194],[164.80714,59.789618],[164.723318,59.956773],[164.488536,60.111029],[164.140636,59.950995],[164.172048,59.867621],[164.041677,59.907538],[164.204845,59.997504],[163.651541,60.051663],[163.66212,59.986029],[163.765636,59.997504],[163.714366,59.926459],[163.361827,59.82746],[163.390147,59.631537],[163.183442,59.565497],[163.321462,59.411038],[163.306651,59.271308],[163.066905,59.234076],[163.218616,59.150678],[163.226052,59.055495],[163.012462,59.161444],[162.903575,59.133979],[163.077758,59.007594],[163.033211,58.948608],[162.920988,58.923924],[162.902599,58.983954],[162.405294,58.654445],[161.993228,58.087392],[162.082042,57.882473],[162.455539,57.784351],[162.34547,57.691596],[162.521789,57.754156],[162.559337,57.949286],[162.711599,57.966742],[163.218942,57.813458],[163.32951,57.708945],[163.074834,57.461],[162.789017,57.32652],[162.859851,57.051443],[162.7835,56.763029],[163.238969,56.733021],[163.366069,56.180659],[162.993195,56.010626],[162.583507,56.22484],[163.116052,56.500504],[162.989949,56.533434],[162.94261,56.449028],[162.682944,56.483867],[162.429454,56.394029],[162.59254,56.26849],[162.056752,56.069135],[161.764131,55.554846],[161.812981,55.179184],[162.12672,54.881171],[162.130147,54.772415],[161.723806,54.509426],[161.281912,54.498847],[161.15089,54.597317],[160.741222,54.535224],[160.052989,54.175727],[159.917979,54.005357],[159.818207,53.659654],[159.969249,53.570299],[159.96046,53.496772],[159.825043,53.5362],[159.796641,53.481513],[159.920665,53.396959],[160.058604,53.097357],[159.756847,53.220893],[159.81072,53.270087],[159.163829,53.134914],[158.739431,52.903306],[158.576427,53.067857],[158.45338,53.034613],[158.435557,52.919745],[158.632986,52.916978],[158.499766,52.778957],[158.575857,52.667548],[158.421153,52.659125],[158.517345,52.524726],[158.430919,52.418891],[158.543468,52.420722],[158.558604,52.324856],[158.390147,52.226223],[158.286876,51.967515],[157.759192,51.543983],[157.536876,51.48607],[157.475738,51.361474],[156.669988,50.863917],[156.761937,50.984431],[156.721874,51.195482],[156.535492,51.289252],[156.439192,52.216031],[156.296723,52.492336],[156.372325,52.446845],[156.431895,52.524604],[156.265726,52.598171],[156.111196,52.93542],[155.551177,55.284205],[155.689789,56.047512],[155.980865,56.670493],[156.125255,56.832017],[156.174001,56.845852],[156.063731,56.715969],[156.461275,56.948406],[156.552094,57.108954],[156.718028,57.08275],[156.976491,57.391016],[156.930675,57.658433],[156.783051,57.739895],[156.981456,57.857123],[157.241873,57.770494],[157.4699,57.803941],[157.695079,58.027289],[158.22462,58.025458],[158.320974,57.954413],[158.251231,58.038398],[159.198741,58.48664],[159.727794,58.883043],[159.729666,59.011298],[159.864431,59.14057],[160.336274,59.36107],[160.52003,59.559963],[160.87379,59.632148],[161.466655,60.032239],[161.897215,60.202961],[161.994232,60.430608],[162.753673,60.645941],[162.916688,60.760006],[163.324821,60.804665],[163.315319,60.750624],[163.728173,60.868382],[163.774263,60.91852],[163.53604,60.990775],[163.625042,61.121073],[164.004242,61.326565],[163.976573,61.419745],[163.759494,61.479001],[163.866057,61.646524],[164.044815,61.683433],[164.122901,62.249613],[164.243578,62.327977],[164.73903,62.460367],[165.316173,62.324205],[165.110875,62.429416],[165.65089,62.459174],[165.110029,62.485326],[164.446919,62.689419],[163.26705,62.521995],[163.228589,62.384894],[163.351698,62.350112],[163.091487,62.226638],[163.101079,62.092076],[163.17628,62.068183],[163.000305,61.828752],[163.321801,61.67579],[163.0447,61.517129],[162.803531,61.71099],[162.622667,61.659069],[162.746109,61.624102],[162.672076,61.604551],[162.386136,61.658919],[162.02693,61.400906],[161.900076,61.427476],[161.913018,61.357294],[161.807293,61.372207],[160.915149,60.899645],[160.791449,60.734197],[160.410319,60.706086],[160.185933,60.578406],[160.149612,60.650713],[160.251685,60.772418],[160.170095,60.824897],[160.444215,61.03622],[159.797539,60.931103],[159.98214,61.152187],[159.907725,61.259426],[159.803512,61.241003],[159.996383,61.284324],[159.943748,61.297854],[159.999244,61.382414],[160.106853,61.429963],[160.0515,61.448904],[160.28514,61.554107],[160.272034,61.686523],[160.399288,61.793537],[160.345714,61.944729],[160.039012,61.846246],[159.898331,61.718134],[159.577213,61.652771],[159.536511,61.785284],[159.427592,61.784415],[159.394018,61.875546],[159.117796,61.91666],[158.920746,61.903022],[158.853038,61.826321],[158.260227,61.825934],[158.063437,61.742286],[157.537341,61.791946],[157.027599,61.65058],[156.923833,61.551813],[156.679463,61.524017],[156.662918,61.210892],[156.045202,60.973033],[155.9406,60.880458],[155.913621,60.703583],[155.818126,60.723212],[154.952403,60.367418],[154.490408,59.972398],[154.563698,60.093705],[154.433597,60.076429],[154.487804,59.896308],[154.22077,59.86962],[154.361176,59.584703],[154.241804,59.665741],[154.091061,59.530569],[154.123736,59.473608],[154.263782,59.436878],[154.402311,59.535015],[154.419688,59.439765],[154.515856,59.410386],[154.426524,59.534857],[154.978689,59.490668],[155.209713,59.34388],[155.194102,59.175767],[154.813301,59.194172],[154.804879,59.132226],[154.438021,59.215521],[154.307975,59.094159],[154.026378,59.054389],[153.691975,59.185061],[153.750905,59.218532],[153.369151,59.241278],[153.299978,59.152493],[153.35022,59.13402],[153.034369,59.067841],[152.899913,58.903632],[152.55674,58.949981],[152.36671,59.057278],[152.020298,58.875037],[151.337277,58.838867],[151.103405,59.090555],[152.282785,59.204837],[152.147472,59.293036],[151.760265,59.299262],[151.637576,59.48248],[151.424627,59.597716],[150.937106,59.555868],[150.779912,59.432263],[150.535562,59.478969],[150.77156,59.536958],[150.715772,59.556007],[149.326834,59.758612],[149.378593,59.724654],[149.033214,59.624823],[149.21697,59.487982],[148.968435,59.452216],[148.869151,59.474921],[148.88795,59.546291],[148.727042,59.450332],[148.787254,59.358765],[148.989906,59.375377],[148.96419,59.27327],[148.787937,59.236484],[148.470876,59.25651],[148.336113,59.397023],[148.219436,59.40887],[147.492035,59.246772],[146.503917,59.463121],[146.358961,59.42994],[146.322957,59.179952],[146.050292,59.138873],[145.833998,59.275307],[145.975797,59.398749],[145.818126,59.415961],[143.840505,59.402476],[143.493617,59.318518],[143.164806,59.381008],[142.01531,58.99726],[141.583734,58.617749],[140.740001,58.271308],[140.458573,57.831787],[140.052745,57.720445],[139.8143,57.507362],[139.113811,57.234385],[138.902473,57.031213],[138.623057,56.959296],[138.56152,56.826548],[138.484907,56.84954],[138.148448,56.603583],[138.208496,56.468929],[137.914067,56.359526],[137.698029,56.126202],[136.462847,55.579291],[136.142589,55.314439],[135.469064,55.056664],[135.183724,54.859155],[135.265147,54.721666],[135.654145,54.665961],[135.725108,54.577704],[136.823497,54.647528],[136.826508,54.458157],[136.75408,54.391669],[136.806488,54.173774],[136.663585,53.947089],[136.764334,53.775295],[137.18572,53.85106],[137.279959,54.022773],[137.061371,54.145697],[137.419119,54.311347],[137.711681,54.330471],[137.483897,54.084662],[137.405121,54.146674],[137.302745,54.087877],[137.602061,53.953843],[137.862804,53.967597],[137.594981,53.813137],[137.55421,53.714301],[137.217621,53.600572],[137.335134,53.529364],[138.150076,53.672756],[138.395681,53.928412],[138.55893,53.989569],[138.579926,53.828315],[138.215587,53.491767],[138.473155,53.525946],[138.771821,54.01557],[138.7671,54.104682],[138.675792,54.071519],[138.746593,54.242499],[138.643565,54.297187],[139.302257,54.190619],[139.767589,54.303941],[139.875173,54.18887],[140.240571,54.056952],[140.3567,53.790025],[140.581228,53.639309],[141.377696,53.309638],[141.424001,53.174872],[141.170421,52.983466],[140.706716,53.111029],[141.26059,52.85224],[141.212087,52.797593],[141.316254,52.659125],[141.135265,52.470526],[141.167166,52.364895],[141.546886,52.176907],[141.354991,52.105902],[141.31365,52.004096],[141.417817,51.954739],[140.932628,51.628241],[140.901378,51.494086],[140.800059,51.454169],[140.896007,51.428778],[140.87379,51.371772],[140.68629,51.312812],[140.706716,51.031684],[140.542247,50.877143],[140.442149,50.530097],[140.545421,50.344062],[140.549164,50.114081],[140.674571,50.098212],[140.415212,49.874579],[140.517263,49.785549],[140.560802,49.575385],[140.432872,49.306138],[140.351085,49.295071],[140.365326,49.132392],[140.219249,49.013861],[140.39796,48.992743],[140.212983,48.767401],[140.177013,48.461819],[139.261729,47.787909],[138.974864,47.323676],[138.594819,47.067328],[138.344574,46.548733],[138.034028,46.155951],[137.144542,45.374661],[136.825531,45.204088],[136.235362,44.651679],[136.165294,44.496527],[135.837901,44.362698],[135.624034,44.038479],[135.463634,43.949652],[135.487885,43.832709],[135.285411,43.691881],[135.182221,43.710639],[135.230724,43.682115],[135.115326,43.500678],[134.193696,43.079779],[133.926768,42.882717],[133.193696,42.706773],[133.062022,42.688422],[132.911632,42.818752],[132.833018,42.749823],[132.774425,42.895901],[132.289317,42.882717],[132.381684,43.19123],[132.314952,43.31566],[131.972016,43.082506],[131.847179,43.089911],[132.051524,43.297919],[131.895274,43.31863],[131.774181,43.302069],[131.564952,42.996283],[131.38795,42.930121],[131.458995,42.884426],[131.257069,42.751561],[131.185346,42.55955],[131.120347,42.66719],[130.872569,42.603949],[130.815478,42.634172],[130.944591,42.631171],[130.65667,42.66408],[130.842133,42.558539],[130.703603,42.295241],[130.530771,42.53048],[130.571906,42.621818],[130.40375,42.677551],[130.586478,42.817258],[131.073994,42.896582],[131.269641,43.364744],[131.166908,43.521066],[131.261476,44.046098],[131.065829,44.682028],[130.930127,44.824965],[131.419502,44.958962],[131.853068,45.337596],[131.931512,45.248712],[132.92122,45.027899],[133.09878,45.10779],[133.140224,45.435419],[133.413489,45.573343],[133.514362,45.879268],[133.658125,45.93451],[133.687374,46.141836],[133.89408,46.291336],[133.926016,46.371305],[133.847778,46.456985],[134.005288,46.645836],[134.114222,47.055811],[134.197111,47.085163],[134.17551,47.310421],[134.535281,47.465579],[134.772579,47.710732],[134.566907,47.985496],[134.718733,48.263412],[134.206206,48.359659],[133.737914,48.251087],[133.544024,48.10151],[133.091958,48.10678],[132.820657,47.942372],[132.660357,47.931339],[132.556694,47.723496],[132.475769,47.706753],[130.983457,47.700035],[130.906976,47.884262],[130.66482,48.102052],[130.822123,48.333769],[130.759594,48.467921],[130.639292,48.477249],[130.529738,48.616258],[130.66668,48.841464],[130.625286,48.87436],[130.201799,48.882599],[129.926467,49.025691],[129.735057,49.238908],[129.551813,49.290481],[129.480603,49.421274],[129.316065,49.344121],[129.066881,49.361639],[128.750208,49.484526],[128.790412,49.527107],[128.686749,49.603227],[128.198304,49.538993],[127.854655,49.584881],[127.538654,49.789934],[127.486668,50.02563],[127.589814,50.186395],[127.354634,50.298636],[127.295516,50.722797],[126.931766,51.063783],[126.905153,51.208116],[126.981169,51.308859],[126.808983,51.289067],[126.890115,51.407018],[126.700566,51.562719],[126.715759,51.71749],[126.446059,51.982539],[126.551324,52.11297],[126.312217,52.22795],[126.392057,52.264356],[126.212327,52.533048],[125.977302,52.610769],[126.104065,52.754455],[125.856948,52.899046],[125.668691,52.877962],[125.733545,52.981651],[125.637995,53.046143],[125.073688,53.212205],[124.848121,53.113684],[123.614294,53.563347],[122.293703,53.492653],[121.203485,53.276749],[120.874255,53.28016],[120.065828,52.783213],[120.042677,52.613508],[120.112854,52.584518],[120.429941,52.636091],[120.707391,52.550334],[120.628378,52.357891],[120.783201,52.161985],[120.705789,51.979955],[120.064898,51.614887],[119.728433,51.064533],[119.517955,50.904801],[119.496664,50.737059],[119.146711,50.404263],[119.363959,50.319462],[119.31621,50.092654],[119.091676,49.986562],[118.670565,49.962068],[117.873766,49.513206],[117.057588,49.672886],[116.21764,50.013848],[115.750898,49.884967],[115.387819,49.891064],[114.75375,50.236211],[114.333,50.272333],[113.579661,50.019945],[113.212448,49.822025],[113.071578,49.617748],[112.777126,49.501372],[112.473269,49.534135],[112.030195,49.411869],[111.362742,49.367634],[110.731359,49.137674],[110.382234,49.240045],[110.225034,49.165372],[109.286693,49.33854],[108.538057,49.32743],[108.032661,49.589326],[107.962898,49.661104],[107.946517,49.933491],[107.192196,50.006044],[106.656518,50.327007],[106.244863,50.290265],[105.984879,50.399767],[105.32864,50.476455],[104.405802,50.300548],[104.121685,50.148258],[103.306593,50.190426],[103.20169,50.296983],[102.887135,50.314966],[102.302933,50.563892],[102.329392,50.718817],[102.203043,50.829353],[102.179272,51.286431],[102.091267,51.364644],[101.315448,51.463604],[100.510898,51.726895],[99.917911,51.749478],[99.709655,51.880581],[99.32389,51.934221],[98.886398,52.128551],[98.711111,51.845105],[98.33222,51.718317],[98.233828,51.516521],[98.020611,51.435182],[97.80636,51.001126],[97.984644,50.846923],[98.023298,50.642026],[98.275376,50.537692],[98.262457,50.283805],[98.047999,50.023046],[97.566582,49.916799],[97.57361,49.847501],[97.301688,49.725545],[97.005892,49.865278],[96.346294,49.888584],[96.086362,49.992764],[95.922651,49.944601],[95.827876,50.020152],[95.480611,49.892201],[95.076398,49.945531],[94.921575,50.045887],[94.592293,50.029816],[94.354478,50.223602],[94.273346,50.544771],[93.104942,50.598825],[92.921077,50.792456],[92.671893,50.675616],[92.384572,50.865579],[92.15885,50.689103],[91.749779,50.684091],[91.382153,50.454958],[91.012046,50.425295],[90.699714,50.225152],[89.667684,49.92729],[89.615336,49.84192],[89.682308,49.708336],[89.339435,49.580799],[89.187352,49.621985],[89.160738,49.502716],[88.962662,49.46215],[88.88892,49.54168],[88.719421,49.442926],[88.19997,49.454347],[88.108503,49.247434],[87.816324,49.165837]]],[[[22.76722,54.35627],[19.63077,54.446652],[19.956309,54.756903],[19.976736,54.964586],[20.482432,54.975531],[20.924569,55.282658],[20.989431,55.273116],[20.558116,54.981757],[21.090668,54.901557],[21.243419,54.961249],[21.181326,55.193345],[21.349839,55.287789],[22.076823,55.02858],[22.541084,55.075761],[22.844321,54.832261],[22.681747,54.5699],[22.76722,54.35627]]],[[[33.628517,46.124935],[33.846216,46.195705],[34.504285,45.95068],[34.735309,45.953013],[34.809983,45.784996],[35.480724,45.297797],[35.694998,45.33039],[35.817149,45.464057],[35.946625,45.372138],[36.252452,45.461493],[36.631114,45.374742],[36.489268,45.33633],[36.367849,45.048774],[35.847992,44.992418],[35.706391,45.094672],[35.469574,45.10102],[35.108409,44.824937],[34.533214,44.752916],[34.10255,44.425116],[33.741222,44.395901],[33.379649,44.564521],[33.551117,44.614651],[33.537364,44.818996],[33.619884,44.908637],[33.562511,45.09394],[32.899262,45.354234],[32.591482,45.320136],[32.48585,45.394924],[32.936778,45.662502],[33.691661,45.860745],[33.759451,45.922268],[33.632009,45.944403],[33.628517,46.124935]]],[[[-180,65.066229],[-180,68.98237],[-179.579905,68.908637],[-179.540964,68.963284],[-179.26114,68.80312],[-178.844813,68.752361],[-178.517127,68.602962],[-178.687598,68.660659],[-178.701513,68.551619],[-178.041819,68.42768],[-177.95051,68.337714],[-178.060374,68.276923],[-177.99706,68.256537],[-177.732371,68.326117],[-178.345164,68.53441],[-177.496327,68.292955],[-177.765574,68.262641],[-177.338083,68.244574],[-177.166249,68.137397],[-176.564538,68.010316],[-176.779142,68.001902],[-176.49952,67.888605],[-176.23961,67.897574],[-176.533319,68.002962],[-175.920725,67.85102],[-176.084707,67.832077],[-176.13738,67.777359],[-176.064958,67.748273],[-176.300463,67.724244],[-176.205792,67.645152],[-175.66966,67.605048],[-176.007146,67.722794],[-175.824029,67.81296],[-175.2865,67.667106],[-175.12677,67.49989],[-175.218331,67.534199],[-175.172398,67.435114],[-175.350453,67.382514],[-175.31117,67.34468],[-175.023338,67.374182],[-175.056101,67.46015],[-174.777099,67.328437],[-174.889932,67.211563],[-174.897755,67.053957],[-174.700021,66.91652],[-174.758637,66.908778],[-174.68782,66.732417],[-174.97411,66.682115],[-174.467714,66.540059],[-174.4635,66.279748],[-174.165974,66.399375],[-174.22289,66.444565],[-174.015907,66.472171],[-173.93316,66.353603],[-173.999313,66.21925],[-173.713934,66.411213],[-173.876073,66.515251],[-174.214359,66.561426],[-173.923696,66.686781],[-174.017776,66.94747],[-174.239192,66.971785],[-174.184358,67.009118],[-174.234217,67.034746],[-174.474235,67.018827],[-174.356309,67.061358],[-174.61621,67.040955],[-173.547078,67.090677],[-173.463582,67.029487],[-173.07126,67.044233],[-173.272159,67.051951],[-173.145269,67.005635],[-173.309471,66.950769],[-173.318839,66.844369],[-173.241542,66.828454],[-173.102283,66.837521],[-173.213823,66.903168],[-173.083223,66.982929],[-172.66583,66.885043],[-172.362487,66.933213],[-172.928476,67.02157],[-172.994589,67.01027],[-171.718517,66.950777],[-171.640215,66.929815],[-171.694169,66.879572],[-171.630033,66.830058],[-171.353401,66.771853],[-171.388079,66.715183],[-171.27313,66.640643],[-170.385193,66.316532],[-170.653066,66.248481],[-170.31496,66.293149],[-170.106204,66.193047],[-170.288836,66.17988],[-170.223582,66.148139],[-169.922678,66.150295],[-170.043568,66.193305],[-169.990915,66.190131],[-169.654501,66.085305],[-169.71861,66.006133],[-169.981516,66.039008],[-170.606313,65.861314],[-170.532419,65.852729],[-170.571156,65.761217],[-170.488773,65.670758],[-170.588166,65.604566],[-170.875437,65.623358],[-171.463265,65.83259],[-171.263865,65.655585],[-170.981812,65.592054],[-171.038654,65.466987],[-171.250893,65.521991],[-172.034203,65.474438],[-171.743619,65.499661],[-172.260081,65.545233],[-172.206029,65.580766],[-172.322352,65.622113],[-172.272051,65.64775],[-172.401562,65.681017],[-172.82551,65.691107],[-172.389722,65.581817],[-172.388609,65.432236],[-172.121376,65.483979],[-172.188539,65.24245],[-172.692209,65.268378],[-172.201531,65.216874],[-172.215321,65.090277],[-172.086614,65.093638],[-172.323004,64.948345],[-173.000133,64.855268],[-173.164116,64.764603],[-172.805735,64.803371],[-172.750467,64.762366],[-173.008739,64.675552],[-172.844633,64.64887],[-172.966858,64.572397],[-172.465077,64.558417],[-172.220244,64.407338],[-172.545226,64.376505],[-172.932188,64.483706],[-173.013051,64.461575],[-172.788324,64.437861],[-172.848677,64.304386],[-173.106265,64.24098],[-173.368253,64.285478],[-173.274485,64.431098],[-173.388539,64.598822],[-173.365994,64.422475],[-173.598245,64.330628],[-173.98933,64.412348],[-174.042293,64.528258],[-174.652292,64.725328],[-174.591974,64.817405],[-174.653223,64.897901],[-174.723082,64.80721],[-174.897983,64.798138],[-174.918748,64.855543],[-175.056776,64.759414],[-175.456841,64.797215],[-175.352526,64.826459],[-175.850697,64.990383],[-175.740677,65.123435],[-175.881554,65.258455],[-175.908839,65.402953],[-176.044057,65.452094],[-176.976552,65.608059],[-177.415925,65.440748],[-178.461101,65.472741],[-178.528798,65.511176],[-178.411089,65.681765],[-178.872507,65.893948],[-178.978383,66.049262],[-178.725334,65.991926],[-178.682444,66.101874],[-178.495675,66.140127],[-178.462302,66.367891],[-178.603719,66.360756],[-178.722902,66.209747],[-178.895781,66.149711],[-179.117665,66.242662],[-179.09496,66.345608],[-179.19811,66.399319],[-179.171457,66.289455],[-179.424021,66.344062],[-179.251955,66.14517],[-179.574583,66.111297],[-179.682322,66.18773],[-179.817494,65.984117],[-179.766672,65.81981],[-179.277044,65.630256],[-179.26051,65.532179],[-179.464002,65.416991],[-179.52421,65.235361],[-179.66309,65.141263],[-180,65.066229]]],[[[180,71.53642],[180,70.992423],[179.80698,70.913097],[178.832042,70.808539],[178.622732,71.037746],[178.869151,71.209662],[180,71.53642]]],[[[-180,70.99201],[-180,71.536688],[-179.735951,71.586412],[-178.394846,71.540717],[-177.445912,71.222642],[-177.930491,71.041449],[-179.342112,70.908026],[-180,70.99201]]],[[[131.920095,43.019517],[131.790538,42.974555],[131.787364,43.034369],[131.920095,43.019517]]],[[[142.529063,54.297187],[142.543224,54.237209],[142.649099,54.283393],[142.733572,54.421454],[143.003917,54.135484],[142.861339,53.888129],[143.052745,53.607245],[143.006521,53.575751],[143.121104,53.518052],[143.070811,53.461086],[143.210623,53.363227],[143.360525,52.871405],[143.304698,52.471381],[143.224457,52.361762],[143.286469,52.565334],[143.235362,52.556708],[143.097667,52.104234],[143.174815,51.866604],[143.310395,51.75434],[143.221202,51.531643],[143.337901,51.508368],[143.346528,51.635932],[143.447765,51.508368],[143.474946,51.343248],[143.379405,51.350084],[143.509288,51.280666],[143.790294,50.309231],[144.117442,49.767808],[144.282725,49.25019],[144.441417,49.013861],[144.66684,48.889635],[144.722016,48.672065],[144.503673,48.948717],[144.006033,49.269355],[143.302013,49.405178],[143.249766,49.373277],[143.355154,49.320014],[143.619395,49.324042],[143.174164,49.245998],[143.0088,49.123033],[142.969249,48.878485],[142.549571,48.020087],[142.545258,47.766669],[142.748057,47.44477],[143.016368,47.253607],[143.174083,46.862738],[143.10613,46.792426],[143.365001,46.686754],[143.177745,46.832465],[143.497895,46.800727],[143.60963,46.384223],[143.4463,46.047105],[143.337901,46.40941],[143.368663,46.555487],[142.82781,46.592963],[142.710948,46.745185],[142.457205,46.630805],[142.094249,45.902777],[141.942068,46.024359],[141.81422,46.538398],[142.056651,47.053697],[141.96046,47.591783],[142.177419,47.930406],[142.174001,48.151313],[141.857432,48.774237],[141.967296,48.862372],[142.142263,49.568061],[142.150076,50.345689],[142.045177,50.528266],[142.269216,51.112413],[142.078949,51.471381],[141.703461,51.724026],[141.78712,51.72484],[141.809581,51.80622],[141.639008,51.884508],[141.641856,52.318183],[141.843761,52.590806],[141.928396,53.020657],[141.768809,53.371649],[142.241059,53.529364],[142.284841,53.371405],[142.434337,53.37816],[142.675304,53.518215],[142.498057,53.615627],[142.515391,53.672756],[142.800059,53.697577],[142.739106,53.845689],[142.604177,53.697577],[142.708263,53.948228],[142.282563,54.297187],[142.529063,54.297187]]],[[[28.634613,60.601386],[28.561697,60.594468],[28.575531,60.643052],[28.634613,60.601386]]],[[[-172.243096,64.815942],[-172.043356,64.751183],[-172.633193,64.684439],[-172.461344,64.827595],[-172.243096,64.815942]]],[[[70.130626,66.556342],[69.835297,66.488837],[69.545421,66.59101],[69.575206,66.638251],[69.424571,66.768378],[69.15089,66.775377],[69.425466,66.806708],[69.635509,66.693834],[69.575206,66.731391],[70.007579,66.710679],[70.130626,66.556342]]],[[[51.299571,68.495429],[51.498302,68.488593],[50.792491,68.379299],[51.299571,68.495429]]],[[[55.369477,68.947903],[55.506602,68.913764],[55.259125,68.912909],[55.369477,68.947903]]],[[[54.643321,69.009345],[54.694835,68.99726],[54.580251,68.957465],[54.643321,69.009345]]],[[[161.487071,69.026679],[161.422211,68.893256],[161.421886,69.021552],[161.141449,69.087348],[161.168956,69.325263],[161.073253,69.445014],[161.357921,69.550116],[161.319102,69.242662],[161.487071,69.026679]]],[[[161.631114,69.561103],[161.588552,69.436184],[161.410167,69.415513],[161.402354,69.580797],[161.487315,69.64057],[161.631114,69.561103]]],[[[71.353363,73.385199],[71.214122,73.285061],[71.144298,73.340522],[71.353363,73.385199]]],[[[51.409516,71.806138],[51.439626,71.942206],[51.610037,72.091702],[51.84311,72.157945],[52.368419,72.075344],[52.368419,72.162421],[52.46461,72.154975],[52.402029,72.223212],[52.484548,72.209621],[52.413585,72.269517],[52.668793,72.306383],[52.600108,72.355414],[52.868175,72.346747],[52.712576,72.366523],[52.67335,72.413275],[52.784679,72.446194],[52.679373,72.471503],[53.077485,72.593573],[52.764903,72.56037],[52.806,72.60928],[52.738455,72.62051],[53.21811,72.648424],[52.375255,72.730373],[52.595958,72.852444],[53.026866,72.924994],[53.382009,72.888617],[53.141856,72.989203],[53.382009,73.011542],[53.121918,73.100898],[53.32252,73.220852],[53.753184,73.298896],[54.190766,73.272203],[54.934825,73.42536],[56.435232,73.230129],[56.559906,73.166205],[55.80836,73.066107],[56.466156,73.052476],[56.377208,73.006659],[55.642263,72.97191],[56.212413,72.977362],[56.2199,72.853217],[56.13795,72.782294],[55.431651,72.78559],[55.81072,72.758368],[55.946056,72.668891],[55.648774,72.704088],[55.719249,72.651842],[55.618175,72.542182],[55.2671,72.586982],[55.553071,72.520209],[55.15211,72.462795],[55.442149,72.444159],[55.459239,72.350491],[55.388194,72.3133],[55.567719,72.208401],[55.363129,72.076972],[55.42628,72.064602],[55.390473,71.942694],[55.246593,71.955715],[55.495616,71.902086],[55.67213,71.611029],[56.105724,71.258979],[57.038748,70.869818],[57.638682,70.729885],[57.480724,70.744452],[57.539317,70.704779],[57.440115,70.630805],[56.740489,70.702582],[57.302908,70.586127],[56.585297,70.64232],[56.513438,70.725735],[56.581309,70.737738],[56.476817,70.750393],[56.199229,70.709377],[56.6421,70.597724],[56.475922,70.547919],[56.400645,70.56387],[56.562511,70.579047],[55.84669,70.683905],[56.047862,70.585273],[55.884044,70.585273],[55.625255,70.633734],[55.791515,70.633694],[55.75766,70.693915],[55.444591,70.743598],[55.36378,70.718166],[55.472504,70.65412],[55.290863,70.68891],[55.162608,70.553127],[54.533214,70.813056],[54.47877,70.736029],[54.767426,70.647935],[54.307465,70.773383],[53.459239,70.823554],[53.300141,70.8664],[53.704763,70.845933],[53.72934,70.936469],[53.491873,71.072455],[54.232432,71.119696],[53.992198,71.16059],[54.12794,71.207709],[54.064464,71.237006],[53.733084,71.171698],[53.461681,71.254706],[53.951182,71.462226],[53.413341,71.311754],[53.25172,71.456041],[53.444102,71.545478],[52.903087,71.392727],[52.8213,71.469916],[52.635427,71.462226],[52.561371,71.627997],[52.38559,71.549547],[52.40504,71.490465],[52.271169,71.57274],[52.141856,71.545478],[52.279063,71.476549],[51.86199,71.456244],[51.549815,71.560248],[51.409516,71.806138]]],[[[127.404796,73.518622],[127.690929,73.542873],[128.063324,73.49136],[127.404796,73.518622]]],[[[86.892345,73.696723],[86.783946,73.608222],[86.398936,73.594387],[86.892345,73.696723]]],[[[97.158051,76.088284],[97.293305,76.09634],[96.698578,75.995795],[97.158051,76.088284]]],[[[95.177419,76.170844],[95.047048,76.16413],[95.081228,76.218573],[95.177419,76.170844]]],[[[94.999197,76.273261],[94.848888,76.186103],[94.434744,76.202623],[94.999197,76.273261]]],[[[96.57488,76.341498],[96.72462,76.346381],[96.383311,76.335273],[96.57488,76.341498]]],[[[96.896658,76.256496],[97.04127,76.239081],[96.715994,76.208686],[96.876801,76.322252],[96.82838,76.341498],[97.052989,76.314846],[96.787364,76.212388],[96.896658,76.256496]]],[[[94.163097,76.596015],[94.316417,76.589667],[93.868337,76.588568],[94.163097,76.596015]]],[[[95.266124,76.671088],[95.327485,76.664252],[94.84669,76.637844],[95.122081,76.718899],[95.266124,76.671088]]],[[[56.98699,74.690497],[56.626801,74.693549],[56.450938,74.747992],[56.500987,74.793524],[55.832693,74.800035],[56.664561,74.944322],[56.294932,74.96483],[56.44158,75.004381],[56.397472,75.036526],[55.903331,74.991278],[55.946056,75.074042],[55.747732,75.075385],[56.037934,75.217597],[56.337413,75.189643],[56.445811,75.067288],[56.530447,75.078437],[56.88087,75.223293],[56.8921,75.280463],[56.76059,75.287014],[56.836192,75.355211],[57.046235,75.398139],[57.741059,75.327867],[57.532725,75.478664],[58.195649,75.603217],[57.954275,75.624091],[57.979503,75.671942],[58.604503,75.732611],[58.536143,75.759955],[59.398692,75.937445],[60.322276,75.998236],[60.084483,76.036363],[60.268077,76.110093],[60.83839,76.122992],[60.481456,76.027045],[60.734711,76.005357],[61.145763,76.116116],[60.89975,76.157172],[61.076915,76.279975],[62.382498,76.271186],[62.503673,76.17768],[62.77947,76.270697],[63.170177,76.243476],[63.933116,76.362291],[64.090831,76.312812],[65.484874,76.574897],[65.991384,76.533352],[65.771739,76.672919],[66.461925,76.8605],[67.588064,77.013373],[68.462901,76.966702],[68.808604,76.869086],[68.76238,76.842353],[69.002615,76.71662],[68.787608,76.588568],[68.904307,76.578803],[68.207042,76.330471],[68.301606,76.303412],[63.761729,75.641588],[63.552013,75.711493],[63.613292,75.702338],[63.304373,75.588609],[61.732188,75.380601],[61.4817,75.223456],[61.276622,75.327867],[61.107432,75.197659],[60.83253,75.152899],[60.747406,75.033108],[60.506847,75.114244],[60.416026,75.010932],[59.927257,75.005805],[60.687511,74.923814],[60.223481,74.864325],[60.372325,74.793524],[60.276378,74.749661],[59.5088,74.79975],[59.839203,74.696234],[59.872244,74.647773],[59.755219,74.58747],[59.090505,74.738267],[59.269542,74.658189],[59.083669,74.648871],[59.193696,74.630805],[59.091156,74.49494],[59.143321,74.464016],[58.186778,74.581244],[58.638682,74.42357],[58.570486,74.388861],[58.711111,74.306586],[58.680349,74.251654],[58.49822,74.172512],[58.264334,74.206692],[58.521983,74.149237],[58.16212,74.150377],[58.097423,74.059882],[58.21339,74.029446],[58.108409,73.986151],[57.754161,74.04682],[57.48878,74.193427],[57.41212,74.184027],[57.535655,74.09398],[57.260753,74.080308],[57.878429,73.934312],[57.83253,73.906317],[57.932872,73.841376],[57.748709,73.72602],[57.395356,73.845526],[56.555675,73.888577],[57.349864,73.827582],[57.617524,73.66885],[57.3296,73.573879],[56.735118,73.680243],[56.816905,73.629462],[56.746755,73.607367],[57.251964,73.48428],[56.908458,73.314683],[56.78712,73.364],[56.729828,73.244534],[56.12086,73.290025],[55.917491,73.448391],[55.971202,73.402981],[55.924001,73.311998],[54.900076,73.448391],[54.2942,73.334133],[54.033051,73.374661],[54.417328,73.477688],[54.184581,73.49136],[54.541515,73.610989],[55.34962,73.717231],[54.53004,73.704169],[54.051443,73.610989],[53.639334,73.780748],[54.785411,73.966213],[54.588634,74.018866],[55.018891,74.173],[55.864431,74.105943],[55.090505,74.261217],[55.735037,74.280015],[55.232921,74.3758],[55.34962,74.433824],[56.263357,74.479967],[55.499766,74.566962],[55.612315,74.676093],[56.98699,74.690497]]],[[[93.8684,78.14709],[93.62908,78.15705],[93.749982,78.203992],[93.8684,78.14709]]],[[[92.456798,79.110419],[92.724376,79.07685],[92.175629,79.130845],[92.456798,79.110419]]],[[[92.990571,79.419501],[92.593516,79.405219],[92.79127,79.440009],[92.990571,79.419501]]],[[[92.305431,79.45303],[92.470551,79.432563],[91.784679,79.419501],[92.305431,79.45303]]],[[[91.372244,79.485541],[91.531261,79.449286],[90.820079,79.556708],[91.372244,79.485541]]],[[[100.199962,79.678941],[100.309825,79.665961],[99.905772,79.603827],[99.982921,79.697903],[100.199962,79.678941]]],[[[94.327647,80.028998],[93.959483,79.965277],[93.96811,80.009182],[94.327647,80.028998]]],[[[146.175059,43.538153],[146.209158,43.483466],[146.100434,43.500678],[146.175059,43.538153]]],[[[146.881684,43.859198],[146.914561,43.80272],[146.625011,43.726752],[146.64796,43.814765],[146.881684,43.859198]]],[[[146.469249,44.428778],[146.551931,44.451117],[146.503184,44.362128],[146.096365,44.238756],[145.620128,43.867092],[145.557953,43.657904],[145.427582,43.770901],[146.090994,44.478217],[146.469249,44.428778]]],[[[148.799164,45.415676],[148.844005,45.371039],[148.782237,45.319403],[148.27768,45.222561],[147.913024,44.963002],[147.653801,44.994851],[147.555431,44.823554],[147.226027,44.581002],[146.876039,44.434144],[146.931308,44.586009],[147.037825,44.599012],[146.998623,44.662612],[147.19658,44.713682],[147.096528,44.795803],[147.21654,44.799007],[147.503103,45.066474],[147.886241,45.218736],[147.917735,45.409857],[148.069591,45.251166],[148.31186,45.275295],[148.726573,45.525214],[148.851329,45.481513],[148.799164,45.415676]]],[[[150.334239,46.210842],[150.56935,46.231758],[150.245369,46.037032],[150.197602,45.929633],[149.637766,45.610946],[149.436697,45.586982],[149.693614,45.861029],[150.334239,46.210842]]],[[[152.205577,47.128811],[152.255382,47.154853],[151.850601,46.790473],[151.711111,46.815497],[152.225434,47.176581],[152.205577,47.128811]]],[[[152.503429,47.383246],[152.540294,47.325141],[152.429731,47.319191],[152.503429,47.383246]]],[[[153.021271,47.799597],[153.066367,47.76117],[152.99263,47.697111],[153.021271,47.799597]]],[[[153.288422,48.07746],[153.275473,48.032739],[153.159069,48.09218],[153.288422,48.07746]]],[[[154.212901,48.91767],[154.008556,48.732815],[154.119477,48.899604],[154.212901,48.91767]]],[[[153.98699,48.965399],[153.918712,48.931301],[153.91505,48.982489],[153.98699,48.965399]]],[[[154.562999,49.157172],[154.601329,49.11107],[154.454438,49.141588],[154.562999,49.157172]]],[[[154.447558,49.816984],[154.447928,49.72951],[154.391241,49.749187],[154.447558,49.816984]]],[[[156.125255,50.637519],[156.152599,50.530341],[155.781993,50.189643],[155.561534,50.166571],[155.364268,50.000067],[155.241466,50.054755],[155.233409,50.304633],[155.658946,50.388861],[156.041189,50.772773],[156.104747,50.767279],[156.125255,50.637519]]],[[[156.46046,50.873725],[156.500012,50.749327],[156.405772,50.654202],[156.180024,50.688422],[156.180675,50.761176],[156.46046,50.873725]]],[[[155.563487,50.808254],[155.446788,50.884589],[155.543791,50.92982],[155.672862,50.870307],[155.563487,50.808254]]],[[[142.549653,54.302232],[142.604177,54.310207],[142.540701,54.297797],[142.549653,54.302232]]],[[[137.821788,54.457831],[137.917979,54.509426],[137.732188,54.364407],[137.821788,54.457831]]],[[[137.622569,54.570787],[137.634451,54.411322],[137.568126,54.396633],[137.622569,54.570787]]],[[[168.059255,54.546617],[168.110688,54.516262],[167.448904,54.820461],[167.472992,54.866848],[167.73406,54.762641],[168.059255,54.546617]]],[[[137.171235,55.119534],[137.048595,54.923285],[136.670421,54.907294],[137.171235,55.119534]]],[[[138.046723,55.058051],[138.212169,55.036363],[137.706065,54.624986],[137.485362,54.87934],[137.225922,54.777818],[137.60613,55.2001],[137.961436,55.134508],[137.898123,55.025458],[138.046723,55.058051]]],[[[166.664399,54.756415],[166.592296,54.717719],[166.206391,54.936591],[166.023611,55.177558],[165.74643,55.297065],[165.924083,55.358547],[166.287771,55.3039],[166.244314,55.16234],[166.64975,54.84455],[166.664399,54.756415]]],[[[150.725271,59.127997],[150.779159,59.109516],[150.481388,58.99969],[150.725271,59.127997]]],[[[164.7069,58.976828],[164.631874,58.865366],[164.179698,58.82567],[163.846035,58.690515],[163.490019,58.444503],[163.412854,58.535369],[163.610543,58.607463],[163.779552,58.810402],[163.913191,58.994291],[163.730842,58.995802],[163.804185,59.031278],[164.558116,59.239691],[164.7069,58.976828]]],[[[155.507711,59.328127],[155.566932,59.340424],[155.600049,59.319429],[155.507711,59.328127]]],[[[29.791352,59.994859],[29.786876,59.975084],[29.6574,60.025458],[29.791352,59.994859]]],[[[27.88502,60.011054],[27.820486,59.982733],[27.820079,60.030829],[27.88502,60.011054]]],[[[27.022227,60.042182],[26.984711,60.017727],[26.950043,60.099555],[27.022227,60.042182]]],[[[28.711762,60.294989],[28.624197,60.270209],[28.546886,60.334215],[28.711762,60.294989]]],[[[28.516856,60.337714],[28.503673,60.311021],[28.442393,60.344306],[28.516856,60.337714]]],[[[35.943126,64.405097],[36.031261,64.373114],[35.856293,64.403388],[35.943126,64.405097]]],[[[35.866873,65.031317],[35.764185,64.963708],[35.505162,65.095552],[35.78645,65.165106],[35.866873,65.031317]]],[[[-169.083363,65.815863],[-168.994618,65.815863],[-169.076527,65.755072],[-169.083363,65.815863]]],[[[42.645838,66.742345],[42.680973,66.681886],[42.4265,66.752009],[42.645838,66.742345]]],[[[32.385997,67.13231],[32.407074,67.107123],[32.341482,67.136054],[32.385997,67.13231]]],[[[59.241954,69.177558],[58.782237,69.326483],[59.150727,69.254625],[59.241954,69.177558]]],[[[34.030121,69.393541],[34.406912,69.352525],[33.975597,69.369615],[34.030121,69.393541]]],[[[50.323009,69.150539],[50.169281,69.011623],[50.113455,68.995673],[50.223318,69.153957],[49.53891,68.835395],[48.797618,68.729397],[48.592052,68.730862],[48.23585,68.882392],[48.215994,68.995673],[48.334321,69.299872],[48.906261,69.507961],[49.271739,69.507961],[50.164399,69.260891],[50.323009,69.150539]]],[[[169.446462,69.849107],[169.305919,69.77025],[169.234711,69.592108],[168.874522,69.567857],[168.172537,69.695217],[167.785655,69.858303],[168.253184,70.02204],[169.446462,69.849107]]],[[[60.539806,69.818671],[60.475922,69.72248],[60.25408,69.689439],[59.563487,69.715033],[59.602306,69.782457],[59.431488,69.889472],[58.939708,69.942206],[59.132091,69.873277],[59.015961,69.859687],[58.695567,70.002834],[58.44988,70.233954],[58.824229,70.215888],[58.522309,70.331122],[59.042735,70.466376],[59.535167,70.217475],[60.413829,69.962714],[60.539806,69.818671]]],[[[57.117361,70.558539],[57.193044,70.541449],[57.035411,70.544867],[57.121349,70.516059],[57.06365,70.502427],[56.859711,70.585273],[57.117361,70.558539]]],[[[162.381684,70.681464],[162.484141,70.65412],[162.237804,70.65412],[162.381684,70.681464]]],[[[161.662283,70.791327],[161.694591,70.750434],[161.483653,70.839748],[161.662283,70.791327]]],[[[160.723481,70.838446],[160.763974,70.804045],[160.504066,70.805012],[160.545552,70.851474],[160.40797,70.914252],[160.674385,70.914211],[160.723481,70.838446]]],[[[53.231781,71.215888],[53.046886,71.072455],[53.139334,70.993638],[53.009776,70.968207],[52.642833,71.223334],[52.211762,71.308092],[52.708669,71.407213],[52.995128,71.306464],[52.74464,71.374172],[52.847911,71.347113],[52.779307,71.325751],[53.231781,71.215888]]],[[[137.914236,71.558498],[137.965831,71.510688],[137.69337,71.419379],[136.991873,71.517524],[137.914236,71.558498]]],[[[78.279063,72.552191],[78.366954,72.51203],[77.811371,72.31509],[76.869884,72.30744],[77.568126,72.62816],[78.279063,72.552191]]],[[[128.831065,72.655219],[128.974457,72.593817],[128.653331,72.527493],[128.111095,72.634711],[128.831065,72.655219]]],[[[128.317149,72.812323],[128.994083,72.932471],[129.21966,72.926406],[129.417139,72.812596],[129.207043,72.761895],[128.317149,72.812323]]],[[[79.562999,72.768256],[79.395274,72.704047],[78.909923,72.741278],[78.592296,72.862128],[79.205333,73.097602],[79.541352,72.925523],[79.490733,72.908433],[79.562999,72.768256]]],[[[74.725352,73.107123],[74.961599,73.066107],[74.734223,73.092475],[74.646658,72.974555],[74.687022,72.870917],[74.120779,72.998847],[74.211681,73.114569],[74.725352,73.107123]]],[[[120.278575,73.100898],[119.747406,73.032782],[119.658539,73.108588],[120.021983,73.168118],[120.278575,73.100898]]],[[[76.695079,73.186225],[76.736583,73.155504],[76.632579,73.131252],[76.170909,73.181627],[76.695079,73.186225]]],[[[71.669119,73.227484],[71.750126,73.042112],[71.374501,73.178934],[69.874848,73.038275],[70.064952,73.237128],[69.967947,73.376207],[70.469574,73.499213],[71.229177,73.464748],[70.997081,73.288398],[71.274669,73.25434],[71.459158,73.348375],[71.669119,73.227484]]],[[[76.756602,73.449693],[76.116873,73.513414],[76.250743,73.554185],[76.756602,73.449693]]],[[[75.922618,73.523668],[75.321137,73.397366],[75.619395,73.553412],[76.033865,73.579047],[75.922618,73.523668]]],[[[143.474946,73.320624],[143.565113,73.23115],[143.174945,73.17658],[140.788621,73.410005],[139.9651,73.326567],[139.816696,73.339069],[139.767088,73.418345],[140.493302,73.485044],[140.899181,73.801459],[141.127208,73.881659],[142.045177,73.916571],[142.582774,73.825344],[143.407237,73.542792],[143.536957,73.443549],[143.474946,73.320624]]],[[[124.585948,73.915839],[124.656993,73.902777],[124.514171,73.841376],[124.321788,73.923285],[124.585948,73.915839]]],[[[84.355235,74.018866],[84.418305,73.970445],[83.91212,73.993598],[84.355235,74.018866]]],[[[83.513438,74.121283],[83.620128,74.090888],[83.392345,74.035793],[82.828136,74.080308],[83.180024,74.155178],[83.513438,74.121283]]],[[[82.568044,74.162909],[82.740001,74.101386],[82.592133,74.056464],[82.317556,74.116848],[82.568044,74.162909]]],[[[136.258962,73.957465],[136.08074,73.898179],[135.391287,74.234565],[136.010753,74.103461],[136.258962,73.957465]]],[[[141.09783,74.149237],[140.987966,73.984768],[140.437755,73.908433],[140.164716,74.070638],[140.221889,74.220082],[140.3499,74.254216],[140.891449,74.276516],[141.05836,74.234442],[141.09783,74.149237]]],[[[116.098318,74.354682],[116.052989,74.285224],[115.898204,74.302069],[115.980724,74.377509],[116.098318,74.354682]]],[[[84.87086,74.505561],[84.933116,74.492906],[84.578624,74.468492],[84.767833,74.409898],[84.386567,74.457668],[84.87086,74.505561]]],[[[113.405772,74.444037],[113.429454,74.394192],[113.207042,74.251654],[112.774913,74.08808],[112.162852,74.138577],[111.468516,74.344794],[111.951345,74.370795],[112.007335,74.538153],[112.110118,74.551215],[113.405772,74.444037]]],[[[85.53891,74.574408],[85.615571,74.549465],[85.31186,74.465644],[85.166759,74.511868],[85.237478,74.575263],[85.53891,74.574408]]],[[[86.078461,74.555243],[86.207205,74.512356],[85.707693,74.465074],[85.790538,74.567613],[86.078461,74.555243]]],[[[79.614106,74.601752],[79.490001,74.516913],[79.182791,74.629055],[79.614106,74.601752]]],[[[85.227061,74.745103],[85.114513,74.745836],[85.466645,74.813951],[85.706228,74.731431],[85.227061,74.745103]]],[[[87.028982,74.991523],[87.122081,74.951646],[87.077647,74.899644],[86.726573,74.916205],[86.947032,74.840725],[86.871593,74.820461],[86.230317,74.895087],[86.565929,74.896918],[86.523936,74.986965],[87.028982,74.991523]]],[[[82.136567,75.14232],[82.150401,75.09516],[82.056814,75.117906],[82.136567,75.14232]]],[[[82.239594,75.375678],[82.281261,75.345649],[82.076915,75.346137],[81.956391,75.182034],[81.870779,75.315904],[81.640798,75.287502],[81.511078,75.350287],[81.793305,75.465074],[81.76824,75.380764],[81.939626,75.3935],[81.896983,75.492377],[82.170746,75.519721],[82.013031,75.444037],[82.239594,75.375678]]],[[[150.827647,75.163398],[150.926768,75.152086],[150.654063,75.00788],[150.645274,74.906643],[149.208995,74.758002],[148.17213,74.803534],[146.071788,75.240302],[146.167817,75.386054],[146.37908,75.462958],[146.389171,75.58515],[146.486339,75.594387],[146.770763,75.506741],[146.6421,75.447699],[146.770763,75.375678],[147.15504,75.336371],[147.436209,75.38935],[147.333181,75.430365],[148.407725,75.421088],[148.54713,75.385565],[148.457286,75.310858],[148.610362,75.215522],[149.126801,75.268622],[150.129405,75.225531],[150.163422,75.156643],[150.560802,75.12873],[150.491873,75.109605],[150.827647,75.163398]]],[[[136.975108,75.591742],[136.969819,75.609036],[137.081309,75.568183],[136.975108,75.591742]]],[[[137.059906,75.640774],[137.131358,75.652411],[136.981212,75.616523],[137.059906,75.640774]]],[[[135.991384,75.527167],[135.983409,75.417182],[135.450043,75.375678],[135.678233,75.859768],[135.932791,75.67593],[136.160167,75.629625],[135.991384,75.527167]]],[[[82.109548,75.888983],[82.228038,75.88703],[81.593272,75.917182],[82.109548,75.888983]]],[[[83.27947,75.956285],[82.862315,75.917182],[82.259044,75.972235],[83.27947,75.956285]]],[[[145.366222,75.540229],[144.72934,75.431586],[144.667247,75.341539],[144.941091,75.273342],[144.768403,75.261176],[144.417735,75.069037],[143.998546,75.02497],[142.898123,75.141547],[142.494314,75.375678],[142.724376,75.550686],[143.01352,75.602444],[143.00115,75.707953],[142.337901,75.725653],[142.406912,75.695258],[142.008311,75.622748],[142.131847,75.60163],[142.08725,75.544623],[142.19988,75.348822],[142.425792,75.212958],[142.668712,75.087958],[143.614513,75.011135],[143.707774,74.947455],[142.715099,74.895168],[142.514008,74.817369],[141.974132,74.933783],[142.364513,74.93065],[142.198741,75.004218],[141.843761,74.998969],[140.068696,74.827948],[139.652029,74.98078],[139.495128,74.946926],[139.516612,74.855943],[139.611095,74.870754],[139.528575,74.801663],[139.127208,74.652289],[137.895274,74.846177],[137.651378,75.022773],[137.149099,75.134223],[136.874766,75.349514],[137.422374,75.369818],[137.143321,75.410224],[137.301036,75.47134],[137.18922,75.576606],[137.279552,75.591376],[137.080333,75.714586],[137.198497,75.789618],[137.742686,75.749091],[137.423188,75.910102],[138.027517,76.031928],[138.138031,76.118842],[138.376638,76.157172],[138.328298,76.136054],[138.409923,76.064846],[138.492442,76.159735],[139.048839,76.239081],[138.928233,76.221666],[139.10963,76.096869],[139.882579,75.945502],[139.828787,75.923245],[139.938813,75.841864],[140.480724,75.80093],[140.537608,75.774319],[140.434906,75.664455],[140.676768,75.623277],[141.062266,75.650092],[140.864431,75.738837],[140.966156,76.03498],[141.585216,76.007514],[141.325531,76.172187],[142.546886,75.862982],[143.947113,75.834784],[145.366222,75.540229]]],[[[96.644054,76.267035],[96.589692,76.174628],[96.346853,76.254706],[96.407725,76.221259],[96.278494,76.222235],[96.370372,76.189887],[96.301768,76.111396],[95.310557,76.201158],[95.349946,76.288764],[96.644054,76.267035]]],[[[113.292491,76.363227],[113.137543,76.369452],[113.264334,76.444322],[113.408702,76.387112],[113.292491,76.363227]]],[[[111.958832,76.6022],[112.388438,76.653876],[112.548513,76.581732],[112.507579,76.540717],[112.714122,76.520453],[112.567882,76.443508],[111.958832,76.6022]]],[[[96.472016,76.691596],[95.889903,76.616441],[96.004161,76.679633],[96.472016,76.691596]]],[[[95.650238,76.677924],[95.834727,76.691596],[95.437348,76.671088],[95.650238,76.677924]]],[[[97.476329,76.650336],[97.596202,76.6022],[97.34311,76.599311],[97.391368,76.634955],[97.305349,76.684394],[97.4463,76.714748],[97.476329,76.650336]]],[[[149.374713,76.738202],[149.20009,76.626806],[148.452203,76.623336],[149.453497,76.768779],[149.374713,76.738202]]],[[[96.527354,77.205512],[96.566417,77.156195],[96.477224,77.082221],[96.235037,76.990465],[95.257091,76.991604],[96.527354,77.205512]]],[[[105.784923,77.280585],[106.011485,77.287421],[105.861827,77.254869],[105.784923,77.280585]]],[[[89.68922,77.280585],[89.81702,77.21059],[89.49279,77.140757],[89.134613,77.217719],[89.266287,77.298285],[89.68922,77.280585]]],[[[106.361176,77.321926],[106.434093,77.327948],[106.333018,77.321601],[106.361176,77.321926]]],[[[107.745128,77.329047],[107.204845,77.23432],[107.423188,77.269843],[107.319835,77.28734],[107.356212,77.345689],[107.745128,77.329047]]],[[[106.861176,77.445746],[106.52475,77.390448],[106.924815,77.467027],[106.861176,77.445746]]],[[[107.704112,78.137152],[107.45102,78.053168],[106.39503,78.130927],[107.337901,78.190741],[107.704112,78.137152]]],[[[106.532237,78.253852],[106.022716,78.211371],[106.470063,78.342597],[106.765636,78.308498],[106.450206,78.261298],[106.532237,78.253852]]],[[[105.415538,78.583441],[104.787364,78.336371],[103.015961,78.256496],[102.66033,78.164496],[102.607107,78.225531],[101.209809,78.193508],[99.871267,77.952216],[99.371349,77.959662],[99.426036,77.987006],[99.287283,78.034857],[100.036876,78.339423],[100.031912,78.428412],[100.275645,78.579739],[100.364513,78.737047],[100.636485,78.796942],[101.139415,78.751695],[100.782237,78.863349],[101.02711,79.03144],[101.591645,78.976996],[100.988129,79.062649],[101.028087,79.123481],[101.557384,79.254381],[101.646739,79.364244],[102.246267,79.241645],[102.146983,79.345038],[102.302908,79.432807],[103.138357,79.325141],[102.82545,79.227118],[102.701427,79.04149],[102.39796,78.844957],[102.665782,78.892401],[102.921153,79.058417],[103.624278,79.17121],[104.455333,78.966742],[104.499197,78.863756],[104.405447,78.861518],[104.632579,78.842841],[104.578868,78.775214],[104.887055,78.857123],[105.175059,78.809272],[105.415538,78.583441]]],[[[77.613617,79.521918],[76.696056,79.477607],[76.051443,79.648505],[77.613617,79.521918]]],[[[93.628184,79.933417],[93.813731,79.898668],[93.052094,79.715277],[91.921886,79.678941],[92.332856,79.722398],[92.099457,79.809882],[91.07252,79.850979],[91.26238,79.903022],[91.017589,79.966986],[91.153819,79.980048],[91.136404,80.040025],[90.894867,80.054999],[93.628184,79.933417]]],[[[51.346853,79.953315],[51.470225,79.944322],[50.045258,79.974433],[50.552501,79.988023],[50.963552,80.101874],[51.264822,80.056342],[51.213552,80.042222],[51.346853,79.953315]]],[[[36.593598,80.158759],[36.652599,80.174872],[36.853689,80.151923],[36.593598,80.158759]]],[[[99.885997,79.04149],[99.946625,78.97012],[99.877208,78.931138],[99.40561,78.822455],[97.442231,78.817206],[97.559744,78.830512],[96.798513,78.989203],[95.697276,78.998277],[95.670177,79.069403],[95.46754,79.111518],[94.851817,79.062649],[94.320811,79.264309],[94.312266,79.479193],[93.739268,79.44774],[93.991222,79.494045],[93.690196,79.542426],[93.86085,79.595933],[93.23585,79.438951],[93.114106,79.467271],[93.272716,79.487006],[93.17628,79.528754],[92.854177,79.556098],[93.280284,79.552476],[94.169444,79.775214],[94.690115,79.816107],[94.22462,79.898668],[94.951996,80.104478],[95.334727,80.028998],[95.502126,80.111477],[97.592133,80.174872],[98.042979,80.071112],[97.551524,79.823717],[97.604015,79.797024],[97.213145,79.720364],[97.705821,79.76317],[98.087901,79.905504],[98.412852,79.888495],[98.567393,79.970649],[98.465587,79.999905],[98.515391,80.052314],[99.198985,80.049994],[100.022472,79.823554],[100.076996,79.78266],[99.842052,79.748765],[99.686046,79.322699],[99.034923,79.295966],[99.885997,79.04149]]],[[[50.081309,80.068061],[49.57545,80.136298],[49.898611,80.233954],[50.318614,80.19599],[50.081309,80.068061]]],[[[55.794932,80.642279],[55.431651,80.71426],[56.530447,80.787095],[56.946056,80.693793],[55.794932,80.642279]]],[[[46.687266,80.529283],[46.083995,80.439887],[46.030447,80.465074],[46.083995,80.555976],[45.994965,80.577094],[45.51531,80.519761],[44.896007,80.604885],[47.536306,80.856676],[48.496349,80.798082],[48.764008,80.659613],[48.063731,80.662421],[47.715831,80.768378],[47.30421,80.652777],[47.433279,80.610663],[46.687266,80.529283]]],[[[62.221934,80.813218],[62.275238,80.783881],[62.230724,80.727851],[62.037446,80.665839],[62.147309,80.639146],[61.706228,80.59748],[61.084483,80.41059],[60.307384,80.495551],[59.636404,80.43122],[59.241954,80.529283],[59.362153,80.558824],[59.229259,80.64411],[59.693858,80.837144],[60.170909,80.853949],[60.224376,80.848375],[59.96811,80.809882],[60.36199,80.789984],[61.60255,80.895657],[62.221934,80.813218]]],[[[58.130056,80.780748],[57.815684,80.809882],[58.74586,80.902737],[59.029063,80.824123],[58.130056,80.780748]]],[[[55.76588,80.783677],[54.87672,80.721137],[54.011729,80.79621],[55.097016,80.902818],[55.986501,80.803656],[55.76588,80.783677]]],[[[51.689301,80.727281],[51.743988,80.71426],[50.994802,80.547349],[49.727794,80.49433],[49.675304,80.481513],[49.798676,80.426907],[49.490408,80.363511],[48.839529,80.387844],[48.65447,80.317043],[49.068696,80.199652],[48.528331,80.209133],[48.51059,80.124213],[48.372406,80.091783],[48.116059,80.136786],[47.663585,80.070014],[47.605235,80.078599],[47.736501,80.162014],[48.046641,80.189032],[47.678559,80.247748],[47.101817,80.170315],[46.659516,80.274156],[47.088552,80.371649],[47.223888,80.308987],[48.132986,80.326483],[48.188731,80.337551],[47.635916,80.388129],[48.202322,80.416002],[48.100108,80.476304],[47.42335,80.442939],[48.375499,80.571112],[48.569021,80.505601],[49.188243,80.52143],[49.407074,80.617418],[49.284923,80.645331],[49.631033,80.639594],[49.681977,80.721137],[48.955333,80.734768],[50.237153,80.933498],[50.396983,80.921088],[50.023123,80.872504],[50.826671,80.919094],[51.045177,80.851467],[50.251231,80.741604],[50.372406,80.713446],[51.312673,80.789984],[51.689301,80.727281]]],[[[79.806651,80.974311],[80.437185,80.940172],[80.326427,80.860541],[79.011485,80.824123],[79.187999,80.95185],[79.806651,80.974311]]],[[[58.653656,81.043769],[58.56129,80.957017],[58.366954,80.94595],[57.882823,81.030219],[58.069509,81.111518],[58.653656,81.043769]]],[[[57.336436,80.891791],[56.144216,81.092353],[56.702891,81.113105],[58.2824,80.9265],[57.870942,80.859565],[57.336436,80.891791]]],[[[54.564138,80.995429],[54.454926,81.04857],[54.720388,81.119574],[55.520274,81.00845],[56.019216,81.043606],[57.681326,80.816799],[57.058767,80.69184],[56.668468,80.809231],[55.798839,80.854438],[55.315196,80.975287],[54.564138,80.995429]]],[[[50.476573,81.069973],[50.347423,81.09101],[50.529633,81.167873],[50.976817,81.105902],[50.374278,81.022773],[50.476573,81.069973]]],[[[91.547211,81.153795],[91.186209,81.05683],[89.996349,81.105292],[89.893891,81.17357],[91.547211,81.153795]]],[[[97.747081,80.741604],[97.972911,80.721137],[97.130626,80.665839],[97.19158,80.645331],[97.042166,80.564887],[97.225841,80.346666],[97.422862,80.326972],[97.187999,80.233588],[94.53004,80.131008],[93.749848,79.996772],[92.065766,80.172431],[92.837413,80.160142],[92.888194,80.172431],[92.129649,80.275865],[93.289399,80.266832],[93.244395,80.309556],[91.42213,80.309556],[91.98878,80.401597],[92.627615,80.391547],[91.927501,80.448391],[92.792654,80.529283],[92.825206,80.650621],[93.239594,80.769436],[92.534679,80.753079],[92.558604,80.80268],[93.162608,80.946967],[93.075857,80.973456],[95.547211,81.220771],[95.060557,81.241645],[95.103526,81.271308],[95.776622,81.288804],[96.954845,80.91059],[97.883556,80.769477],[97.747081,80.741604]]],[[[57.266124,81.426825],[56.755056,81.449897],[57.013031,81.536811],[57.784028,81.564765],[57.888845,81.485582],[58.544444,81.429999],[58.305675,81.376899],[57.266124,81.426825]]],[[[62.503673,81.652777],[62.106456,81.673245],[62.804698,81.721625],[63.805919,81.660142],[63.467459,81.589057],[62.503673,81.652777]]],[[[58.295421,81.714179],[57.891287,81.707953],[58.145274,81.776842],[57.939708,81.803616],[58.156098,81.830268],[59.403087,81.836575],[59.002235,81.740275],[58.295421,81.714179]]],[[[150.843331,46.448224],[150.780077,46.457159],[150.808481,46.486438],[150.843331,46.448224]]],[[[154.836681,49.650051],[154.88502,49.558498],[154.79713,49.456977],[154.808849,49.304918],[154.612559,49.289374],[154.836681,49.650051]]],[[[59.034353,75.959866],[59.26002,75.984076],[58.724132,75.89704],[59.034353,75.959866]]],[[[59.00172,79.980618],[58.792735,80.011054],[59.529145,80.120917],[59.909841,80.005601],[59.40268,79.921861],[59.00172,79.980618]]],[[[55.712087,80.103461],[56.019054,80.18183],[55.952322,80.261786],[56.129893,80.351223],[57.021983,80.364],[57.148936,80.207221],[57.054373,80.167792],[57.077485,80.082994],[56.956798,80.066311],[55.712087,80.103461]]],[[[52.622895,80.183295],[52.182872,80.276068],[52.568858,80.289496],[52.950531,80.412584],[53.861827,80.276068],[53.489919,80.17182],[52.622895,80.183295]]],[[[57.528819,80.131415],[57.290212,80.169013],[57.20753,80.353949],[57.274425,80.391547],[56.946056,80.481513],[58.452403,80.468085],[59.264334,80.343207],[58.425059,80.32217],[58.076915,80.261786],[58.429373,80.241889],[58.42628,80.186713],[57.528819,80.131415]]],[[[53.798025,80.472886],[53.972911,80.529283],[53.858735,80.554429],[53.883311,80.610745],[54.269054,80.58869],[54.170421,80.572577],[54.458263,80.50137],[54.288259,80.420356],[53.798025,80.472886]]],[[[60.256196,81.036363],[61.679942,81.113715],[61.599783,81.031399],[60.987804,80.922024],[60.069998,80.979641],[60.256196,81.036363]]],[[[62.770518,80.885565],[63.142263,80.971381],[64.036469,80.986884],[64.169119,81.010199],[64.13266,81.082424],[64.237315,81.151842],[64.704845,81.205268],[65.229828,81.136705],[65.43629,81.037055],[65.306163,80.995429],[65.453868,80.950426],[64.425629,80.740871],[63.130707,80.683092],[62.530772,80.804755],[62.770518,80.885565]]],[[[57.336192,81.205268],[58.083751,81.214545],[57.70045,81.137152],[56.994395,81.166164],[57.336192,81.205268]]],[[[55.646821,81.200263],[55.431651,81.275946],[55.712087,81.330552],[56.54477,81.254788],[56.602794,81.261705],[56.37379,81.35517],[56.726248,81.397162],[57.90504,81.297105],[56.614513,81.178534],[55.646821,81.200263]]],[[[58.563487,81.324408],[58.510509,81.321112],[59.017914,81.403388],[59.356944,81.344306],[58.563487,81.324408]]],[[[61.903656,81.604926],[62.1963,81.564846],[61.653982,81.604926],[61.903656,81.604926]]],[[[40.454926,64.581855],[40.194835,64.574164],[39.871349,64.684027],[40.228363,64.699897],[40.454926,64.581855]]],[[[40.001964,64.737372],[39.943696,64.727973],[39.949718,64.741929],[40.001964,64.737372]]],[[[40.145193,64.73428],[40.075531,64.757025],[40.333507,64.772406],[40.402517,64.662502],[40.145193,64.73428]]],[[[36.01295,65.051703],[36.005138,65.026516],[35.897716,65.032864],[36.01295,65.051703]]],[[[36.211436,65.158271],[36.260997,65.154527],[35.951996,65.146389],[36.211436,65.158271]]],[[[54.329763,68.311469],[54.220958,68.245185],[54.212738,68.291083],[54.329763,68.311469]]],[[[53.912283,68.361965],[53.957693,68.293362],[53.853201,68.337144],[53.912283,68.361965]]],[[[49.049083,68.678412],[49.124278,68.66767],[48.76588,68.690375],[49.049083,68.678412]]],[[[49.579275,68.819281],[49.598481,68.814765],[49.499197,68.78559],[49.579275,68.819281]]],[[[54.266775,68.81684],[54.374848,68.790961],[54.228201,68.79621],[54.266775,68.81684]]],[[[49.814301,68.899482],[49.841807,68.906236],[49.75172,68.877427],[49.814301,68.899482]]],[[[54.974294,68.939887],[55.022227,68.928209],[54.914236,68.937567],[54.974294,68.939887]]],[[[50.082856,68.960924],[50.107677,68.963528],[50.004242,68.930732],[50.082856,68.960924]]],[[[67.217296,69.420559],[67.286876,69.438056],[67.132172,69.363918],[66.93865,69.439399],[67.217296,69.420559]]],[[[67.327973,69.572699],[67.22934,69.433539],[67.037934,69.497952],[67.327973,69.572699]]],[[[66.837087,70.391913],[66.60727,70.461819],[66.640147,70.526313],[66.837087,70.391913]]],[[[66.559255,70.544257],[66.397309,70.630316],[66.427989,70.799506],[66.559255,70.544257]]],[[[66.600434,70.913764],[66.447276,70.818915],[66.59962,71.004381],[66.600434,70.913764]]],[[[53.369802,71.291734],[53.395356,71.280504],[53.1692,71.349189],[53.369802,71.291734]]],[[[152.875255,76.151353],[152.773448,76.083401],[152.584158,76.125922],[152.875255,76.151353]]],[[[156.660981,77.107611],[156.515798,77.087714],[156.528819,77.12108],[156.660981,77.107611]]],[[[92.062266,77.62995],[92.110118,77.610907],[91.865977,77.628648],[92.062266,77.62995]]],[[[58.814789,79.916693],[58.870372,79.901313],[58.248302,79.933417],[58.613943,79.979438],[58.814789,79.916693]]],[[[60.167247,80.168524],[60.21046,80.149156],[59.902599,80.16767],[60.167247,80.168524]]],[[[54.407725,80.284817],[54.31544,80.201809],[54.144054,80.192043],[54.110362,80.252672],[54.407725,80.284817]]],[[[55.49879,80.31684],[55.234874,80.227932],[54.942068,80.240871],[55.49879,80.31684]]],[[[54.987478,80.414374],[55.263031,80.430609],[55.129893,80.374335],[54.987478,80.414374]]],[[[54.841807,80.431342],[54.400076,80.384223],[54.62672,80.47724],[54.841807,80.431342]]],[[[54.821462,80.464789],[54.63087,80.502102],[55.056407,80.502875],[54.821462,80.464789]]],[[[59.737153,81.189765],[59.755544,81.169989],[59.014659,81.193061],[59.737153,81.189765]]],[[[60.562755,81.273627],[60.432302,81.244371],[59.842052,81.287014],[60.562755,81.273627]]],[[[58.368907,81.579657],[58.297699,81.584784],[58.696462,81.620307],[58.368907,81.579657]]],[[[132.44988,42.828111],[132.475597,42.800238],[132.401541,42.831977],[132.418468,42.879869],[132.44988,42.828111]]],[[[47.851085,43.999213],[47.655772,43.943183],[47.665701,43.996283],[47.851085,43.999213]]],[[[47.997081,45.467841],[47.917735,45.570054],[47.957042,45.650458],[47.997081,45.467841]]],[[[139.225456,54.589358],[139.27675,54.61311],[139.243593,54.581032],[139.225456,54.589358]]],[[[138.190013,54.715579],[138.226783,54.715626],[138.210144,54.70113],[138.190013,54.715579]]],[[[149.032789,59.192178],[149.117654,59.20951],[149.09837,59.175387],[149.032789,59.192178]]],[[[-172.47529,64.641832],[-172.519399,64.593004],[-172.725046,64.626451],[-172.47529,64.641832]]],[[[67.381196,68.792263],[67.401215,68.761257],[67.115815,68.798367],[67.381196,68.792263]]],[[[-175.585683,71.379869],[-175.650258,71.357001],[-175.81078,71.411689],[-175.585683,71.379869]]],[[[161.893767,69.653838],[161.825533,69.550346],[161.665617,69.620548],[161.893767,69.653838]]],[[[170.124871,69.773378],[170.275277,69.773371],[170.101485,69.687211],[169.97896,69.719935],[170.124871,69.773378]]],[[[83.305109,70.805515],[83.469408,70.737735],[83.30476,70.644604],[83.258185,70.419738],[83.09138,70.361112],[83.130917,70.60926],[83.305109,70.805515]]],[[[97.645681,76.756212],[97.459809,76.718451],[97.166921,76.745714],[97.645681,76.756212]]],[[[89.047128,77.140895],[89.135898,77.127114],[88.919571,76.977101],[88.663875,77.080351],[89.047128,77.140895]]]]}}