{"type":"FeatureCollection","features":[{"type":"Feature","properties":{"iso3":"ETH","name":"Ethiopia","continent":"Africa"},"geometry":{"type":"Polygon","coordinates":[[[34.070698,9.454592],[34.098208,9.67972],[34.221921,10.02603],[34.303466,10.113544],[34.325894,10.223563],[34.279489,10.565506],[34.420048,10.780816],[34.557818,10.877787],[34.737445,10.755391],[34.764834,10.680254],[34.786228,10.718985],[34.838524,10.72914],[34.95831,10.903418],[34.914282,10.963957],[34.984148,11.186398],[34.944254,11.253242],[35.073135,11.54896],[35.040579,11.727399],[35.072722,11.818866],[35.215555,11.896588],[35.317358,12.023712],[35.353738,12.14603],[35.412546,12.198636],[35.428772,12.266953],[35.684261,12.650753],[36.029976,12.717158],[36.099429,12.69566],[36.123614,12.721447],[36.143044,12.856942],[36.114415,12.933889],[36.233581,13.36164],[36.391298,13.599352],[36.458167,13.820139],[36.432122,13.969924],[36.52638,14.263523],[36.648543,14.31458],[36.816388,14.332072],[36.946923,14.304735],[36.995395,14.264092],[37.052446,14.275331],[37.121072,14.420826],[37.280029,14.45545],[37.33708,14.426356],[37.553707,14.105497],[37.891464,14.879532],[38.006703,14.7244],[38.239557,14.667555],[38.32503,14.504594],[38.426832,14.417183],[38.866082,14.493664],[38.979667,14.567122],[39.009742,14.651226],[39.127461,14.602211],[39.20818,14.440179],[39.293446,14.490305],[39.448579,14.505111],[39.515035,14.56782],[39.650944,14.496584],[39.796878,14.495111],[39.911186,14.42341],[40.086886,14.465759],[40.194373,14.444649],[40.421646,14.273755],[40.833197,14.105962],[41.043623,13.872488],[41.192038,13.615863],[41.7118,13.247926],[41.946617,12.876166],[42.184949,12.733048],[42.379459,12.465907],[41.936386,11.827445],[41.792415,11.704455],[41.74911,11.537953],[41.787971,11.259727],[41.761306,10.996203],[41.937522,10.929825],[42.096272,10.990261],[42.391758,11.005893],[42.608145,11.089088],[42.729619,11.06501],[42.771787,10.996462],[42.860153,10.980416],[42.908109,11.004187],[42.901185,10.936595],[42.819432,10.872567],[42.64859,10.611033],[42.765792,10.451947],[42.836279,10.208086],[42.981903,10.091633],[43.067686,9.922522],[43.187214,9.883326],[43.248812,9.652332],[43.361518,9.553165],[43.419034,9.413018],[43.548225,9.336072],[43.621502,9.336899],[43.984788,9.008314],[46.97923,7.996567],[47.979169,7.996567],[46.423915,6.496736],[44.941525,4.911484],[43.968975,4.953962],[43.528485,4.841566],[43.119259,4.647702],[42.960406,4.517374],[42.899634,4.361104],[42.831628,4.302322],[42.102887,4.19189],[41.923466,4.070554],[41.917472,4.020453],[41.835927,3.94945],[41.699811,3.996915],[41.429543,3.948882],[41.162996,3.94268],[40.763744,4.284933],[39.848451,3.867284],[39.764218,3.685745],[39.574979,3.497901],[39.536325,3.405013],[39.504389,3.403333],[39.466976,3.452013],[39.311326,3.466094],[39.302748,3.495679],[39.219445,3.468704],[39.06793,3.526582],[38.895227,3.513585],[38.722008,3.560404],[38.66103,3.621951],[38.6601,3.601306],[38.547135,3.609522],[38.514269,3.648512],[38.445953,3.601668],[38.114087,3.610608],[37.976731,3.72644],[37.091617,4.290256],[37.075907,4.33108],[36.903721,4.415778],[36.045325,4.443716],[35.940472,4.508046],[35.922799,4.602072],[35.784513,4.764181],[35.751647,4.854356],[35.755884,5.063439],[35.807354,5.144674],[35.778415,5.22715],[35.809111,5.309109],[35.683641,5.379595],[35.598168,5.368743],[35.469287,5.430755],[35.344953,5.352362],[35.287489,5.374092],[35.254623,5.425923],[35.261961,5.511887],[35.098663,5.622474],[34.974433,5.863106],[34.959447,6.061724],[34.844725,6.248689],[34.832633,6.353541],[34.703545,6.684916],[34.524745,6.752871],[34.512343,6.876842],[34.439169,6.934875],[34.280729,6.980092],[34.213756,7.051974],[34.181407,7.167212],[34.113194,7.177548],[34.04002,7.247259],[34.006534,7.409936],[33.71606,7.657156],[33.550851,7.691315],[33.479537,7.743146],[33.359803,7.719272],[33.172941,7.799628],[33.058323,7.797975],[32.9898,7.917244],[33.111343,8.090644],[33.177282,8.127102],[33.169944,8.205495],[33.208288,8.253683],[33.161159,8.304585],[33.16953,8.397421],[33.23516,8.455635],[33.361353,8.434293],[33.505117,8.474884],[33.620407,8.460699],[33.695545,8.372875],[33.74102,8.367087],[33.824116,8.419487],[33.970774,8.445377],[34.090249,8.556507],[34.11185,8.626555],[34.070698,9.454592]]]}},{"type":"Feature","properties":{"iso3":"SSD","name":"South Sudan","continent":"Africa"},"geometry":{"type":"Polygon","coordinates":[[[35.920835,4.619332],[35.781222,4.619922],[35.778439,4.678338],[35.739402,4.681127],[35.700365,4.589111],[35.61214,4.619497],[35.52218,4.780461],[35.570836,4.904313],[35.396117,4.926429],[35.433715,5.003836],[35.411598,5.030376],[35.263419,4.948545],[35.245726,4.98172],[34.666277,4.76498],[34.381188,4.620158],[33.490648,3.749746],[33.164466,3.763053],[32.997241,3.885526],[32.756429,3.769022],[32.371801,3.731065],[32.187782,3.61916],[32.155846,3.511776],[32.093007,3.524463],[32.041537,3.57986],[31.943662,3.591255],[31.901908,3.704297],[31.780985,3.815815],[31.668537,3.70502],[31.505446,3.659855],[31.29502,3.774189],[31.141489,3.785119],[30.955505,3.689001],[30.843781,3.505911],[30.837683,3.562678],[30.746939,3.674867],[30.693351,3.63195],[30.543024,3.612907],[30.562248,3.675332],[30.525247,3.867543],[30.182116,3.965521],[30.122688,4.102464],[30.057782,4.123651],[29.989363,4.21778],[29.924147,4.245582],[29.930348,4.308653],[29.787825,4.368804],[29.784621,4.563288],[29.546392,4.657365],[29.449241,4.657055],[29.390226,4.493758],[29.303927,4.387149],[29.242845,4.387356],[29.19613,4.337075],[28.994075,4.487453],[28.825713,4.478384],[28.746855,4.54931],[28.557306,4.373533],[28.496844,4.369011],[28.404137,4.277828],[28.357421,4.282866],[28.303161,4.352242],[28.177587,4.347229],[28.101726,4.442133],[28.059765,4.420067],[28.009587,4.488383],[28.014031,4.550033],[27.856935,4.552462],[27.776888,4.595741],[27.7526,4.777668],[27.685938,4.797899],[27.640979,4.890943],[27.514578,4.92244],[27.385801,5.143847],[27.280898,5.23056],[27.220126,5.413082],[27.261054,5.577593],[27.210669,5.601623],[27.182351,5.707456],[27.123801,5.768745],[27.045356,5.784919],[26.99182,5.847706],[26.916475,5.849644],[26.894255,5.889667],[26.81891,5.894628],[26.776329,5.981884],[26.543578,6.030847],[26.498827,6.099836],[26.421312,6.09366],[26.500067,6.167971],[26.495829,6.221146],[26.28964,6.387208],[26.27021,6.465653],[26.378007,6.65329],[26.091203,6.830334],[26.026091,6.99668],[25.888735,7.05187],[25.786209,7.142666],[25.360033,7.335574],[25.3097,7.422029],[25.190431,7.501197],[25.165213,7.5799],[25.274974,7.641964],[25.264535,7.777718],[25.216889,7.864069],[25.059173,7.896108],[24.958094,7.989178],[24.927811,8.070956],[24.800171,8.180277],[24.51285,8.207149],[24.431097,8.271408],[24.332085,8.245725],[24.152872,8.317891],[24.125173,8.404889],[24.245579,8.591802],[24.218397,8.613041],[24.233487,8.667767],[24.180467,8.690711],[24.182999,8.717919],[24.380093,8.844216],[24.542874,8.874653],[24.565353,9.014851],[24.655993,9.167297],[24.680178,9.373357],[24.792522,9.520402],[24.796398,9.818859],[24.976284,9.967351],[25.027754,10.086155],[25.014421,10.157366],[25.084081,10.293223],[25.82848,10.419546],[25.894884,10.34583],[25.911937,10.174212],[26.016685,10.114862],[26.102313,9.988163],[26.179466,9.95898],[26.556859,9.520454],[26.625744,9.480663],[27.080393,9.606831],[27.895072,9.59541],[28.04511,9.331407],[28.84255,9.324556],[28.828745,9.427474],[28.913833,9.529031],[29.132258,9.667731],[29.483089,9.761679],[29.613882,9.914461],[29.615432,10.058147],[30.012979,10.270485],[30.484578,9.972028],[30.779082,9.719873],[30.824092,9.746176],[31.164382,9.764005],[31.234817,9.792323],[31.664816,10.214236],[31.864184,10.472127],[31.942887,10.655552],[32.430713,11.082193],[32.348754,11.30758],[32.34834,11.703163],[32.082207,11.999811],[32.746662,12.002731],[32.728524,12.206853],[33.209218,12.210367],[33.144984,11.934673],[33.132427,11.686213],[33.082921,11.584565],[33.182088,10.843241],[33.140023,10.739036],[33.389827,10.639248],[33.916978,10.174522],[33.961782,10.064038],[33.973254,9.861776],[33.904886,9.7107],[33.881425,9.499215],[33.888711,9.470818],[34.070698,9.454592],[34.11185,8.626555],[34.090249,8.556507],[33.970774,8.445377],[33.808096,8.412614],[33.756213,8.370136],[33.695545,8.372875],[33.620407,8.460699],[33.505117,8.474884],[33.370862,8.437393],[33.25273,8.458167],[33.206427,8.430572],[33.163329,8.352954],[33.171391,8.283113],[33.208288,8.253683],[33.169944,8.205495],[33.185137,8.14108],[33.031141,7.996309],[32.993572,7.928148],[33.015018,7.850633],[33.051295,7.801127],[33.233919,7.783195],[33.29159,7.733069],[33.462329,7.749502],[33.572297,7.685217],[33.706552,7.661859],[34.006534,7.409936],[34.031132,7.255372],[34.132417,7.163388],[34.167764,7.175377],[34.198253,7.064376],[34.280729,6.980092],[34.503661,6.89002],[34.524745,6.752871],[34.703545,6.684916],[34.832633,6.353541],[34.844725,6.248689],[34.959447,6.061724],[34.984355,5.841014],[35.098663,5.622474],[35.261961,5.511887],[35.254623,5.425923],[35.287489,5.374092],[35.344953,5.352362],[35.469287,5.430755],[35.80415,5.318023],[35.775315,5.24658],[35.807354,5.144674],[35.760949,5.076332],[35.751647,4.854356],[35.784513,4.764181],[35.920835,4.619332]]]}},{"type":"Feature","properties":{"iso3":"SOM","name":"Somalia","continent":"Africa"},"geometry":{"type":"Polygon","coordinates":[[[46.466963,6.538292],[47.979169,7.996567],[48.939111,9.451233],[48.939112,11.24913],[49.435069,11.35106],[49.521739,11.393785],[49.558604,11.453518],[49.851248,11.464911],[49.934418,11.512885],[50.053884,11.511379],[50.268321,11.589301],[50.437022,11.690619],[50.512706,11.771226],[50.561209,11.907904],[50.647146,11.954047],[50.797864,11.989119],[51.048839,11.878648],[51.292698,11.833108],[51.247801,11.652391],[51.124766,11.511786],[51.086192,11.357164],[51.085948,11.187974],[51.189504,11.138306],[51.115082,10.993354],[51.160655,10.598456],[51.107432,10.576565],[51.102224,10.494696],[51.018321,10.452094],[51.018403,10.41942],[51.211925,10.44184],[51.176117,10.562812],[51.280556,10.48733],[51.377856,10.48169],[51.410965,10.429814],[51.397509,10.395793],[51.300831,10.372566],[51.256602,10.420315],[51.090099,10.407313],[50.927389,10.327844],[50.8838,10.101264],[50.89975,10.000718],[50.806163,9.624457],[50.830333,9.419623],[50.646983,9.211371],[50.633637,9.073188],[50.439708,8.88817],[50.326508,8.641099],[50.303477,8.504584],[50.166026,8.33336],[50.091075,8.161038],[49.929373,8.051744],[49.824229,7.933905],[49.803233,7.82689],[49.825043,7.757758],[49.748302,7.606635],[49.247325,6.810614],[49.074718,6.415269],[49.085623,6.307359],[49.036143,6.144232],[48.646739,5.480048],[48.202403,4.908922],[47.948497,4.457099],[46.834239,3.232489],[46.351573,2.788642],[46.047618,2.455064],[45.232188,1.967678],[45.001475,1.86636],[44.550059,1.559068],[44.157888,1.24079],[44.138031,1.191596],[43.932628,1.009833],[43.658946,0.804918],[42.580333,-0.29754],[42.47283,-0.469903],[42.465994,-0.449395],[42.412608,-0.490981],[42.166515,-0.802667],[42.062511,-0.839288],[42.071951,-0.884454],[41.983165,-0.994073],[41.95281,-0.894464],[41.973155,-1.011163],[41.873871,-1.176039],[41.885427,-1.209649],[41.835297,-1.168878],[41.836599,-1.262302],[41.65211,-1.565118],[41.535085,-1.696303],[41.522871,-1.572771],[40.979751,-0.870798],[40.979751,2.841895],[41.342727,3.201149],[41.917472,4.020453],[41.923466,4.070554],[42.068367,4.174553],[42.831628,4.302322],[42.899634,4.361104],[42.960406,4.517374],[43.119259,4.647702],[43.528485,4.841566],[43.932284,4.945203],[44.941525,4.911484],[46.466963,6.538292]]]}},{"type":"Feature","properties":{"iso3":"KEN","name":"Kenya","continent":"Africa"},"geometry":{"type":"MultiPolygon","coordinates":[[[[35.705846,4.619447],[35.739402,4.681127],[35.778439,4.678338],[35.781222,4.619922],[35.920835,4.619332],[35.940472,4.508046],[36.041345,4.443683],[36.844087,4.432237],[37.015652,4.370587],[37.091617,4.290256],[37.976731,3.72644],[38.101891,3.612649],[38.445953,3.601668],[38.499386,3.64691],[38.561088,3.606008],[38.660306,3.594459],[38.661443,3.615336],[38.722008,3.560404],[38.895227,3.513585],[39.06793,3.526582],[39.219445,3.468704],[39.296338,3.49199],[39.311326,3.466094],[39.436176,3.462374],[39.504389,3.403333],[39.536325,3.405013],[39.574979,3.497901],[39.764218,3.685745],[39.848451,3.867284],[40.763744,4.284933],[41.162996,3.94268],[41.429543,3.948882],[41.699811,3.996915],[41.835927,3.94945],[41.885019,3.977226],[41.342727,3.201149],[40.965385,2.814145],[40.979751,-0.870798],[41.522871,-1.572771],[41.535085,-1.696303],[41.282725,-1.96852],[41.219005,-1.922459],[41.185802,-1.990167],[41.096853,-1.985284],[41.028656,-2.043227],[40.983653,-2.019301],[41.006114,-1.901788],[40.970714,-1.928969],[40.945323,-2.073175],[40.908214,-1.997735],[40.849132,-1.977634],[40.896821,-2.042413],[40.911957,-2.19199],[40.979259,-2.24212],[40.944835,-2.30934],[40.922618,-2.313735],[40.952159,-2.286065],[40.863048,-2.231378],[40.773936,-2.279229],[40.816905,-2.397882],[40.650564,-2.539321],[40.523611,-2.525079],[40.389822,-2.560317],[40.223318,-2.683038],[40.174978,-2.762628],[40.162608,-2.934259],[40.178559,-2.976495],[40.232107,-2.970636],[40.119151,-3.183526],[40.122895,-3.267348],[39.971446,-3.376072],[39.990082,-3.320896],[39.966075,-3.321222],[39.878673,-3.605076],[39.85727,-3.618259],[39.780935,-3.566583],[39.800141,-3.634698],[39.866466,-3.648533],[39.786388,-3.917169],[39.732107,-3.946384],[39.712087,-3.897393],[39.689952,-3.909601],[39.742442,-3.985935],[39.690766,-4.053155],[39.661957,-3.984633],[39.594737,-3.978692],[39.643077,-3.9992],[39.573253,-4.031834],[39.567393,-4.08115],[39.650076,-4.069594],[39.665863,-4.112074],[39.54005,-4.430434],[39.506033,-4.438084],[39.450694,-4.581964],[39.447439,-4.534275],[39.388682,-4.585138],[39.406261,-4.615167],[39.362478,-4.633966],[39.300466,-4.594985],[39.204845,-4.670099],[39.105757,-4.616306],[37.770955,-3.655435],[37.708323,-3.527174],[37.599079,-3.513428],[37.580476,-3.424131],[37.681865,-3.315714],[37.644865,-3.045963],[34.015422,-1.037507],[34.000022,-1.002573],[33.904214,-1.002573],[33.894809,-0.662749],[33.953514,-0.154356],[33.890468,0.090073],[34.076607,0.333779],[34.080121,0.431344],[34.149574,0.603634],[34.2521,0.655],[34.30667,0.768068],[34.388009,0.815817],[34.487021,1.082467],[34.560065,1.093149],[34.573631,1.134247],[34.683805,1.209075],[34.797907,1.231916],[34.778993,1.388547],[34.972676,1.654241],[35.002752,1.906138],[34.865603,2.347506],[34.867876,2.411482],[34.923584,2.477318],[34.875628,2.591212],[34.81868,2.597982],[34.730107,2.85285],[34.654143,2.856519],[34.58469,2.928711],[34.53384,3.118467],[34.434001,3.182029],[34.382118,3.466043],[34.434518,3.52622],[34.439686,3.667736],[34.35504,3.727371],[34.295095,3.707346],[34.241558,3.778737],[34.152468,3.775636],[34.17903,3.7961],[34.150814,3.81721],[34.204971,3.874545],[34.084772,3.877336],[34.109576,3.943352],[34.061517,4.017921],[34.069269,4.08802],[34.028548,4.188014],[33.977078,4.219692],[34.381188,4.620158],[34.666277,4.76498],[35.245726,4.98172],[35.263419,4.948545],[35.411598,5.030376],[35.433715,5.003836],[35.396117,4.926429],[35.570836,4.904313],[35.52218,4.780461],[35.610201,4.620812],[35.700365,4.589111],[35.705846,4.619447]]],[[[41.053966,-2.049574],[41.143321,-2.059503],[41.155284,-2.112074],[41.123383,-2.093683],[41.107758,-2.131524],[40.988943,-2.152276],[41.009939,-2.187188],[40.957286,-2.174005],[40.982921,-2.097345],[41.053966,-2.049574]]]]}},{"type":"Feature","properties":{"iso3":"MWI","name":"Malawi","continent":"Africa"},"geometry":{"type":"MultiPolygon","coordinates":[[[[34.964615,-11.573556],[34.651249,-11.570042],[34.616729,-11.57831],[34.607117,-11.591126],[34.613938,-11.652724],[34.60443,-11.732616],[34.563812,-11.830905],[34.380051,-12.10386],[34.35876,-12.154399],[34.354006,-12.199461],[34.494463,-12.68739],[34.549343,-13.159092],[34.545312,-13.325749],[34.578178,-13.398406],[34.611458,-13.43582],[34.640603,-13.492354],[34.667475,-13.500932],[34.795426,-13.498761],[34.863122,-13.515815],[34.894438,-13.534728],[35.084091,-13.704227],[35.455748,-14.136965],[35.522824,-14.262746],[35.78689,-14.587894],[35.847248,-14.650422],[35.863268,-14.876662],[35.869882,-14.88555],[35.904299,-14.886894],[35.784203,-15.171838],[35.84053,-15.417197],[35.806734,-15.895824],[35.789681,-15.958663],[35.795675,-16.004965],[35.785133,-16.042275],[35.687051,-16.112659],[35.648604,-16.110592],[35.529025,-16.140771],[35.514555,-16.171363],[35.488717,-16.164645],[35.472904,-16.140151],[35.4358,-16.123924],[35.393426,-16.128575],[35.374616,-16.140977],[35.304956,-16.202059],[35.277154,-16.233995],[35.258757,-16.271512],[35.251936,-16.317814],[35.266198,-16.356468],[35.238707,-16.394089],[35.228165,-16.47026],[35.131943,-16.537646],[35.174318,-16.625496],[35.222997,-16.642136],[35.278187,-16.700737],[35.285112,-16.786726],[35.310227,-16.850598],[35.285215,-16.871062],[35.285112,-16.930077],[35.270953,-16.944236],[35.314361,-16.98227],[35.298651,-17.013586],[35.304956,-17.104226],[35.291933,-17.129341],[35.234779,-17.135335],[35.133907,-17.132028],[35.0813,-17.12407],[35.066004,-17.109807],[35.069104,-17.084072],[35.036548,-17.03591],[35.044403,-17.004697],[35.113443,-16.960256],[35.125122,-16.932867],[35.127499,-16.864448],[35.1183,-16.833442],[35.095769,-16.817319],[35.004509,-16.814631],[34.948078,-16.759338],[34.905497,-16.740838],[34.893508,-16.705698],[34.844622,-16.678412],[34.819507,-16.627769],[34.772998,-16.589736],[34.732071,-16.529171],[34.65497,-16.48938],[34.6374,-16.450519],[34.575078,-16.392332],[34.547069,-16.323085],[34.524745,-16.300761],[34.44599,-16.293216],[34.426456,-16.273889],[34.385219,-16.186453],[34.40899,-16.087854],[34.404546,-16.059742],[34.304293,-15.952152],[34.244039,-15.917632],[34.233186,-15.88983],[34.23639,-15.81924],[34.247139,-15.794125],[34.293338,-15.75113],[34.34181,-15.730873],[34.404029,-15.646847],[34.415914,-15.615118],[34.419118,-15.575327],[34.410127,-15.481276],[34.440616,-15.455541],[34.460253,-15.424845],[34.480407,-15.412857],[34.508002,-15.348054],[34.546759,-15.32325],[34.565156,-15.297308],[34.569083,-15.27116],[34.548309,-15.123675],[34.559885,-15.095667],[34.548723,-15.057633],[34.582312,-15.001305],[34.584173,-14.984459],[34.5511,-14.918313],[34.542832,-14.796253],[34.505831,-14.700342],[34.519371,-14.640811],[34.51813,-14.607428],[34.501801,-14.575698],[34.426456,-14.497564],[34.372093,-14.401962],[34.344084,-14.387389],[34.312872,-14.404236],[34.281349,-14.404959],[34.18244,-14.439479],[34.109576,-14.441443],[34.077537,-14.454672],[34.050769,-14.495186],[33.916307,-14.481337],[33.888918,-14.488158],[33.802412,-14.532807],[33.774196,-14.530016],[33.720401,-14.489709],[33.699214,-14.49622],[33.684073,-14.518751],[33.672239,-14.600193],[33.66242,-14.607014],[33.64485,-14.601743],[33.62449,-14.578075],[33.595758,-14.511413],[33.545942,-14.481647],[33.525788,-14.444337],[33.470287,-14.414468],[33.439178,-14.380671],[33.354325,-14.225332],[33.32394,-14.206315],[33.290557,-14.156913],[33.29128,-14.089216],[33.280221,-14.060794],[33.202707,-14.013872],[33.154544,-13.936564],[33.140282,-13.924989],[33.111601,-13.964573],[33.062974,-13.981729],[33.01817,-14.046222],[32.999825,-14.050459],[32.9713,-14.005914],[32.976261,-13.944522],[32.962515,-13.932017],[32.93616,-13.926229],[32.923912,-13.880444],[32.874148,-13.820602],[32.85942,-13.808097],[32.763044,-13.777194],[32.757359,-13.750219],[32.813377,-13.711152],[32.769865,-13.646866],[32.743407,-13.635394],[32.67509,-13.628056],[32.663308,-13.596327],[32.667649,-13.575553],[32.677261,-13.567801],[32.722839,-13.573382],[32.763199,-13.54248],[32.813066,-13.528217],[32.819061,-13.471683],[32.827432,-13.460831],[32.874251,-13.443158],[32.892131,-13.404814],[32.919623,-13.294846],[32.937865,-13.255882],[32.962721,-13.22498],[32.992797,-13.216401],[32.998171,-13.202449],[32.9713,-13.150927],[32.965925,-13.116821],[32.981532,-13.00613],[33.00892,-12.945049],[33.013571,-12.917247],[33.005044,-12.892959],[32.947012,-12.843246],[32.941121,-12.769865],[32.958071,-12.725217],[33.024836,-12.612666],[33.057703,-12.583417],[33.081267,-12.604811],[33.13036,-12.583727],[33.146896,-12.593235],[33.163019,-12.620417],[33.173251,-12.620004],[33.187307,-12.60233],[33.226995,-12.579076],[33.255107,-12.531947],[33.28973,-12.524196],[33.32828,-12.537632],[33.350398,-12.532671],[33.373239,-12.518511],[33.420781,-12.464974],[33.451115,-12.452986],[33.465326,-12.409061],[33.480519,-12.406373],[33.487754,-12.389837],[33.513887,-12.374281],[33.527131,-12.355627],[33.525581,-12.335267],[33.458298,-12.31811],[33.384608,-12.340021],[33.349468,-12.327929],[33.330141,-12.298266],[33.299962,-12.195947],[33.25273,-12.139516],[33.2549,-12.072647],[33.294226,-11.981283],[33.312674,-11.898704],[33.297378,-11.846511],[33.314018,-11.7722],[33.296758,-11.593606],[33.283219,-11.578414],[33.232679,-11.57769],[33.212629,-11.563841],[33.233816,-11.514025],[33.230302,-11.416563],[33.239707,-11.402404],[33.265184,-11.423074],[33.273607,-11.409432],[33.273503,-11.369641],[33.298928,-11.353104],[33.298308,-11.32923],[33.368485,-11.222673],[33.390912,-11.164795],[33.303682,-11.034571],[33.280325,-10.913338],[33.265855,-10.901142],[33.239604,-10.903106],[33.231697,-10.897628],[33.232576,-10.883262],[33.241412,-10.865692],[33.2734,-10.865589],[33.288128,-10.856701],[33.319082,-10.81815],[33.385538,-10.80089],[33.43401,-10.808125],[33.500983,-10.769161],[33.528268,-10.711593],[33.576947,-10.657643],[33.657769,-10.601316],[33.674203,-10.577028],[33.665418,-10.515119],[33.638184,-10.511605],[33.622733,-10.494035],[33.603199,-10.44918],[33.559171,-10.404325],[33.532919,-10.342623],[33.533281,-10.231209],[33.480519,-10.177052],[33.454578,-10.16806],[33.399181,-10.117934],[33.317532,-10.082071],[33.304096,-10.063777],[33.309987,-10.012721],[33.365591,-9.898826],[33.343473,-9.83144],[33.287766,-9.803845],[33.25273,-9.754029],[33.216711,-9.727054],[33.204567,-9.698115],[33.214282,-9.654707],[33.19542,-9.616259],[33.175422,-9.602307],[33.121471,-9.599516],[33.09832,-9.588458],[33.08044,-9.662251],[33.058323,-9.654293],[33.046747,-9.622047],[33.03574,-9.616983],[33.000135,-9.632796],[32.986906,-9.628455],[32.97471,-9.601273],[32.992384,-9.529133],[32.99197,-9.501848],[32.961895,-9.48035],[32.937503,-9.487792],[32.927788,-9.479834],[32.920863,-9.4079],[32.936263,-9.391674],[32.97471,-9.381235],[33.103901,-9.487895],[33.16922,-9.508876],[33.202397,-9.493476],[33.249112,-9.500711],[33.282392,-9.486035],[33.300272,-9.492236],[33.374996,-9.54908],[33.404245,-9.604891],[33.438971,-9.62153],[33.480519,-9.624424],[33.559481,-9.593315],[33.650135,-9.610901],[33.676063,-9.607681],[33.734612,-9.584117],[33.787529,-9.626491],[33.86525,-9.66959],[33.911862,-9.717959],[33.954857,-9.660598],[33.964469,-9.594659],[33.945866,-9.55001],[33.960748,-9.524896],[34.012735,-9.477457],[34.078491,-9.510186],[34.161873,-9.593625],[34.190812,-9.606751],[34.288067,-9.70845],[34.317936,-9.719199],[34.331682,-9.769222],[34.382325,-9.819658],[34.4833,-9.946162],[34.524745,-10.008794],[34.536424,-10.043003],[34.524745,-10.094783],[34.565569,-10.202684],[34.58562,-10.290017],[34.565053,-10.409803],[34.592958,-10.481736],[34.581072,-10.539717],[34.600399,-10.578061],[34.624377,-10.583436],[34.626341,-10.614338],[34.660034,-10.665498],[34.660861,-10.687305],[34.647631,-10.708389],[34.67502,-10.752418],[34.656727,-10.769884],[34.660551,-10.796032],[34.645461,-10.913235],[34.627064,-10.954059],[34.597919,-10.990956],[34.592958,-11.016174],[34.613525,-11.102164],[34.62107,-11.119734],[34.668715,-11.160145],[34.681841,-11.185053],[34.714087,-11.202726],[34.72866,-11.253989],[34.757496,-11.277553],[34.737032,-11.296777],[34.765557,-11.345146],[34.80049,-11.331917],[34.843692,-11.346283],[34.886583,-11.375429],[34.960687,-11.498522],[34.964615,-11.573556]]],[[[34.69414,-12.000403],[34.738272,-12.009498],[34.754188,-12.020144],[34.762353,-12.040298],[34.759253,-12.065619],[34.732484,-12.109027],[34.688973,-12.12453],[34.669026,-12.117812],[34.65621,-12.097245],[34.6559,-12.076264],[34.680911,-12.009395],[34.69414,-12.000403]]],[[[34.561642,-11.978596],[34.598436,-11.970534],[34.627478,-11.987278],[34.641224,-12.01787],[34.631715,-12.052493],[34.611148,-12.072544],[34.596058,-12.071924],[34.544072,-12.011359],[34.541798,-11.994616],[34.561642,-11.978596]]]]}},{"type":"Feature","properties":{"iso3":"TZA","name":"United Republic of Tanzania","continent":"Africa"},"geometry":{"type":"MultiPolygon","coordinates":[[[[32.920863,-9.4079],[32.759633,-9.339997],[32.725837,-9.292558],[32.518046,-9.258245],[32.423426,-9.143834],[32.231448,-9.133808],[32.134141,-9.064148],[32.057247,-9.049576],[31.938081,-9.061771],[31.936634,-8.93258],[31.787599,-8.892169],[31.689621,-8.919558],[31.55335,-8.809074],[31.539036,-8.70355],[31.38597,-8.632547],[31.362199,-8.592343],[31.248046,-8.621902],[31.182675,-8.580767],[31.077824,-8.61632],[30.959536,-8.550485],[30.828278,-8.388117],[30.654955,-7.92737],[30.441635,-7.596331],[30.369598,-7.31025],[30.29446,-7.149433],[30.090855,-6.890018],[29.707003,-6.619336],[29.525515,-6.273104],[29.476113,-6.002113],[29.60303,-5.781661],[29.612435,-5.704354],[29.32377,-4.920164],[29.40728,-4.462621],[29.728293,-4.461587],[29.80033,-4.363919],[29.847356,-4.370533],[30.003005,-4.271935],[30.149766,-4.08683],[30.208781,-3.930457],[30.31172,-3.789897],[30.381587,-3.788346],[30.371975,-3.722924],[30.426856,-3.563864],[30.639142,-3.41948],[30.61025,-3.376359],[30.640538,-3.33287],[30.721463,-3.280987],[30.799753,-3.274579],[30.832205,-3.172777],[30.783216,-3.062086],[30.80213,-2.97837],[30.650925,-2.977337],[30.547003,-2.900339],[30.49326,-2.941266],[30.415797,-2.851659],[30.458585,-2.72867],[30.516101,-2.668311],[30.412128,-2.670172],[30.508091,-2.463466],[30.573927,-2.389259],[30.834376,-2.345334],[30.887809,-2.082507],[30.835461,-2.014708],[30.826934,-1.934093],[30.796962,-1.929338],[30.83789,-1.836838],[30.831017,-1.594165],[30.807246,-1.60326],[30.738878,-1.489469],[30.737534,-1.406683],[30.549949,-1.3024],[30.511191,-1.170418],[30.467266,-1.155329],[30.456156,-1.086082],[30.493415,-1.060244],[30.638626,-1.07337],[30.777118,-0.98583],[33.980385,-1.002573],[37.644865,-3.045963],[37.700055,-3.31437],[37.590294,-3.404081],[37.596185,-3.499682],[37.708323,-3.527174],[37.770955,-3.655435],[39.215099,-4.688653],[39.216075,-4.749119],[39.170177,-4.779962],[39.215994,-4.795668],[39.207042,-4.872328],[39.175141,-4.926446],[39.163341,-4.848321],[39.108653,-4.916599],[39.132172,-5.010186],[39.084483,-5.047784],[39.129161,-5.04754],[39.14088,-5.086602],[39.04363,-5.232192],[39.074555,-5.218845],[39.037283,-5.356541],[38.978282,-5.431085],[38.985362,-5.504978],[38.888927,-5.63714],[38.895193,-5.710545],[38.83253,-5.815606],[38.779063,-6.054864],[38.856781,-6.16367],[38.852224,-6.348728],[38.923106,-6.445245],[39.040863,-6.470147],[39.219412,-6.65309],[39.24586,-6.731052],[39.28004,-6.727146],[39.280284,-6.830499],[39.464529,-6.85768],[39.550548,-6.993829],[39.547537,-7.118259],[39.497895,-7.177179],[39.477875,-7.151056],[39.435883,-7.180271],[39.375662,-7.295587],[39.32781,-7.309259],[39.35434,-7.370782],[39.303966,-7.4485],[39.27475,-7.596449],[39.302013,-7.754083],[39.252615,-7.823337],[39.305024,-7.791762],[39.32781,-7.726332],[39.355235,-7.752537],[39.340831,-7.781671],[39.440278,-7.818536],[39.422211,-7.889744],[39.454356,-8.010431],[39.340831,-8.206801],[39.345551,-8.25742],[39.294932,-8.303806],[39.303071,-8.505466],[39.357677,-8.588311],[39.35434,-8.713962],[39.433116,-8.749607],[39.547699,-8.913181],[39.430186,-8.861261],[39.388682,-8.898858],[39.464203,-8.898858],[39.502696,-9.106622],[39.583669,-9.106215],[39.643809,-9.18906],[39.646251,-9.356622],[39.563975,-9.414239],[39.567393,-9.447524],[39.650727,-9.444757],[39.740896,-9.666762],[39.746593,-9.706476],[39.701427,-9.736423],[39.744802,-9.747735],[39.807302,-9.852227],[39.752289,-9.879002],[39.789236,-9.914239],[39.714203,-9.952081],[39.726329,-9.988865],[39.690766,-10.04339],[39.763194,-9.982843],[39.826915,-9.99033],[39.914317,-10.033868],[39.974946,-10.133396],[39.985118,-10.220961],[39.986583,-10.139744],[40.019786,-10.132908],[40.124766,-10.169366],[40.115408,-10.263116],[40.2588,-10.273696],[40.198009,-10.24212],[40.232107,-10.200453],[40.338715,-10.34881],[40.42213,-10.355645],[40.397227,-10.323907],[40.417735,-10.296645],[40.449392,-10.345392],[40.410899,-10.392267],[40.43686,-10.392267],[40.43686,-10.474786],[40.008131,-10.811122],[39.760498,-10.943104],[39.482685,-10.999224],[39.263267,-11.166759],[39.126221,-11.139681],[38.896261,-11.167689],[38.759732,-11.263187],[38.654209,-11.275796],[38.492255,-11.413462],[38.347664,-11.358789],[38.25661,-11.27714],[38.155014,-11.280551],[38.117187,-11.252025],[37.954613,-11.280034],[37.875238,-11.319101],[37.816947,-11.533558],[37.450665,-11.722591],[37.331395,-11.68156],[37.141639,-11.674738],[37.032395,-11.564874],[36.905892,-11.59278],[36.837059,-11.567975],[36.726574,-11.680733],[36.562967,-11.731272],[36.502712,-11.686314],[36.199681,-11.701507],[36.151932,-11.571076],[35.969825,-11.502449],[35.953082,-11.440644],[35.826371,-11.413462],[35.69563,-11.494594],[35.66483,-11.572006],[35.576257,-11.605182],[35.423501,-11.576553],[34.964615,-11.573556],[34.955726,-11.48674],[34.886583,-11.375429],[34.772172,-11.344423],[34.716568,-11.211718],[34.62107,-11.119734],[34.592958,-11.016174],[34.67502,-10.752418],[34.660034,-10.665498],[34.581072,-10.539717],[34.583449,-10.277614],[34.524745,-10.094783],[34.536424,-10.043003],[34.317936,-9.719199],[34.012735,-9.477457],[33.945866,-9.55001],[33.951343,-9.67362],[33.911862,-9.717959],[33.734612,-9.584117],[33.438971,-9.62153],[33.300272,-9.492236],[33.172941,-9.511046],[32.97471,-9.381235],[32.920863,-9.4079]]],[[[39.895681,-7.637628],[39.893403,-7.754083],[39.823253,-7.913995],[39.754649,-7.915297],[39.686778,-7.988865],[39.629731,-7.985772],[39.587169,-7.945489],[39.693044,-7.870294],[39.703868,-7.819431],[39.797211,-7.791925],[39.773448,-7.781671],[39.835704,-7.745538],[39.895681,-7.637628]]],[[[39.543468,-6.321222],[39.569509,-6.420831],[39.508474,-6.462823],[39.47169,-6.452081],[39.414236,-6.316339],[39.394054,-6.308201],[39.408458,-6.368259],[39.375662,-6.363377],[39.300466,-6.239353],[39.258474,-6.294529],[39.177013,-6.157892],[39.212901,-6.11419],[39.19044,-5.914239],[39.28004,-5.841974],[39.313487,-5.718438],[39.355724,-5.803806],[39.372569,-5.970798],[39.430186,-6.054864],[39.419932,-6.180759],[39.482432,-6.198337],[39.498546,-6.123793],[39.543468,-6.321222]]],[[[39.643077,-5.413995],[39.656749,-5.349216],[39.698253,-5.34238],[39.669281,-5.302667],[39.726329,-5.280369],[39.690766,-5.259861],[39.780935,-5.239353],[39.649913,-5.190851],[39.72755,-5.205743],[39.746267,-5.178318],[39.690766,-5.137465],[39.720063,-5.083917],[39.677257,-5.044366],[39.675792,-5.001723],[39.712087,-4.992852],[39.682872,-4.905532],[39.814952,-4.980157],[39.855968,-4.897231],[39.878184,-4.987726],[39.831309,-5.083185],[39.837738,-5.132094],[39.862804,-5.132094],[39.855968,-5.253025],[39.796072,-5.406834],[39.786388,-5.383233],[39.729015,-5.454197],[39.738617,-5.431085],[39.643077,-5.413995]]],[[[39.74204,-7.994825],[39.796737,-7.992453],[39.719439,-8.092572],[39.7028,-8.049004],[39.74204,-7.994825]]],[[[39.226104,-5.769169],[39.237862,-5.856047],[39.21447,-5.858106],[39.226104,-5.769169]]],[[[39.575458,-5.394548],[39.659811,-5.47597],[39.615331,-5.463799],[39.575458,-5.394548]]]]}},{"type":"Feature","properties":{"iso3":"MAR","name":"Morocco","continent":"Africa"},"geometry":{"type":"Polygon","coordinates":[[[-8.817035,27.661464],[-8.773387,27.46003],[-8.795841,27.307688],[-8.752872,27.190486],[-8.752872,27.150463],[-8.793903,27.12018],[-9.412056,27.08796],[-9.734362,26.860429],[-9.816864,26.84968],[-9.899365,26.84968],[-10.031709,26.910219],[-10.250455,26.860429],[-10.550282,26.990292],[-10.756781,27.019592],[-10.921835,27.009825],[-11.391574,26.882908],[-11.315868,26.744208],[-11.3369,26.632897],[-11.510688,26.469807],[-11.683546,26.212975],[-11.717239,26.103576],[-12.029752,26.03035],[-12.055823,25.99583],[-12.310019,25.110432],[-12.430141,24.830165],[-12.990184,24.4698],[-13.060025,24.400476],[-13.31001,23.980553],[-13.769982,23.790125],[-13.890129,23.690493],[-14.019992,23.410252],[-14.100065,23.099676],[-14.220187,22.309647],[-14.629852,21.860424],[-14.609827,21.750069],[-14.669875,21.599665],[-14.749974,21.500084],[-14.839813,21.450268],[-14.970167,21.440501],[-16.040024,21.500084],[-16.729956,21.469802],[-17.013743,21.419971],[-16.92101,21.931301],[-16.717885,22.260972],[-16.52184,22.314887],[-16.466624,22.377387],[-16.419545,22.521796],[-16.369781,22.568264],[-16.291737,22.893459],[-16.163238,22.993232],[-16.159535,23.082465],[-16.220204,23.075873],[-15.772613,23.787828],[-15.781972,23.898261],[-15.795318,23.856635],[-15.877553,23.823188],[-15.994862,23.645006],[-15.939605,23.774807],[-15.840932,23.902655],[-15.620107,24.026272],[-15.203969,24.467475],[-15.014801,24.562445],[-14.999989,24.614488],[-14.895619,24.705715],[-14.83967,24.905341],[-14.849721,25.214179],[-14.819244,25.330227],[-14.620961,25.783596],[-14.519521,25.923774],[-14.471791,26.183051],[-14.410146,26.260077],[-14.29894,26.302232],[-14.180247,26.424384],[-13.923736,26.500881],[-13.561106,26.749091],[-13.177561,27.667141],[-13.045155,27.759833],[-12.952382,27.928616],[-12.838938,27.970404],[-12.513539,27.995429],[-12.061431,28.089016],[-11.485585,28.325629],[-11.0631,28.752387],[-10.573801,28.990424],[-10.248402,29.299384],[-10.086985,29.509955],[-10.063629,29.584947],[-9.820221,29.838935],[-9.655141,30.126899],[-9.611643,30.404364],[-9.700063,30.542711],[-9.888539,30.648261],[-9.81371,30.814683],[-9.847524,31.121283],[-9.80663,31.343451],[-9.834788,31.388821],[-9.694203,31.625718],[-9.675201,31.715399],[-9.366119,32.026313],[-9.27774,32.196601],[-9.26476,32.330634],[-9.289662,32.372463],[-9.24885,32.452541],[-9.278961,32.546332],[-9.259918,32.57689],[-8.867787,32.881903],[-8.529164,33.268704],[-8.415028,33.280015],[-8.284657,33.389838],[-7.891428,33.503363],[-7.667551,33.612698],[-7.529124,33.632636],[-7.406361,33.726996],[-7.35261,33.724677],[-7.031809,33.874254],[-6.822092,34.039618],[-6.557932,34.417711],[-6.292104,34.880805],[-5.90803,35.797349],[-5.781402,35.79092],[-5.711741,35.830634],[-5.615956,35.831529],[-5.408,35.924748],[-5.340728,35.847357],[-5.322621,35.713772],[-5.28189,35.68651],[-5.24942,35.584621],[-5.066274,35.417467],[-4.770497,35.241034],[-4.376047,35.151842],[-3.919342,35.266832],[-3.903901,35.214173],[-3.787465,35.209215],[-3.699574,35.290839],[-3.590972,35.233303],[-3.319244,35.201809],[-3.077056,35.287909],[-2.968577,35.446438],[-2.963768,35.286219],[-2.899037,35.259996],[-2.90982,35.186713],[-2.856068,35.131293],[-2.748118,35.115953],[-2.883168,35.238511],[-2.666737,35.108222],[-2.517486,35.099351],[-2.416737,35.149156],[-2.275258,35.109565],[-2.222564,35.089301],[-2.193789,35.003601],[-2.01628,34.926241],[-1.993491,34.878854],[-1.769526,34.741343],[-1.862957,34.613599],[-1.714232,34.485054],[-1.809626,34.372451],[-1.746064,34.290311],[-1.669635,34.079213],[-1.718728,33.898087],[-1.702501,33.772823],[-1.746788,33.702388],[-1.673252,33.6565],[-1.617338,33.554439],[-1.683226,33.36923],[-1.674234,33.237972],[-1.499516,33.060205],[-1.502978,32.974629],[-1.558789,32.93365],[-1.423345,32.742395],[-1.031999,32.4944],[-1.244131,32.356915],[-1.305161,32.151165],[-1.211833,32.158348],[-1.190594,32.125224],[-1.210335,32.08967],[-2.516147,32.1322],[-2.881189,32.076286],[-2.938731,32.048639],[-2.827836,31.794586],[-3.659507,31.647821],[-3.673484,31.389234],[-3.802502,31.350646],[-3.842836,31.170192],[-3.827462,31.143837],[-3.731421,31.176341],[-3.635872,31.095674],[-3.554674,30.955927],[-3.659507,30.837116],[-3.645529,30.711317],[-3.834228,30.627452],[-4.155714,30.585519],[-4.372368,30.508641],[-4.623966,30.284999],[-4.875564,30.180166],[-5.176083,29.97749],[-5.539503,29.523216],[-5.637346,29.495261],[-5.721212,29.523216],[-5.756156,29.614071],[-6.27333,29.579127],[-6.699649,29.516227],[-6.783515,29.446339],[-6.958236,29.509238],[-7.146934,29.509238],[-7.258755,29.467305],[-7.34961,29.383439],[-7.653611,29.376193],[-8.036326,29.099853],[-8.250474,28.994769],[-8.417802,28.852349],[-8.667606,28.711685],[-8.682385,27.661439],[-8.817035,27.661464]]]}},{"type":"Feature","properties":{"iso3":"ESH","name":"Western Sahara","continent":"Africa"},"geometry":{"type":"Polygon","coordinates":[[[-8.817035,27.661464],[-8.682385,27.661439],[-8.680809,26.013142],[-8.687656,26.000016],[-12.015308,25.9949],[-12.019339,23.460998],[-12.032723,23.444978],[-12.134578,23.419347],[-12.353892,23.322479],[-12.558376,23.290285],[-12.619432,23.270829],[-13.015247,23.018002],[-13.119892,22.88354],[-13.152293,22.820004],[-13.165497,22.752695],[-13.15498,22.688797],[-13.106353,22.560226],[-13.09333,22.495476],[-13.015247,21.333428],[-16.958831,21.332859],[-16.968339,21.324591],[-17.004926,21.141915],[-17.047378,21.0274],[-17.077428,20.904513],[-17.081175,20.874748],[-17.056874,20.766913],[-17.100209,20.837592],[-17.104644,20.862494],[-17.092275,20.899888],[-17.090403,20.961819],[-17.06786,21.030911],[-17.013743,21.419971],[-16.729956,21.469802],[-16.580043,21.48055],[-16.189886,21.48055],[-16.040024,21.500084],[-15.749964,21.490317],[-15.45993,21.450268],[-14.970167,21.440501],[-14.839813,21.450268],[-14.749974,21.500084],[-14.669875,21.599665],[-14.609827,21.750069],[-14.629852,21.860424],[-14.580036,21.91024],[-14.519988,21.990338],[-14.459914,22.040103],[-14.439915,22.080152],[-14.379841,22.120201],[-14.310052,22.190507],[-14.220187,22.309647],[-14.189904,22.450259],[-14.189904,22.589914],[-14.169906,22.759852],[-14.120089,22.960047],[-14.100065,23.099676],[-14.019992,23.410252],[-13.979943,23.519599],[-13.890129,23.690493],[-13.839797,23.750076],[-13.769982,23.790125],[-13.390108,23.940504],[-13.31001,23.980553],[-13.229963,24.0899],[-13.060025,24.400476],[-12.990184,24.4698],[-12.629845,24.679761],[-12.499982,24.7696],[-12.430141,24.830165],[-12.359835,24.969795],[-12.310019,25.110432],[-12.169873,25.639728],[-12.080059,25.870205],[-12.080059,25.919969],[-12.060009,25.990301],[-12.029752,26.03035],[-11.879864,26.070399],[-11.753877,26.086006],[-11.717239,26.103576],[-11.683546,26.212975],[-11.63621,26.294985],[-11.55221,26.400457],[-11.510688,26.469807],[-11.469709,26.519597],[-11.3369,26.632897],[-11.315868,26.683644],[-11.315868,26.744208],[-11.36031,26.793043],[-11.391574,26.882908],[-11.149366,26.940501],[-10.921835,27.009825],[-10.829076,27.009825],[-10.756781,27.019592],[-10.550282,26.990292],[-10.250455,26.860429],[-10.188443,26.860429],[-10.122039,26.879962],[-10.065867,26.908281],[-10.031709,26.910219],[-9.899365,26.84968],[-9.816864,26.84968],[-9.734362,26.860429],[-9.486315,27.049875],[-9.412056,27.08796],[-9.352008,27.097727],[-9.207469,27.099691],[-9.000919,27.089924],[-8.793903,27.12018],[-8.752872,27.150463],[-8.752872,27.190486],[-8.795841,27.307688],[-8.801706,27.360424],[-8.773387,27.46003],[-8.783619,27.530362],[-8.81292,27.613354],[-8.817035,27.661464]]]}},{"type":"Feature","properties":{"iso3":"COG","name":"Republic of the Congo","continent":"Africa"},"geometry":{"type":"Polygon","coordinates":[[[18.626387,3.476869],[18.642407,3.323829],[18.613055,3.128182],[18.528409,3.064775],[18.393223,2.713686],[18.233026,2.502587],[18.072416,2.160024],[18.071382,1.551457],[17.956247,1.171661],[17.86664,1.016632],[17.907671,0.740473],[17.893202,0.607664],[17.949943,0.491496],[17.945498,0.377291],[17.854031,0.241072],[17.716365,-0.195801],[17.749541,-0.523429],[17.308018,-1.014976],[17.028655,-1.094454],[16.839726,-1.262506],[16.513958,-1.887377],[16.194598,-2.182036],[16.178268,-2.318462],[16.225603,-2.635239],[16.177028,-2.882459],[16.193357,-3.238406],[16.225603,-3.313233],[15.912134,-3.917434],[15.844231,-3.965597],[15.533759,-4.057994],[15.462859,-4.207132],[15.20396,-4.339011],[15.09792,-4.499931],[14.931005,-4.646899],[14.831167,-4.815054],[14.672727,-4.899907],[14.501471,-4.840685],[14.418169,-4.883163],[14.396464,-4.855878],[14.406903,-4.676044],[14.349956,-4.566904],[14.466538,-4.448048],[14.368559,-4.278446],[14.184694,-4.377458],[14.021087,-4.415388],[13.934581,-4.498484],[13.87629,-4.491663],[13.810454,-4.426654],[13.726531,-4.446704],[13.712475,-4.685656],[13.591397,-4.779397],[13.51471,-4.755936],[13.482257,-4.77485],[13.496416,-4.792109],[13.403192,-4.876859],[13.349345,-4.785598],[13.18212,-4.686069],[13.112357,-4.576929],[13.071532,-4.60163],[13.073703,-4.635323],[13.027194,-4.612172],[12.869891,-4.411978],[12.761681,-4.391204],[12.608098,-4.565043],[12.387026,-4.605454],[12.332353,-4.765858],[12.244089,-4.796347],[12.204092,-4.763481],[12.130815,-4.912929],[11.994314,-5.005792],[11.819266,-4.77916],[11.843319,-4.788783],[11.850367,-4.752839],[11.777688,-4.657701],[11.820163,-4.637281],[11.806409,-4.577118],[11.401403,-4.221366],[11.363129,-4.131117],[11.270181,-4.041725],[11.114016,-3.936856],[11.212524,-3.697293],[11.413959,-3.587635],[11.482585,-3.509294],[11.569815,-3.54495],[11.687638,-3.69874],[11.840808,-3.709989],[11.905505,-3.643549],[11.824994,-3.571202],[11.884835,-3.413279],[11.954908,-3.335454],[11.944366,-3.303208],[11.687534,-3.17102],[11.706448,-3.04989],[11.778381,-3.005655],[11.636788,-2.833263],[11.547905,-2.863855],[11.52558,-2.843288],[11.624386,-2.632758],[11.576533,-2.502533],[11.566198,-2.329727],[11.655908,-2.345644],[11.739521,-2.413753],[11.938372,-2.329107],[12.062292,-2.414994],[12.45927,-2.329934],[12.49534,-2.11279],[12.440046,-2.045817],[12.423097,-1.897609],[12.499474,-1.917866],[12.572441,-1.83043],[12.632386,-1.825159],[12.804572,-1.919107],[12.907098,-2.195369],[12.945649,-2.18245],[13.003423,-2.275467],[12.966113,-2.366418],[13.049828,-2.342647],[13.469441,-2.435044],[13.60783,-2.311124],[13.740897,-2.102455],[13.906158,-2.359803],[13.855102,-2.41427],[13.86213,-2.480933],[14.096018,-2.491061],[14.14418,-2.390189],[14.230066,-2.352155],[14.148004,-2.224824],[14.195857,-2.201777],[14.238438,-2.120231],[14.240092,-1.982255],[14.397291,-1.906808],[14.406696,-1.735552],[14.448761,-1.686253],[14.371453,-1.619487],[14.463127,-1.54869],[14.452688,-1.449574],[14.487725,-1.40937],[14.426333,-1.331029],[14.465814,-1.224369],[14.391814,-1.023347],[14.457133,-0.856122],[14.44597,-0.775714],[14.489999,-0.600944],[14.39233,-0.482398],[14.320603,-0.444468],[14.159683,-0.455113],[14.138289,-0.336361],[14.095398,-0.276623],[13.921558,-0.237865],[13.883421,-0.264944],[13.831228,-0.205413],[13.921145,-0.052967],[13.931377,0.011628],[13.901404,0.036846],[13.871225,0.196423],[13.945226,0.350419],[14.059121,0.435272],[14.045582,0.497283],[14.075967,0.539451],[14.231823,0.542552],[14.328768,0.621204],[14.33838,0.693912],[14.447624,0.81623],[14.46044,0.921237],[14.400805,0.970329],[14.346442,1.087118],[14.28288,1.130113],[14.258178,1.319662],[14.14449,1.391622],[14.049509,1.376403],[14.00083,1.413016],[13.794744,1.434436],[13.758157,1.376506],[13.642247,1.357386],[13.509955,1.277287],[13.37694,1.294444],[13.25023,1.221787],[13.160313,1.247729],[13.242995,1.328861],[13.238447,1.41963],[13.129617,1.592462],[13.191008,1.828727],[13.162173,1.899833],[13.206925,1.993575],[13.281132,2.044967],[13.294568,2.161058],[14.320293,2.17067],[14.438736,2.133979],[14.587874,2.201727],[14.646062,2.133359],[14.747864,2.113205],[14.727297,2.099589],[14.76161,2.070185],[14.871474,2.101656],[14.907338,2.058894],[14.892455,2.00639],[14.953846,2.005822],[14.971003,2.034451],[15.074873,1.979364],[15.151664,2.040988],[15.212642,2.039618],[15.337802,1.92376],[15.48291,1.97585],[15.706772,1.931976],[15.889913,1.793277],[16.021998,1.763795],[16.069851,1.654551],[16.159044,1.734805],[16.06489,1.97895],[16.083493,2.137752],[16.104371,2.193562],[16.159251,2.18209],[16.199455,2.212166],[16.479128,2.836314],[16.445538,2.95765],[16.490807,3.067824],[16.465485,3.156501],[16.598501,3.501674],[16.686351,3.542214],[16.833008,3.522861],[16.853162,3.560094],[16.968607,3.533481],[17.182858,3.579602],[17.259442,3.625904],[17.334373,3.618514],[17.481858,3.704762],[17.586761,3.632234],[17.808349,3.608592],[17.856408,3.537305],[18.082028,3.563453],[18.181556,3.477386],[18.255867,3.577225],[18.379891,3.574382],[18.472081,3.632053],[18.570267,3.489607],[18.626387,3.476869]]]}},{"type":"Feature","properties":{"iso3":"COD","name":"Democratic Republic of the Congo","continent":"Africa"},"geometry":{"type":"MultiPolygon","coordinates":[[[[18.626387,3.476869],[18.646541,4.045982],[18.556831,4.354154],[18.753304,4.400611],[19.106741,4.931518],[19.408975,5.130386],[19.82466,5.096977],[20.354034,4.755396],[20.559809,4.428361],[20.871521,4.453373],[21.195739,4.302917],[21.758496,4.285605],[22.303269,4.128716],[22.540464,4.227262],[22.59245,4.473707],[22.697146,4.512025],[22.888763,4.813222],[23.414519,4.590832],[23.566551,4.724441],[24.368466,5.012434],[24.396371,5.122298],[24.730614,4.917505],[25.292337,5.028273],[25.355899,5.286448],[25.540849,5.354429],[25.910852,5.170099],[26.157349,5.232472],[26.519807,5.045972],[26.739432,5.094393],[26.867073,5.037549],[27.073675,5.203327],[27.301878,5.131988],[27.763142,4.757101],[27.765209,4.612071],[28.014031,4.550033],[28.04974,4.419137],[28.404137,4.277828],[28.746855,4.54931],[28.825713,4.478384],[28.98622,4.495928],[29.173495,4.348004],[29.390226,4.493758],[29.449241,4.657055],[29.660287,4.622122],[29.796713,4.556028],[29.776198,4.405624],[30.189351,3.95609],[30.53889,3.84155],[30.55491,3.636394],[30.765129,3.661716],[30.880161,3.514412],[30.91003,3.393412],[30.743839,3.055474],[30.853393,2.853367],[30.71676,2.483105],[30.854943,2.339703],[30.968011,2.405436],[31.099063,2.282704],[31.177559,2.30291],[31.271455,2.102999],[30.478274,1.238634],[30.238857,1.136004],[30.165683,0.921444],[29.928281,0.785018],[29.926083,0.467073],[29.711809,0.099582],[29.551198,-1.020143],[29.577915,-1.38839],[29.245429,-1.640984],[29.12554,-1.879109],[29.10983,-2.23671],[28.860853,-2.439592],[28.891342,-2.652705],[29.234629,-3.046583],[29.215043,-3.899864],[29.33948,-4.093237],[29.410897,-4.502308],[29.32377,-4.920164],[29.612435,-5.704354],[29.476113,-6.002113],[29.525515,-6.273104],[29.738629,-6.652409],[30.090855,-6.890018],[30.29446,-7.149433],[30.752107,-8.194124],[28.915268,-8.472867],[28.893099,-8.765769],[28.372304,-9.235094],[28.617767,-9.543292],[28.696522,-9.796507],[28.569915,-10.219633],[28.699622,-10.643174],[28.549451,-10.858561],[28.355664,-11.518159],[28.497154,-11.857363],[28.741997,-11.98428],[29.067249,-12.384773],[29.514663,-12.44389],[29.467948,-12.255272],[29.756095,-12.157603],[29.797643,-13.424244],[29.641477,-13.438507],[29.663595,-13.301874],[29.574401,-13.225393],[29.194786,-13.430962],[29.010301,-13.399439],[28.707994,-12.889755],[28.568468,-12.895543],[28.436434,-12.542799],[28.339748,-12.450505],[27.958686,-12.367823],[27.877037,-12.269948],[27.666197,-12.30271],[27.536076,-12.200081],[27.420734,-11.921959],[27.234182,-11.809097],[27.180129,-11.569629],[27.032437,-11.59433],[26.967325,-11.870385],[26.717418,-12.013012],[26.414594,-11.91183],[25.994051,-11.904802],[25.621464,-11.728895],[25.474135,-11.756181],[25.360446,-11.647247],[25.286652,-11.416563],[25.322516,-11.205413],[24.712527,-11.326026],[24.469648,-11.465552],[24.310071,-11.406641],[24.381798,-11.12056],[24.124243,-11.043252],[24.114321,-10.927911],[23.967457,-10.872307],[23.867411,-11.016381],[23.415449,-10.963257],[23.014336,-11.102474],[22.53757,-11.037155],[22.281771,-11.236729],[22.174801,-10.884296],[22.319495,-10.703842],[22.313397,-10.368565],[22.159918,-9.931486],[21.878902,-9.657084],[21.803764,-9.372967],[21.939983,-8.499945],[21.758496,-8.015117],[21.859058,-7.482643],[21.76449,-7.282758],[20.567044,-7.286169],[20.524463,-7.143129],[20.611486,-6.915959],[19.521836,-7.001949],[19.513775,-7.448433],[19.458274,-7.560261],[19.355645,-7.57411],[19.355542,-8.001991],[18.516523,-7.932228],[18.507635,-7.997547],[18.135771,-8.018528],[18.098151,-8.109271],[17.867984,-8.044469],[17.628412,-8.098006],[17.544283,-8.084777],[17.176553,-7.428176],[16.996099,-7.297951],[16.926956,-6.888571],[16.733996,-6.586057],[16.717873,-6.174092],[16.552922,-5.902378],[13.353582,-5.882637],[12.858735,-5.819513],[12.671982,-6.000132],[12.475953,-6.045312],[12.266612,-5.850844],[12.210541,-5.763442],[12.258972,-5.736703],[12.508983,-5.726264],[12.530687,-5.162681],[12.450382,-5.098809],[13.087966,-4.579513],[13.430787,-4.843372],[13.698368,-4.693511],[13.711028,-4.464481],[13.78999,-4.424587],[13.934581,-4.498484],[14.368559,-4.278446],[14.46323,-4.422623],[14.3575,-4.589124],[14.396464,-4.855878],[14.702182,-4.889571],[15.566832,-4.038047],[15.882989,-3.945339],[16.225603,-3.313233],[16.194598,-2.182036],[16.604185,-1.754052],[16.828667,-1.276252],[17.022557,-1.097038],[17.357317,-0.973531],[17.728044,-0.553092],[17.757086,-0.009456],[17.939917,0.361271],[17.86664,1.016632],[18.071382,1.551457],[18.072416,2.145193],[18.631141,3.17898],[18.626387,3.476869]]],[[[12.90529,-5.869488],[12.972522,-5.868281],[12.745128,-5.940199],[12.90529,-5.869488]]]]}},{"type":"Feature","properties":{"iso3":"NAM","name":"Namibia","continent":"Africa"},"geometry":{"type":"Polygon","coordinates":[[[16.487071,-28.572931],[16.445811,-28.610528],[16.346853,-28.556085],[16.04363,-28.257094],[15.761485,-28.038344],[15.684255,-27.949884],[15.673025,-27.869887],[15.533539,-27.730157],[15.520681,-27.633722],[15.301606,-27.333103],[15.228526,-26.945571],[15.169688,-26.906183],[15.080821,-26.672133],[15.127126,-26.626723],[15.137706,-26.6749],[15.168142,-26.602797],[15.128754,-26.457615],[15.07252,-26.389744],[14.975271,-26.344171],[14.942556,-26.153904],[14.979015,-26.05877],[14.907725,-25.915297],[14.91863,-25.845473],[14.842784,-25.763604],[14.879568,-25.53867],[14.80128,-25.262791],[14.853282,-25.064223],[14.780772,-24.803399],[14.601899,-24.562433],[14.616954,-24.464776],[14.473643,-24.159112],[14.451915,-23.988458],[14.513927,-23.892267],[14.500255,-23.614435],[14.434337,-23.415216],[14.467459,-23.356052],[14.484386,-23.374933],[14.491954,-23.309177],[14.410167,-22.970798],[14.431895,-22.881768],[14.444347,-22.952813],[14.472911,-22.95379],[14.459239,-22.995294],[14.529307,-22.90016],[14.508556,-22.548028],[14.293468,-22.143324],[14.137218,-21.946384],[13.952322,-21.783949],[13.958263,-21.704848],[13.87794,-21.592218],[13.831716,-21.456476],[13.397634,-20.849298],[13.177745,-20.189223],[13.037345,-20.059465],[13.005382,-19.935479],[12.7046,-19.410821],[12.567393,-19.102309],[12.480317,-19.011],[12.450043,-18.904555],[12.286876,-18.697686],[12.031889,-18.50535],[11.937348,-18.23211],[11.849082,-18.143183],[11.796911,-17.956089],[11.717621,-17.546319],[11.755138,-17.266697],[12.095261,-17.139676],[12.16151,-17.146291],[12.239335,-17.220705],[12.407594,-17.204065],[12.554561,-17.235588],[12.818318,-17.104846],[12.930456,-17.014206],[13.166307,-16.951057],[13.245269,-16.98134],[13.382004,-16.970384],[13.479776,-17.010278],[13.521324,-17.1219],[13.980573,-17.423587],[14.287427,-17.388136],[18.445726,-17.389273],[18.74824,-17.736332],[18.89004,-17.799274],[19.020575,-17.822322],[19.246608,-17.804028],[19.421274,-17.859426],[19.672628,-17.842682],[19.755207,-17.889088],[19.951991,-17.862319],[20.119939,-17.890741],[20.336154,-17.854878],[20.552885,-17.979108],[20.754423,-17.997918],[20.806202,-18.031405],[21.161323,-17.930636],[21.405546,-18.009287],[24.220464,-17.4795],[24.407016,-17.474539],[24.571244,-17.533451],[24.684415,-17.49242],[25.036952,-17.5812],[25.096897,-17.67215],[25.259781,-17.794107],[25.153947,-17.781808],[25.057002,-17.827696],[24.958094,-17.800928],[24.820841,-17.839272],[24.577755,-18.044427],[24.518431,-18.057346],[24.433888,-17.967223],[24.365262,-17.950789],[24.305834,-18.019416],[24.218294,-18.012595],[23.915987,-18.201213],[23.912886,-18.235733],[23.715792,-18.419081],[23.609856,-18.477682],[23.57916,-18.467864],[23.521696,-18.268186],[23.395812,-18.191395],[23.292769,-17.998952],[22.981367,-18.020036],[21.475722,-18.299502],[20.993436,-18.318612],[20.984796,-21.963981],[20.97198,-22.000671],[19.978346,-22.000671],[19.981653,-28.422347],[19.568759,-28.531177],[19.45507,-28.705223],[19.277304,-28.729408],[19.244954,-28.792453],[19.27658,-28.889502],[19.120207,-28.957508],[19.01396,-28.928466],[18.954533,-28.866661],[18.745656,-28.839892],[18.496163,-28.888261],[18.18507,-28.902214],[17.913252,-28.781291],[17.746338,-28.748632],[17.628722,-28.764135],[17.598026,-28.689617],[17.403619,-28.704293],[17.420569,-28.593396],[17.373027,-28.559393],[17.328172,-28.456143],[17.39132,-28.418833],[17.402069,-28.367776],[17.345742,-28.22763],[17.21314,-28.232074],[17.189989,-28.116836],[17.076404,-28.026815],[16.896467,-28.079939],[16.885512,-28.162001],[16.819779,-28.20975],[16.815232,-28.270831],[16.768723,-28.265354],[16.796835,-28.347829],[16.740404,-28.480948],[16.720457,-28.496037],[16.692345,-28.461104],[16.487071,-28.572931]]]}},{"type":"Feature","properties":{"iso3":"ZAF","name":"South Africa","continent":"Africa"},"geometry":{"type":"MultiPolygon","coordinates":[[[[19.981447,-24.752493],[20.107847,-24.880341],[20.364886,-25.0332],[20.535831,-25.371163],[20.656547,-25.467798],[20.618514,-25.528466],[20.663369,-25.564743],[20.643318,-25.613216],[20.716699,-25.732588],[20.727137,-25.818165],[20.766928,-25.83067],[20.79411,-25.893922],[20.800518,-26.052466],[20.841446,-26.131324],[20.622544,-26.427533],[20.605284,-26.493265],[20.630709,-26.618322],[20.61469,-26.753198],[20.685693,-26.881769],[20.907695,-26.800017],[21.122462,-26.865336],[21.42663,-26.822651],[21.664548,-26.863062],[21.76232,-26.804461],[21.780613,-26.678164],[22.057702,-26.617599],[22.248285,-26.346918],[22.342853,-26.317359],[22.450857,-26.210079],[22.527958,-26.213696],[22.563821,-26.18114],[22.719367,-25.984253],[22.708825,-25.891028],[22.764119,-25.820335],[22.740451,-25.77703],[22.812798,-25.667063],[22.844631,-25.481131],[23.030666,-25.299437],[23.065496,-25.320831],[23.265691,-25.263987],[23.45927,-25.282177],[23.924772,-25.629236],[23.976448,-25.617557],[24.027091,-25.651766],[24.183464,-25.625928],[24.338907,-25.751812],[24.456729,-25.743027],[24.664985,-25.823332],[24.828903,-25.826019],[25.013284,-25.743027],[25.177822,-25.763284],[25.458425,-25.711194],[25.587254,-25.61952],[25.835198,-25.016353],[25.876746,-24.886025],[25.868374,-24.748152],[26.278788,-24.62847],[26.404001,-24.632758],[26.531176,-24.458661],[26.714007,-24.315931],[26.839168,-24.265598],[26.96717,-23.718706],[27.00417,-23.645842],[27.070058,-23.656074],[27.078326,-23.602021],[27.13672,-23.570188],[27.127419,-23.525023],[27.195632,-23.52709],[27.191497,-23.503836],[27.335571,-23.402446],[27.361203,-23.422497],[27.410502,-23.389321],[27.425178,-23.412678],[27.548892,-23.360795],[27.608009,-23.216721],[27.698443,-23.193467],[27.753634,-23.220752],[27.77172,-23.133005],[27.930057,-23.057041],[27.937498,-22.963817],[28.037441,-22.911417],[28.045399,-22.847752],[28.145858,-22.779745],[28.196191,-22.671638],[28.338559,-22.584615],[28.623865,-22.562808],[28.912529,-22.453667],[28.967926,-22.38039],[28.960227,-22.310213],[29.038723,-22.223914],[29.758886,-22.130896],[30.13509,-22.293574],[30.2217,-22.290886],[30.334975,-22.344733],[30.507367,-22.309593],[30.647411,-22.32644],[30.83789,-22.282308],[31.07033,-22.333674],[31.163348,-22.322616],[31.288922,-22.39734],[31.536349,-23.156983],[31.527615,-23.45681],[31.642285,-23.587861],[31.755198,-23.857767],[31.855812,-23.946548],[31.869455,-24.163795],[31.986554,-24.423108],[31.988724,-25.37261],[31.9664,-25.479684],[31.995752,-25.636884],[31.905835,-25.812997],[31.949243,-25.958104],[31.891882,-25.983839],[31.834573,-25.982082],[31.401473,-25.735999],[31.309282,-25.757393],[31.119836,-25.910045],[30.969871,-26.209148],[30.804559,-26.397457],[30.782906,-26.472388],[30.80244,-26.808905],[30.868741,-26.784927],[30.960983,-26.911224],[30.976073,-27.035041],[31.141954,-27.196478],[31.52653,-27.31089],[31.96826,-27.316264],[31.942112,-27.10067],[31.990068,-26.808285],[32.352216,-26.860272],[32.893077,-26.846124],[32.865245,-27.017348],[32.676524,-27.520685],[32.550548,-28.171563],[32.43922,-28.366632],[32.399669,-28.387872],[32.428233,-28.429376],[32.3921,-28.535333],[32.083751,-28.799493],[32.016856,-28.784926],[31.993988,-28.806248],[32.016124,-28.833591],[32.070079,-28.805597],[32.012055,-28.866469],[31.888357,-28.924737],[31.769054,-28.922296],[31.782725,-28.943455],[31.360037,-29.342462],[31.18686,-29.560317],[31.055512,-29.789809],[31.055837,-29.868259],[31.015798,-29.868097],[31.001231,-29.902439],[31.050466,-29.885186],[31.049571,-29.908624],[30.890636,-30.050063],[30.392345,-30.847101],[30.062755,-31.238702],[29.864106,-31.411554],[29.742035,-31.457452],[29.619884,-31.586033],[29.411632,-31.677504],[29.215505,-31.940118],[29.147634,-31.969822],[28.870372,-32.287042],[28.548595,-32.562433],[28.336925,-32.709405],[28.155528,-32.788507],[28.072276,-32.908298],[27.90211,-33.029474],[27.749848,-33.099786],[27.108897,-33.519138],[26.476085,-33.764255],[25.955251,-33.71087],[25.785411,-33.743585],[25.679047,-33.79518],[25.617524,-33.911391],[25.70102,-34.031671],[25.410492,-34.032973],[25.192638,-33.962172],[24.952891,-33.985121],[24.913341,-34.011326],[24.916352,-34.072361],[24.841075,-34.132501],[24.840831,-34.198012],[24.583995,-34.178318],[24.163097,-34.054783],[23.635509,-33.979669],[23.406098,-34.02044],[23.361176,-34.066664],[23.408376,-34.103204],[23.062836,-34.082696],[22.998057,-34.02752],[23.03891,-34.079767],[22.936046,-34.082696],[22.800141,-34.035577],[22.812511,-34.000746],[22.774587,-33.983575],[22.730479,-33.979669],[22.785167,-34.02752],[22.583669,-33.994073],[22.455414,-34.057061],[22.1692,-34.083185],[22.111013,-34.141534],[22.114106,-34.193943],[21.946951,-34.223728],[21.894542,-34.336033],[21.788748,-34.38128],[21.702647,-34.390558],[21.537608,-34.348891],[21.305919,-34.424574],[21.05836,-34.363377],[20.913422,-34.360447],[20.805186,-34.398045],[20.85613,-34.416925],[20.859874,-34.458754],[20.664317,-34.438409],[20.482677,-34.470473],[20.374522,-34.569757],[20.072602,-34.736912],[20.057872,-34.79518],[20.015636,-34.818943],[19.858409,-34.749688],[19.642426,-34.772068],[19.398692,-34.601821],[19.305512,-34.612726],[19.360118,-34.53867],[19.344412,-34.468438],[19.27768,-34.406508],[19.119314,-34.400567],[19.085216,-34.356541],[19.139903,-34.294366],[19.098969,-34.335545],[18.826996,-34.381768],[18.82252,-34.184991],[18.858165,-34.150323],[18.816173,-34.097101],[18.647227,-34.070001],[18.478363,-34.106866],[18.441661,-34.14422],[18.48878,-34.342706],[18.406261,-34.301853],[18.362478,-34.186212],[18.313813,-34.144627],[18.358409,-34.054783],[18.316173,-34.043552],[18.32309,-34.015883],[18.372081,-33.925063],[18.475352,-33.899835],[18.48878,-33.86297],[18.431814,-33.69671],[18.320323,-33.567478],[18.282725,-33.445245],[18.146169,-33.35589],[18.075206,-33.202244],[17.966645,-33.115818],[18.00587,-33.091729],[18.086111,-33.189386],[18.123383,-33.18613],[18.037446,-33.091729],[18.023204,-33.014337],[17.940684,-33.006443],[17.954926,-33.02752],[17.912771,-33.047459],[17.895844,-33.026462],[17.852387,-32.829685],[17.919688,-32.716567],[17.967459,-32.703546],[18.037446,-32.766778],[18.118826,-32.773045],[18.296397,-32.608575],[18.337901,-32.451593],[18.31544,-32.343683],[18.349376,-32.260349],[18.276866,-31.892673],[18.196788,-31.697361],[17.893728,-31.344822],[17.871837,-31.272882],[17.617198,-30.934015],[17.450369,-30.639093],[17.454112,-30.601251],[17.281993,-30.347752],[17.085704,-29.833754],[17.007823,-29.539239],[16.847667,-29.219903],[16.808767,-29.078302],[16.600352,-28.857517],[16.564301,-28.72031],[16.471853,-28.625421],[16.487071,-28.572931],[16.673121,-28.45976],[16.703817,-28.494487],[16.758387,-28.459657],[16.803863,-28.366123],[16.764382,-28.283234],[16.8266,-28.251918],[16.819779,-28.20975],[16.868665,-28.167892],[16.892953,-28.082626],[17.076404,-28.026815],[17.180894,-28.099472],[17.21314,-28.232074],[17.349773,-28.238689],[17.399692,-28.395268],[17.324244,-28.470509],[17.420569,-28.593396],[17.403619,-28.704293],[17.598026,-28.689617],[17.628722,-28.764135],[17.746338,-28.748632],[17.913252,-28.781291],[18.166467,-28.901904],[18.30868,-28.879993],[18.397564,-28.898907],[18.745656,-28.839892],[18.954533,-28.866661],[19.01396,-28.928466],[19.120207,-28.957508],[19.27658,-28.889502],[19.244954,-28.792453],[19.265935,-28.742637],[19.45507,-28.705223],[19.579197,-28.525183],[19.981653,-28.422347],[19.981447,-24.752493]],[[28.980846,-28.909035],[28.859014,-28.77299],[28.699519,-28.68848],[28.634303,-28.570761],[28.382949,-28.626469],[28.297063,-28.706877],[28.145031,-28.714732],[28.013566,-28.878443],[27.926233,-28.853431],[27.861327,-28.915443],[27.747432,-28.908622],[27.61297,-29.133828],[27.528169,-29.207622],[27.518919,-29.268393],[27.408642,-29.35707],[27.417634,-29.396551],[27.350247,-29.480267],[27.263121,-29.541141],[27.022412,-29.616176],[27.002155,-29.666508],[27.080135,-29.735135],[27.198835,-29.978531],[27.265911,-30.033308],[27.312782,-30.131596],[27.381357,-30.142655],[27.343685,-30.212935],[27.367817,-30.295411],[27.459388,-30.316598],[27.5923,-30.481859],[27.743608,-30.600302],[28.078782,-30.658799],[28.081572,-30.586866],[28.141207,-30.500773],[28.133249,-30.445376],[28.238462,-30.352255],[28.200635,-30.282492],[28.284712,-30.246215],[28.383879,-30.144205],[28.557306,-30.114957],[28.639678,-30.131493],[28.795637,-30.089428],[29.150654,-29.911145],[29.105799,-29.825569],[29.113599,-29.752851],[29.1613,-29.666922],[29.26734,-29.626098],[29.296279,-29.571631],[29.282739,-29.485641],[29.4079,-29.421459],[29.432808,-29.336606],[29.316846,-29.147367],[29.311781,-29.089799],[29.208429,-29.068922],[29.040532,-28.922988],[28.980846,-28.909035]]],[[[37.662446,-46.828546],[37.821056,-46.844171],[37.895763,-46.889907],[37.806488,-46.965753],[37.618826,-46.95436],[37.576671,-46.916762],[37.662446,-46.828546]]],[[[37.861095,-46.636163],[37.900401,-46.599705],[37.977794,-46.615655],[37.93865,-46.654392],[37.861095,-46.636163]]]]}},{"type":"Feature","properties":{"iso3":"LBY","name":"Libya","continent":"Africa"},"geometry":{"type":"Polygon","coordinates":[[[11.505112,33.181225],[11.635753,33.10871],[11.793468,33.080756],[11.691091,33.135972],[11.847016,33.082831],[12.122406,32.921332],[12.348318,32.832668],[12.824392,32.804348],[13.187755,32.916246],[13.351736,32.904242],[13.571462,32.802802],[13.830333,32.794094],[14.175548,32.717678],[14.469493,32.519029],[14.726817,32.450751],[15.181977,32.395494],[15.269705,32.328843],[15.364513,32.174709],[15.361095,31.965318],[15.490408,31.664862],[15.622813,31.49726],[15.761485,31.388129],[16.044607,31.275539],[16.941905,31.183295],[17.365896,31.086615],[17.466807,31.029975],[17.848643,30.923651],[17.926768,30.85517],[18.208344,30.769232],[18.653168,30.422309],[18.925955,30.293362],[19.056814,30.266181],[19.338552,30.298814],[19.616384,30.421373],[19.748871,30.510932],[19.914317,30.682929],[20.099864,30.935004],[20.146658,31.045559],[20.146658,31.216783],[20.022227,31.396796],[19.917247,31.759223],[19.944591,31.967515],[20.071544,32.176418],[20.32545,32.409817],[20.562673,32.557847],[21.050955,32.772284],[21.414806,32.793402],[21.608653,32.930732],[21.716319,32.950385],[21.877452,32.903225],[22.161388,32.944159],[22.206798,32.888129],[22.33961,32.882148],[22.496755,32.797309],[23.10613,32.639838],[23.103852,32.516343],[23.148936,32.478095],[23.080577,32.334052],[23.178966,32.299954],[23.302501,32.170722],[23.299083,32.224189],[23.840343,32.149115],[23.998709,32.093899],[23.975271,32.074205],[24.090668,32.005764],[24.546072,31.991441],[24.733735,32.033149],[25.017914,31.949042],[25.022227,31.854682],[25.156261,31.663072],[25.060413,31.579366],[25.023723,31.494409],[24.848953,31.34863],[24.882646,31.039088],[24.994887,30.785099],[24.907658,30.498656],[24.772369,30.331018],[24.688343,30.144156],[24.811643,29.89089],[24.798207,29.796425],[24.870657,29.638347],[24.863836,29.502903],[24.981245,29.181372],[24.980521,20.002062],[23.981306,19.995421],[23.981306,19.496124],[15.985101,23.44472],[14.201644,22.62322],[13.599562,23.119029],[13.482257,23.179672],[11.968861,23.517351],[11.567128,24.26684],[11.50863,24.313814],[10.720668,24.552301],[10.410506,24.473288],[10.260335,24.576641],[10.193362,24.749937],[10.032028,24.856339],[10.007947,25.331426],[9.377804,26.168946],[9.481364,26.332606],[9.854571,26.524377],[9.910588,26.843117],[9.825529,26.92058],[9.721349,27.291875],[9.756283,27.42303],[9.821602,27.505687],[9.793903,27.569739],[9.863356,27.619246],[9.93591,27.866724],[9.776953,28.267578],[9.851264,28.785996],[9.826149,29.128533],[9.667709,29.608323],[9.54968,29.802316],[9.286544,30.117129],[9.743467,30.331328],[9.871314,30.355151],[10.192225,30.731252],[10.270153,30.915633],[10.246175,31.059552],[10.108096,31.411831],[10.116881,31.494409],[10.263952,31.680496],[10.315422,31.715843],[10.482543,31.733103],[10.584552,31.84028],[10.605946,31.953606],[10.703098,31.962185],[10.772861,32.004508],[10.873217,32.136696],[11.546354,32.434275],[11.560617,32.507578],[11.449926,32.637957],[11.456541,32.902101],[11.505112,33.181225]]]}},{"type":"Feature","properties":{"iso3":"TUN","name":"Tunisia","continent":"Africa"},"geometry":{"type":"MultiPolygon","coordinates":[[[[11.505112,33.181225],[11.506047,33.136376],[11.477418,33.041214],[11.474421,32.969875],[11.456541,32.902101],[11.463775,32.798464],[11.449203,32.693018],[11.449926,32.637957],[11.47039,32.599277],[11.537363,32.543519],[11.560617,32.507578],[11.564131,32.465487],[11.546354,32.434275],[11.444035,32.36849],[10.873217,32.136696],[10.845932,32.111788],[10.805624,32.032361],[10.772861,32.004508],[10.703098,31.962185],[10.683564,31.957017],[10.628477,31.974122],[10.605946,31.953606],[10.597575,31.873508],[10.584552,31.84028],[10.542384,31.806638],[10.525538,31.772067],[10.498873,31.744317],[10.427766,31.714603],[10.315422,31.715843],[10.263952,31.680496],[10.196462,31.57859],[10.116881,31.494409],[10.106235,31.429194],[10.182717,31.240782],[10.213206,31.135362],[10.244832,31.078156],[10.245038,30.985707],[10.270153,30.915633],[10.26974,30.882147],[10.253927,30.841788],[10.192225,30.731252],[10.101171,30.641697],[9.995648,30.494522],[9.871314,30.355151],[9.845786,30.342283],[9.743467,30.331328],[9.519708,30.228905],[9.045008,32.071842],[9.019893,32.104863],[8.482665,32.434791],[8.359985,32.501015],[8.332627,32.526355],[8.319574,32.560598],[8.296423,32.804407],[8.282884,32.836369],[8.086824,33.094286],[8.0645,33.105784],[8.002178,33.108368],[7.871953,33.184125],[7.75072,33.207664],[7.724985,33.231409],[7.709689,33.278151],[7.708286,33.410704],[7.693153,33.454109],[7.553006,33.658748],[7.534196,33.736236],[7.505464,33.782849],[7.484897,33.855015],[7.479832,33.893901],[7.500606,33.994257],[7.503707,34.067973],[7.517453,34.095026],[7.631451,34.199102],[7.670312,34.215303],[7.733874,34.223778],[7.765293,34.244707],[7.811905,34.379272],[7.831542,34.414386],[7.87061,34.437899],[8.094058,34.530142],[8.167232,34.578562],[8.192864,34.617733],[8.236479,34.647654],[8.210641,34.681192],[8.225213,34.711681],[8.266554,34.750283],[8.248881,34.901953],[8.282884,34.994041],[8.300454,35.06768],[8.313683,35.103078],[8.360916,35.145918],[8.431299,35.241726],[8.396882,35.263688],[8.317404,35.289475],[8.294356,35.32508],[8.290016,35.402595],[8.336731,35.508376],[8.337041,35.537935],[8.323605,35.652192],[8.257666,35.750325],[8.24144,35.827737],[8.247227,35.907318],[8.272446,35.981732],[8.275649,36.03682],[8.296733,36.110407],[8.317094,36.145909],[8.302314,36.202339],[8.307069,36.243629],[8.354404,36.350909],[8.357712,36.430387],[8.349237,36.448784],[8.295597,36.46868],[8.20878,36.477826],[8.167852,36.491365],[8.169919,36.525834],[8.193484,36.548985],[8.286915,36.583401],[8.407941,36.642622],[8.430369,36.662621],[8.45321,36.697658],[8.461788,36.732798],[8.441634,36.75321],[8.406701,36.767989],[8.413109,36.783906],[8.444011,36.796205],[8.554495,36.803646],[8.641725,36.836357],[8.642552,36.848501],[8.608239,36.890721],[8.60251,36.939511],[8.692149,36.969387],[8.824392,36.979478],[8.925792,37.038886],[8.956879,37.069281],[8.987641,37.116848],[9.038748,37.151842],[9.15919,37.192816],[9.192393,37.226142],[9.210704,37.233832],[9.34254,37.235338],[9.380707,37.247463],[9.419119,37.275824],[9.453868,37.268297],[9.517345,37.286689],[9.552745,37.309516],[9.57309,37.300238],[9.591482,37.302924],[9.649262,37.331855],[9.74464,37.345201],[9.773448,37.330512],[9.858897,37.328803],[9.861664,37.271186],[9.792735,37.238023],[9.771821,37.213324],[9.790701,37.178412],[9.815929,37.151842],[9.879893,37.150092],[9.914317,37.17829],[9.925304,37.196763],[9.924978,37.213121],[9.861176,37.233832],[9.819591,37.227607],[9.819591,37.233832],[9.882498,37.263577],[9.979828,37.246039],[10.059825,37.264838],[10.075857,37.24494],[10.146251,37.236518],[10.178722,37.212714],[10.253103,37.191392],[10.272146,37.178534],[10.211274,37.158677],[10.205821,37.175116],[10.177989,37.177965],[10.146007,37.17121],[10.128103,37.158677],[10.135427,37.14232],[10.161632,37.134345],[10.211274,37.1376],[10.227061,37.117662],[10.224376,37.095933],[10.21754,37.110297],[10.174327,37.076239],[10.182384,37.027045],[10.220063,36.97663],[10.26588,36.93891],[10.313731,36.918443],[10.347179,36.880276],[10.298839,36.821763],[10.285167,36.819973],[10.272146,36.829088],[10.279552,36.844306],[10.25294,36.84634],[10.210704,36.831855],[10.188487,36.797593],[10.247244,36.786282],[10.272146,36.816067],[10.320079,36.748765],[10.355317,36.731187],[10.436995,36.728839],[10.518713,36.755797],[10.538233,36.772026],[10.566905,36.863227],[10.584972,36.876166],[10.652599,36.876899],[10.733466,36.895812],[10.783205,36.924418],[10.82309,36.953925],[10.830089,36.968248],[10.887543,37.006008],[10.898448,37.025214],[10.892914,37.038642],[10.90211,37.048814],[10.974132,37.061265],[11.012706,37.084784],[11.033376,37.08747],[11.051036,37.080308],[11.060313,37.062486],[11.048595,37.041978],[11.04835,37.020331],[11.087738,36.959418],[11.094493,36.918443],[11.136227,36.87053],[11.130545,36.854039],[11.116767,36.838412],[11.076735,36.825188],[11.02214,36.788276],[10.879519,36.588475],[10.825662,36.479811],[10.799929,36.451885],[10.717154,36.434551],[10.620441,36.39028],[10.585564,36.398132],[10.550928,36.377256],[10.519085,36.337472],[10.491068,36.258066],[10.479267,36.216962],[10.474695,36.112486],[10.479528,36.079327],[10.518565,35.979967],[10.556488,35.937974],[10.582286,35.92182],[10.608572,35.855862],[10.622081,35.842597],[10.691335,35.789618],[10.74362,35.769672],[10.803722,35.786933],[10.82309,35.780463],[10.84142,35.766548],[10.824522,35.733389],[10.841156,35.698798],[10.971816,35.654138],[11.011974,35.657904],[11.040998,35.63773],[11.055022,35.614476],[11.0171,35.602281],[11.014903,35.555162],[11.039236,35.5185],[11.085057,35.506785],[11.05769,35.486733],[11.050666,35.459782],[11.049412,35.391255],[11.037188,35.370821],[11.042233,35.334435],[11.101329,35.266832],[11.160782,35.238232],[11.15916,35.218757],[11.131352,35.217959],[11.111578,35.205595],[11.092316,35.173939],[11.062912,35.153639],[11.03499,35.107056],[11.01588,35.092841],[11.022453,35.064502],[11.018105,35.034191],[10.984366,34.999414],[10.945863,34.983531],[10.917654,34.957424],[10.924951,34.934122],[10.916515,34.913316],[10.916336,34.873569],[10.856293,34.830878],[10.871421,34.797367],[10.811262,34.76888],[10.717296,34.66474],[10.625255,34.633246],[10.597023,34.544713],[10.559376,34.52349],[10.465994,34.511949],[10.431895,34.496324],[10.378724,34.42308],[10.330414,34.412584],[10.288097,34.414008],[10.247244,34.372138],[10.12672,34.325629],[10.102161,34.304075],[10.032777,34.184655],[10.005219,34.17064],[10.018403,34.13349],[10.021495,34.07331],[10.048839,33.983466],[10.0713,33.946234],[10.163097,33.836249],[10.330251,33.702826],[10.446056,33.655422],[10.489268,33.647121],[10.634072,33.673628],[10.716645,33.706936],[10.739992,33.671578],[10.736924,33.60285],[10.691417,33.576117],[10.674083,33.5456],[10.703624,33.496039],[10.738129,33.478013],[10.780528,33.485745],[10.856212,33.524319],[10.909434,33.539618],[10.932791,33.574042],[10.906505,33.616441],[10.936209,33.636298],[10.960623,33.627672],[10.98463,33.643134],[11.042817,33.617865],[11.073578,33.594468],[11.111583,33.540025],[11.116621,33.489973],[11.089929,33.454149],[11.110783,33.39297],[11.102074,33.364081],[11.131114,33.371527],[11.170665,33.331773],[11.293712,33.286811],[11.28004,33.280015],[11.181895,33.306789],[11.133637,33.311428],[11.121837,33.280015],[11.163341,33.242621],[11.179535,33.211086],[11.245372,33.217922],[11.372244,33.183783],[11.416759,33.183783],[11.433116,33.193549],[11.427582,33.207017],[11.381358,33.230699],[11.351899,33.258857],[11.442393,33.204657],[11.505112,33.181225]]],[[[10.991466,33.841702],[11.048513,33.814765],[11.060313,33.800727],[10.971039,33.738715],[10.956716,33.69774],[10.95045,33.69774],[10.956716,33.732489],[10.941091,33.728217],[10.928484,33.69663],[10.893709,33.658247],[10.887786,33.640142],[10.871056,33.654333],[10.876921,33.688218],[10.858995,33.711061],[10.826182,33.729804],[10.80893,33.73432],[10.781922,33.703696],[10.76342,33.700163],[10.740154,33.715478],[10.727804,33.758181],[10.728314,33.784568],[10.747593,33.812748],[10.735479,33.853754],[10.736013,33.884752],[10.77296,33.896308],[10.897797,33.87934],[10.929942,33.896308],[10.991466,33.841702]]],[[[10.964122,34.656684],[10.987153,34.67178],[11.101329,34.670966],[11.110842,34.659506],[11.055708,34.620962],[10.964122,34.656684]]],[[[11.265798,34.773383],[11.304796,34.742294],[11.297035,34.728693],[11.130746,34.663291],[11.122306,34.680426],[11.170647,34.728592],[11.173025,34.758002],[11.180948,34.761782],[11.183116,34.752183],[11.198189,34.74402],[11.222111,34.747645],[11.224303,34.770057],[11.217502,34.781615],[11.25427,34.825822],[11.299484,34.814179],[11.304171,34.805289],[11.278087,34.797675],[11.265798,34.773383]]]]}},{"type":"Feature","properties":{"iso3":"ZMB","name":"Zambia","continent":"Africa"},"geometry":{"type":"Polygon","coordinates":[[[32.920863,-9.4079],[32.937503,-9.487792],[32.983082,-9.497714],[32.986906,-9.628455],[33.03574,-9.616983],[33.08044,-9.662251],[33.09832,-9.588458],[33.175422,-9.602307],[33.209838,-9.641374],[33.207254,-9.712894],[33.336962,-9.823689],[33.365591,-9.898826],[33.304096,-10.063777],[33.533281,-10.231209],[33.532919,-10.342623],[33.622733,-10.494035],[33.665418,-10.515119],[33.673523,-10.569367],[33.500983,-10.769161],[33.332621,-10.813602],[33.232576,-10.883262],[33.265855,-10.901142],[33.303682,-11.034571],[33.390912,-11.164795],[33.273607,-11.409432],[33.239707,-11.402404],[33.212629,-11.563841],[33.296758,-11.593606],[33.314018,-11.7722],[33.25273,-12.139516],[33.349468,-12.327929],[33.458298,-12.31811],[33.527131,-12.355627],[33.350398,-12.532671],[33.263168,-12.528536],[33.163019,-12.620417],[33.122815,-12.584554],[33.035378,-12.599126],[32.944635,-12.752399],[32.947012,-12.843246],[33.013571,-12.917247],[32.965925,-13.116821],[32.992797,-13.216401],[32.937865,-13.255882],[32.892131,-13.404814],[32.819061,-13.471683],[32.813066,-13.528217],[32.663308,-13.596327],[32.67509,-13.628056],[32.769865,-13.646866],[32.807795,-13.699163],[32.763044,-13.777194],[32.85942,-13.808097],[32.923912,-13.880444],[32.999825,-14.050459],[33.130256,-13.93057],[33.202707,-14.013872],[31.658408,-14.519578],[31.410878,-14.633576],[30.815772,-14.768245],[30.230898,-14.977224],[30.225834,-15.106312],[30.287949,-15.278911],[30.357919,-15.335652],[30.389648,-15.471148],[30.365257,-15.547422],[30.412696,-15.627934],[30.207231,-15.653152],[30.130129,-15.623696],[30.010654,-15.646227],[29.837331,-15.614808],[29.672793,-15.663281],[29.587217,-15.655736],[29.186311,-15.812832],[29.055053,-15.934375],[28.932373,-15.963727],[28.860336,-16.049407],[28.86416,-16.231205],[28.836772,-16.306342],[28.857236,-16.388198],[28.741377,-16.550668],[28.280113,-16.706524],[28.113922,-16.827551],[27.816886,-16.959636],[27.641186,-17.198484],[27.577314,-17.363125],[27.157081,-17.769302],[27.11543,-17.882163],[27.021275,-17.958541],[26.71194,-18.065821],[26.211919,-17.882783],[26.095234,-17.958541],[25.924495,-17.998952],[25.86362,-17.971563],[25.849667,-17.906658],[25.681409,-17.81147],[25.516458,-17.862319],[25.345254,-17.842579],[25.156841,-17.72517],[25.036952,-17.5812],[24.684415,-17.49242],[24.571244,-17.533451],[24.407016,-17.474539],[24.220464,-17.4795],[23.381652,-17.641144],[23.320158,-17.54637],[23.189726,-17.536551],[23.176187,-17.478157],[23.097639,-17.432165],[22.998627,-17.293775],[22.778278,-17.180397],[22.710479,-17.055444],[22.499742,-16.89349],[22.333654,-16.673658],[22.237743,-16.665493],[22.104004,-16.536716],[22.08075,-16.441011],[22.105555,-16.379413],[22.055842,-16.364633],[22.022356,-16.266345],[22.045197,-16.252289],[21.981531,-16.144285],[21.979878,-13.001479],[24.000633,-13.001479],[23.865654,-12.789709],[23.928699,-12.561609],[24.030812,-12.385083],[23.954331,-12.151919],[23.98854,-11.834212],[23.954641,-11.636911],[24.009935,-11.459454],[24.061094,-11.394962],[24.011175,-11.272903],[24.003733,-10.982481],[23.967457,-10.872307],[24.114218,-10.919229],[24.117732,-11.03085],[24.275138,-11.047903],[24.370533,-11.1002],[24.396061,-11.259673],[24.293948,-11.3992],[24.446497,-11.463589],[24.554191,-11.446329],[24.712527,-11.326026],[25.184023,-11.246651],[25.31032,-11.194768],[25.32541,-11.273936],[25.279004,-11.396306],[25.344943,-11.642182],[25.481163,-11.715253],[25.49558,-11.776541],[25.621464,-11.728895],[25.725644,-11.800519],[25.855765,-11.797212],[25.994051,-11.904802],[26.16665,-11.902425],[26.28623,-11.940562],[26.414594,-11.91183],[26.489111,-11.960819],[26.717418,-12.013012],[26.785011,-11.968364],[26.874204,-11.964333],[26.947688,-11.909143],[27.023756,-11.59557],[27.173617,-11.570559],[27.234182,-11.809097],[27.420734,-11.921959],[27.52047,-12.179617],[27.638189,-12.293615],[27.756734,-12.304261],[27.856676,-12.262403],[27.933881,-12.303331],[27.958686,-12.367823],[28.08767,-12.377538],[28.131285,-12.429214],[28.185752,-12.402446],[28.322488,-12.4411],[28.42274,-12.521302],[28.512295,-12.668373],[28.474003,-12.736482],[28.542836,-12.885621],[28.667893,-12.849344],[28.707994,-12.889755],[28.830881,-13.051812],[28.85367,-13.137078],[28.903434,-13.162296],[28.93413,-13.309626],[28.993971,-13.395925],[29.122129,-13.38435],[29.184141,-13.436853],[29.574401,-13.225393],[29.666592,-13.271178],[29.601686,-13.388381],[29.626078,-13.429825],[29.767154,-13.458351],[29.797643,-13.424244],[29.799607,-12.159463],[29.648918,-12.212793],[29.576727,-12.188092],[29.489548,-12.2315],[29.450378,-12.342915],[29.528202,-12.410508],[29.480453,-12.454949],[29.265066,-12.370923],[29.042651,-12.378778],[28.944672,-12.206076],[28.751092,-11.992238],[28.686032,-11.984074],[28.606191,-11.91028],[28.507851,-11.872763],[28.355664,-11.518159],[28.354424,-11.464725],[28.434212,-11.351244],[28.473693,-11.22567],[28.476174,-11.087694],[28.554412,-10.834996],[28.699622,-10.643174],[28.634924,-10.51946],[28.623865,-10.276374],[28.569915,-10.219633],[28.628516,-10.102741],[28.627947,-9.929419],[28.698486,-9.791959],[28.631255,-9.715582],[28.587588,-9.573161],[28.611101,-9.551044],[28.569191,-9.525929],[28.495397,-9.353226],[28.368532,-9.308578],[28.35246,-9.271991],[28.59906,-9.096395],[28.893099,-8.765769],[28.930461,-8.679883],[28.935474,-8.590792],[28.892789,-8.501909],[28.915268,-8.472867],[30.752107,-8.194124],[30.828278,-8.388117],[31.03364,-8.600301],[31.119836,-8.616631],[31.206756,-8.580767],[31.260913,-8.623969],[31.350107,-8.588519],[31.539036,-8.70355],[31.55335,-8.809074],[31.672671,-8.913047],[31.787599,-8.892169],[31.936634,-8.93258],[31.938081,-9.061771],[32.057247,-9.049576],[32.231448,-9.133808],[32.423426,-9.143834],[32.504455,-9.249253],[32.713228,-9.28584],[32.746507,-9.329972],[32.920863,-9.4079]]]}},{"type":"Feature","properties":{"iso3":"SLE","name":"Sierra Leone","continent":"Africa"},"geometry":{"type":"MultiPolygon","coordinates":[[[[-10.282236,8.484625],[-10.282908,8.432949],[-10.313655,8.310347],[-10.331277,8.272287],[-10.320942,8.183119],[-10.34554,8.159348],[-10.384555,8.142114],[-10.485738,8.138858],[-10.529249,8.124286],[-10.56718,8.063204],[-10.612138,8.031862],[-10.617668,8.010778],[-10.615187,7.769036],[-10.645418,7.763041],[-10.692598,7.737565],[-10.730581,7.705474],[-10.874603,7.530859],[-10.977904,7.484919],[-11.126319,7.368027],[-11.217889,7.25408],[-11.317211,7.213566],[-11.370128,7.142614],[-11.355142,7.084065],[-11.389714,7.073523],[-11.397723,7.012803],[-11.407283,6.99637],[-11.434672,6.980815],[-11.436739,6.938544],[-11.476186,6.91942],[-11.492787,6.932766],[-11.553944,6.952541],[-11.588002,6.978949],[-11.567494,6.992621],[-11.622141,6.985785],[-11.631215,7.008246],[-11.69815,7.067043],[-11.839589,7.148993],[-12.314849,7.329006],[-12.506581,7.389838],[-12.476186,7.415107],[-12.439605,7.41649],[-12.369456,7.389838],[-12.375885,7.405015],[-12.401031,7.412543],[-12.417226,7.430813],[-12.446523,7.439114],[-12.464263,7.429633],[-12.489247,7.445054],[-12.492421,7.453599],[-12.470774,7.491156],[-12.428334,7.533596],[-12.41039,7.527655],[-12.338735,7.540676],[-12.319325,7.529527],[-12.295074,7.533108],[-12.25886,7.552395],[-12.232249,7.553697],[-12.236562,7.564521],[-12.1881,7.583075],[-12.183827,7.602729],[-12.218007,7.595893],[-12.223866,7.604967],[-12.256256,7.60517],[-12.269276,7.586371],[-12.403554,7.547512],[-12.463735,7.561998],[-12.476308,7.6022],[-12.492991,7.6164],[-12.485504,7.650539],[-12.500356,7.639106],[-12.519643,7.644273],[-12.519643,7.630072],[-12.543935,7.653551],[-12.531402,7.687079],[-12.492991,7.739936],[-12.471262,7.726264],[-12.464996,7.7331],[-12.471791,7.759955],[-12.465932,7.770575],[-12.451975,7.774075],[-12.472157,7.787665],[-12.519643,7.726264],[-12.601877,7.683783],[-12.616444,7.695217],[-12.711415,7.711982],[-12.778066,7.755805],[-12.78718,7.774075],[-12.787506,7.804592],[-12.759836,7.821845],[-12.828725,7.798285],[-12.875885,7.828681],[-12.89859,7.865709],[-12.937856,7.886379],[-12.959096,7.9112],[-12.905507,7.934149],[-12.871002,7.93651],[-12.821278,7.917426],[-12.888417,7.975287],[-12.911773,8.030666],[-12.895172,8.079576],[-12.875885,8.103013],[-12.90807,8.107408],[-12.944814,8.164496],[-12.981068,8.186225],[-12.985097,8.216702],[-12.972076,8.253852],[-12.99942,8.24018],[-13.090443,8.224595],[-13.16393,8.171291],[-13.16393,8.274359],[-13.210276,8.339057],[-13.223866,8.345649],[-13.274159,8.420885],[-13.286773,8.424506],[-13.266957,8.462714],[-13.286773,8.50023],[-13.252675,8.497545],[-13.245839,8.486558],[-13.228912,8.49372],[-13.192983,8.487779],[-13.164866,8.464993],[-13.144399,8.43122],[-13.060374,8.372707],[-13.033559,8.376695],[-13.033559,8.383531],[-13.063832,8.399156],[-13.067698,8.410875],[-13.054067,8.410875],[-13.054067,8.41767],[-13.110951,8.433824],[-13.1256,8.449042],[-13.116119,8.472968],[-13.061513,8.50023],[-13.039947,8.52676],[-13.026723,8.520697],[-13.013051,8.561713],[-12.907216,8.548041],[-12.8697,8.569159],[-12.92809,8.57217],[-12.930328,8.583441],[-12.911936,8.606838],[-12.875885,8.685207],[-12.936431,8.607001],[-12.972076,8.596422],[-13.018056,8.600165],[-13.043935,8.584703],[-13.061838,8.583197],[-13.078481,8.589016],[-13.088775,8.602688],[-13.066274,8.606838],[-13.026723,8.651068],[-13.054067,8.66474],[-13.063547,8.633938],[-13.081939,8.616929],[-13.098012,8.621894],[-13.13036,8.657904],[-13.148427,8.653388],[-13.157704,8.670966],[-13.162587,8.653998],[-13.154286,8.643052],[-13.122914,8.630561],[-13.136586,8.623765],[-13.109039,8.603339],[-13.107493,8.581],[-13.143422,8.541815],[-13.144114,8.517401],[-13.162424,8.517646],[-13.195058,8.569159],[-13.216908,8.632554],[-13.2412,8.672187],[-13.235219,8.719916],[-13.240224,8.825832],[-13.21227,8.857123],[-13.200917,8.859809],[-13.184967,8.843492],[-13.108144,8.844062],[-13.04308,8.858344],[-12.985707,8.857123],[-13.026967,8.869696],[-13.041086,8.861233],[-13.088775,8.870185],[-13.13036,8.864081],[-13.13976,8.881415],[-13.15392,8.883287],[-13.158437,8.892279],[-13.142649,8.916734],[-13.075103,8.931627],[-13.075103,8.939114],[-13.092519,8.944648],[-13.180979,8.923041],[-13.206125,8.928371],[-13.225738,8.942532],[-13.232818,8.966376],[-13.240224,8.952094],[-13.254872,8.966376],[-13.266957,8.952094],[-13.288442,8.969468],[-13.285024,9.017035],[-13.301096,9.04149],[-13.277376,9.058595],[-13.207535,9.076708],[-13.153844,9.04932],[-13.115913,9.043945],[-13.028864,9.095983],[-12.984164,9.172309],[-12.962796,9.176702],[-12.960212,9.186081],[-12.97835,9.21285],[-12.957912,9.272433],[-12.937009,9.287083],[-12.917527,9.267007],[-12.895642,9.278505],[-12.835827,9.281967],[-12.795261,9.33509],[-12.764152,9.347673],[-12.767795,9.372323],[-12.759759,9.382839],[-12.737228,9.397231],[-12.72294,9.392089],[-12.701597,9.420227],[-12.668628,9.542364],[-12.649921,9.552105],[-12.633849,9.597865],[-12.606823,9.600707],[-12.601552,9.651712],[-12.582251,9.683364],[-12.537473,9.715713],[-12.53569,9.732792],[-12.525561,9.732069],[-12.514322,9.851312],[-12.472335,9.881258],[-12.426989,9.897614],[-12.276739,9.929266],[-12.253588,9.928413],[-12.193644,9.886064],[-12.141347,9.874876],[-11.921774,9.922212],[-11.914953,9.931488],[-11.910095,9.992518],[-11.247293,9.993396],[-11.199596,9.982157],[-11.188537,9.972597],[-11.16027,9.872758],[-11.085959,9.826171],[-11.044928,9.78713],[-11.010098,9.74274],[-10.968499,9.654244],[-10.940129,9.639697],[-10.92168,9.595901],[-10.886333,9.568409],[-10.877703,9.532675],[-10.852589,9.512082],[-10.854862,9.455264],[-10.811454,9.408264],[-10.831763,9.392141],[-10.765462,9.385216],[-10.741536,9.357053],[-10.675132,9.306461],[-10.688051,9.259281],[-10.685209,9.224503],[-10.724741,9.194504],[-10.74257,9.163292],[-10.753473,9.120116],[-10.746342,9.083814],[-10.710427,9.072987],[-10.629346,9.070352],[-10.594103,9.0541],[-10.61188,8.94514],[-10.600201,8.819024],[-10.481862,8.672469],[-10.503308,8.631567],[-10.522118,8.618571],[-10.565423,8.612783],[-10.631879,8.532013],[-10.643868,8.486873],[-10.654668,8.485504],[-10.669086,8.399075],[-10.725,8.319855],[-10.735283,8.287299],[-10.715181,8.2696],[-10.707895,8.303138],[-10.688154,8.324067],[-10.659784,8.333265],[-10.626711,8.331508],[-10.572657,8.304585],[-10.554364,8.311845],[-10.519276,8.33479],[-10.46021,8.39215],[-10.414062,8.470182],[-10.389775,8.489095],[-10.344299,8.499069],[-10.282236,8.484625]]],[[[-12.492991,7.56802],[-12.504384,7.561021],[-12.50182,7.502387],[-12.526438,7.465562],[-12.519643,7.40412],[-12.549672,7.389635],[-12.565785,7.395657],[-12.574859,7.410346],[-12.554433,7.410346],[-12.60554,7.478664],[-12.731801,7.511298],[-12.764394,7.527981],[-12.849233,7.540676],[-12.95165,7.56802],[-12.95165,7.575426],[-12.914296,7.584418],[-12.898061,7.610745],[-12.88329,7.6164],[-12.735666,7.622545],[-12.621409,7.639716],[-12.581125,7.630072],[-12.595855,7.612738],[-12.586049,7.607611],[-12.529652,7.603827],[-12.492991,7.56802]]]]}},{"type":"Feature","properties":{"iso3":"GIN","name":"Guinea","continent":"Africa"},"geometry":{"type":"Polygon","coordinates":[[[-13.301096,9.04149],[-13.322174,9.083075],[-13.254872,9.154934],[-13.157704,9.185492],[-13.247304,9.186021],[-13.232818,9.267401],[-13.280629,9.165025],[-13.322174,9.192939],[-13.303822,9.337795],[-13.352854,9.338772],[-13.367909,9.282172],[-13.397532,9.28384],[-13.430816,9.352037],[-13.396637,9.439358],[-13.465403,9.418158],[-13.513987,9.449612],[-13.486684,9.569078],[-13.529042,9.505683],[-13.561391,9.508979],[-13.58845,9.569078],[-13.726226,9.511054],[-13.625803,9.647284],[-13.624379,9.720282],[-13.566518,9.771064],[-13.647776,9.831488],[-13.661285,9.754543],[-13.728912,9.744086],[-13.747182,9.767768],[-13.685292,9.946479],[-13.749745,9.863471],[-13.842844,9.860785],[-13.945383,9.966946],[-14.058339,10.025295],[-14.046132,10.079495],[-13.993764,10.076158],[-14.056752,10.106594],[-13.999908,10.199693],[-14.082834,10.14289],[-14.100575,10.058295],[-14.153188,10.05565],[-14.178782,10.110297],[-14.123647,10.162584],[-14.137766,10.179185],[-14.222401,10.106106],[-14.243886,10.182318],[-14.270131,10.159735],[-14.376698,10.234442],[-14.452545,10.214586],[-14.463043,10.330024],[-14.537262,10.403632],[-14.545522,10.495022],[-14.651194,10.475084],[-14.663808,10.529202],[-14.611399,10.592963],[-14.615224,10.691311],[-14.500234,10.891099],[-14.686106,10.648179],[-14.706899,10.739203],[-14.65331,10.807603],[-14.723134,10.765123],[-14.746449,10.710761],[-14.770009,10.718817],[-14.795074,10.768256],[-14.743886,10.856594],[-14.801259,10.823472],[-14.819732,10.912014],[-14.677235,11.047593],[-14.756825,10.981187],[-14.801259,10.980536],[-14.810658,11.014472],[-14.843495,10.967475],[-14.918568,11.028957],[-14.904124,10.975491],[-14.959584,10.980536],[-14.911122,10.92593],[-14.980051,10.874986],[-14.959584,10.768256],[-15.031565,10.792792],[-15.079457,10.85871],[-14.959056,11.035762],[-14.828212,11.334787],[-14.711061,11.497568],[-14.520944,11.51289],[-14.339223,11.61061],[-14.289692,11.66885],[-14.015135,11.63712],[-13.886409,11.675568],[-13.855041,11.743419],[-13.815767,11.686833],[-13.724765,11.72311],[-13.734919,12.019267],[-13.964853,12.14789],[-13.968264,12.18396],[-13.840003,12.277133],[-13.740836,12.256927],[-13.695025,12.292946],[-13.663399,12.475777],[-13.734635,12.585331],[-13.728279,12.673388],[-13.091703,12.638196],[-13.063642,12.62228],[-13.078267,12.496241],[-13.051989,12.472263],[-12.981038,12.466992],[-12.949489,12.535928],[-12.913135,12.536342],[-12.838617,12.466372],[-12.648009,12.425754],[-12.593671,12.361572],[-12.48776,12.389477],[-12.377121,12.313668],[-12.192042,12.348756],[-12.07918,12.408133],[-11.997583,12.386377],[-11.923944,12.418778],[-11.757805,12.383328],[-11.481646,12.428235],[-11.388422,12.403895],[-11.451467,12.352115],[-11.444594,12.289484],[-11.507794,12.191608],[-11.334678,12.026192],[-11.274992,11.996271],[-11.191173,12.01441],[-11.059811,12.192435],[-10.927675,12.212951],[-10.804943,12.095955],[-10.811041,12.04154],[-10.711357,11.890386],[-10.645159,11.90837],[-10.51509,12.052909],[-10.493489,12.124429],[-10.445688,12.120708],[-10.39458,12.17161],[-10.26694,12.217808],[-9.888772,12.060557],[-9.722994,12.025417],[-9.628167,12.170163],[-9.336816,12.269846],[-9.309169,12.357748],[-9.407251,12.445133],[-9.33418,12.496293],[-9.265864,12.495207],[-9.147318,12.465493],[-8.975907,12.368704],[-8.99756,12.23481],[-8.97384,12.187578],[-8.913896,12.169853],[-8.926298,12.064278],[-8.903715,12.030378],[-8.819793,12.012653],[-8.797004,11.913227],[-8.847233,11.657946],[-8.726517,11.649471],[-8.667967,11.510875],[-8.602183,11.472092],[-8.549577,11.490127],[-8.527563,11.423387],[-8.375324,11.367654],[-8.417957,11.325511],[-8.381267,11.325098],[-8.376719,11.294661],[-8.483224,11.28492],[-8.498779,11.233501],[-8.624611,11.122035],[-8.696234,10.962743],[-8.55955,10.971605],[-8.505755,11.052789],[-8.381318,11.053926],[-8.326593,11.02385],[-8.303649,10.874893],[-8.341941,10.763246],[-8.315586,10.753092],[-8.284425,10.511246],[-8.228873,10.423422],[-8.142056,10.429649],[-8.096116,10.346734],[-8.015708,10.339344],[-7.971214,10.281802],[-7.96801,10.209998],[-8.015708,10.110366],[-8.127535,10.037115],[-8.15849,9.984921],[-8.136269,9.969444],[-8.173837,9.941875],[-8.123505,9.844852],[-8.157611,9.530866],[-8.070433,9.397541],[-8.009868,9.383614],[-7.8706,9.418599],[-7.929563,9.183885],[-7.856234,9.170217],[-7.759392,9.091668],[-7.764198,9.063608],[-7.931837,8.996558],[-7.96894,8.812848],[-7.958915,8.781997],[-7.81019,8.753369],[-7.703944,8.633479],[-7.662447,8.374865],[-7.77102,8.386518],[-7.823833,8.477856],[-7.865588,8.420882],[-7.95628,8.494366],[-8.186343,8.493695],[-8.248872,8.453568],[-8.264581,8.2565],[-8.085522,8.162035],[-8.015708,8.183894],[-8.015708,8.088474],[-7.962636,8.015171],[-8.053845,8.028762],[-8.128879,7.882569],[-8.098261,7.791877],[-8.199779,7.583363],[-8.228976,7.544295],[-8.414805,7.612921],[-8.485446,7.557989],[-8.566527,7.623412],[-8.567405,7.688214],[-8.686571,7.694364],[-8.727576,7.622017],[-8.729617,7.50869],[-8.865371,7.346891],[-8.857827,7.273046],[-8.91219,7.250153],[-8.944385,7.278678],[-9.125407,7.190208],[-9.116054,7.224676],[-9.206281,7.298367],[-9.234341,7.381308],[-9.283796,7.374073],[-9.349218,7.421564],[-9.407354,7.378052],[-9.438101,7.421564],[-9.478357,7.376915],[-9.364411,7.614265],[-9.355471,7.741906],[-9.43867,7.866239],[-9.429265,8.036901],[-9.474223,8.028813],[-9.481406,8.164697],[-9.531894,8.212316],[-9.51081,8.261047],[-9.530189,8.30598],[-9.499131,8.343471],[-9.592045,8.405095],[-9.668372,8.38874],[-9.650543,8.464807],[-9.683513,8.487054],[-9.717981,8.452689],[-9.7463,8.468063],[-9.773585,8.563018],[-9.806813,8.506252],[-9.928149,8.493436],[-10.061681,8.422174],[-10.069277,8.486873],[-10.147981,8.524287],[-10.215625,8.486589],[-10.374737,8.49478],[-10.554364,8.311845],[-10.659784,8.333265],[-10.715181,8.2696],[-10.735283,8.287299],[-10.631879,8.532013],[-10.481862,8.672469],[-10.600201,8.819024],[-10.605989,9.063763],[-10.746342,9.083814],[-10.74257,9.163292],[-10.685209,9.224503],[-10.67384,9.293982],[-10.765462,9.385216],[-10.819361,9.388059],[-10.882819,9.560167],[-11.044928,9.78713],[-11.16027,9.872758],[-11.188537,9.972597],[-11.272666,9.996006],[-11.910095,9.992518],[-11.914953,9.931488],[-12.141347,9.874876],[-12.276739,9.929266],[-12.472335,9.881258],[-12.508327,9.860381],[-12.525561,9.732069],[-12.668628,9.542364],[-12.701597,9.420227],[-12.819135,9.29579],[-12.957912,9.272433],[-12.960212,9.186081],[-13.028864,9.095983],[-13.115913,9.043945],[-13.191774,9.072987],[-13.301096,9.04149]]]}},{"type":"Feature","properties":{"iso3":"LBR","name":"Liberia","continent":"Africa"},"geometry":{"type":"Polygon","coordinates":[[[-11.476186,6.91942],[-11.436739,6.938544],[-11.434672,6.980815],[-11.407283,6.99637],[-11.397723,7.012803],[-11.389714,7.073523],[-11.355142,7.084065],[-11.356434,7.105356],[-11.373229,7.138842],[-11.317211,7.213566],[-11.217889,7.25408],[-11.126319,7.368027],[-10.977904,7.484919],[-10.874603,7.530859],[-10.730581,7.705474],[-10.692598,7.737565],[-10.645418,7.763041],[-10.615187,7.769036],[-10.617668,8.010778],[-10.612138,8.031862],[-10.56718,8.063204],[-10.529249,8.124286],[-10.485738,8.138858],[-10.384555,8.142114],[-10.34554,8.159348],[-10.320942,8.183119],[-10.331277,8.272287],[-10.313655,8.310347],[-10.282908,8.432949],[-10.282236,8.484625],[-10.240275,8.493746],[-10.23242,8.477055],[-10.181829,8.519584],[-10.164879,8.524649],[-10.091085,8.510102],[-10.076099,8.501498],[-10.069277,8.486873],[-10.079354,8.439951],[-10.075013,8.426644],[-10.061681,8.422174],[-10.04039,8.425663],[-9.944169,8.488346],[-9.872804,8.500361],[-9.858644,8.487054],[-9.806813,8.506252],[-9.808854,8.528473],[-9.790018,8.553071],[-9.790586,8.565396],[-9.773585,8.563018],[-9.757307,8.53271],[-9.7463,8.468063],[-9.722115,8.435636],[-9.7155,8.473334],[-9.703253,8.487261],[-9.683513,8.487054],[-9.650543,8.464807],[-9.645117,8.443413],[-9.675916,8.409643],[-9.67726,8.39153],[-9.619537,8.392719],[-9.600159,8.410883],[-9.579178,8.387293],[-9.529052,8.366312],[-9.499131,8.343471],[-9.539387,8.314584],[-9.510758,8.270065],[-9.525435,8.24079],[-9.530137,8.185496],[-9.481406,8.164697],[-9.459805,8.068785],[-9.474223,8.028813],[-9.451537,8.051758],[-9.440944,8.050569],[-9.424149,8.026178],[-9.424562,8.005817],[-9.446008,7.950058],[-9.448437,7.907839],[-9.43867,7.866239],[-9.355471,7.741906],[-9.376245,7.680566],[-9.374694,7.646925],[-9.353507,7.62243],[-9.372989,7.601346],[-9.38366,7.55954],[-9.408697,7.527449],[-9.404925,7.513599],[-9.4134,7.492257],[-9.436086,7.458564],[-9.466213,7.433449],[-9.4735,7.39557],[-9.490708,7.376037],[-9.478357,7.376915],[-9.438101,7.421564],[-9.407354,7.378052],[-9.375159,7.41929],[-9.349218,7.421564],[-9.319401,7.411952],[-9.299505,7.376605],[-9.234341,7.381308],[-9.219872,7.360999],[-9.206281,7.298367],[-9.181476,7.275681],[-9.15308,7.275474],[-9.146905,7.25408],[-9.11962,7.237957],[-9.116054,7.224676],[-9.125407,7.190208],[-9.113935,7.200388],[-9.073111,7.211344],[-9.032855,7.240283],[-8.985467,7.25005],[-8.977716,7.266224],[-8.962575,7.262969],[-8.9572,7.286481],[-8.925419,7.248603],[-8.91219,7.250153],[-8.857827,7.273046],[-8.851367,7.292889],[-8.863304,7.32989],[-8.860617,7.35764],[-8.83341,7.393865],[-8.799226,7.41221],[-8.790389,7.450812],[-8.756489,7.472413],[-8.729617,7.50869],[-8.726827,7.55184],[-8.739178,7.565689],[-8.727576,7.622017],[-8.686571,7.694364],[-8.567405,7.688214],[-8.57278,7.650749],[-8.566527,7.623412],[-8.515625,7.577161],[-8.44364,7.537112],[-8.425605,7.50192],[-8.405141,7.431279],[-8.387675,7.314955],[-8.32897,7.204006],[-8.329745,7.178323],[-8.305354,7.146903],[-8.284115,7.017867],[-8.286647,6.993786],[-8.319978,6.95999],[-8.320909,6.910174],[-8.333673,6.882578],[-8.315715,6.86382],[-8.314966,6.850281],[-8.337497,6.777262],[-8.461313,6.633421],[-8.566113,6.550919],[-8.570609,6.535132],[-8.594122,6.523892],[-8.61872,6.492835],[-8.556501,6.487021],[-8.515625,6.437593],[-8.497229,6.431366],[-8.484775,6.441572],[-8.467515,6.487073],[-8.418267,6.451209],[-8.405089,6.436327],[-8.419042,6.407646],[-8.405968,6.372248],[-8.423693,6.351991],[-8.411807,6.340028],[-8.388811,6.355091],[-8.36597,6.350079],[-8.352948,6.36106],[-8.322356,6.336462],[-8.310005,6.344627],[-8.302718,6.340648],[-8.296569,6.317497],[-8.285975,6.310055],[-8.208486,6.292537],[-8.170582,6.274011],[-8.140609,6.277577],[-8.106606,6.294681],[-8.033019,6.301761],[-7.999378,6.286697],[-7.91437,6.271737],[-7.906567,6.251997],[-7.846622,6.197478],[-7.844142,6.183965],[-7.862022,6.124382],[-7.861815,6.08149],[-7.850911,6.067564],[-7.82838,6.080715],[-7.809674,6.071207],[-7.802439,6.039245],[-7.786471,6.025111],[-7.799958,6.010151],[-7.800682,5.981729],[-7.786626,5.958165],[-7.747145,5.937597],[-7.717173,5.900752],[-7.70322,5.907883],[-7.680483,5.94093],[-7.64834,5.911294],[-7.584158,5.883699],[-7.579093,5.877188],[-7.587207,5.866775],[-7.559146,5.839851],[-7.527779,5.858842],[-7.531086,5.842022],[-7.515583,5.839231],[-7.494396,5.806184],[-7.481683,5.830214],[-7.478583,5.859876],[-7.446543,5.845949],[-7.442047,5.811274],[-7.449489,5.732364],[-7.43104,5.653971],[-7.384118,5.568964],[-7.405099,5.5724],[-7.41192,5.560359],[-7.393627,5.523979],[-7.419982,5.523127],[-7.409852,5.513417],[-7.432384,5.479563],[-7.436208,5.431323],[-7.450212,5.438713],[-7.449954,5.422771],[-7.429697,5.374298],[-7.396934,5.366444],[-7.389751,5.317144],[-7.418793,5.260455],[-7.428508,5.25614],[-7.435175,5.279291],[-7.43011,5.284252],[-7.439929,5.290169],[-7.475689,5.264228],[-7.490468,5.222189],[-7.482252,5.17506],[-7.488918,5.140669],[-7.515841,5.091809],[-7.546847,5.0977],[-7.563229,5.090156],[-7.575786,5.072069],[-7.5716,4.975382],[-7.555322,4.948433],[-7.549534,4.913887],[-7.574959,4.921561],[-7.6055,4.897428],[-7.598834,4.857095],[-7.605997,4.817363],[-7.579558,4.784283],[-7.572479,4.723356],[-7.576871,4.509338],[-7.564314,4.425829],[-7.579197,4.387149],[-7.573771,4.375393],[-7.540666,4.352845],[-7.593251,4.347235],[-7.644439,4.361518],[-7.712717,4.361518],[-7.733225,4.382025],[-7.801015,4.406317],[-7.832875,4.452216],[-7.942006,4.504869],[-8.037506,4.528754],[-8.100331,4.55329],[-8.222035,4.568061],[-8.257314,4.579983],[-8.300201,4.627265],[-8.438547,4.676174],[-8.607533,4.786933],[-8.778147,4.854315],[-8.874338,4.930121],[-8.936106,4.95539],[-8.991322,4.967515],[-9.031972,4.991441],[-9.027821,4.995429],[-9.10497,5.031562],[-9.162262,5.080878],[-9.278717,5.145738],[-9.291982,5.163479],[-9.278961,5.163479],[-9.292144,5.181627],[-9.354075,5.211168],[-9.470815,5.320461],[-9.488515,5.371649],[-9.508046,5.399604],[-9.541819,5.419827],[-9.593658,5.430325],[-9.580719,5.464504],[-9.596995,5.488349],[-9.696767,5.546373],[-9.842112,5.685452],[-9.979644,5.798082],[-10.046213,5.861721],[-10.046213,5.89643],[-10.055531,5.91177],[-10.11498,5.943305],[-10.185699,5.999091],[-10.226552,6.043606],[-10.279897,6.076972],[-10.353668,6.102362],[-10.364125,6.115668],[-10.36148,6.129218],[-10.344472,6.122707],[-10.333567,6.136054],[-10.353627,6.140611],[-10.395619,6.176988],[-10.444692,6.203843],[-10.463938,6.204983],[-10.463938,6.197496],[-10.389394,6.152167],[-10.381947,6.129218],[-10.397125,6.147854],[-10.456695,6.177476],[-10.659413,6.227484],[-10.788319,6.292955],[-10.807851,6.310858],[-10.800364,6.327826],[-10.790354,6.31391],[-10.772369,6.307359],[-10.789052,6.334947],[-10.792348,6.359036],[-10.782338,6.381415],[-10.759389,6.404202],[-10.784088,6.401272],[-10.800364,6.389879],[-10.82433,6.43773],[-10.85733,6.472846],[-10.895904,6.49901],[-11.053619,6.584174],[-11.233062,6.648098],[-11.353179,6.701158],[-11.374867,6.726874],[-11.368276,6.811347],[-11.381947,6.836819],[-11.44107,6.873277],[-11.476186,6.91942]]]}},{"type":"Feature","properties":{"iso3":"CAF","name":"Central African Republic","continent":"Africa"},"geometry":{"type":"Polygon","coordinates":[[[22.861064,10.919154],[23.005551,10.686817],[23.291219,10.439726],[23.644789,9.863068],[23.674038,9.69034],[23.606135,9.537171],[23.646339,9.425033],[23.630733,9.292173],[23.549498,9.185254],[23.462821,9.153725],[23.435706,9.018934],[23.478081,8.958912],[23.542573,8.997281],[23.567481,8.974828],[23.553632,8.883154],[23.482318,8.783393],[23.505262,8.710736],[23.59642,8.734145],[23.72127,8.702002],[23.803436,8.72213],[24.217674,8.691512],[24.243719,8.570176],[24.137162,8.438866],[24.121556,8.372307],[24.152872,8.317891],[24.326814,8.248567],[24.431097,8.271408],[24.51285,8.207149],[24.800171,8.180277],[24.917993,8.087027],[24.958094,7.989178],[25.059173,7.896108],[25.216889,7.864069],[25.264535,7.777718],[25.274974,7.641964],[25.165213,7.5799],[25.190431,7.501197],[25.455118,7.278213],[25.786209,7.142666],[25.888735,7.05187],[26.026091,6.99668],[26.091203,6.830334],[26.378007,6.65329],[26.27021,6.465653],[26.28964,6.387208],[26.508955,6.205462],[26.424826,6.072447],[26.48105,6.104951],[26.602179,6.010616],[26.776329,5.981884],[26.842165,5.884267],[26.894255,5.889667],[26.916475,5.849644],[26.981071,5.859204],[27.036055,5.785126],[27.11481,5.775282],[27.218369,5.645315],[27.211341,5.594879],[27.257127,5.586068],[27.220126,5.413082],[27.264465,5.260145],[27.431173,5.083618],[27.073675,5.203327],[26.961641,5.151185],[26.872654,5.041786],[26.815706,5.040184],[26.739432,5.094393],[26.519807,5.045972],[26.390616,5.149015],[26.272484,5.159066],[26.198276,5.238389],[26.12996,5.258879],[26.026917,5.189969],[25.971934,5.227667],[25.910852,5.170099],[25.849357,5.217874],[25.836231,5.20002],[25.792306,5.262832],[25.757993,5.244436],[25.532787,5.372231],[25.370678,5.316834],[25.316211,5.202242],[25.343807,5.121885],[25.307633,5.032278],[25.140201,5.017964],[25.084804,4.954221],[24.969359,4.991402],[24.77826,4.918538],[24.664365,4.924403],[24.670773,4.957218],[24.601216,5.026103],[24.487218,5.100801],[24.436679,5.100594],[24.433475,5.075531],[24.401642,5.111472],[24.361231,5.062948],[24.396888,5.048194],[24.386139,5.022356],[24.296635,5.003262],[24.25302,4.929881],[24.209612,4.956184],[24.162897,4.907789],[24.08962,4.920218],[23.963116,4.868696],[23.924358,4.817795],[23.798475,4.814746],[23.588048,4.73395],[23.437153,4.646565],[23.42258,4.594062],[23.273132,4.632018],[23.183732,4.725268],[23.099396,4.711652],[23.029323,4.744931],[22.965037,4.835287],[22.888763,4.813222],[22.895584,4.765395],[22.853829,4.711264],[22.78603,4.724648],[22.723605,4.62884],[22.689498,4.491665],[22.59245,4.473707],[22.61126,4.381853],[22.510491,4.19127],[22.43184,4.13856],[22.303269,4.128716],[22.00892,4.242378],[21.86774,4.241551],[21.737308,4.293382],[21.651112,4.295656],[21.538147,4.244652],[21.37485,4.278164],[21.288344,4.33338],[21.210932,4.291574],[21.084222,4.388235],[20.871521,4.453373],[20.580273,4.415003],[20.456713,4.524816],[20.456456,4.621502],[20.338944,4.771906],[20.236625,4.806349],[20.171719,4.87836],[20.003977,4.974478],[19.890909,5.002125],[19.838613,5.087546],[19.568759,5.15519],[19.408975,5.130386],[19.195655,4.950345],[19.08331,4.90934],[19.011583,4.765033],[18.828235,4.559981],[18.753304,4.400611],[18.654086,4.357229],[18.595795,4.371259],[18.541948,4.327851],[18.646541,4.045982],[18.593004,3.709775],[18.626387,3.476869],[18.582462,3.477386],[18.472081,3.632053],[18.383715,3.578],[18.255867,3.577225],[18.181556,3.477386],[18.082028,3.563453],[17.842146,3.540147],[17.793156,3.617506],[17.586761,3.632234],[17.458913,3.708276],[17.334373,3.618514],[17.244973,3.620607],[17.197224,3.58172],[17.017596,3.5418],[16.853162,3.560094],[16.833008,3.522861],[16.639428,3.528597],[16.567701,3.464389],[16.511477,3.227246],[16.465485,3.156501],[16.490807,3.067824],[16.445538,2.95765],[16.479128,2.836314],[16.196665,2.236454],[16.094345,2.497523],[16.101373,2.687847],[16.062616,2.703195],[16.056208,2.759833],[16.095172,2.836779],[16.055381,2.93977],[15.974249,2.985762],[15.913995,3.097952],[15.793175,3.103274],[15.171301,3.758971],[15.084898,3.885836],[15.025987,4.026086],[15.192075,4.052234],[15.091202,4.121791],[15.072806,4.265942],[15.000562,4.403195],[14.779697,4.545047],[14.717272,4.622019],[14.658877,5.164544],[14.624461,5.224049],[14.523899,5.279679],[14.614126,5.48486],[14.590148,5.608289],[14.624358,5.723605],[14.617433,5.864966],[14.584773,5.923412],[14.465711,5.920673],[14.389436,6.031054],[14.525966,6.174069],[14.719029,6.257862],[14.772255,6.318323],[14.932452,6.710289],[15.042213,6.790775],[15.136161,7.045308],[15.190214,7.098793],[15.223908,7.247517],[15.428443,7.388801],[15.415524,7.42084],[15.473298,7.509103],[15.668532,7.516287],[15.758345,7.455567],[15.92526,7.488175],[16.0652,7.591217],[16.370814,7.672504],[16.392208,7.783609],[16.548685,7.870012],[16.54486,7.813013],[16.613073,7.74821],[16.61421,7.679584],[16.805516,7.543675],[16.880654,7.632869],[17.116298,7.68687],[17.250864,7.822831],[17.419122,7.898227],[17.466355,7.884119],[17.639884,7.985043],[17.858785,7.960445],[18.070452,8.019202],[18.589283,8.047882],[18.638583,8.177642],[18.813042,8.276421],[19.124135,8.675079],[18.869783,8.849409],[18.892727,8.897933],[19.021919,8.985215],[19.253429,9.027951],[19.352234,9.002061],[19.700017,9.020587],[19.889463,9.046374],[20.109604,9.151174],[20.154563,9.116421],[20.222982,9.14195],[20.359408,9.116421],[20.455423,9.159313],[20.538208,9.311939],[20.667916,9.302017],[20.654894,9.342971],[20.820258,9.416222],[20.841446,9.484409],[20.996062,9.648301],[21.019936,9.747933],[21.09311,9.77434],[21.256924,9.975749],[21.374333,9.973113],[21.513239,10.200515],[21.65628,10.233666],[21.708886,10.293533],[21.751054,10.41182],[21.705476,10.53202],[21.722632,10.636716],[22.003855,10.743273],[22.048607,10.836988],[22.176351,10.816214],[22.253039,10.915304],[22.460468,11.000828],[22.861064,10.919154]]]}},{"type":"Feature","properties":{"iso3":"SDN","name":"Sudan","continent":"Africa"},"geometry":{"type":"MultiPolygon","coordinates":[[[[22.861064,10.919154],[22.954536,11.237843],[22.914808,11.396101],[22.781792,11.398892],[22.743035,11.466097],[22.592347,11.543663],[22.541704,11.632986],[22.612397,12.072804],[22.464499,12.032962],[22.484033,12.164737],[22.374892,12.450869],[22.445689,12.611066],[22.204877,12.743358],[22.105865,12.650392],[21.935953,12.63954],[21.813686,12.782296],[21.964065,13.098349],[22.139971,13.193511],[22.267612,13.334562],[22.195885,13.580464],[22.132116,13.638652],[22.073722,13.771357],[22.214695,13.956617],[22.546355,14.139707],[22.531885,14.220632],[22.429049,14.264608],[22.424915,14.470436],[22.363523,14.543532],[22.465429,14.629289],[22.666347,14.681741],[22.650844,14.841938],[22.715337,14.899428],[22.738901,14.97981],[22.905506,15.112567],[22.958009,15.201631],[22.976406,15.373636],[22.906849,15.481408],[22.906746,15.541404],[23.094642,15.704262],[23.320571,15.681318],[23.592699,15.749014],[23.945546,15.692222],[23.984406,15.72116],[23.981306,19.995421],[24.968016,19.994956],[24.981245,21.995351],[31.248407,21.994369],[31.359512,22.188104],[31.442504,22.224174],[31.491803,22.173221],[31.435476,21.995351],[33.181136,21.995409],[33.558442,21.710957],[33.999118,21.767353],[34.084179,21.995454],[36.883637,21.995714],[36.857758,21.971991],[36.887869,21.650133],[37.113617,21.278062],[37.305431,21.074449],[37.291352,21.012641],[37.251964,21.006049],[37.192231,21.086086],[37.272146,21.054267],[37.229747,21.127834],[37.15268,21.157782],[37.159516,21.206448],[37.104991,21.207506],[37.118175,21.097846],[37.086436,21.040595],[37.147309,20.940863],[37.228038,20.565009],[37.222423,20.468248],[37.182302,20.462836],[37.175141,20.349189],[37.224892,20.119532],[37.188813,20.01317],[37.26531,19.786851],[37.245372,19.567776],[37.285818,19.475287],[37.333507,19.159654],[37.434337,18.861721],[37.539806,18.715888],[37.674725,18.740953],[37.740733,18.709174],[37.758067,18.628648],[37.925505,18.585044],[38.038198,18.461086],[38.109251,18.427425],[38.076119,18.348119],[38.151674,18.249331],[38.245434,18.243906],[38.251161,18.280825],[38.306163,18.306545],[38.264496,18.23078],[38.217296,18.217719],[38.376231,18.190619],[38.391449,18.224189],[38.45045,18.132392],[38.502289,18.126044],[38.505707,18.086371],[38.531993,18.070705],[38.52589,18.128363],[38.584483,18.077135],[38.603852,18.013861],[38.459285,17.890744],[38.371332,17.698817],[38.25661,17.602544],[38.233356,17.525701],[38.125352,17.546527],[38.091452,17.480019],[38.038846,17.548181],[37.895909,17.442554],[37.79886,17.477126],[37.720415,17.38385],[37.506785,17.318479],[37.494693,17.174612],[37.403432,17.029918],[37.309795,17.055343],[37.133991,17.01643],[36.980099,17.070019],[36.992398,16.980205],[36.96811,16.946615],[36.999736,16.842126],[36.960359,16.705648],[36.892352,16.636867],[36.877263,16.527313],[36.933693,16.418069],[36.954261,16.278284],[36.885944,16.184853],[36.759544,15.837484],[36.670971,15.723124],[36.61671,15.531534],[36.627872,15.445622],[36.423647,15.111508],[36.52638,14.263523],[36.432122,13.969924],[36.458167,13.820139],[36.391298,13.599352],[36.233581,13.36164],[36.136946,13.032436],[36.123614,12.721447],[35.684054,12.656076],[35.428772,12.266953],[35.403348,12.185097],[35.353738,12.14603],[35.317358,12.023712],[35.215555,11.896588],[35.072722,11.818866],[35.040579,11.727399],[35.073135,11.54896],[34.944254,11.253242],[34.984148,11.186398],[34.914282,10.963957],[34.950662,10.869183],[34.838524,10.72914],[34.752948,10.698728],[34.737445,10.755391],[34.557818,10.877787],[34.420048,10.780816],[34.279489,10.565506],[34.325894,10.223563],[34.098208,9.67972],[34.070698,9.454592],[33.900855,9.45529],[33.881425,9.499215],[33.904886,9.7107],[33.973254,9.861776],[33.966794,10.047269],[33.916978,10.174522],[33.389827,10.639248],[33.141418,10.750818],[33.182088,10.843241],[33.082921,11.584565],[33.129016,11.67549],[33.144984,11.934673],[33.209218,12.210367],[32.731779,12.216155],[32.746662,12.002731],[32.082207,11.999811],[32.34524,11.709106],[32.348754,11.30758],[32.430713,11.082193],[31.942887,10.655552],[31.864184,10.472127],[31.664816,10.214236],[31.234817,9.792323],[31.164382,9.764005],[30.83696,9.749354],[30.779082,9.719873],[30.484578,9.972028],[30.012979,10.270485],[29.615432,10.058147],[29.613882,9.914461],[29.483089,9.761679],[29.132258,9.667731],[28.913833,9.529031],[28.828745,9.427474],[28.843841,9.324545],[28.04511,9.331407],[27.895072,9.59541],[27.080393,9.606831],[26.694318,9.476942],[26.625744,9.480663],[26.556859,9.520454],[26.179466,9.95898],[26.102623,9.987841],[26.000872,10.131062],[25.902791,10.185529],[25.894884,10.34583],[25.843053,10.417815],[25.629061,10.386706],[25.327425,10.316581],[25.131261,10.308287],[25.067028,10.27493],[24.976284,9.967351],[24.796398,9.818859],[24.794383,9.532184],[24.680178,9.373357],[24.660954,9.182283],[24.565353,9.014851],[24.558377,8.886746],[24.380093,8.844216],[24.114011,8.681642],[23.59642,8.734145],[23.540506,8.704793],[23.49007,8.732595],[23.482318,8.783393],[23.553632,8.883154],[23.567481,8.974828],[23.560143,8.996455],[23.478081,8.958912],[23.435706,9.018934],[23.474257,9.170682],[23.549498,9.185254],[23.63218,9.277574],[23.646856,9.418393],[23.606755,9.526241],[23.674038,9.69034],[23.644789,9.863068],[23.291219,10.439726],[23.005551,10.686817],[22.861064,10.919154]]],[[[37.26531,20.855048],[37.283539,20.83275],[37.254405,20.749823],[37.26531,20.855048]]]]}},{"type":"Feature","properties":{"iso3":"DJI","name":"Djibouti","continent":"Africa"},"geometry":{"type":"Polygon","coordinates":[[[43.240733,11.48786],[42.923715,10.998787],[42.908109,11.004187],[42.873279,10.978246],[42.771787,10.996462],[42.754837,11.010544],[42.729619,11.06501],[42.615621,11.08966],[42.569732,11.086146],[42.479712,11.059119],[42.391758,11.005893],[42.338532,11.015504],[42.305872,11.004601],[42.270835,11.003516],[42.221639,10.984344],[42.151359,10.996203],[42.096272,10.990261],[42.069401,10.981501],[42.038395,10.950444],[41.954162,10.941271],[41.937522,10.929825],[41.916852,10.947059],[41.773811,10.980054],[41.761306,10.996203],[41.779289,11.024677],[41.785594,11.067388],[41.787971,11.259727],[41.775672,11.368429],[41.749834,11.483383],[41.74911,11.537953],[41.778669,11.628645],[41.792415,11.704455],[41.808228,11.736236],[41.862282,11.763056],[41.877784,11.790134],[41.936386,11.827445],[42.057308,11.996271],[42.097719,12.070169],[42.132343,12.093475],[42.155494,12.142257],[42.288715,12.321006],[42.319205,12.386377],[42.430929,12.520322],[42.475681,12.516343],[42.521569,12.496241],[42.678252,12.360022],[42.691482,12.378832],[42.727758,12.388806],[42.749876,12.417073],[42.792251,12.429165],[42.798038,12.456088],[42.785223,12.517222],[42.828838,12.557633],[42.852092,12.611738],[42.868835,12.626155],[42.900358,12.616389],[43.117686,12.707913],[43.133962,12.697211],[43.161794,12.642727],[43.259613,12.533352],[43.283214,12.496527],[43.312999,12.477688],[43.329356,12.488756],[43.331228,12.436713],[43.360525,12.383002],[43.367849,12.306871],[43.411388,12.241767],[43.414317,12.224921],[43.418712,12.091254],[43.413341,12.059272],[43.377126,12.004828],[43.350434,11.987942],[43.288341,11.967434],[43.206554,11.957831],[43.174001,11.935004],[43.097179,11.84455],[43.069184,11.830268],[43.055512,11.803616],[42.986827,11.796088],[42.942638,11.77383],[42.915538,11.783596],[42.896495,11.780585],[42.777192,11.732245],[42.75408,11.707953],[42.684093,11.582261],[42.667979,11.568549],[42.627696,11.559068],[42.569021,11.563381],[42.548595,11.583808],[42.515147,11.574123],[42.514985,11.567206],[42.528087,11.570217],[42.538748,11.502997],[42.60377,11.46776],[42.644786,11.488227],[42.672537,11.479722],[42.681651,11.484524],[42.687511,11.497219],[42.665294,11.51557],[42.674083,11.532131],[42.694102,11.545966],[42.739757,11.563381],[42.829112,11.576972],[42.855805,11.595771],[42.875173,11.583686],[43.081798,11.589545],[43.103363,11.576972],[43.123057,11.581488],[43.141124,11.608588],[43.151866,11.611762],[43.172211,11.542873],[43.183849,11.526557],[43.240733,11.48786]]]}},{"type":"Feature","properties":{"iso3":"ERI","name":"Eritrea","continent":"Africa"},"geometry":{"type":"MultiPolygon","coordinates":[[[[43.117686,12.707913],[42.900358,12.616389],[42.868835,12.626155],[42.852092,12.611738],[42.828838,12.557633],[42.785223,12.517222],[42.798038,12.456088],[42.792251,12.429165],[42.749876,12.417073],[42.727758,12.388806],[42.696187,12.380126],[42.678252,12.360022],[42.521569,12.496241],[42.475681,12.516343],[42.430929,12.520322],[42.379459,12.465907],[42.33171,12.515465],[42.250165,12.623985],[42.184949,12.733048],[42.137304,12.77333],[42.024649,12.82697],[41.946617,12.876166],[41.894321,12.94797],[41.8166,13.112792],[41.784767,13.164572],[41.7118,13.247926],[41.530726,13.393783],[41.222217,13.586614],[41.192038,13.615863],[41.043623,13.872488],[40.833197,14.105962],[40.772322,14.148362],[40.704419,14.173219],[40.585874,14.19469],[40.479834,14.244403],[40.421646,14.273755],[40.277055,14.404574],[40.194373,14.444649],[40.104559,14.465966],[40.037483,14.451522],[39.979812,14.458731],[39.961519,14.454209],[39.93072,14.428784],[39.892273,14.426562],[39.796878,14.495111],[39.766906,14.504775],[39.650944,14.496584],[39.59379,14.514567],[39.552138,14.556684],[39.515035,14.56782],[39.489403,14.524489],[39.448579,14.505111],[39.36662,14.482916],[39.268538,14.48643],[39.233191,14.440438],[39.20818,14.440179],[39.158467,14.560146],[39.127461,14.602211],[39.0855,14.633475],[39.011189,14.647763],[38.996823,14.638901],[38.993826,14.585157],[38.979667,14.567122],[38.917552,14.535703],[38.866082,14.493664],[38.821537,14.489478],[38.742885,14.461056],[38.668471,14.467723],[38.606563,14.436484],[38.569356,14.426821],[38.426832,14.417183],[38.41443,14.426304],[38.394276,14.464312],[38.340636,14.492682],[38.313351,14.519347],[38.28927,14.587741],[38.257644,14.610427],[38.247825,14.647712],[38.229325,14.679725],[38.190258,14.687322],[38.115223,14.681017],[38.006703,14.7244],[37.989856,14.757317],[37.964432,14.771193],[37.954096,14.806255],[37.94004,14.81088],[37.908828,14.864727],[37.891464,14.879532],[37.564973,14.116685],[37.553707,14.105497],[37.525285,14.128829],[37.5165,14.180557],[37.475366,14.199574],[37.452628,14.260578],[37.397748,14.301738],[37.390203,14.358169],[37.33708,14.426356],[37.293775,14.457439],[37.258221,14.448111],[37.184221,14.449558],[37.149701,14.441936],[37.121072,14.420826],[37.097818,14.379511],[37.090997,14.314218],[37.060197,14.27683],[37.026091,14.27683],[37.011518,14.265074],[36.995395,14.264092],[36.970901,14.27683],[36.946923,14.304735],[36.848531,14.327783],[36.748072,14.332072],[36.713655,14.317784],[36.648543,14.31458],[36.61764,14.300446],[36.565654,14.292927],[36.545707,14.263162],[36.52638,14.263523],[36.425094,15.133444],[36.433156,15.150859],[36.506743,15.220338],[36.524933,15.247908],[36.575576,15.393428],[36.595109,15.424331],[36.627872,15.445622],[36.614126,15.489262],[36.61671,15.531534],[36.670971,15.723124],[36.759544,15.837484],[36.885944,16.184853],[36.944029,16.252859],[36.954261,16.278284],[36.928216,16.361121],[36.933693,16.418069],[36.883361,16.490416],[36.876539,16.513567],[36.892559,16.586534],[36.892352,16.636867],[36.901447,16.655729],[36.960359,16.705648],[36.984957,16.765696],[36.988781,16.825537],[36.997876,16.837991],[36.990641,16.913646],[36.96811,16.946615],[36.992398,16.980205],[36.997049,16.999532],[36.993431,17.018652],[36.973588,17.045214],[36.97337,17.062083],[37.000459,17.072602],[37.133991,17.01643],[37.233417,17.024647],[37.280959,17.052965],[37.309795,17.055343],[37.403432,17.029918],[37.45976,17.09472],[37.472782,17.136991],[37.494693,17.174612],[37.505648,17.236778],[37.496036,17.312174],[37.63918,17.358011],[37.679591,17.363437],[37.720415,17.38385],[37.763927,17.45909],[37.79886,17.477126],[37.819221,17.4717],[37.849193,17.444001],[37.872034,17.437283],[37.895909,17.442554],[37.946862,17.495729],[38.038846,17.548181],[38.06179,17.548077],[38.071195,17.538104],[38.076466,17.479864],[38.091452,17.480019],[38.107989,17.493817],[38.118427,17.512937],[38.119461,17.545597],[38.160595,17.557327],[38.209688,17.522291],[38.233356,17.525701],[38.250202,17.541824],[38.25661,17.602544],[38.343737,17.655926],[38.371332,17.698817],[38.431587,17.851986],[38.459285,17.890744],[38.601573,18.004828],[38.620372,17.952582],[38.662934,17.894965],[38.66977,17.85399],[38.789724,17.668891],[38.85963,17.513251],[38.929047,17.397121],[38.964692,17.292304],[38.952647,17.253485],[38.998546,17.19595],[39.012462,17.165351],[39.026134,17.093085],[39.055919,17.034125],[39.06365,16.97427],[39.084483,16.924872],[39.094981,16.867743],[39.12794,16.794867],[39.149669,16.716946],[39.135997,16.723782],[39.161388,16.657172],[39.163341,16.62816],[39.144867,16.609361],[39.160981,16.563788],[39.156505,16.538153],[39.149669,16.544989],[39.15089,16.529446],[39.177013,16.52143],[39.177013,16.477362],[39.190603,16.439439],[39.190603,16.387356],[39.204845,16.349799],[39.197439,16.29857],[39.235606,16.10871],[39.258962,16.058987],[39.294119,15.928778],[39.313487,15.893948],[39.37322,15.858466],[39.390391,15.83633],[39.437022,15.811957],[39.42335,15.767564],[39.426524,15.755805],[39.443858,15.73314],[39.450857,15.690497],[39.477875,15.661119],[39.460623,15.659613],[39.444591,15.63524],[39.450694,15.619574],[39.464041,15.638332],[39.474946,15.642646],[39.484874,15.633857],[39.482758,15.614936],[39.430186,15.603095],[39.450694,15.565579],[39.45753,15.524604],[39.516856,15.520087],[39.533946,15.539781],[39.551768,15.542304],[39.587169,15.531399],[39.611339,15.499986],[39.663585,15.336168],[39.690766,15.322211],[39.698985,15.288031],[39.718272,15.263902],[39.70338,15.209377],[39.698253,15.123603],[39.715587,15.094062],[39.738129,15.085639],[39.752289,15.092597],[39.762218,15.07392],[39.773692,15.071031],[39.81129,15.078925],[39.826182,15.108222],[39.819672,15.1258],[39.854666,15.173489],[39.856781,15.192939],[39.817719,15.281236],[39.804454,15.28144],[39.789724,15.257473],[39.780935,15.278144],[39.773448,15.39053],[39.775727,15.402737],[39.793793,15.41474],[39.80714,15.458889],[39.828136,15.448879],[39.835623,15.476142],[39.841645,15.476142],[39.841645,15.463121],[39.875255,15.504096],[39.910004,15.457424],[40.005138,15.381008],[40.050792,15.366116],[40.079926,15.340725],[40.081309,15.319159],[40.047211,15.284369],[40.026622,15.237209],[40.052013,15.22956],[40.053966,15.219224],[40.04127,15.21247],[40.041515,15.204983],[40.081309,15.164537],[40.101817,15.113023],[40.101817,15.064643],[40.12794,15.06623],[40.154307,15.037299],[40.149587,15.000067],[40.159434,14.982245],[40.272634,14.937567],[40.286794,14.913479],[40.347179,14.944078],[40.389822,15.003241],[40.3921,14.973578],[40.401378,14.966132],[40.417735,14.969062],[40.422699,14.99901],[40.451427,15.003852],[40.464854,14.997016],[40.463145,14.979682],[40.499034,14.962226],[40.520193,14.982733],[40.512706,15.017483],[40.527029,14.997016],[40.55421,14.99018],[40.561046,14.95539],[40.616384,14.948676],[40.627696,14.891995],[40.656586,14.880316],[40.652029,14.897121],[40.660411,14.902574],[40.694509,14.896226],[40.692719,14.881903],[40.677094,14.887152],[40.670909,14.880316],[40.732432,14.82567],[40.723888,14.757066],[40.766368,14.714586],[40.766449,14.695299],[40.786632,14.706041],[40.808116,14.702826],[40.808116,14.722073],[40.831065,14.712226],[40.884451,14.714545],[40.944672,14.677314],[40.972667,14.669623],[41.040212,14.667426],[41.167491,14.636949],[41.208751,14.568101],[41.28297,14.517564],[41.306814,14.488918],[41.335948,14.402004],[41.376638,14.376288],[41.399669,14.346666],[41.412771,14.306545],[41.50587,14.213446],[41.541759,14.126166],[41.588634,14.096177],[41.620942,14.063625],[41.657237,13.996487],[41.676524,13.940253],[41.753429,13.920722],[41.798106,13.934394],[41.848969,13.876166],[41.904307,13.879788],[41.969737,13.845649],[41.980968,13.837795],[41.993663,13.783596],[42.034923,13.752265],[42.075531,13.69477],[42.086762,13.689521],[42.106619,13.643541],[42.116954,13.640774],[42.139496,13.65119],[42.164561,13.632392],[42.184825,13.585598],[42.215994,13.55386],[42.223888,13.553941],[42.230235,13.560004],[42.198497,13.606024],[42.215587,13.605658],[42.219737,13.632554],[42.18922,13.652737],[42.159923,13.656562],[42.171641,13.667182],[42.184825,13.667467],[42.219005,13.640204],[42.25587,13.591986],[42.288422,13.574612],[42.294688,13.509223],[42.305919,13.476142],[42.335216,13.443508],[42.34254,13.418118],[42.358084,13.302476],[42.372325,13.278632],[42.379405,13.222642],[42.431326,13.198391],[42.476817,13.194525],[42.507498,13.206977],[42.520681,13.2355],[42.533946,13.232571],[42.541759,13.208197],[42.559906,13.194322],[42.570079,13.170966],[42.620453,13.12934],[42.655447,13.072333],[42.7046,13.054023],[42.729747,13.033149],[42.781261,12.851874],[42.795421,12.848375],[42.835785,12.864936],[42.849294,12.837836],[42.868907,12.821357],[42.93214,12.81094],[42.918468,12.790473],[42.927989,12.78974],[42.978038,12.823961],[42.991466,12.859605],[43.000987,12.864936],[42.9935,12.884589],[43.000987,12.900295],[43.043142,12.865627],[43.053233,12.844875],[43.086436,12.820868],[43.097179,12.762519],[43.123871,12.715318],[43.117686,12.707913]]],[[[40.386404,15.641262],[40.406261,15.638129],[40.414236,15.598293],[40.408051,15.580024],[40.393891,15.572333],[40.356619,15.586168],[40.287364,15.572984],[40.208263,15.599677],[40.158702,15.589545],[40.143321,15.592231],[40.122895,15.613878],[40.102224,15.589057],[40.085297,15.587633],[40.001475,15.611274],[39.979015,15.606513],[39.963878,15.626288],[39.937348,15.702094],[39.95574,15.699693],[39.950938,15.688422],[39.965099,15.677924],[39.971446,15.661119],[39.988292,15.6647],[40.026622,15.647447],[40.081309,15.661119],[40.038585,15.71898],[40.0088,15.736558],[39.975108,15.743069],[39.930431,15.739569],[39.923595,15.75731],[39.933767,15.788235],[39.946788,15.789862],[39.990001,15.769924],[39.993907,15.777899],[39.97641,15.811957],[39.994965,15.824693],[40.032156,15.826321],[40.037446,15.838406],[40.019379,15.868109],[40.009369,15.873969],[39.974376,15.871772],[39.95102,15.893866],[40.026215,15.882636],[40.091563,15.84984],[40.105642,15.828681],[40.09018,15.803127],[40.088145,15.792141],[40.095714,15.784613],[40.122813,15.792141],[40.115408,15.809027],[40.136485,15.80622],[40.133067,15.711168],[40.163829,15.644355],[40.232107,15.627021],[40.247406,15.655015],[40.261567,15.663235],[40.227794,15.674018],[40.219168,15.685329],[40.226573,15.696479],[40.266938,15.703518],[40.315115,15.693427],[40.329926,15.664252],[40.386404,15.641262]]],[[[40.095388,16.047349],[40.080577,16.034166],[40.077403,16.019029],[40.114513,15.985907],[40.09669,15.981024],[40.042979,16.003404],[40.000011,16.007758],[39.990001,16.017727],[39.99822,16.049628],[40.047211,16.063463],[40.041352,16.092108],[40.050466,16.107245],[40.111013,16.073961],[40.118826,16.061998],[40.095388,16.047349]]]]}},{"type":"Feature","properties":{"iso3":"CIV","name":"Ivory Coast","continent":"Africa"},"geometry":{"type":"MultiPolygon","coordinates":[[[[-7.989663,10.161991],[-7.838664,10.203719],[-7.777583,10.329862],[-7.670044,10.42877],[-7.556382,10.417272],[-7.515841,10.457812],[-7.471606,10.441095],[-7.445768,10.340378],[-7.372336,10.34477],[-7.346963,10.247903],[-7.106357,10.207259],[-7.015769,10.140881],[-6.95939,10.185503],[-6.997113,10.25276],[-6.973136,10.33229],[-6.782088,10.373037],[-6.677391,10.349034],[-6.647936,10.421871],[-6.695788,10.471197],[-6.667883,10.650901],[-6.537555,10.569692],[-6.42149,10.556592],[-6.399217,10.592481],[-6.433995,10.667929],[-6.409811,10.694387],[-6.25597,10.726478],[-6.249459,10.665603],[-6.207808,10.637543],[-6.261293,10.514088],[-6.196129,10.494684],[-6.180574,10.420218],[-6.240002,10.251933],[-6.105333,10.189276],[-6.015933,10.18987],[-5.974747,10.273638],[-5.916404,10.266635],[-5.893305,10.365027],[-5.806282,10.413474],[-5.594047,10.453937],[-5.505111,10.415567],[-5.402534,10.300561],[-5.152058,10.305625],[-5.119882,10.293983],[-5.111802,10.223718],[-5.084414,10.227439],[-5.037233,10.083753],[-5.015581,10.097111],[-4.956411,10.021999],[-4.981397,10.007737],[-4.967315,9.912368],[-4.936671,9.873998],[-4.798462,9.842527],[-4.799315,9.762532],[-4.730017,9.744238],[-4.686608,9.692407],[-4.592712,9.717832],[-4.552198,9.696464],[-4.517782,9.746615],[-4.50171,9.655019],[-4.409106,9.647733],[-4.371175,9.582956],[-4.349678,9.620034],[-4.322548,9.608898],[-4.253095,9.750052],[-4.150259,9.818291],[-4.053675,9.79762],[-3.910093,9.888493],[-3.755037,9.93588],[-3.389168,9.913246],[-3.277857,9.843457],[-3.202565,9.908234],[-3.200007,9.845369],[-3.136936,9.82953],[-3.094561,9.733851],[-2.989994,9.708427],[-2.810418,9.411106],[-2.763677,9.391883],[-2.689211,9.488724],[-2.672416,9.374028],[-2.713344,9.329923],[-2.661151,9.253907],[-2.755202,9.143138],[-2.774839,9.054978],[-2.660789,9.014903],[-2.617174,8.915013],[-2.506328,8.209267],[-2.617639,8.151493],[-2.610559,8.040001],[-2.690865,8.009745],[-2.771221,7.930732],[-2.790626,7.943289],[-2.797887,7.861278],[-2.941521,7.577161],[-2.990459,7.270668],[-2.972811,7.214961],[-3.040869,7.078329],[-3.095465,7.055178],[-3.224941,6.849402],[-3.243079,6.774756],[-3.212745,6.722666],[-3.262509,6.617142],[-3.183599,6.263908],[-3.139364,6.219286],[-3.022524,5.854502],[-3.029759,5.704252],[-2.964801,5.709782],[-2.974904,5.647279],[-2.945862,5.608289],[-2.893746,5.630355],[-2.785588,5.595034],[-2.732671,5.355721],[-2.789567,5.346858],[-2.766622,5.16103],[-2.946685,5.177069],[-2.943512,5.136786],[-2.977773,5.114976],[-3.14684,5.161322],[-3.205068,5.218655],[-3.125478,5.344631],[-3.16275,5.368842],[-3.24942,5.345364],[-3.282135,5.258734],[-3.240956,5.238511],[-3.320709,5.193508],[-3.275787,5.149115],[-3.312164,5.11994],[-3.710113,5.186103],[-3.721425,5.238511],[-3.748036,5.190131],[-3.827504,5.197577],[-4.001943,5.266506],[-3.896352,5.261542],[-3.899526,5.286933],[-3.77538,5.244778],[-3.782216,5.266506],[-3.739817,5.262397],[-3.715688,5.282294],[-3.758901,5.366197],[-3.804921,5.375963],[-3.743967,5.273993],[-3.844309,5.293158],[-3.906321,5.348375],[-3.912587,5.322211],[-3.997955,5.31684],[-3.940541,5.293158],[-3.971018,5.273017],[-4.125478,5.30744],[-4.255767,5.286933],[-4.274566,5.312405],[-4.543772,5.266506],[-4.563629,5.299994],[-4.612131,5.238511],[-4.693837,5.234605],[-4.667307,5.313625],[-4.749257,5.272691],[-4.722157,5.252265],[-4.808583,5.180487],[-4.55956,5.196967],[-4.530141,5.231676],[-4.199574,5.276842],[-4.060455,5.283352],[-3.995758,5.231676],[-4.784657,5.143948],[-4.969106,5.137397],[-4.99706,5.148749],[-4.99706,5.212795],[-5.098704,5.19477],[-5.310943,5.225491],[-5.323964,5.204413],[-5.297353,5.197577],[-5.352528,5.141832],[-5.392893,5.177069],[-5.398997,5.141995],[-5.269399,5.128648],[-5.338287,5.149115],[-5.286855,5.174058],[-5.197133,5.160142],[-5.180653,5.177069],[-5.228424,5.197577],[-5.181386,5.202338],[-5.120758,5.166978],[-5.033193,5.183295],[-5.014882,5.140082],[-5.495676,5.095282],[-5.550526,5.114976],[-5.630238,5.063218],[-5.851308,5.029975],[-6.610748,4.734768],[-6.903147,4.662014],[-7.058217,4.539008],[-7.232818,4.493313],[-7.43871,4.350979],[-7.573771,4.375393],[-7.572479,4.723356],[-7.606017,4.816193],[-7.605965,4.887997],[-7.553462,4.914249],[-7.578163,5.054731],[-7.488918,5.140669],[-7.468247,5.273452],[-7.430885,5.267535],[-7.388821,5.328384],[-7.450212,5.438713],[-7.419982,5.523127],[-7.393627,5.523979],[-7.405099,5.5724],[-7.384118,5.568964],[-7.449489,5.732364],[-7.446543,5.845949],[-7.478583,5.859876],[-7.494396,5.806184],[-7.674023,5.935737],[-7.70322,5.907883],[-7.786626,5.958165],[-7.805695,6.062034],[-7.861815,6.08149],[-7.844142,6.183965],[-7.91437,6.271737],[-8.033019,6.301761],[-8.170582,6.274011],[-8.342613,6.356952],[-8.411807,6.340028],[-8.418267,6.451209],[-8.467515,6.487073],[-8.515625,6.437593],[-8.568077,6.490406],[-8.61872,6.492835],[-8.337497,6.777262],[-8.284115,7.017867],[-8.425605,7.50192],[-8.485446,7.557989],[-8.414805,7.612921],[-8.228976,7.544295],[-8.096323,7.801902],[-8.128879,7.882569],[-8.067229,8.020752],[-7.962636,8.015171],[-8.015708,8.088474],[-8.002427,8.174308],[-8.182932,8.191672],[-8.265977,8.245984],[-8.235281,8.379515],[-8.254401,8.446514],[-8.200296,8.491834],[-7.95628,8.494366],[-7.898583,8.426283],[-7.865588,8.420882],[-7.823833,8.477856],[-7.77102,8.386518],[-7.662447,8.374865],[-7.703944,8.633479],[-7.803679,8.749054],[-7.958915,8.781997],[-7.96894,8.812848],[-7.931888,8.996455],[-7.746783,9.07645],[-7.847914,9.168563],[-7.929563,9.183885],[-7.865381,9.409918],[-8.054051,9.389092],[-8.157611,9.530866],[-8.123505,9.844852],[-8.171512,9.922832],[-8.136269,9.969444],[-8.15849,9.984921],[-7.989663,10.161991]]],[[[-3.115305,5.107815],[-3.272328,5.132392],[-3.23412,5.163479],[-3.115305,5.107815]]]]}},{"type":"Feature","properties":{"iso3":"MLI","name":"Mali","continent":"Africa"},"geometry":{"type":"Polygon","coordinates":[[[-12.26413,14.774939],[-12.138867,14.784525],[-12.081454,14.740032],[-11.991486,14.76804],[-11.820385,14.89997],[-11.81377,15.028541],[-11.860899,15.049005],[-11.845655,15.179075],[-11.727057,15.541171],[-11.644117,15.526444],[-11.515391,15.630262],[-11.409557,15.602201],[-11.298195,15.451048],[-11.045393,15.270206],[-10.915169,15.102904],[-10.834399,15.271395],[-10.746807,15.341132],[-10.725361,15.433064],[-10.322647,15.437095],[-10.067624,15.364748],[-9.835596,15.371104],[-9.672118,15.430661],[-9.42389,15.440532],[-9.451692,15.588326],[-9.356453,15.697854],[-9.329322,15.655247],[-9.349218,15.495644],[-5.515964,15.494249],[-5.353286,16.311977],[-5.623347,16.527829],[-6.593107,24.994134],[-4.821613,24.995065],[1.146524,21.101711],[1.180114,20.995309],[1.147247,20.751448],[1.296696,20.733464],[1.363978,20.657707],[1.559729,20.597504],[1.643961,20.522676],[1.649232,20.412089],[1.778113,20.304291],[1.855008,20.294835],[1.891388,20.231789],[1.967146,20.253416],[2.056339,20.215046],[2.18243,20.278505],[2.279581,20.21794],[2.415697,20.051284],[2.946001,19.941652],[3.212754,19.807758],[3.199422,19.553769],[3.260813,19.388327],[3.192911,19.325798],[3.10413,19.135526],[3.284895,18.995741],[3.358689,18.976853],[4.22861,19.142244],[4.235638,16.995863],[4.197811,16.965219],[4.184581,16.818509],[4.183961,16.416053],[4.060558,16.298334],[3.971158,16.086099],[3.98325,16.00135],[3.909869,15.904767],[3.873849,15.720882],[3.808377,15.665582],[3.692208,15.63145],[3.526534,15.495954],[3.507103,15.353973],[3.03354,15.42645],[3.005739,15.35232],[2.950651,15.337463],[1.331526,15.283616],[1.270857,15.259897],[0.973718,14.991257],[0.683813,14.940872],[0.514831,14.993556],[0.353187,14.963429],[0.221257,14.995933],[0.218467,14.910977],[-0.236699,15.065619],[-0.425732,15.0026],[-0.458649,15.075463],[-0.719719,15.078461],[-1.07856,14.796359],[-1.350275,14.714969],[-1.69692,14.496119],[-1.997057,14.470694],[-2.035918,14.181229],[-2.151879,14.15614],[-2.46168,14.280912],[-2.597382,14.222311],[-2.867288,14.000542],[-2.928059,13.799624],[-2.895245,13.651648],[-3.05601,13.61085],[-3.125102,13.67728],[-3.195821,13.674903],[-3.267057,13.717045],[-3.286952,13.69777],[-3.259719,13.658315],[-3.283955,13.542198],[-3.248634,13.292781],[-3.448544,13.265781],[-3.449475,13.16881],[-3.596882,13.199402],[-3.798626,13.347145],[-3.971613,13.386755],[-3.918593,13.440318],[-3.981251,13.49897],[-3.990217,13.449129],[-4.104267,13.382698],[-4.16602,13.278157],[-4.253508,13.22909],[-4.24617,13.172479],[-4.310197,13.175553],[-4.351073,13.118322],[-4.229324,12.948952],[-4.211883,12.819193],[-4.257642,12.72093],[-4.36885,12.738991],[-4.485251,12.714677],[-4.491323,12.662794],[-4.387247,12.533965],[-4.451636,12.435314],[-4.406135,12.307467],[-4.47719,12.327311],[-4.585529,12.197241],[-4.560466,12.149492],[-4.761281,12.006607],[-5.103947,11.972759],[-5.268227,11.843051],[-5.405944,11.830442],[-5.28714,11.758922],[-5.307604,11.617638],[-5.233914,11.575987],[-5.219186,11.435143],[-5.263472,11.390184],[-5.26094,11.267737],[-5.322332,11.135549],[-5.507334,11.056949],[-5.501804,10.97021],[-5.479118,10.975533],[-5.43509,10.856909],[-5.482632,10.684233],[-5.460566,10.644571],[-5.48165,10.535327],[-5.5171,10.439984],[-5.677556,10.441508],[-5.87806,10.37606],[-5.904725,10.275291],[-5.963016,10.282733],[-6.015933,10.18987],[-6.105333,10.189276],[-6.240002,10.251933],[-6.180574,10.420218],[-6.196129,10.494684],[-6.261293,10.514088],[-6.204449,10.629611],[-6.246617,10.657619],[-6.25597,10.726478],[-6.409811,10.694387],[-6.435856,10.628706],[-6.402783,10.569123],[-6.445984,10.552251],[-6.52138,10.564214],[-6.669175,10.654157],[-6.697545,10.488301],[-6.653982,10.440036],[-6.66827,10.36584],[-6.700336,10.34167],[-6.782088,10.373037],[-6.96125,10.344874],[-6.997113,10.25276],[-6.95939,10.185503],[-7.015769,10.140881],[-7.089459,10.19757],[-7.346963,10.247903],[-7.371819,10.264517],[-7.366342,10.329448],[-7.444425,10.334202],[-7.471606,10.441095],[-7.515841,10.457812],[-7.574339,10.417531],[-7.664411,10.437142],[-7.777583,10.329862],[-7.829001,10.211652],[-7.970904,10.155066],[-7.9646,10.258936],[-7.996277,10.32826],[-8.115495,10.360247],[-8.135442,10.427323],[-8.228873,10.423422],[-8.295535,10.537446],[-8.311142,10.735289],[-8.341941,10.763246],[-8.305871,10.856289],[-8.326593,11.02385],[-8.369329,11.054236],[-8.489064,11.052737],[-8.55955,10.971605],[-8.696234,10.962743],[-8.615413,11.13405],[-8.502138,11.231176],[-8.492578,11.277788],[-8.406691,11.275282],[-8.371035,11.32055],[-8.42607,11.340472],[-8.397648,11.385895],[-8.51578,11.418968],[-8.543996,11.477647],[-8.656754,11.496431],[-8.712874,11.640066],[-8.847233,11.657946],[-8.797004,11.913227],[-8.819793,12.012653],[-8.922112,12.045364],[-8.913896,12.169853],[-8.994278,12.224836],[-8.975907,12.368704],[-9.147318,12.465493],[-9.327307,12.497533],[-9.398155,12.473245],[-9.392781,12.428028],[-9.314801,12.362657],[-9.331906,12.282766],[-9.360173,12.246644],[-9.421513,12.257082],[-9.66,12.149802],[-9.722994,12.025417],[-9.888772,12.060557],[-10.26694,12.217808],[-10.39458,12.17161],[-10.445688,12.120708],[-10.493489,12.124429],[-10.55948,11.995186],[-10.645159,11.90837],[-10.711357,11.890386],[-10.807785,12.022833],[-10.804943,12.095955],[-10.952117,12.219462],[-11.059811,12.192435],[-11.191173,12.01441],[-11.25551,11.996168],[-11.334678,12.026192],[-11.507794,12.191608],[-11.444594,12.289484],[-11.447229,12.374543],[-11.388422,12.403895],[-11.379792,12.456864],[-11.416999,12.529314],[-11.429814,12.508333],[-11.467797,12.543525],[-11.43984,12.559286],[-11.455756,12.680622],[-11.404028,12.741213],[-11.428626,12.865805],[-11.384443,12.933114],[-11.393434,12.980811],[-11.438703,12.9589],[-11.422993,13.009414],[-11.450278,13.075095],[-11.533064,13.111811],[-11.572338,13.217101],[-11.55854,13.266504],[-11.613111,13.360813],[-11.741217,13.407813],[-11.840022,13.316889],[-11.888804,13.368875],[-11.890406,13.465148],[-12.015153,13.564444],[-12.083883,13.692964],[-11.962908,13.829467],[-11.956811,13.890342],[-12.025334,13.985246],[-11.997583,14.166165],[-12.03448,14.250268],[-12.119591,14.310575],[-12.115612,14.35512],[-12.208837,14.388761],[-12.236432,14.519451],[-12.165015,14.641872],[-12.26413,14.774939]]]}},{"type":"Feature","properties":{"iso3":"SEN","name":"Senegal","continent":"Africa"},"geometry":{"type":"Polygon","coordinates":[[[-12.26413,14.774939],[-12.256508,14.745794],[-12.222815,14.70329],[-12.180311,14.692825],[-12.192197,14.666884],[-12.18982,14.655954],[-12.165015,14.641872],[-12.165945,14.625181],[-12.198398,14.58756],[-12.204186,14.554255],[-12.230386,14.536685],[-12.236432,14.519451],[-12.21987,14.434598],[-12.22173,14.391242],[-12.115612,14.35512],[-12.108688,14.34202],[-12.113029,14.329592],[-12.127808,14.324295],[-12.119591,14.310575],[-12.097784,14.28807],[-12.044299,14.264919],[-11.997583,14.166165],[-12.002751,14.103456],[-12.02523,14.026742],[-12.025334,13.985246],[-12.015308,13.959304],[-11.962908,13.909152],[-11.956811,13.890342],[-11.962908,13.829467],[-11.978825,13.784819],[-12.012311,13.751177],[-12.097629,13.70441],[-12.070395,13.673249],[-12.015153,13.564444],[-11.939034,13.50295],[-11.918157,13.474708],[-11.890406,13.465148],[-11.883482,13.453547],[-11.897589,13.371175],[-11.854595,13.350556],[-11.844569,13.323839],[-11.828136,13.307277],[-11.775116,13.343347],[-11.76659,13.383164],[-11.741217,13.407813],[-11.726902,13.405798],[-11.70401,13.380373],[-11.649801,13.38412],[-11.643962,13.355594],[-11.613111,13.360813],[-11.605824,13.319653],[-11.554251,13.256866],[-11.572338,13.217101],[-11.569341,13.199195],[-11.538542,13.16297],[-11.533064,13.111811],[-11.450278,13.075095],[-11.45896,13.054682],[-11.435654,13.016726],[-11.422993,13.009414],[-11.433432,12.99696],[-11.438703,12.9589],[-11.411521,12.960709],[-11.401806,12.989492],[-11.393434,12.980811],[-11.384443,12.933114],[-11.402891,12.916396],[-11.427231,12.918618],[-11.415138,12.896656],[-11.432502,12.835523],[-11.408472,12.804491],[-11.405423,12.782348],[-11.41457,12.764209],[-11.402168,12.73173],[-11.410332,12.718811],[-11.437359,12.712248],[-11.447953,12.685945],[-11.461905,12.673129],[-11.460975,12.658402],[-11.436842,12.637473],[-11.437359,12.570758],[-11.43984,12.559286],[-11.467797,12.543525],[-11.449451,12.535205],[-11.429814,12.508333],[-11.42475,12.526368],[-11.416999,12.529314],[-11.400514,12.479549],[-11.390437,12.497533],[-11.377776,12.480221],[-11.388422,12.403895],[-11.515391,12.431645],[-11.643083,12.417641],[-11.757805,12.383328],[-11.839609,12.386687],[-11.930869,12.418726],[-11.997583,12.386377],[-12.07918,12.408133],[-12.103985,12.407357],[-12.192042,12.348756],[-12.36092,12.305607],[-12.377121,12.313668],[-12.405517,12.356456],[-12.466754,12.384465],[-12.505072,12.390253],[-12.570649,12.363691],[-12.593671,12.361572],[-12.603412,12.381933],[-12.648009,12.425754],[-12.688058,12.435986],[-12.773272,12.435056],[-12.783479,12.453091],[-12.838617,12.466372],[-12.849133,12.475829],[-12.84965,12.491073],[-12.874042,12.516395],[-12.913135,12.536342],[-12.949489,12.535928],[-12.969514,12.476811],[-12.981038,12.466992],[-13.051989,12.472263],[-13.078267,12.496241],[-13.082711,12.515671],[-13.060413,12.583367],[-13.063642,12.62228],[-13.076458,12.635922],[-13.091703,12.638196],[-13.127308,12.634837],[-13.145317,12.643932],[-13.154696,12.632822],[-13.169217,12.638765],[-13.197872,12.634062],[-13.22154,12.648376],[-13.25469,12.641813],[-13.284146,12.653337],[-13.338613,12.63923],[-13.404758,12.661761],[-13.728279,12.673388],[-15.195114,12.679434],[-15.249736,12.663621],[-15.421731,12.557122],[-15.677049,12.439294],[-15.711517,12.432214],[-15.893883,12.442756],[-15.973258,12.437226],[-16.090512,12.464305],[-16.181876,12.443376],[-16.22239,12.455055],[-16.412301,12.361727],[-16.462686,12.361314],[-16.533327,12.347826],[-16.668874,12.356715],[-16.705616,12.348033],[-16.728437,12.332531],[-16.74413,12.378852],[-16.798736,12.430894],[-16.800771,12.494452],[-16.781361,12.522935],[-16.731679,12.552069],[-16.678822,12.550238],[-16.645375,12.570746],[-16.618031,12.605455],[-16.579742,12.632799],[-16.56135,12.611802],[-16.54719,12.573879],[-16.533315,12.565334],[-16.532704,12.580878],[-16.52245,12.593085],[-16.50475,12.598049],[-16.370961,12.550238],[-16.30956,12.598049],[-16.246693,12.587958],[-16.212229,12.60635],[-16.19286,12.577582],[-16.11498,12.606106],[-16.057607,12.616197],[-16.029775,12.632961],[-15.990346,12.62287],[-15.939605,12.580634],[-15.863881,12.577582],[-15.839996,12.557074],[-15.805531,12.564521],[-15.768788,12.592597],[-15.747874,12.583726],[-15.729604,12.591498],[-15.715932,12.581773],[-15.699452,12.583726],[-15.673085,12.54442],[-15.644765,12.537258],[-15.587717,12.55801],[-15.538686,12.615424],[-15.509836,12.63581],[-15.507069,12.649563],[-15.529856,12.665758],[-15.521311,12.673774],[-15.543446,12.758043],[-15.534901,12.783026],[-15.46642,12.796454],[-15.446156,12.824612],[-15.425608,12.804999],[-15.406809,12.799709],[-15.394032,12.810248],[-15.391591,12.838202],[-15.407053,12.822333],[-15.453033,12.831448],[-15.492787,12.807115],[-15.549469,12.794338],[-15.555409,12.721584],[-15.54247,12.6494],[-15.641021,12.559475],[-15.672109,12.570746],[-15.666412,12.600653],[-15.696767,12.614163],[-15.76769,12.625393],[-15.833485,12.591254],[-15.860463,12.611721],[-15.889556,12.600165],[-15.913319,12.601223],[-15.953277,12.625393],[-15.952707,12.643744],[-15.981191,12.652655],[-16.013173,12.696194],[-16.022125,12.72899],[-16.02831,12.72899],[-16.045155,12.690497],[-16.048899,12.656399],[-16.076812,12.638983],[-16.117747,12.632148],[-16.155019,12.611721],[-16.22761,12.619127],[-16.268625,12.605455],[-16.323842,12.609565],[-16.346791,12.598049],[-16.370961,12.564521],[-16.44518,12.596137],[-16.467193,12.62226],[-16.489573,12.631822],[-16.492828,12.648912],[-16.467193,12.666327],[-16.467193,12.673774],[-16.492299,12.681708],[-16.501332,12.707913],[-16.508168,12.625393],[-16.565663,12.673896],[-16.570221,12.69359],[-16.598785,12.664008],[-16.614613,12.660102],[-16.634674,12.669379],[-16.637929,12.69359],[-16.590728,12.76203],[-16.596913,12.797309],[-16.603749,12.762519],[-16.638417,12.728502],[-16.651031,12.705268],[-16.647206,12.632229],[-16.677317,12.619574],[-16.721059,12.583726],[-16.754628,12.572211],[-16.773101,12.582953],[-16.780873,12.608832],[-16.777089,12.678046],[-16.76122,12.713202],[-16.735463,12.732896],[-16.700551,12.721584],[-16.698964,12.736396],[-16.733957,12.75137],[-16.751536,12.745429],[-16.783559,12.712592],[-16.796213,12.715318],[-16.788238,12.732082],[-16.796213,12.748847],[-16.770131,12.793362],[-16.775054,12.81094],[-16.794057,12.794989],[-16.802968,12.814032],[-16.755238,12.903469],[-16.762074,12.951158],[-16.747792,13.040269],[-16.752125,13.088039],[-16.708407,13.156692],[-16.673525,13.164314],[-15.833318,13.156847],[-15.8266,13.161678],[-15.818694,13.333528],[-15.6925,13.360348],[-15.596123,13.355827],[-15.519539,13.3866],[-15.379237,13.362519],[-15.342392,13.36257],[-15.277073,13.380296],[-15.248341,13.398977],[-15.227774,13.425176],[-15.217955,13.51468],[-15.203951,13.536901],[-15.160491,13.580981],[-15.13765,13.589973],[-15.01559,13.496051],[-14.949703,13.463081],[-14.862576,13.447061],[-14.829142,13.427011],[-14.790333,13.417348],[-14.731577,13.359005],[-14.698142,13.345181],[-14.661607,13.340918],[-14.592154,13.35314],[-14.529574,13.307277],[-14.470326,13.298259],[-14.43144,13.26144],[-14.368834,13.235705],[-14.284911,13.238547],[-14.201687,13.229555],[-14.116808,13.282162],[-14.056579,13.297174],[-13.900568,13.314563],[-13.851036,13.33575],[-13.822562,13.378203],[-13.818713,13.429362],[-13.84269,13.476646],[-13.882504,13.503782],[-13.901343,13.541629],[-13.94209,13.566925],[-13.988495,13.579146],[-14.034022,13.560207],[-14.092882,13.554729],[-14.139132,13.531552],[-14.196829,13.518788],[-14.271217,13.476956],[-14.329947,13.456441],[-14.365553,13.454839],[-14.470275,13.522354],[-14.486863,13.546539],[-14.50973,13.609093],[-14.542596,13.640822],[-14.585539,13.660459],[-14.626674,13.663508],[-14.667188,13.652889],[-14.74093,13.615449],[-14.802942,13.65232],[-14.831312,13.735623],[-14.879268,13.780581],[-14.915803,13.792441],[-15.016779,13.796885],[-15.07631,13.818951],[-15.097704,13.819984],[-15.17062,13.793784],[-15.245964,13.746733],[-15.267255,13.741798],[-15.304462,13.781873],[-15.347766,13.788643],[-15.394069,13.771512],[-15.467501,13.708286],[-15.496801,13.648341],[-15.502486,13.588267],[-15.518195,13.5831],[-16.561399,13.586914],[-16.576405,13.61225],[-16.575754,13.640326],[-16.508168,13.687974],[-16.529286,13.700995],[-16.507232,13.728095],[-16.508901,13.74022],[-16.529286,13.742621],[-16.531484,13.707261],[-16.542104,13.693671],[-16.556549,13.69477],[-16.56371,13.673774],[-16.598866,13.654202],[-16.618031,13.660061],[-16.635569,13.678046],[-16.640004,13.696479],[-16.62975,13.760484],[-16.576405,13.838813],[-16.549143,13.82453],[-16.556549,13.845649],[-16.52184,13.851793],[-16.512929,13.8133],[-16.501576,13.801988],[-16.48705,13.804633],[-16.5006,13.872707],[-16.515696,13.879788],[-16.48705,14.002631],[-16.518056,13.95185],[-16.52595,13.910468],[-16.549428,13.869289],[-16.570221,13.872952],[-16.58023,13.859524],[-16.637929,13.845649],[-16.659006,13.810858],[-16.682525,13.794094],[-16.700063,13.769029],[-16.710194,13.773627],[-16.715321,13.806342],[-16.737213,13.819648],[-16.742421,13.839423],[-16.73412,13.872952],[-16.744456,13.902167],[-16.746816,13.951361],[-16.737213,13.967678],[-16.702504,13.989976],[-16.646311,13.982978],[-16.63679,13.974921],[-16.637929,13.961656],[-16.598988,13.996812],[-16.576405,13.988959],[-16.576772,14.010972],[-16.542348,14.03734],[-16.568349,14.030341],[-16.590728,14.043606],[-16.545522,14.07099],[-16.489125,14.128241],[-16.457021,14.137356],[-16.441477,14.156562],[-16.429351,14.160956],[-16.404693,14.145413],[-16.364735,14.167792],[-16.427724,14.170111],[-16.454742,14.180162],[-16.452952,14.20185],[-16.468739,14.193834],[-16.471506,14.164252],[-16.460357,14.15412],[-16.472768,14.147366],[-16.513173,14.151028],[-16.556549,14.071519],[-16.600331,14.054185],[-16.631703,14.010077],[-16.654164,14.002753],[-16.721059,14.016303],[-16.696848,14.064683],[-16.680002,14.069403],[-16.652252,14.099514],[-16.665639,14.095649],[-16.678578,14.076117],[-16.727895,14.064683],[-16.717112,14.042385],[-16.76887,13.961656],[-16.76887,13.838813],[-16.775054,13.838813],[-16.786,14.059719],[-16.82079,14.143459],[-16.829701,14.15412],[-16.878733,14.174547],[-16.898915,14.259955],[-16.925893,14.291246],[-16.945465,14.301418],[-16.939565,14.355862],[-16.956532,14.390123],[-16.987945,14.421047],[-17.070465,14.465399],[-17.11148,14.530219],[-17.137847,14.599026],[-17.178212,14.653144],[-17.22411,14.690416],[-17.281646,14.707261],[-17.330556,14.736314],[-17.417388,14.737698],[-17.439809,14.722073],[-17.419342,14.70897],[-17.439809,14.688463],[-17.430247,14.678046],[-17.439809,14.653754],[-17.536041,14.757392],[-17.370961,14.800279],[-17.322133,14.839016],[-17.172963,14.900824],[-17.138661,14.92772],[-16.878245,15.2331],[-16.739166,15.472398],[-16.669667,15.561835],[-16.534291,15.784369],[-16.542348,15.808824],[-16.519736,15.846372],[-16.509918,15.901511],[-16.507541,16.010393],[-16.470437,16.106357],[-16.465993,16.174053],[-16.458758,16.194155],[-16.444185,16.206299],[-16.407288,16.214825],[-16.385378,16.234927],[-16.334941,16.455793],[-16.295099,16.510621],[-16.251019,16.527623],[-16.195363,16.522714],[-16.132266,16.554753],[-16.110459,16.54695],[-16.074027,16.504885],[-16.05377,16.495428],[-16.007313,16.496152],[-15.985609,16.505867],[-15.958065,16.498426],[-15.896932,16.518424],[-15.861999,16.51026],[-15.812958,16.513773],[-15.672191,16.481372],[-15.609663,16.521318],[-15.551475,16.515117],[-15.52481,16.522197],[-15.49091,16.56452],[-15.463987,16.58147],[-15.448846,16.580178],[-15.414532,16.548035],[-15.328026,16.571961],[-15.232476,16.56638],[-15.125093,16.58271],[-15.093208,16.600176],[-15.118271,16.642603],[-15.107574,16.665392],[-15.078894,16.664979],[-15.051557,16.63418],[-15.036933,16.632578],[-15.018743,16.646117],[-15.006909,16.675831],[-14.974301,16.691385],[-14.949858,16.672317],[-14.930944,16.643378],[-14.912496,16.640639],[-14.882007,16.647667],[-14.711216,16.635782],[-14.655974,16.64591],[-14.60807,16.628805],[-14.555128,16.640587],[-14.49309,16.632474],[-14.406635,16.660793],[-14.335529,16.631544],[-14.335322,16.586482],[-14.277961,16.581263],[-14.268065,16.54788],[-14.214166,16.534961],[-14.073038,16.400654],[-14.039836,16.382102],[-14.0156,16.35585],[-13.97785,16.33797],[-13.971158,16.324224],[-13.979323,16.30035],[-13.963045,16.272393],[-13.964078,16.23007],[-13.883825,16.193741],[-13.859072,16.142272],[-13.835766,16.120568],[-13.819203,16.119276],[-13.794941,16.131213],[-13.746701,16.182373],[-13.729416,16.189504],[-13.71058,16.188884],[-13.719571,16.135605],[-13.668954,16.105736],[-13.635029,16.121601],[-13.484934,16.154984],[-13.4831,16.141031],[-13.501703,16.095143],[-13.491549,16.088425],[-13.440028,16.101861],[-13.422096,16.077211],[-13.388558,16.052096],[-13.369774,15.985485],[-13.315927,15.93045],[-13.31603,15.881771],[-13.293654,15.855312],[-13.27996,15.82286],[-13.286135,15.769633],[-13.250659,15.742761],[-13.228258,15.71129],[-13.248747,15.65672],[-13.237844,15.62344],[-13.178235,15.628194],[-13.109712,15.596413],[-13.091806,15.575123],[-13.094958,15.514713],[-13.083845,15.49275],[-13.038889,15.486885],[-12.995843,15.514222],[-12.96432,15.509158],[-12.95091,15.465414],[-12.933056,15.438284],[-12.931015,15.397046],[-12.918974,15.365368],[-12.847273,15.313278],[-12.828049,15.283874],[-12.83345,15.269999],[-12.884196,15.270826],[-12.894376,15.263359],[-12.888356,15.250879],[-12.856782,15.221992],[-12.806397,15.223077],[-12.787225,15.214163],[-12.779474,15.199616],[-12.780921,15.149076],[-12.754566,15.13856],[-12.717049,15.10342],[-12.690306,15.092387],[-12.622946,15.102258],[-12.602146,15.078771],[-12.518973,15.028283],[-12.484892,15.017276],[-12.471508,14.998],[-12.447633,14.907437],[-12.382495,14.84602],[-12.319579,14.817185],[-12.26413,14.774939]]]}},{"type":"Feature","properties":{"iso3":"NGA","name":"Nigeria","continent":"Africa"},"geometry":{"type":"MultiPolygon","coordinates":[[[[3.5964,11.695773],[3.66699,11.759697],[3.603945,11.905579],[3.653554,11.986815],[3.623995,12.09425],[3.651487,12.26902],[3.641565,12.517997],[3.929093,12.750386],[4.088773,12.996236],[4.125774,13.472977],[4.248453,13.494139],[4.506732,13.694669],[4.856892,13.774096],[4.925105,13.733091],[5.227618,13.741333],[5.304203,13.773941],[5.374069,13.855254],[5.521761,13.880291],[6.142395,13.640822],[6.210608,13.675265],[6.368944,13.626275],[6.672543,13.321178],[6.837908,13.063493],[6.937127,12.995409],[7.068695,12.996081],[7.198196,13.117392],[7.391982,13.112534],[7.823997,13.345285],[8.105117,13.299654],[8.397813,13.075405],[8.533515,13.06463],[8.679346,12.923579],[8.942792,12.847201],[9.590298,12.80139],[9.891778,13.076231],[9.930122,13.145969],[10.119775,13.250097],[10.674986,13.375102],[11.440004,13.364431],[11.852795,13.245394],[12.057641,13.116772],[12.486659,13.070805],[12.597556,13.276503],[12.630009,13.310377],[12.674347,13.283712],[12.77739,13.386703],[12.791136,13.371846],[12.857075,13.450653],[12.842296,13.489126],[12.939344,13.495069],[13.054893,13.548373],[13.228112,13.548037],[13.259221,13.628963],[13.35892,13.714232],[13.607314,13.7041],[14.064908,13.077988],[14.188932,12.370409],[14.487105,12.337801],[14.610612,12.183547],[14.669936,12.167424],[14.604307,12.03043],[14.623427,11.916535],[14.546533,11.718614],[14.62136,11.629782],[14.605754,11.514725],[14.165471,11.238333],[13.98233,11.276264],[13.75485,11.016719],[13.744411,10.930497],[13.538791,10.62142],[13.434921,10.153412],[13.359784,10.100547],[13.247956,10.079412],[13.230179,10.045331],[13.242271,9.949756],[13.212712,9.870148],[13.262942,9.801728],[13.195453,9.542209],[12.982442,9.474591],[12.848394,9.359947],[12.88157,9.352221],[12.898416,9.262433],[12.822142,9.09681],[12.805709,8.831503],[12.772946,8.759053],[12.720236,8.756469],[12.660395,8.659318],[12.557972,8.605677],[12.368836,8.609579],[12.403873,8.496537],[12.331319,8.424293],[12.271788,8.427781],[12.227036,8.386311],[12.237682,8.21689],[12.182594,8.093486],[12.192103,7.960652],[12.018987,7.718858],[12.021054,7.576231],[11.744585,7.272167],[11.868918,7.127111],[11.872226,7.079362],[11.820343,7.078794],[11.561754,6.876067],[11.538086,6.8239],[11.568885,6.739099],[11.533435,6.645099],[11.41675,6.572003],[11.369828,6.455757],[11.113512,6.434001],[11.036721,6.740546],[10.909391,6.784264],[10.831876,6.94521],[10.620623,7.043757],[10.578661,7.130832],[10.495979,6.874672],[10.210828,6.879168],[10.142926,7.007687],[9.874622,6.787701],[9.788529,6.794754],[9.69398,6.534305],[9.60301,6.515185],[9.548957,6.443174],[9.453149,6.397673],[9.422866,6.339356],[9.341011,6.313983],[9.273315,6.202775],[9.136165,6.092523],[8.986304,5.908814],[8.921708,5.904473],[8.855872,5.847499],[8.866621,5.777452],[8.832411,5.678156],[8.903932,5.595086],[8.844297,5.492353],[8.798925,5.159635],[8.61103,4.896653],[8.612166,4.831877],[8.545258,4.796291],[8.538585,4.724595],[8.469005,4.711656],[8.48227,4.738349],[8.40919,4.749335],[8.421886,4.84748],[8.358409,4.797349],[8.181651,4.991441],[8.332367,4.71776],[8.323497,4.665595],[8.356456,4.625556],[8.29835,4.55329],[8.05128,4.559394],[7.742361,4.526313],[7.703136,4.497545],[7.558442,4.525336],[7.529633,4.638861],[7.551036,4.711005],[7.517426,4.679918],[7.511241,4.579983],[7.454112,4.553168],[7.281016,4.601142],[7.271169,4.560045],[7.32838,4.5362],[7.281016,4.504869],[7.181651,4.65941],[7.136404,4.661811],[7.082693,4.742743],[7.060232,4.73192],[7.088634,4.676459],[7.169688,4.605943],[7.147472,4.560045],[7.178233,4.501451],[7.112804,4.450873],[7.078624,4.504869],[7.078624,4.443427],[7.051443,4.436591],[7.007009,4.563137],[7.037364,4.653754],[6.962657,4.730862],[6.989268,4.607896],[6.900564,4.683661],[6.924571,4.591051],[6.983084,4.57685],[6.975597,4.484442],[7.023692,4.398139],[6.880056,4.38817],[6.818614,4.542711],[6.848399,4.613593],[6.803233,4.649807],[6.770193,4.745063],[6.78533,4.817043],[6.724294,4.830146],[6.767833,4.680365],[6.82545,4.601142],[6.796153,4.559719],[6.845958,4.347235],[6.715587,4.354682],[6.736095,4.607896],[6.697032,4.435981],[6.679861,4.520575],[6.654063,4.511705],[6.687673,4.336575],[6.6185,4.330756],[6.595876,4.482082],[6.550466,4.504869],[6.58839,4.447659],[6.569591,4.334906],[6.434337,4.347235],[6.270518,4.292629],[6.246837,4.320502],[6.33253,4.436591],[6.263031,4.395657],[6.242524,4.498033],[6.194835,4.300035],[6.222667,4.300035],[6.151622,4.278998],[6.084321,4.302314],[6.088715,4.411119],[6.043305,4.416083],[6.061778,4.295233],[6.004893,4.314114],[5.987478,4.398912],[5.9546,4.395657],[5.961436,4.333564],[5.930919,4.34512],[5.867524,4.387274],[5.865896,4.436591],[5.7824,4.455959],[5.566905,4.675238],[5.389334,5.109768],[5.418468,5.141262],[5.462738,5.102281],[5.460216,5.133775],[5.49586,5.14232],[5.461192,5.184149],[5.37615,5.158189],[5.34018,5.34394],[5.435313,5.363349],[5.468028,5.340888],[5.56129,5.388861],[5.533946,5.476386],[5.639903,5.540188],[5.5171,5.498603],[5.498057,5.426418],[5.468598,5.407782],[5.436046,5.434638],[5.433849,5.395575],[5.263194,5.43651],[5.198009,5.501451],[5.214203,5.575141],[5.385997,5.560614],[5.439952,5.627672],[5.509613,5.590644],[5.428477,5.655829],[5.379649,5.597968],[5.32602,5.605414],[5.337576,5.724555],[5.263031,5.610541],[5.179698,5.582587],[5.129161,5.628119],[5.088634,5.708726],[5.102712,5.793199],[5.146495,5.781073],[5.290375,5.910102],[5.055024,5.766588],[4.885916,6.006537],[4.747813,6.138861],[4.405528,6.358873],[3.870291,6.431627],[3.443614,6.410346],[3.399099,6.434027],[3.428477,6.458726],[3.43629,6.4383],[3.541352,6.45482],[3.57016,6.500678],[3.857921,6.6022],[3.773692,6.622382],[3.528331,6.527777],[3.478526,6.541449],[3.480235,6.58808],[3.451915,6.581773],[3.402354,6.552151],[3.384532,6.397691],[2.703841,6.368352],[2.73113,6.641844],[2.778569,6.698765],[2.723585,6.799715],[2.71511,6.979833],[2.779706,7.041328],[2.735264,7.096002],[2.761102,7.14835],[2.741155,7.408179],[2.783323,7.419238],[2.792315,7.477633],[2.720588,7.586566],[2.727203,7.793324],[2.671082,7.897917],[2.734437,8.189966],[2.697127,8.320708],[2.744773,8.498294],[2.722949,8.771218],[2.751077,8.803417],[2.769164,9.057045],[2.971425,9.060508],[3.076019,9.095157],[3.151363,9.288633],[3.132553,9.457279],[3.243554,9.584403],[3.245724,9.633702],[3.33161,9.652022],[3.325926,9.801728],[3.452946,9.853095],[3.513098,9.846609],[3.589476,9.948825],[3.605805,10.054116],[3.667507,10.146565],[3.573352,10.266997],[3.59299,10.330947],[3.652107,10.435798],[3.756907,10.405257],[3.787706,10.426367],[3.837419,10.599897],[3.82295,10.70325],[3.7351,10.795776],[3.754117,10.907139],[3.722077,11.112346],[3.662546,11.143145],[3.468449,11.419485],[3.504933,11.556557],[3.5964,11.695773]]],[[[7.541026,4.484442],[7.574229,4.48786],[7.569998,4.459418],[7.449229,4.436591],[7.336925,4.46015],[7.404552,4.498033],[7.541026,4.484442]]],[[[7.274181,4.491889],[7.319672,4.496527],[7.29835,4.41474],[7.147716,4.385077],[7.229503,4.532782],[7.274181,4.491889]]]]}},{"type":"Feature","properties":{"iso3":"BEN","name":"Benin","continent":"Africa"},"geometry":{"type":"Polygon","coordinates":[[[3.5964,11.695773],[3.574386,11.673035],[3.504933,11.556557],[3.466692,11.442481],[3.468449,11.419485],[3.662546,11.143145],[3.686731,11.120485],[3.713706,11.120304],[3.722077,11.112346],[3.711845,11.051859],[3.733549,10.996462],[3.754117,10.907139],[3.75298,10.877683],[3.730035,10.807714],[3.759491,10.771592],[3.783262,10.71697],[3.82295,10.70325],[3.837109,10.654829],[3.837419,10.599897],[3.795354,10.496492],[3.794321,10.444867],[3.772513,10.407635],[3.756907,10.405257],[3.692828,10.438382],[3.671744,10.442077],[3.652107,10.435798],[3.625959,10.407273],[3.618208,10.369342],[3.572422,10.285704],[3.573352,10.266997],[3.587615,10.244182],[3.655621,10.174781],[3.667507,10.146565],[3.654898,10.101116],[3.612317,10.070291],[3.605805,10.054116],[3.599604,9.968695],[3.589476,9.948825],[3.513098,9.846609],[3.452946,9.853095],[3.413982,9.842837],[3.325926,9.801728],[3.314867,9.759095],[3.338638,9.678222],[3.33161,9.652022],[3.299054,9.633961],[3.245724,9.633702],[3.238179,9.609053],[3.243554,9.584403],[3.182575,9.505338],[3.151776,9.488156],[3.132553,9.457279],[3.128625,9.429581],[3.151466,9.353565],[3.151363,9.288633],[3.076019,9.095157],[3.051421,9.078207],[2.983104,9.060611],[2.929878,9.078362],[2.888433,9.075364],[2.859701,9.052627],[2.846265,9.050767],[2.769164,9.057045],[2.770197,8.967154],[2.76472,8.939766],[2.75025,8.916873],[2.749527,8.906615],[2.762549,8.895686],[2.745909,8.836516],[2.751077,8.803417],[2.723172,8.782928],[2.744773,8.498294],[2.736918,8.464523],[2.703741,8.417885],[2.697127,8.320708],[2.734954,8.211903],[2.734437,8.189966],[2.708392,8.13798],[2.687102,7.933522],[2.671082,7.897917],[2.691546,7.848669],[2.715524,7.822056],[2.727203,7.793324],[2.715317,7.625789],[2.720588,7.586566],[2.792315,7.477633],[2.786527,7.421254],[2.751284,7.423631],[2.741155,7.408179],[2.762136,7.1622],[2.735264,7.096002],[2.747666,7.072231],[2.779706,7.041328],[2.775778,7.030528],[2.741052,7.0158],[2.71511,6.979833],[2.736918,6.863303],[2.723585,6.799715],[2.736298,6.769846],[2.773298,6.755041],[2.778569,6.698765],[2.73113,6.641844],[2.737331,6.558025],[2.71542,6.494488],[2.704258,6.429299],[2.703841,6.368352],[2.306977,6.331488],[2.226817,6.313666],[1.884532,6.274807],[1.61964,6.213894],[1.612439,6.234763],[1.633109,6.245692],[1.782351,6.277267],[1.74411,6.425733],[1.718375,6.466997],[1.681685,6.489838],[1.680755,6.530068],[1.657811,6.552263],[1.653883,6.570659],[1.627425,6.573347],[1.597349,6.600813],[1.596316,6.636418],[1.566033,6.678146],[1.60107,6.746437],[1.58319,6.808268],[1.590114,6.867334],[1.588047,6.881235],[1.551357,6.920871],[1.531927,6.991926],[1.625668,6.996783],[1.625564,8.270478],[1.614919,8.356261],[1.60107,8.371635],[1.607581,8.421864],[1.644168,8.493488],[1.614092,8.535785],[1.607581,8.558755],[1.601173,9.049526],[1.587841,9.100893],[1.567273,9.13673],[1.425267,9.284499],[1.401185,9.321267],[1.386716,9.361135],[1.379895,9.462473],[1.368422,9.490843],[1.351266,9.482549],[1.326358,9.521952],[1.323154,9.542313],[1.351266,9.595074],[1.35602,9.647474],[1.348165,9.694164],[1.343825,9.962442],[1.331009,9.996471],[0.768769,10.367094],[0.759881,10.405154],[0.78851,10.563852],[0.781275,10.693044],[0.795641,10.726478],[0.862924,10.796086],[0.869538,10.839908],[0.885144,10.869389],[0.872949,10.911299],[0.875843,10.931169],[0.901474,10.992741],[0.931963,10.976101],[0.963279,10.974137],[0.969067,11.002895],[0.955321,11.01199],[0.952427,11.042402],[0.976922,11.078369],[1.007928,11.075062],[1.041311,11.049585],[1.052163,11.055011],[1.097018,11.049275],[1.114174,11.027674],[1.118619,11.048241],[1.100945,11.070411],[1.097018,11.104491],[1.085649,11.108729],[1.083892,11.12772],[1.07335,11.133947],[1.067046,11.12834],[1.062291,11.14206],[1.100429,11.15162],[1.117482,11.178983],[1.158409,11.165935],[1.149314,11.217249],[1.130608,11.247583],[1.135568,11.260115],[1.156342,11.28554],[1.172155,11.261484],[1.218974,11.268047],[1.268377,11.247893],[1.28264,11.278873],[1.268377,11.30621],[1.273338,11.318225],[1.302483,11.288847],[1.316333,11.29988],[1.330389,11.288847],[1.347855,11.303497],[1.330389,11.347164],[1.33907,11.366103],[1.398085,11.398685],[1.389817,11.428399],[1.411107,11.449845],[1.433845,11.459405],[1.439633,11.473771],[1.475289,11.460774],[1.56934,11.453307],[1.563243,11.426022],[1.580606,11.427056],[1.601587,11.388686],[1.719099,11.427779],[1.782247,11.426022],[1.840642,11.445478],[1.879812,11.444858],[1.948025,11.41672],[1.983372,11.414007],[2.010761,11.426901],[2.14698,11.56374],[2.22005,11.622548],[2.273587,11.652055],[2.291054,11.674792],[2.290847,11.703214],[2.301596,11.731533],[2.354099,11.799849],[2.390169,11.896536],[2.376526,11.924079],[2.380867,11.947902],[2.407429,11.95121],[2.428926,11.980355],[2.456728,11.979063],[2.455281,12.008674],[2.428616,12.020353],[2.405568,12.046708],[2.371875,12.140449],[2.36123,12.218894],[2.370015,12.236257],[2.3942,12.247212],[2.443706,12.249228],[2.459519,12.266746],[2.477709,12.257599],[2.495072,12.283231],[2.516259,12.281422],[2.523701,12.269175],[2.586126,12.294031],[2.598632,12.288347],[2.628604,12.300801],[2.663847,12.291551],[2.700434,12.347103],[2.732267,12.346793],[2.768544,12.380072],[2.832416,12.384051],[2.844301,12.399244],[2.912618,12.346328],[2.944967,12.292481],[3.009356,12.276306],[3.063409,12.193779],[3.252028,12.024125],[3.269908,11.956532],[3.307012,11.902375],[3.341635,11.882893],[3.369127,11.897311],[3.380909,11.895037],[3.495424,11.837521],[3.553715,11.76967],[3.571699,11.72187],[3.5964,11.695773]]]}},{"type":"Feature","properties":{"iso3":"AGO","name":"Angola","continent":"Africa"},"geometry":{"type":"MultiPolygon","coordinates":[[[[13.073703,-4.635323],[13.065331,-4.663952],[12.802918,-4.739813],[12.678895,-4.924298],[12.61585,-4.93546],[12.550427,-5.024188],[12.444387,-5.055091],[12.44077,-5.08403],[12.530687,-5.162681],[12.508983,-5.726264],[12.344445,-5.724611],[12.210541,-5.763442],[12.147227,-5.617934],[12.232188,-5.479587],[12.124612,-5.184828],[12.023123,-5.045994],[12.100527,-5.080022],[12.132476,-5.005899],[12.103738,-5.048836],[12.009608,-5.019631],[12.130815,-4.912929],[12.187555,-4.768028],[12.235201,-4.803995],[12.307651,-4.783635],[12.374107,-4.683176],[12.377621,-4.619407],[12.608098,-4.565043],[12.761681,-4.391204],[12.854285,-4.403089],[13.073703,-4.635323]]],[[[23.967457,-10.872307],[24.000013,-10.967805],[24.011175,-11.272903],[24.061094,-11.394962],[23.954641,-11.636911],[23.990194,-11.824083],[23.954331,-12.151919],[24.030812,-12.385083],[23.928699,-12.561609],[23.865654,-12.789709],[24.000633,-13.001479],[21.979878,-13.001479],[21.983805,-16.165886],[22.045197,-16.252289],[22.019875,-16.253115],[22.054188,-16.358639],[22.103591,-16.391918],[22.079923,-16.457754],[22.15165,-16.597694],[22.237743,-16.665493],[22.333654,-16.673658],[22.573433,-16.971004],[22.710479,-17.055444],[22.778278,-17.180397],[22.984157,-17.285817],[23.097639,-17.432165],[23.165748,-17.467408],[23.177531,-17.524046],[23.320158,-17.54637],[23.382273,-17.601043],[23.375968,-17.628225],[21.405546,-18.009287],[21.23274,-17.93446],[21.143133,-17.933736],[20.806202,-18.031405],[20.754423,-17.997918],[20.565494,-17.985206],[20.347729,-17.858909],[20.03426,-17.895909],[19.951991,-17.862319],[19.793964,-17.862319],[19.755207,-17.889088],[19.672628,-17.842682],[19.421274,-17.859426],[19.17209,-17.801238],[19.020575,-17.822322],[18.89004,-17.799274],[18.761986,-17.747701],[18.455028,-17.395991],[18.392293,-17.389273],[14.218801,-17.388136],[14.174979,-17.416248],[13.957318,-17.419142],[13.896857,-17.349069],[13.521324,-17.1219],[13.479776,-17.010278],[13.382004,-16.970384],[13.267489,-16.98537],[13.166307,-16.951057],[12.887151,-17.029812],[12.818318,-17.104846],[12.56717,-17.234554],[12.417929,-17.203445],[12.242642,-17.224839],[12.16151,-17.146291],[12.082239,-17.14133],[11.942092,-17.180501],[11.82241,-17.264423],[11.752778,-17.229181],[11.768141,-16.768251],[11.80371,-16.824033],[11.821951,-16.479099],[11.779145,-16.099867],[11.806977,-16.018813],[11.735525,-15.85711],[11.751801,-15.799086],[11.804942,-15.76922],[11.844249,-15.793552],[11.930512,-15.652439],[11.992035,-15.617283],[12.040375,-15.463311],[12.056407,-15.233087],[12.104991,-15.172784],[12.145274,-15.168634],[12.115001,-15.093927],[12.207774,-14.833266],[12.272716,-14.750584],[12.331309,-14.433526],[12.345388,-14.302992],[12.315196,-14.187921],[12.353038,-14.160903],[12.349783,-14.045505],[12.415538,-13.878595],[12.502452,-13.855239],[12.51531,-13.425958],[12.624197,-13.349216],[12.656505,-13.255629],[12.749766,-13.201349],[12.944835,-12.982354],[12.939464,-12.816664],[13.161632,-12.611261],[13.392914,-12.570408],[13.459727,-12.507257],[13.505626,-12.371352],[13.630219,-12.263442],[13.792247,-11.790948],[13.781912,-11.481052],[13.846528,-11.113702],[13.843435,-10.945733],[13.731456,-10.764255],[13.764985,-10.662042],[13.527599,-10.406508],[13.508962,-10.277032],[13.317393,-9.976332],[13.327159,-9.886],[13.191173,-9.690037],[13.223888,-9.61419],[13.143403,-9.330255],[12.996349,-9.093845],[12.992361,-9.038018],[13.086436,-8.892348],[13.136567,-8.871026],[13.042817,-8.962498],[13.000173,-9.072035],[13.023448,-9.074965],[13.086925,-8.959731],[13.137462,-8.940851],[13.224132,-8.773858],[13.241547,-8.760675],[13.198009,-8.823175],[13.2942,-8.754815],[13.380138,-8.75506],[13.406098,-8.63714],[13.342052,-8.467462],[13.382579,-8.444024],[13.378917,-8.347101],[13.198009,-8.02158],[12.911473,-7.335111],[12.849963,-7.265919],[12.832774,-6.915785],[12.779633,-6.914727],[12.550632,-6.632639],[12.279447,-6.147705],[12.290294,-6.096612],[12.333648,-6.078436],[12.324781,-6.122353],[12.346873,-6.120113],[12.632823,-6.034356],[12.817431,-6.03175],[12.927569,-5.981218],[12.98588,-5.90114],[13.169688,-5.861749],[13.342524,-5.890595],[13.41332,-5.857006],[13.943572,-5.841606],[14.576609,-5.904651],[16.315727,-5.854629],[16.396136,-5.894109],[16.515095,-5.887081],[16.597364,-5.924702],[16.601188,-6.050586],[16.62837,-6.05534],[16.61111,-6.089756],[16.717873,-6.174092],[16.706091,-6.465031],[16.746812,-6.53159],[16.768103,-6.708323],[16.84448,-6.838445],[16.914967,-6.864076],[16.928713,-6.968669],[16.964576,-6.997195],[16.961166,-7.069231],[16.929126,-7.060653],[16.945663,-7.204624],[16.991655,-7.286066],[17.082502,-7.34229],[17.118159,-7.425489],[17.167458,-7.423525],[17.146167,-7.463109],[17.217791,-7.585996],[17.286417,-7.625167],[17.310602,-7.740818],[17.452402,-7.883962],[17.437829,-7.922409],[17.528366,-8.007779],[17.544283,-8.084777],[17.600197,-8.098523],[17.901367,-8.048086],[17.981879,-8.105344],[18.098151,-8.109271],[18.120372,-8.022455],[18.507635,-7.997547],[18.516523,-7.932228],[18.738525,-7.932331],[18.773768,-8.001991],[19.355542,-8.001991],[19.330944,-7.898638],[19.38138,-7.703921],[19.355645,-7.57411],[19.458274,-7.560261],[19.513155,-7.479439],[19.476361,-7.315935],[19.487213,-7.153877],[19.540233,-7.041636],[19.521836,-7.001949],[20.294296,-7.001949],[20.331089,-6.916786],[20.611486,-6.915959],[20.524463,-7.143129],[20.520535,-7.286376],[21.784954,-7.283379],[21.860918,-7.469827],[21.753948,-7.99734],[21.851203,-8.143481],[21.943911,-8.455917],[21.859885,-8.846384],[21.851617,-9.233751],[21.793326,-9.393534],[21.878902,-9.657084],[22.055842,-9.875365],[22.159918,-9.931486],[22.20281,-10.130647],[22.31009,-10.356989],[22.271849,-10.481736],[22.305956,-10.550673],[22.322389,-10.742186],[22.165499,-10.85236],[22.243841,-11.078289],[22.23764,-11.249545],[22.440315,-11.146915],[22.500983,-11.042426],[22.727739,-11.096789],[22.853106,-11.053071],[23.014336,-11.102474],[23.196754,-11.071881],[23.455963,-10.960984],[23.833718,-11.028473],[23.967457,-10.872307]]],[[[11.725759,-16.618422],[11.737519,-16.692578],[11.669394,-16.55721],[11.701977,-16.500393],[11.725759,-16.618422]]]]}},{"type":"Feature","properties":{"iso3":"BWA","name":"Botswana","continent":"Africa"},"geometry":{"type":"Polygon","coordinates":[[[25.259781,-17.794107],[25.21937,-17.879786],[25.255026,-18.001122],[25.387525,-18.138995],[25.508499,-18.399134],[25.761921,-18.630335],[25.815251,-18.813993],[25.940721,-18.921273],[25.967449,-18.999925],[25.948576,-19.103277],[26.155488,-19.537153],[26.313205,-19.584178],[26.312481,-19.649601],[26.549263,-19.784063],[26.581922,-19.842147],[26.713904,-19.927413],[27.02665,-20.010095],[27.109642,-20.073244],[27.201781,-20.092984],[27.266015,-20.234164],[27.268392,-20.49575],[27.590853,-20.473323],[27.698133,-20.509083],[27.682475,-20.637344],[27.709605,-20.756716],[27.674775,-20.879913],[27.674775,-21.090133],[27.884995,-21.310171],[27.950211,-21.438329],[27.953208,-21.510469],[28.002559,-21.564212],[28.321919,-21.603486],[28.464598,-21.660331],[28.6157,-21.647101],[28.860853,-21.757379],[29.038723,-21.797893],[29.013815,-21.940417],[29.040532,-22.020929],[29.10797,-22.069194],[29.239331,-22.072605],[29.350074,-22.186707],[29.047818,-22.220296],[28.960227,-22.310213],[28.967926,-22.38039],[28.912529,-22.453667],[28.84659,-22.449946],[28.831191,-22.482296],[28.623865,-22.562808],[28.301817,-22.603839],[28.196191,-22.671638],[28.154953,-22.771994],[28.047156,-22.8369],[28.037441,-22.911417],[27.937498,-22.963817],[27.930057,-23.057041],[27.78495,-23.127011],[27.739164,-23.227573],[27.698443,-23.193467],[27.608009,-23.216721],[27.548892,-23.360795],[27.425178,-23.412678],[27.349989,-23.391491],[27.202505,-23.492053],[27.205657,-23.523059],[27.137651,-23.523369],[27.13672,-23.570188],[27.063133,-23.624242],[27.070058,-23.656074],[27.00417,-23.645842],[26.96717,-23.718706],[26.839168,-24.265598],[26.692923,-24.326576],[26.531176,-24.458661],[26.404362,-24.632811],[26.278788,-24.62847],[25.881707,-24.742158],[25.835198,-25.016353],[25.587254,-25.61952],[25.458425,-25.711194],[25.177822,-25.763284],[25.013284,-25.743027],[24.828903,-25.826019],[24.664985,-25.823332],[24.456729,-25.743027],[24.338907,-25.751812],[24.183464,-25.625928],[24.005697,-25.65466],[23.988024,-25.61952],[23.924772,-25.629236],[23.752069,-25.477617],[23.444904,-25.278146],[23.216081,-25.26719],[23.071697,-25.325998],[23.030666,-25.299437],[22.851349,-25.471312],[22.810214,-25.677398],[22.740451,-25.77703],[22.764119,-25.820335],[22.719471,-25.874285],[22.710479,-25.996862],[22.672238,-26.012881],[22.545114,-26.207391],[22.450857,-26.210079],[22.342853,-26.317359],[22.257277,-26.340923],[22.057702,-26.617599],[21.780613,-26.678164],[21.76232,-26.804461],[21.664548,-26.863062],[21.42663,-26.822651],[21.122462,-26.865336],[20.907695,-26.800017],[20.693548,-26.889004],[20.61469,-26.753198],[20.632363,-26.595275],[20.605284,-26.493265],[20.837932,-26.146827],[20.803929,-26.071276],[20.79411,-25.893922],[20.767135,-25.834391],[20.726517,-25.827363],[20.716699,-25.732588],[20.643318,-25.613216],[20.663369,-25.564743],[20.618514,-25.528466],[20.656547,-25.467798],[20.606628,-25.462011],[20.535831,-25.371163],[20.375531,-25.046119],[20.107847,-24.880341],[19.981447,-24.752493],[19.978346,-22.000671],[20.97198,-22.000671],[20.984796,-21.963981],[20.975081,-18.319346],[21.475722,-18.299502],[22.981367,-18.020036],[23.292769,-17.998952],[23.394468,-18.186227],[23.501542,-18.23749],[23.560763,-18.348491],[23.57916,-18.467864],[23.609856,-18.477682],[23.837232,-18.305807],[23.915987,-18.201213],[24.218294,-18.012595],[24.287437,-18.02448],[24.350586,-17.95606],[24.421589,-17.956474],[24.505615,-18.060344],[24.564423,-18.052799],[24.820841,-17.839272],[24.948585,-17.79328],[25.057002,-17.827696],[25.153947,-17.781808],[25.259781,-17.794107]]]}},{"type":"Feature","properties":{"iso3":"ZWE","name":"Zimbabwe","continent":"Africa"},"geometry":{"type":"Polygon","coordinates":[[[25.259781,-17.794107],[25.335538,-17.841235],[25.516458,-17.862319],[25.681409,-17.81147],[25.849667,-17.906658],[25.86362,-17.971563],[25.924495,-17.998952],[26.095234,-17.958541],[26.203031,-17.887227],[26.408599,-17.939007],[26.685689,-18.066751],[27.006289,-17.962675],[27.149019,-17.842476],[27.157081,-17.769302],[27.577314,-17.363125],[27.641186,-17.198484],[27.816886,-16.959636],[28.113922,-16.827551],[28.280113,-16.706524],[28.741377,-16.550668],[28.808866,-16.486279],[28.857236,-16.388198],[28.860336,-16.049407],[28.932373,-15.963727],[29.042341,-15.946261],[29.186311,-15.812832],[29.587217,-15.655736],[29.672793,-15.663281],[29.837331,-15.614808],[30.010654,-15.646227],[30.396263,-15.635995],[30.402568,-16.001244],[30.857424,-15.998144],[30.989767,-16.06429],[31.1141,-15.996904],[31.259983,-16.023465],[31.404574,-16.162268],[31.710705,-16.217872],[31.86005,-16.340759],[31.910279,-16.428919],[32.290463,-16.45176],[32.671783,-16.599761],[32.725217,-16.706421],[32.893372,-16.712415],[32.968509,-16.681616],[32.916213,-16.847911],[32.828776,-16.935141],[33.022459,-17.361471],[32.942981,-17.491593],[32.947218,-17.543166],[33.024526,-17.619233],[32.999102,-17.794313],[32.946082,-17.834724],[32.927375,-17.972907],[32.975537,-18.183333],[32.95497,-18.256301],[33.042768,-18.352005],[32.988198,-18.41319],[32.996414,-18.46714],[32.870737,-18.535767],[32.92231,-18.693173],[32.902518,-18.774512],[32.69142,-18.83425],[32.71576,-18.919826],[32.681085,-18.954966],[32.698965,-19.022249],[32.814203,-19.023799],[32.855906,-19.083744],[32.832187,-19.266678],[32.768831,-19.363623],[32.763354,-19.463979],[32.832187,-19.500876],[32.819629,-19.674302],[32.872184,-19.690218],[32.960964,-19.658799],[32.954143,-19.717813],[33.022769,-19.773107],[33.004373,-20.024255],[32.95373,-20.030249],[32.88531,-20.10301],[32.845209,-20.286668],[32.671783,-20.531821],[32.646462,-20.557969],[32.513136,-20.564583],[32.481614,-20.603031],[32.491019,-20.936344],[32.339814,-21.134058],[32.444613,-21.304693],[32.408543,-21.290327],[31.433822,-22.302048],[31.288922,-22.39734],[31.163348,-22.322616],[31.07033,-22.333674],[30.83789,-22.282308],[30.647411,-22.32644],[30.507367,-22.309593],[30.334975,-22.344733],[29.758886,-22.130896],[29.356947,-22.190944],[29.244395,-22.075706],[29.10797,-22.069194],[29.040532,-22.020929],[29.013815,-21.940417],[29.057637,-21.829209],[29.038723,-21.797893],[28.860853,-21.757379],[28.629704,-21.651339],[28.464598,-21.660331],[28.321919,-21.603486],[28.002559,-21.564212],[27.884995,-21.310171],[27.666611,-21.071219],[27.709605,-20.756716],[27.683767,-20.49606],[27.340739,-20.473013],[27.268392,-20.49575],[27.266015,-20.234164],[27.201781,-20.092984],[27.097343,-20.068903],[27.02665,-20.010095],[26.730957,-19.935888],[26.595565,-19.855583],[26.549263,-19.784063],[26.312171,-19.651358],[26.333462,-19.613014],[26.30349,-19.577254],[26.155488,-19.537153],[25.948576,-19.103277],[25.9678,-19.000958],[25.940721,-18.921273],[25.815251,-18.813993],[25.761921,-18.630335],[25.508499,-18.399134],[25.387525,-18.138995],[25.255026,-18.001122],[25.21937,-17.879786],[25.259781,-17.794107]]]}},{"type":"Feature","properties":{"iso3":"TCD","name":"Chad","continent":"Africa"},"geometry":{"type":"Polygon","coordinates":[[[14.064908,13.077988],[13.607314,13.7041],[13.449494,14.439042],[13.482257,14.483587],[13.657853,14.548725],[13.646278,14.639056],[13.764358,14.719077],[13.75516,14.847209],[13.833915,15.019601],[14.368973,15.749634],[15.465547,16.89468],[15.736021,19.903541],[15.968151,20.352816],[15.570243,20.751913],[15.544301,20.890302],[15.60931,20.95066],[15.301009,21.40133],[15.18453,21.491196],[15.16448,22.033695],[14.979909,22.995664],[15.985101,23.44472],[23.981306,19.496124],[23.984406,15.72116],[23.945546,15.692222],[23.592699,15.749014],[23.320571,15.681318],[23.094642,15.704262],[22.906746,15.541404],[22.906849,15.481408],[22.976406,15.373636],[22.958009,15.201631],[22.658906,14.857415],[22.676579,14.688975],[22.465429,14.629289],[22.363523,14.543532],[22.417164,14.484104],[22.45096,14.345792],[22.418094,14.30595],[22.429049,14.264608],[22.531885,14.220632],[22.546355,14.139707],[22.214695,13.956617],[22.074962,13.780323],[22.132116,13.638652],[22.195885,13.580464],[22.267612,13.334562],[22.139971,13.193511],[21.964065,13.098349],[21.811826,12.799969],[21.880142,12.676282],[21.935953,12.63954],[22.105865,12.650392],[22.204877,12.743358],[22.43246,12.62383],[22.372825,12.463116],[22.481449,12.176674],[22.458091,12.03043],[22.607333,12.077714],[22.613534,12.05725],[22.541704,11.632986],[22.592347,11.543663],[22.743035,11.466097],[22.771871,11.403181],[22.900442,11.408245],[22.953668,11.250942],[22.925143,11.097954],[22.861064,10.919154],[22.460468,11.000828],[22.24012,10.905899],[22.176351,10.816214],[22.048607,10.836988],[22.014604,10.754564],[21.722632,10.636716],[21.705476,10.53202],[21.742786,10.425773],[21.708886,10.293533],[21.65628,10.233666],[21.513239,10.200515],[21.374333,9.973113],[21.256924,9.975749],[21.131971,9.849426],[21.105202,9.77403],[21.017352,9.743592],[20.983143,9.603678],[20.841446,9.484409],[20.82615,9.418083],[20.654894,9.342971],[20.667916,9.302017],[20.550921,9.320259],[20.435166,9.138126],[20.256985,9.116421],[20.117149,9.145748],[19.902175,9.0518],[19.352234,9.002061],[19.253429,9.027951],[19.021919,8.985215],[18.86968,8.864111],[19.124135,8.675079],[18.813042,8.276421],[18.638583,8.177642],[18.589283,8.047882],[18.070452,8.019202],[17.858785,7.960445],[17.639884,7.985043],[17.478344,7.891819],[17.419122,7.898227],[17.250864,7.822831],[17.116298,7.68687],[17.059351,7.696534],[16.880654,7.632869],[16.853886,7.567498],[16.782365,7.541143],[16.709812,7.627753],[16.624546,7.66868],[16.613073,7.74821],[16.54486,7.813013],[16.548685,7.870012],[16.392208,7.783609],[16.370814,7.672504],[16.042979,7.583931],[15.94314,7.495306],[15.758345,7.455567],[15.668532,7.516287],[15.481049,7.523263],[15.548952,7.630801],[15.562905,7.792445],[15.440742,7.839419],[15.345347,8.13599],[15.183703,8.479148],[15.051928,8.643789],[14.951469,8.68283],[14.908268,8.764841],[14.809876,8.808611],[14.349542,9.168356],[14.321327,9.243158],[13.947603,9.637759],[14.196341,9.979147],[14.440493,9.995308],[14.772566,9.921747],[14.898139,9.960478],[15.033015,9.942857],[15.155488,9.986523],[15.439398,9.931695],[15.663777,9.98611],[15.301422,10.311749],[15.227215,10.470137],[15.131717,10.540701],[15.142259,10.647207],[15.065881,10.793115],[15.079007,10.898147],[15.035185,10.994627],[15.021233,11.182549],[15.06061,11.416126],[15.135644,11.530822],[15.066501,11.680632],[15.105362,11.772719],[15.042006,11.902375],[15.048311,11.962785],[15.081177,11.971673],[15.030431,12.100916],[14.976791,12.094147],[14.9031,12.145875],[14.906304,12.317957],[14.85101,12.455158],[14.830753,12.618249],[14.734118,12.680416],[14.713654,12.65251],[14.694017,12.723721],[14.55108,12.771573],[14.490619,12.886346],[14.496303,12.983808],[14.418169,13.081141],[14.064908,13.077988]]]}},{"type":"Feature","properties":{"iso3":"DZA","name":"Algeria","continent":"Africa"},"geometry":{"type":"Polygon","coordinates":[[[-4.821613,24.995065],[-8.682385,27.285416],[-8.682385,28.6659],[-7.653611,29.376193],[-7.34961,29.383439],[-7.146934,29.509238],[-6.783515,29.446339],[-6.27333,29.579127],[-5.756156,29.614071],[-5.721212,29.523216],[-5.539503,29.523216],[-5.176083,29.97749],[-4.372368,30.508641],[-3.645529,30.711317],[-3.659507,30.837116],[-3.554674,30.955927],[-3.717107,31.163267],[-3.842836,31.170192],[-3.81922,31.318865],[-3.673484,31.389234],[-3.659507,31.647821],[-2.827836,31.794586],[-2.938731,32.048639],[-2.881189,32.076286],[-1.190594,32.125224],[-1.288986,32.150907],[-1.257515,32.320845],[-1.031999,32.4944],[-1.390531,32.718779],[-1.558789,32.93365],[-1.516363,33.073977],[-1.674234,33.237972],[-1.612739,33.521469],[-1.732577,33.727865],[-1.672115,34.059188],[-1.809626,34.372451],[-1.702966,34.479679],[-1.871121,34.596649],[-1.786114,34.72584],[-2.193789,35.003601],[-2.200103,35.096137],[-1.774241,35.127346],[-1.395904,35.309394],[-1.190338,35.566148],[-0.825022,35.768541],[-0.644521,35.719306],[-0.376129,35.900336],[-0.038482,35.8133],[0.360037,36.213853],[1.34669,36.544989],[2.600759,36.59634],[2.933116,36.80858],[3.173269,36.742621],[3.460704,36.775092],[3.827485,36.912909],[4.769054,36.898017],[5.304373,36.643012],[5.733735,36.832343],[6.197032,36.90233],[6.462413,37.09394],[6.909434,36.893052],[7.133311,36.915269],[7.257335,37.004136],[7.211111,37.057034],[7.383474,37.082994],[7.760753,36.966864],[7.866466,36.854397],[8.233165,36.958075],[8.601899,36.939358],[8.642552,36.848501],[8.413109,36.783906],[8.430369,36.662621],[8.169919,36.525834],[8.349237,36.448784],[8.358125,36.369926],[8.24144,35.827737],[8.337041,35.537935],[8.287948,35.366059],[8.396882,35.263688],[8.25901,34.940659],[8.236479,34.647654],[7.87061,34.437899],[7.774285,34.260959],[7.539228,34.113758],[7.479832,33.893901],[7.75072,33.207664],[8.181392,32.969823],[8.359985,32.501015],[9.019893,32.104863],[9.519708,30.228905],[9.286544,30.117129],[9.667709,29.608323],[9.826149,29.128533],[9.776953,28.267578],[9.93591,27.866724],[9.721866,27.308463],[9.894052,26.67398],[9.854571,26.524377],[9.482604,26.352553],[9.377804,26.168946],[10.007947,25.331426],[10.032028,24.856339],[10.193362,24.749937],[10.260335,24.576641],[10.391799,24.47998],[10.677363,24.553851],[11.541393,24.29751],[11.968861,23.517351],[7.482726,20.872577],[5.794302,19.449796],[3.358689,18.976853],[3.10413,19.135526],[3.25823,19.410393],[3.216785,19.794064],[2.946001,19.941652],[2.400401,20.056555],[2.21819,20.264087],[1.891388,20.231789],[1.659154,20.397516],[1.623704,20.551253],[1.14456,20.776252],[1.15934,21.081505],[1.029322,21.178347],[-4.821613,24.995065]]]}},{"type":"Feature","properties":{"iso3":"MOZ","name":"Mozambique","continent":"Africa"},"geometry":{"type":"MultiPolygon","coordinates":[[[[32.113884,-26.840014],[32.107063,-26.500293],[32.039884,-26.283666],[32.081432,-26.14879],[32.070579,-26.009781],[31.949243,-25.958104],[31.905835,-25.812997],[31.995649,-25.61518],[31.9664,-25.479684],[31.988724,-25.37261],[31.986554,-24.423108],[31.869455,-24.163795],[31.850438,-23.930631],[31.755198,-23.857767],[31.642285,-23.587861],[31.527615,-23.45681],[31.536349,-23.156983],[31.279103,-22.415323],[31.433822,-22.302048],[32.408543,-21.290327],[32.447197,-21.313685],[32.339814,-21.134058],[32.491019,-20.936344],[32.481614,-20.603031],[32.513136,-20.564583],[32.646462,-20.557969],[32.671783,-20.531821],[32.845209,-20.286668],[32.88531,-20.10301],[32.940087,-20.041515],[33.007266,-20.032006],[33.022769,-19.773107],[32.962411,-19.735383],[32.943188,-19.64929],[32.872184,-19.690218],[32.819629,-19.674302],[32.825365,-19.479172],[32.763354,-19.463979],[32.766454,-19.373442],[32.832187,-19.266678],[32.855906,-19.083744],[32.814203,-19.023799],[32.698965,-19.022249],[32.681085,-18.954966],[32.71576,-18.919826],[32.68987,-18.843241],[32.902518,-18.774512],[32.92231,-18.693173],[32.868257,-18.552613],[32.996414,-18.46714],[32.986803,-18.422285],[33.038066,-18.363064],[32.95497,-18.256301],[32.972282,-18.150261],[32.928977,-17.982312],[32.939674,-17.855498],[32.999102,-17.794313],[33.020599,-17.638457],[33.020392,-17.598563],[32.936676,-17.509369],[33.022459,-17.361471],[32.83012,-16.941549],[32.933369,-16.815768],[32.968509,-16.681616],[32.909598,-16.708075],[32.739893,-16.703217],[32.698655,-16.686784],[32.671783,-16.599761],[32.290463,-16.45176],[31.910279,-16.428919],[31.86005,-16.340759],[31.710705,-16.217872],[31.402713,-16.159374],[31.259983,-16.023465],[31.1141,-15.996904],[30.989767,-16.06429],[30.857424,-15.998144],[30.402568,-16.001244],[30.401224,-15.598478],[30.367428,-15.561271],[30.390165,-15.490785],[30.369185,-15.374719],[30.263145,-15.231266],[30.213845,-14.98849],[30.815772,-14.768245],[31.410878,-14.633576],[31.658408,-14.519578],[33.202707,-14.013872],[33.280221,-14.060794],[33.315568,-14.197117],[33.457368,-14.404339],[33.66242,-14.607014],[33.720401,-14.489709],[33.802412,-14.532807],[33.916307,-14.481337],[34.050769,-14.495186],[34.109576,-14.441443],[34.372093,-14.401962],[34.51813,-14.607428],[34.505831,-14.700342],[34.582312,-15.001305],[34.548309,-15.123675],[34.569083,-15.27116],[34.410127,-15.481276],[34.404029,-15.646847],[34.247139,-15.794125],[34.233186,-15.88983],[34.404546,-16.059742],[34.385219,-16.186453],[34.426456,-16.273889],[34.524745,-16.300761],[34.65497,-16.48938],[34.732071,-16.529171],[34.900949,-16.733293],[35.004509,-16.814631],[35.1183,-16.833442],[35.125122,-16.932867],[35.036548,-17.03591],[35.066004,-17.109807],[35.291673,-17.129368],[35.308366,-16.973692],[35.276017,-16.955191],[35.310227,-16.850598],[35.278187,-16.700737],[35.174318,-16.625496],[35.131943,-16.537646],[35.214419,-16.484212],[35.262271,-16.366597],[35.258757,-16.271512],[35.374616,-16.140977],[35.456368,-16.129402],[35.50205,-16.170846],[35.529025,-16.140771],[35.697593,-16.107491],[35.785133,-16.042275],[35.84053,-15.417197],[35.784203,-15.171838],[35.904299,-14.886894],[35.863268,-14.876662],[35.835569,-14.63585],[35.084091,-13.704227],[34.863898,-13.516283],[34.640603,-13.492354],[34.545312,-13.325749],[34.494463,-12.68739],[34.355581,-12.20494],[34.380051,-12.10386],[34.563812,-11.830905],[34.616729,-11.57831],[35.423501,-11.576553],[35.531505,-11.612727],[35.654805,-11.57831],[35.69563,-11.494594],[35.813142,-11.422351],[35.867299,-11.420904],[35.939749,-11.434133],[35.969825,-11.502449],[36.151932,-11.571076],[36.188209,-11.693652],[36.494857,-11.68094],[36.545707,-11.729412],[36.625702,-11.721351],[36.747038,-11.66647],[36.820109,-11.573556],[37.016686,-11.573969],[37.141639,-11.674738],[37.331395,-11.68156],[37.450665,-11.722591],[37.503788,-11.672671],[37.647758,-11.635981],[37.804441,-11.544514],[37.875238,-11.319101],[37.938077,-11.283961],[38.11543,-11.249545],[38.155014,-11.280551],[38.25661,-11.27714],[38.347664,-11.358789],[38.491688,-11.413137],[38.654209,-11.275796],[38.778025,-11.253679],[38.896261,-11.167689],[39.126221,-11.139681],[39.238152,-11.174201],[39.482685,-10.999224],[39.785819,-10.932562],[40.161093,-10.704358],[40.43686,-10.474786],[40.510509,-10.477716],[40.532074,-10.509454],[40.506602,-10.566339],[40.654959,-10.686944],[40.569835,-10.69671],[40.485362,-10.76214],[40.492198,-10.79697],[40.531993,-10.785821],[40.620291,-10.840916],[40.496104,-10.955743],[40.498383,-11.027276],[40.566091,-11.01393],[40.494151,-11.204767],[40.360525,-11.315199],[40.367686,-11.351251],[40.465831,-11.385186],[40.429454,-11.641534],[40.473806,-11.806248],[40.520193,-11.839044],[40.486176,-11.895196],[40.536876,-11.99684],[40.500824,-12.112481],[40.524913,-12.204522],[40.451182,-12.263604],[40.513682,-12.300551],[40.509532,-12.380304],[40.561046,-12.38714],[40.480317,-12.484308],[40.492198,-12.51686],[40.556895,-12.525323],[40.561046,-12.598565],[40.614106,-12.636814],[40.568044,-12.649591],[40.578136,-12.706313],[40.646821,-12.755304],[40.626964,-12.793634],[40.567882,-12.77752],[40.571951,-12.803399],[40.531993,-12.811456],[40.539317,-12.892999],[40.455333,-12.896173],[40.412608,-12.961033],[40.499034,-13.016534],[40.500173,-12.948012],[40.589203,-12.95794],[40.567882,-13.243341],[40.529633,-13.310235],[40.567882,-13.284763],[40.567882,-13.366632],[40.58839,-13.360447],[40.538748,-13.495538],[40.595225,-13.565199],[40.539399,-13.636407],[40.650564,-14.031915],[40.595225,-14.085382],[40.619477,-14.127211],[40.538585,-14.164483],[40.55421,-14.230076],[40.579112,-14.206638],[40.602061,-14.243585],[40.580903,-14.257257],[40.6963,-14.18255],[40.746104,-14.270929],[40.732432,-14.339939],[40.69516,-14.362726],[40.651622,-14.34352],[40.628754,-14.550714],[40.692638,-14.439711],[40.801443,-14.41074],[40.84254,-14.464451],[40.832042,-14.494073],[40.76002,-14.526137],[40.828624,-14.524835],[40.811371,-14.61297],[40.847992,-14.705011],[40.842459,-14.787205],[40.739268,-14.874282],[40.674083,-14.901544],[40.654552,-14.865167],[40.670909,-14.922052],[40.734386,-14.924493],[40.774425,-14.982354],[40.670909,-14.976658],[40.711925,-15.072931],[40.528005,-15.131036],[40.519705,-15.16725],[40.54835,-15.187433],[40.580903,-15.20322],[40.635427,-15.164646],[40.681651,-15.233005],[40.573253,-15.504978],[40.499034,-15.525323],[40.363617,-15.714776],[40.060802,-15.998305],[40.12908,-15.963556],[40.104747,-16.06406],[39.992361,-16.222426],[39.783376,-16.301935],[39.807953,-16.38893],[39.855968,-16.429783],[39.810557,-16.457615],[39.746104,-16.443292],[39.760753,-16.45908],[39.678396,-16.546075],[39.129161,-16.867852],[39.08074,-16.915704],[39.122325,-16.936782],[39.074555,-16.991388],[38.97047,-16.99627],[38.875499,-17.045587],[38.718272,-17.059666],[38.679454,-17.030206],[38.666759,-17.075372],[38.553071,-17.121759],[38.504242,-17.110935],[38.505382,-17.135431],[38.155935,-17.286798],[38.121755,-17.176935],[38.128591,-17.197442],[38.080821,-17.190688],[38.12794,-17.28631],[37.908865,-17.355157],[37.580577,-17.518976],[37.242198,-17.736505],[37.189464,-17.738702],[36.98406,-18.012384],[36.88795,-17.881036],[36.832774,-17.877618],[36.819591,-17.903253],[36.873546,-17.899021],[36.900076,-18.001642],[36.963552,-18.038263],[36.946625,-18.101821],[36.895274,-18.176935],[36.811209,-18.186944],[36.785411,-18.23211],[36.833507,-18.204767],[36.766287,-18.300226],[36.486664,-18.552911],[36.372406,-18.741795],[36.416189,-18.774998],[36.336274,-18.797296],[36.238129,-18.694106],[36.269379,-18.877211],[36.146739,-18.900486],[36.133067,-18.804132],[36.108572,-18.805922],[36.009532,-18.920831],[35.956798,-18.903741],[35.907481,-18.969822],[35.863943,-18.946384],[35.866873,-18.971938],[35.676117,-19.119806],[35.64088,-19.170668],[35.668224,-19.163832],[35.441661,-19.417657],[35.126801,-19.705011],[34.880056,-19.863377],[34.815684,-19.780857],[34.717133,-19.723077],[34.616954,-19.589451],[34.553233,-19.582289],[34.542735,-19.610121],[34.62322,-19.623305],[34.691905,-19.742934],[34.773611,-19.806085],[34.757579,-19.869073],[34.709239,-19.883884],[34.764822,-19.903253],[34.748871,-20.026788],[34.776866,-20.135024],[34.756521,-20.180352],[34.655284,-20.151462],[34.743337,-20.226495],[34.685313,-20.332289],[34.703461,-20.362481],[34.649262,-20.405532],[34.716319,-20.466974],[34.673106,-20.528904],[34.724294,-20.519138],[34.764985,-20.548598],[34.846446,-20.661554],[34.880382,-20.651137],[34.868012,-20.694431],[34.955577,-20.695977],[34.993337,-20.730157],[35.03712,-20.923272],[35.09962,-20.924737],[35.120128,-20.966404],[35.06544,-21.017836],[35.085785,-21.070001],[35.017751,-21.096612],[35.088552,-21.227309],[35.047537,-21.252862],[35.072276,-21.321954],[35.126964,-21.178643],[35.120128,-21.377211],[35.271007,-21.644138],[35.268565,-21.773614],[35.335785,-22.089125],[35.305675,-22.388604],[35.394054,-22.487726],[35.427989,-22.405694],[35.39088,-22.27158],[35.408458,-22.211602],[35.449067,-22.226821],[35.424083,-22.184747],[35.467133,-22.095798],[35.500499,-22.117771],[35.517345,-22.310154],[35.541759,-22.195896],[35.544688,-22.388604],[35.489431,-22.690037],[35.537852,-22.946954],[35.60613,-22.914727],[35.475841,-23.197035],[35.489431,-23.275323],[35.424083,-23.480645],[35.399262,-23.73919],[35.356944,-23.67254],[35.334646,-23.953709],[35.387706,-23.912693],[35.380138,-23.844415],[35.454356,-23.879978],[35.479991,-23.801039],[35.516775,-23.791762],[35.4935,-24.110528],[35.106456,-24.597914],[34.648936,-24.812758],[33.729177,-25.105076],[33.317638,-25.287042],[33.277192,-25.296808],[33.324067,-25.261163],[33.278575,-25.270766],[33.232921,-25.290785],[33.227306,-25.331964],[32.872732,-25.543878],[32.769542,-25.681736],[32.74464,-25.81699],[32.71225,-25.817804],[32.687022,-25.885919],[32.600597,-25.964044],[32.516612,-25.949965],[32.476817,-25.984552],[32.491384,-26.014093],[32.501964,-25.972101],[32.54713,-25.978936],[32.612804,-26.041436],[32.680837,-26.188165],[32.748057,-26.191502],[32.831065,-26.283787],[32.879405,-26.27752],[32.894786,-26.114679],[32.954438,-26.078871],[32.889903,-26.836602],[32.352216,-26.860272],[32.113884,-26.840014]],[[34.69414,-12.000403],[34.6559,-12.076264],[34.688973,-12.12453],[34.732484,-12.109027],[34.762353,-12.040298],[34.69414,-12.000403]],[[34.561642,-11.978596],[34.541798,-11.994616],[34.611148,-12.072544],[34.627478,-11.987278],[34.561642,-11.978596]]],[[[32.906749,-26.057794],[32.918305,-26.001397],[32.982595,-25.969008],[32.964529,-26.038018],[32.906749,-26.057794]]],[[[35.469574,-21.549086],[35.495453,-21.545505],[35.490733,-21.64186],[35.434906,-21.782892],[35.469574,-21.549086]]],[[[39.909537,-16.275827],[39.946372,-16.302192],[39.878476,-16.41689],[39.832455,-16.390517],[39.821337,-16.317412],[39.909537,-16.275827]]]]}},{"type":"Feature","properties":{"iso3":"SWZ","name":"eSwatini","continent":"Africa"},"geometry":{"type":"Polygon","coordinates":[[[31.949243,-25.958104],[32.00402,-25.994381],[32.070579,-26.009781],[32.057454,-26.0412],[32.081432,-26.14879],[32.039884,-26.283666],[32.052338,-26.386812],[32.059831,-26.414821],[32.107063,-26.500293],[32.117398,-26.582252],[32.113884,-26.840014],[32.073163,-26.811386],[31.990068,-26.808285],[31.992238,-26.838257],[31.942112,-27.10067],[31.947383,-27.255493],[31.96826,-27.316264],[31.52653,-27.31089],[31.459454,-27.298694],[31.141954,-27.196478],[31.078754,-27.11824],[30.976073,-27.035041],[30.953645,-27.000315],[30.949408,-26.975407],[30.960983,-26.911224],[30.955092,-26.891381],[30.902589,-26.831333],[30.880213,-26.772215],[30.836443,-26.805081],[30.80244,-26.808905],[30.785697,-26.716921],[30.782906,-26.472388],[30.804559,-26.397457],[30.969871,-26.209148],[31.037774,-26.100111],[31.119836,-25.910045],[31.309282,-25.757393],[31.372017,-25.736412],[31.401473,-25.735999],[31.426898,-25.743647],[31.834573,-25.982082],[31.863357,-25.989937],[31.949243,-25.958104]]]}},{"type":"Feature","properties":{"iso3":"BDI","name":"Burundi","continent":"Africa"},"geometry":{"type":"Polygon","coordinates":[[[30.5546,-2.400628],[30.508091,-2.463466],[30.457655,-2.598032],[30.416003,-2.645574],[30.412128,-2.670172],[30.423238,-2.680921],[30.442668,-2.681127],[30.52256,-2.649398],[30.516101,-2.668311],[30.450523,-2.741795],[30.446906,-2.782723],[30.413626,-2.8344],[30.415797,-2.851659],[30.456001,-2.898272],[30.474191,-2.903233],[30.469644,-2.914188],[30.488325,-2.94316],[30.513052,-2.913981],[30.53889,-2.898995],[30.62953,-2.947674],[30.637592,-2.974443],[30.683687,-2.969998],[30.732057,-2.99346],[30.825488,-2.978577],[30.778255,-3.04741],[30.817684,-3.099086],[30.812258,-3.123477],[30.832929,-3.147662],[30.832205,-3.172777],[30.809364,-3.216805],[30.814842,-3.247708],[30.799753,-3.274579],[30.775671,-3.291012],[30.747921,-3.294113],[30.721463,-3.280987],[30.712006,-3.301865],[30.640538,-3.33287],[30.603279,-3.372558],[30.640434,-3.392815],[30.639142,-3.41948],[30.612891,-3.444905],[30.565968,-3.466712],[30.544988,-3.48914],[30.511502,-3.497718],[30.508246,-3.50888],[30.46892,-3.513014],[30.462616,-3.527897],[30.432282,-3.551875],[30.428871,-3.602208],[30.373112,-3.703597],[30.384998,-3.770776],[30.381587,-3.788346],[30.33699,-3.773774],[30.31172,-3.789897],[30.273273,-3.856249],[30.208781,-3.930457],[30.191418,-4.002494],[30.149766,-4.08683],[30.119587,-4.12352],[30.051478,-4.180157],[30.003005,-4.271935],[29.936343,-4.312035],[29.900479,-4.345625],[29.847356,-4.370533],[29.80033,-4.363919],[29.784104,-4.37384],[29.775009,-4.402262],[29.751651,-4.416112],[29.744365,-4.454456],[29.732841,-4.463344],[29.638273,-4.446808],[29.404179,-4.449805],[29.37276,-4.208166],[29.33948,-4.093237],[29.277727,-3.988954],[29.224552,-3.926529],[29.215043,-3.899864],[29.206568,-3.781939],[29.22326,-3.66701],[29.225172,-3.588565],[29.206672,-3.334524],[29.213079,-3.291943],[29.240881,-3.266311],[29.223828,-3.252669],[29.216904,-3.233135],[29.214113,-3.166472],[29.225017,-3.129369],[29.242328,-3.110765],[29.234629,-3.046583],[29.211529,-3.021158],[29.156752,-3.004828],[29.138407,-2.950361],[29.08978,-2.926074],[29.049058,-2.827475],[28.994902,-2.813626],[28.986892,-2.796779],[28.995522,-2.758435],[29.008234,-2.74748],[29.028595,-2.744896],[29.015365,-2.720711],[29.032574,-2.620666],[29.05526,-2.598445],[29.113447,-2.594621],[29.294418,-2.651052],[29.306614,-2.660147],[29.309481,-2.690127],[29.337516,-2.723812],[29.318086,-2.762569],[29.339687,-2.826441],[29.425366,-2.803394],[29.480867,-2.813729],[29.504121,-2.826855],[29.541845,-2.808561],[29.574091,-2.806081],[29.619256,-2.787684],[29.678684,-2.805357],[29.719922,-2.805461],[29.729637,-2.79957],[29.744727,-2.759985],[29.803379,-2.767324],[29.842395,-2.752441],[29.876191,-2.71358],[29.897896,-2.671102],[29.907921,-2.5354],[29.929573,-2.459849],[29.92239,-2.382954],[29.931692,-2.316912],[29.949934,-2.321149],[29.976134,-2.34368],[30.013341,-2.348331],[30.072975,-2.408792],[30.116797,-2.43153],[30.139121,-2.430807],[30.156174,-2.419024],[30.20134,-2.362387],[30.207489,-2.339236],[30.262731,-2.358356],[30.297974,-2.353705],[30.331151,-2.340269],[30.362518,-2.307817],[30.37859,-2.303062],[30.423238,-2.317325],[30.434142,-2.339236],[30.488454,-2.383781],[30.521733,-2.399387],[30.5546,-2.400628]]]}},{"type":"Feature","properties":{"iso3":"RWA","name":"Rwanda","continent":"Africa"},"geometry":{"type":"Polygon","coordinates":[[[29.015365,-2.720711],[29.000121,-2.703658],[28.936404,-2.685055],[28.891342,-2.652705],[28.89806,-2.576327],[28.891342,-2.553073],[28.860956,-2.531162],[28.857236,-2.518346],[28.878216,-2.489718],[28.864574,-2.459435],[28.858838,-2.418198],[28.866331,-2.391946],[28.880387,-2.379854],[28.928136,-2.364454],[28.959658,-2.339753],[28.993661,-2.277741],[29.075413,-2.263892],[29.10983,-2.23671],[29.134841,-2.197746],[29.156339,-2.108656],[29.12771,-1.915696],[29.130501,-1.843349],[29.233337,-1.658657],[29.303823,-1.587861],[29.342787,-1.516547],[29.439629,-1.504765],[29.498747,-1.431074],[29.538641,-1.402342],[29.577915,-1.38839],[29.657703,-1.383945],[29.710517,-1.352526],[29.734805,-1.348185],[29.774906,-1.366272],[29.798212,-1.330925],[29.816143,-1.322554],[29.836091,-1.329478],[29.864203,-1.370303],[29.871024,-1.432418],[29.880739,-1.453605],[29.897896,-1.469625],[29.917429,-1.475206],[29.960424,-1.464767],[30.038662,-1.424977],[30.06078,-1.389733],[30.147183,-1.345085],[30.165579,-1.277492],[30.212192,-1.259509],[30.269759,-1.200494],[30.287536,-1.155432],[30.317405,-1.137035],[30.337455,-1.066239],[30.352752,-1.060761],[30.403188,-1.070373],[30.445614,-1.058694],[30.471786,-1.066837],[30.453004,-1.097348],[30.470884,-1.118122],[30.467266,-1.155329],[30.476051,-1.16122],[30.490521,-1.156466],[30.511191,-1.170418],[30.521217,-1.210829],[30.5546,-1.273461],[30.549949,-1.3024],[30.555323,-1.31842],[30.632424,-1.367616],[30.737534,-1.406683],[30.743219,-1.432831],[30.732935,-1.476446],[30.738878,-1.489469],[30.772261,-1.532463],[30.791588,-1.590961],[30.807246,-1.60326],[30.831017,-1.594165],[30.838303,-1.615352],[30.824247,-1.730694],[30.83789,-1.758703],[30.826418,-1.786195],[30.83789,-1.836838],[30.816599,-1.884173],[30.824247,-1.902053],[30.796962,-1.929338],[30.826934,-1.934093],[30.829932,-1.960551],[30.816754,-2.018739],[30.835461,-2.014708],[30.853496,-2.0237],[30.879438,-2.053465],[30.887809,-2.082507],[30.853393,-2.193818],[30.844711,-2.237847],[30.848949,-2.306266],[30.834376,-2.345334],[30.758825,-2.381094],[30.687718,-2.349985],[30.663327,-2.360733],[30.63785,-2.39701],[30.573927,-2.389259],[30.5546,-2.400628],[30.521733,-2.399387],[30.488454,-2.383781],[30.434142,-2.339236],[30.418484,-2.311847],[30.37859,-2.303062],[30.362518,-2.307817],[30.331151,-2.340269],[30.297974,-2.353705],[30.262731,-2.358356],[30.207489,-2.339236],[30.20134,-2.362387],[30.156174,-2.419024],[30.139121,-2.430807],[30.116797,-2.43153],[30.072975,-2.408792],[30.013341,-2.348331],[29.976134,-2.34368],[29.949934,-2.321149],[29.931692,-2.316912],[29.92239,-2.382954],[29.929573,-2.459849],[29.907921,-2.5354],[29.897896,-2.671102],[29.876191,-2.71358],[29.842395,-2.752441],[29.803379,-2.767324],[29.744727,-2.759985],[29.729637,-2.79957],[29.719922,-2.805461],[29.678684,-2.805357],[29.619256,-2.787684],[29.574091,-2.806081],[29.541845,-2.808561],[29.504121,-2.826855],[29.480867,-2.813729],[29.425366,-2.803394],[29.339687,-2.826441],[29.318086,-2.762569],[29.337516,-2.723812],[29.309714,-2.691049],[29.307337,-2.664797],[29.294418,-2.651052],[29.113447,-2.594621],[29.05526,-2.598445],[29.032574,-2.620666],[29.015365,-2.720711]]]}},{"type":"Feature","properties":{"iso3":"UGA","name":"Uganda","continent":"Africa"},"geometry":{"type":"Polygon","coordinates":[[[30.471786,-1.066837],[30.352752,-1.060761],[30.256685,-1.217237],[30.165579,-1.277492],[30.136331,-1.355213],[29.938462,-1.472932],[29.880739,-1.453605],[29.864203,-1.370303],[29.816143,-1.322554],[29.783174,-1.361414],[29.577915,-1.38839],[29.555281,-0.938495],[29.610781,-0.863977],[29.618843,-0.599394],[29.653053,-0.565597],[29.629385,-0.442401],[29.701628,0.055243],[29.755785,0.16087],[29.800641,0.172445],[29.839605,0.358481],[29.940477,0.498317],[29.919496,0.618103],[29.947298,0.824602],[30.165683,0.921444],[30.269346,1.167268],[30.323813,1.155848],[30.364947,1.202047],[30.478274,1.238634],[30.681724,1.500349],[31.025837,1.778239],[31.271455,2.102999],[31.280096,2.151441],[31.190116,2.221519],[31.177559,2.30291],[31.055241,2.290249],[30.968011,2.405436],[30.930907,2.405591],[30.87179,2.332055],[30.80492,2.434374],[30.707665,2.46228],[30.853393,2.853367],[30.843988,2.932794],[30.757068,3.02147],[30.74787,3.076713],[30.822129,3.281403],[30.91003,3.393412],[30.896388,3.519967],[30.839543,3.490202],[30.939382,3.668408],[31.141489,3.785119],[31.214818,3.792354],[31.505446,3.659855],[31.668537,3.70502],[31.775714,3.810699],[31.901908,3.704297],[31.943662,3.591255],[32.041537,3.57986],[32.076161,3.53317],[32.155846,3.511776],[32.187782,3.61916],[32.371801,3.731065],[32.756429,3.769022],[32.979568,3.879196],[33.164466,3.763053],[33.490648,3.749746],[33.977078,4.219692],[34.006017,4.205713],[34.109576,3.943352],[34.086219,3.894673],[34.108026,3.868938],[34.204971,3.874545],[34.148954,3.822688],[34.159082,3.783362],[34.230396,3.782742],[34.278868,3.709723],[34.337056,3.734579],[34.439686,3.667736],[34.434518,3.52622],[34.382118,3.466043],[34.434001,3.182029],[34.53384,3.118467],[34.58469,2.928711],[34.631405,2.869542],[34.688869,2.879154],[34.740959,2.835539],[34.81868,2.597982],[34.875628,2.591212],[34.920896,2.454632],[34.867876,2.411482],[34.865603,2.347506],[34.967509,2.101914],[34.957897,1.997838],[35.002752,1.906138],[34.972676,1.654241],[34.778993,1.388547],[34.797907,1.231916],[34.683805,1.209075],[34.580452,1.152541],[34.561228,1.093371],[34.487021,1.082467],[34.388009,0.815817],[34.30667,0.768068],[34.2521,0.655],[34.149574,0.603634],[34.080121,0.431344],[34.085185,0.347008],[33.893569,0.109814],[33.953514,-0.154356],[33.894809,-0.662749],[33.904214,-1.002573],[30.777118,-0.98583],[30.651338,-1.062828],[30.471786,-1.066837]]]}},{"type":"Feature","properties":{"iso3":"LSO","name":"Lesotho","continent":"Africa"},"geometry":{"type":"Polygon","coordinates":[[[28.980846,-28.909035],[29.040532,-28.922988],[29.049679,-28.933013],[29.055776,-28.965363],[29.125953,-28.992441],[29.208429,-29.068922],[29.311781,-29.089799],[29.316846,-29.147367],[29.357463,-29.183334],[29.375964,-29.235527],[29.413997,-29.290304],[29.415031,-29.318933],[29.435908,-29.342394],[29.413739,-29.380118],[29.41255,-29.410297],[29.399528,-29.430347],[29.303823,-29.466831],[29.282739,-29.485641],[29.275199,-29.528295],[29.282016,-29.556128],[29.296279,-29.571631],[29.279949,-29.581449],[29.278605,-29.613592],[29.26734,-29.626098],[29.190342,-29.646871],[29.1613,-29.666922],[29.113757,-29.750121],[29.105799,-29.825569],[29.132981,-29.852027],[29.150654,-29.911145],[29.144246,-29.919723],[29.09412,-29.936259],[28.860026,-30.066381],[28.795637,-30.089428],[28.729491,-30.101831],[28.639678,-30.131493],[28.605881,-30.131286],[28.540562,-30.113303],[28.456226,-30.146996],[28.383879,-30.144205],[28.294376,-30.242494],[28.237015,-30.256343],[28.200635,-30.282492],[28.198464,-30.301095],[28.235775,-30.329414],[28.238462,-30.352255],[28.218205,-30.387395],[28.125394,-30.457261],[28.141207,-30.500773],[28.120846,-30.553379],[28.081572,-30.586866],[28.078782,-30.658799],[28.054701,-30.649704],[27.936568,-30.640816],[27.858227,-30.603712],[27.8204,-30.614564],[27.743608,-30.600302],[27.598604,-30.490334],[27.586822,-30.454987],[27.536593,-30.403208],[27.529668,-30.382227],[27.477475,-30.356286],[27.452102,-30.310087],[27.407815,-30.318562],[27.366164,-30.311017],[27.367817,-30.295411],[27.345545,-30.241564],[27.343685,-30.212935],[27.381357,-30.142655],[27.356655,-30.132216],[27.312782,-30.131596],[27.265911,-30.033308],[27.198835,-29.978531],[27.080135,-29.735135],[27.050989,-29.696791],[27.002155,-29.666508],[27.022412,-29.616176],[27.032954,-29.616176],[27.042359,-29.628061],[27.062203,-29.600156],[27.072022,-29.599949],[27.085871,-29.614419],[27.128142,-29.578555],[27.263121,-29.541141],[27.300307,-29.52012],[27.316038,-29.487191],[27.350247,-29.480267],[27.365544,-29.446677],[27.417634,-29.396551],[27.41908,-29.383838],[27.406265,-29.363995],[27.445849,-29.331955],[27.45329,-29.291648],[27.528893,-29.260952],[27.521503,-29.21651],[27.555713,-29.195426],[27.61297,-29.133828],[27.635605,-29.096621],[27.630747,-29.07254],[27.637517,-29.065718],[27.64439,-29.07254],[27.664957,-29.065718],[27.63917,-29.035333],[27.667489,-29.026651],[27.699063,-28.990581],[27.713326,-28.98686],[27.720147,-28.945932],[27.754771,-28.925468],[27.747432,-28.908622],[27.861327,-28.915443],[27.887992,-28.904901],[27.91166,-28.86077],[27.926233,-28.853431],[27.945043,-28.855499],[27.977496,-28.880717],[28.013566,-28.878443],[28.018734,-28.856842],[28.154953,-28.70233],[28.23071,-28.699539],[28.250864,-28.707394],[28.297063,-28.706877],[28.33644,-28.684656],[28.382949,-28.626469],[28.403413,-28.618924],[28.562473,-28.606522],[28.619421,-28.572415],[28.634303,-28.570761],[28.66655,-28.59722],[28.688977,-28.674424],[28.699519,-28.68848],[28.743857,-28.689514],[28.758637,-28.700469],[28.787679,-28.748735],[28.843696,-28.764755],[28.872842,-28.783565],[28.925862,-28.859529],[28.980846,-28.909035]]]}},{"type":"Feature","properties":{"iso3":"CMR","name":"Cameroon","continent":"Africa"},"geometry":{"type":"Polygon","coordinates":[[[11.322078,2.16576],[9.990997,2.165605],[9.810853,2.264876],[9.822927,2.562934],[9.877778,2.881415],[9.95574,3.050482],[9.90211,3.251695],[9.929454,3.264797],[9.780935,3.436754],[9.6421,3.539049],[9.819591,3.627875],[9.638438,3.594387],[9.545909,3.819648],[9.606944,3.752265],[9.662608,3.750718],[9.589203,3.809638],[9.621104,3.874823],[9.744477,3.819648],[9.738292,3.860582],[9.682872,3.890448],[9.68922,3.922431],[9.764415,3.957465],[9.618907,3.960354],[9.754568,4.135688],[9.579356,4.013007],[9.508556,4.054185],[9.490082,4.115871],[9.450369,4.080308],[9.523611,4.00609],[9.518565,3.970445],[9.42921,4.026557],[9.469086,3.923407],[9.359223,3.913723],[9.302582,3.964993],[9.326182,4.025702],[9.220714,3.96601],[9.196462,4.018866],[9.138682,4.015448],[8.983409,4.092434],[8.990977,4.217475],[8.918956,4.318061],[8.894786,4.460517],[8.93572,4.55329],[8.894786,4.535875],[8.901622,4.587388],[8.83961,4.642646],[8.858735,4.540839],[8.798595,4.601142],[8.799571,4.542182],[8.768565,4.553127],[8.716563,4.597724],[8.655121,4.738267],[8.645356,4.684068],[8.722667,4.513129],[8.576671,4.491889],[8.582693,4.523342],[8.510265,4.527045],[8.552094,4.614732],[8.511241,4.629055],[8.567638,4.69599],[8.602245,4.881331],[8.748282,5.12421],[8.79169,5.146741],[8.844297,5.492353],[8.903932,5.595086],[8.819286,5.703451],[8.862177,5.752337],[8.845227,5.831041],[8.921708,5.904473],[8.986304,5.908814],[9.136165,6.092523],[9.273315,6.202775],[9.341011,6.313983],[9.422866,6.339356],[9.453149,6.397673],[9.548957,6.443174],[9.588127,6.502731],[9.680525,6.521438],[9.788529,6.794754],[9.874622,6.787701],[10.142926,7.007687],[10.210828,6.879168],[10.495979,6.874672],[10.578661,7.130832],[10.620623,7.043757],[10.831876,6.94521],[10.909391,6.784264],[11.036721,6.740546],[11.113512,6.434001],[11.344196,6.443122],[11.389361,6.473921],[11.41675,6.572003],[11.509767,6.612311],[11.568885,6.739099],[11.544597,6.80894],[11.561754,6.876067],[11.881321,7.102048],[11.742415,7.257439],[12.021054,7.576231],[12.018987,7.718858],[12.192103,7.960652],[12.182594,8.093486],[12.236751,8.196994],[12.227036,8.386311],[12.271788,8.427781],[12.331319,8.424293],[12.395191,8.487338],[12.377001,8.59511],[12.482524,8.623247],[12.557972,8.605677],[12.660395,8.659318],[12.720236,8.756469],[12.772946,8.759053],[12.805709,8.831503],[12.822142,9.09681],[12.898416,9.262433],[12.855422,9.378111],[13.051689,9.504511],[13.195453,9.542209],[13.262942,9.801728],[13.211059,9.892756],[13.247956,10.079412],[13.378387,10.108609],[13.450837,10.187157],[13.538791,10.62142],[13.744411,10.930497],[13.75485,11.016719],[13.98233,11.276264],[14.165471,11.238333],[14.605754,11.514725],[14.62136,11.629782],[14.541882,11.709829],[14.623427,11.916535],[14.606271,12.011258],[14.663425,12.187578],[14.616296,12.178948],[14.487105,12.337801],[14.188932,12.370409],[14.064908,13.077988],[14.418169,13.081141],[14.496303,12.983808],[14.490619,12.886346],[14.575265,12.744908],[14.603997,12.760798],[14.694017,12.723721],[14.713654,12.65251],[14.728847,12.677212],[14.819178,12.638816],[14.908268,12.326897],[14.898036,12.152799],[14.950746,12.103345],[15.049448,12.084586],[15.076836,11.982836],[15.044177,11.877312],[15.110943,11.782899],[15.069395,11.660788],[15.135644,11.530822],[15.06061,11.416126],[15.021233,11.182549],[15.035185,10.994627],[15.079007,10.898147],[15.065881,10.793115],[15.149907,10.623125],[15.138228,10.521659],[15.218326,10.487216],[15.301422,10.311749],[15.476399,10.132742],[15.681244,9.991278],[15.439398,9.931695],[15.155488,9.986523],[15.033015,9.942857],[14.898139,9.960478],[14.772566,9.921747],[14.440493,9.995308],[14.173532,9.975025],[14.119789,9.85201],[13.945949,9.652642],[14.321327,9.243158],[14.349542,9.168356],[14.793856,8.813623],[14.89938,8.774323],[14.951469,8.68283],[15.051928,8.643789],[15.183703,8.479148],[15.345347,8.13599],[15.440742,7.839419],[15.562905,7.792445],[15.548952,7.630801],[15.419451,7.43655],[15.434954,7.402908],[15.223908,7.247517],[15.190214,7.098793],[15.136161,7.045308],[15.042213,6.790775],[14.932452,6.710289],[14.772255,6.318323],[14.719029,6.257862],[14.534957,6.190088],[14.387266,6.039038],[14.482144,5.90964],[14.572474,5.924187],[14.617433,5.864966],[14.631075,5.738049],[14.591491,5.590952],[14.617433,5.495299],[14.528033,5.293011],[14.658877,5.164544],[14.717272,4.622019],[14.779697,4.545047],[15.000562,4.403195],[15.072806,4.265942],[15.091202,4.121791],[15.192075,4.052234],[15.043143,4.026138],[15.084898,3.885836],[15.171301,3.758971],[15.78563,3.107977],[15.933425,3.081777],[15.971562,2.991188],[16.034194,2.970621],[16.092382,2.863289],[16.056208,2.759833],[16.062616,2.703195],[16.110468,2.701438],[16.090315,2.510494],[16.207723,2.22307],[16.097756,2.171548],[16.06489,1.97895],[16.159044,1.734805],[16.069851,1.654551],[16.021998,1.763795],[15.901799,1.793742],[15.76465,1.908722],[15.48291,1.97585],[15.349171,1.923295],[15.212642,2.039618],[15.151664,2.040988],[15.091616,1.984428],[14.980718,2.033107],[14.892455,2.00639],[14.907338,2.058894],[14.857005,2.115944],[14.826309,2.072252],[14.764814,2.065456],[14.747864,2.113205],[14.646062,2.133359],[14.562139,2.208807],[14.54705,2.166536],[14.438736,2.133979],[14.320293,2.17067],[13.294568,2.161058],[13.284646,2.242242],[13.163827,2.283169],[13.04094,2.244205],[12.924771,2.264049],[12.749898,2.236712],[12.312096,2.312935],[12.202645,2.279552],[11.768149,2.280172],[11.657252,2.322495],[11.351637,2.300584],[11.322078,2.16576]]]}},{"type":"Feature","properties":{"iso3":"GAB","name":"Gabon","continent":"Africa"},"geometry":{"type":"MultiPolygon","coordinates":[[[[13.294568,2.161058],[13.281132,2.044967],[13.206615,1.985151],[13.178193,1.907792],[13.191008,1.828727],[13.129617,1.592462],[13.238447,1.41963],[13.242995,1.328861],[13.169201,1.258581],[13.195453,1.221115],[13.2709,1.226024],[13.37694,1.294444],[13.543442,1.283489],[13.642247,1.357386],[13.741104,1.371313],[13.779758,1.426271],[13.98357,1.41684],[14.070696,1.375111],[14.14449,1.391622],[14.258178,1.319662],[14.28288,1.130113],[14.346442,1.087118],[14.400805,0.970329],[14.46044,0.921237],[14.447624,0.81623],[14.33838,0.693912],[14.328768,0.621204],[14.231823,0.542552],[14.075967,0.539451],[14.045582,0.497283],[14.059121,0.435272],[13.945226,0.350419],[13.871225,0.196423],[13.894893,0.043668],[13.931377,0.011628],[13.921145,-0.052967],[13.831228,-0.205413],[13.877426,-0.2605],[13.957318,-0.242],[14.095398,-0.276623],[14.138289,-0.336361],[14.159683,-0.455113],[14.320603,-0.444468],[14.454239,-0.539553],[14.489999,-0.600944],[14.44597,-0.775714],[14.457133,-0.856122],[14.39202,-1.008981],[14.465814,-1.224369],[14.426333,-1.331029],[14.487725,-1.40937],[14.438426,-1.502595],[14.462714,-1.5336],[14.37383,-1.604087],[14.402976,-1.670853],[14.441113,-1.679638],[14.406696,-1.735552],[14.404526,-1.893062],[14.237611,-1.991143],[14.238438,-2.120231],[14.151208,-2.259034],[14.234407,-2.354946],[14.14418,-2.390189],[14.090023,-2.498606],[13.8458,-2.466567],[13.906158,-2.359803],[13.746375,-2.09832],[13.60783,-2.311124],[13.458899,-2.441039],[13.025024,-2.338202],[12.969006,-2.372412],[13.008177,-2.276501],[12.95433,-2.190925],[12.921361,-2.194852],[12.885084,-2.147413],[12.804572,-1.919107],[12.632386,-1.825159],[12.523452,-1.863296],[12.499474,-1.917866],[12.426921,-1.88407],[12.440046,-2.045817],[12.499784,-2.09553],[12.45927,-2.329934],[12.062292,-2.414994],[11.948707,-2.335205],[11.739521,-2.413753],[11.655908,-2.345644],[11.568368,-2.329107],[11.57612,-2.485067],[11.624386,-2.632758],[11.530748,-2.866749],[11.636788,-2.833263],[11.778381,-3.005655],[11.693219,-3.074695],[11.696113,-3.179598],[11.944366,-3.303208],[11.954908,-3.335454],[11.884835,-3.413279],[11.824994,-3.571202],[11.905505,-3.643549],[11.838326,-3.710935],[11.687638,-3.69874],[11.569815,-3.54495],[11.482585,-3.509294],[11.413959,-3.587635],[11.212524,-3.697293],[11.114016,-3.936856],[11.021289,-3.857816],[10.96378,-3.691489],[10.646434,-3.451914],[10.635427,-3.313653],[10.346979,-3.044488],[9.902438,-2.700431],[9.703461,-2.443048],[9.794932,-2.500909],[9.840099,-2.45672],[9.850271,-2.528416],[10.011974,-2.63242],[10.067393,-2.581801],[10.147472,-2.577569],[10.137462,-2.527439],[10.080333,-2.491469],[10.094005,-2.560317],[10.015798,-2.50628],[9.970063,-2.554295],[9.955333,-2.515232],[9.978282,-2.500746],[9.86964,-2.409356],[9.751964,-2.470392],[9.723969,-2.379083],[9.70281,-2.374119],[9.703461,-2.435724],[9.597016,-2.352227],[9.573253,-2.207208],[9.271251,-1.876642],[9.333751,-1.903985],[9.374522,-1.888279],[9.374522,-1.925714],[9.467296,-1.922459],[9.456554,-1.977634],[9.543224,-2.070896],[9.563731,-2.031671],[9.503673,-1.96852],[9.485199,-1.870375],[9.441173,-1.851983],[9.436046,-1.888279],[9.367198,-1.82586],[9.340505,-1.888279],[9.314952,-1.842869],[9.246918,-1.815525],[9.220063,-1.579767],[9.016612,-1.315851],[8.983572,-1.23089],[9.15919,-1.468032],[9.264659,-1.535333],[9.274181,-1.659601],[9.402029,-1.614435],[9.415538,-1.669692],[9.415538,-1.607599],[9.559581,-1.607599],[9.490571,-1.559828],[9.456554,-1.470473],[9.37908,-1.562921],[9.292166,-1.5735],[9.250336,-1.497735],[9.354503,-1.350518],[9.326182,-1.278009],[9.322927,-1.370864],[9.262055,-1.366143],[9.18572,-1.410577],[9.15919,-1.346368],[9.03004,-1.299086],[9.033051,-1.193455],[8.997244,-1.155206],[9.003917,-1.212335],[8.966645,-1.104425],[8.867442,-0.976983],[8.922699,-1.003676],[8.930675,-0.965102],[8.894705,-0.978123],[8.847016,-0.922459],[8.695567,-0.586602],[8.709158,-0.565606],[8.772309,-0.633233],[8.844412,-0.800226],[8.860688,-0.733657],[8.914561,-0.72324],[8.88795,-0.681573],[8.929047,-0.68727],[9.004649,-0.805108],[8.99822,-0.860447],[9.065196,-0.698989],[9.087901,-0.668715],[9.114513,-0.681573],[9.100841,-0.599705],[9.306488,-0.332289],[9.350352,0.006781],[9.298839,0.283515],[9.345388,0.35578],[9.378673,0.307563],[9.35727,0.190131],[9.424327,0.208197],[9.494965,0.098456],[9.504242,0.187974],[9.553722,0.174058],[9.580251,0.121772],[9.643565,0.153022],[9.662608,0.126532],[9.712413,0.134833],[9.812185,0.023505],[9.761241,0.109198],[9.778087,0.134467],[9.819591,0.119086],[9.896332,0.183498],[10.025645,0.187974],[9.93629,0.215969],[9.747244,0.196438],[9.566417,0.318305],[9.505056,0.292304],[9.398692,0.488715],[9.305675,0.544257],[9.308849,0.614],[9.539073,0.681464],[9.559255,0.621527],[9.464041,0.598863],[9.516449,0.604153],[9.545909,0.564765],[9.573253,0.598863],[9.582774,0.481635],[9.607921,0.469184],[9.628429,0.6883],[9.578949,1.004381],[9.745128,1.059719],[9.792247,0.968817],[9.834107,0.994927],[9.944075,0.924854],[9.975494,0.982577],[10.029444,1.003506],[11.336341,0.999165],[11.322078,2.16576],[11.349777,2.291489],[11.671204,2.320996],[11.75275,2.281877],[12.202645,2.279552],[12.312096,2.312935],[12.749898,2.236712],[12.79558,2.258778],[13.04094,2.244205],[13.163827,2.283169],[13.284646,2.242242],[13.294568,2.161058]]],[[[8.997244,-0.627618],[9.041515,-0.669854],[9.038748,-0.743748],[8.992931,-0.761163],[8.949474,-0.661716],[8.996104,-0.603692],[8.997244,-0.627618]]],[[[9.376786,0.809986],[9.384086,0.809629],[9.379643,0.806971],[9.376786,0.809986]]]]}},{"type":"Feature","properties":{"iso3":"NER","name":"Niger","continent":"Africa"},"geometry":{"type":"Polygon","coordinates":[[[3.5964,11.695773],[3.484262,11.84517],[3.307012,11.902375],[3.255129,12.018751],[3.013077,12.271087],[2.944967,12.292481],[2.844301,12.399244],[2.700434,12.347103],[2.672942,12.296718],[2.370015,12.236257],[2.405568,12.046708],[2.457348,11.99622],[2.375183,11.935035],[2.388205,11.906768],[2.051792,12.341935],[2.054169,12.370926],[2.145016,12.41175],[2.244958,12.424152],[2.193282,12.609464],[2.109049,12.705634],[1.971693,12.724237],[1.843742,12.606105],[1.563863,12.63215],[1.113968,12.996236],[0.983536,13.032358],[0.983536,13.36841],[1.160683,13.311307],[1.205745,13.358901],[1.268687,13.34606],[1.015266,13.465665],[0.991391,13.541113],[0.896927,13.614932],[0.775694,13.635293],[0.766392,13.67511],[0.59431,13.688881],[0.593689,13.778101],[0.454809,13.902357],[0.343575,14.114333],[0.390601,14.237633],[0.202382,14.435545],[0.152941,14.54671],[0.219707,14.731221],[0.184102,14.819562],[0.213196,14.985417],[0.387035,14.963248],[0.514831,14.993556],[0.670067,14.939735],[0.949327,14.979552],[1.331526,15.283616],[3.000158,15.339117],[3.03354,15.42645],[3.507103,15.353973],[3.526534,15.495954],[3.692208,15.63145],[3.846101,15.685297],[3.886512,15.750099],[3.903462,15.886318],[3.98325,15.983987],[3.971158,16.086099],[4.060558,16.298334],[4.183961,16.416053],[4.181998,16.809621],[4.203702,16.982789],[4.235638,16.995863],[4.22861,19.142244],[5.794302,19.449796],[7.482726,20.872577],[11.968861,23.517351],[13.482257,23.179672],[13.599562,23.119029],[14.23172,22.617949],[14.979168,22.995316],[15.172024,21.993387],[15.180396,21.507267],[15.301009,21.40133],[15.60931,20.95066],[15.544301,20.890302],[15.570243,20.751913],[15.968151,20.352816],[15.736021,19.903541],[15.471954,16.916746],[14.368973,15.749634],[13.833915,15.019601],[13.760534,14.866355],[13.764358,14.719077],[13.648345,14.649417],[13.657853,14.548725],[13.482257,14.483587],[13.449494,14.439042],[13.607314,13.7041],[13.329915,13.709423],[13.228112,13.548037],[13.150184,13.522664],[13.153698,13.548761],[13.054893,13.548373],[12.939344,13.495069],[12.842296,13.489126],[12.857075,13.450653],[12.798474,13.384275],[12.683132,13.288932],[12.640654,13.302393],[12.561073,13.242759],[12.547947,13.165451],[12.472706,13.064165],[12.201405,13.125427],[12.057641,13.116772],[11.852795,13.245394],[11.440004,13.364431],[10.674986,13.375102],[10.119775,13.250097],[9.930122,13.145969],[9.891778,13.076231],[9.590298,12.80139],[8.942792,12.847201],[8.679346,12.923579],[8.533515,13.06463],[8.397813,13.075405],[8.116589,13.29105],[7.823997,13.345285],[7.391982,13.112534],[7.198196,13.117392],[7.068695,12.996081],[6.937127,12.995409],[6.778687,13.130285],[6.672543,13.321178],[6.509297,13.496051],[6.302178,13.663844],[6.229831,13.679192],[6.129476,13.649065],[5.521761,13.880291],[5.374069,13.855254],[5.304203,13.773941],[5.227618,13.741333],[4.925105,13.733091],[4.824852,13.770737],[4.452575,13.673766],[4.248453,13.494139],[4.125774,13.472977],[4.088773,12.996236],[3.929093,12.750386],[3.6457,12.528539],[3.623995,12.09425],[3.653554,11.986815],[3.603945,11.905579],[3.66699,11.759697],[3.5964,11.695773]]]}},{"type":"Feature","properties":{"iso3":"BFA","name":"Burkina Faso","continent":"Africa"},"geometry":{"type":"Polygon","coordinates":[[[2.390169,11.896536],[2.273587,11.652055],[2.015429,11.43159],[1.821521,11.441602],[1.601587,11.388686],[1.567273,11.446693],[1.439633,11.473771],[1.398085,11.440311],[1.398085,11.398685],[1.33907,11.366103],[1.330389,11.288847],[1.2845,11.312721],[1.268377,11.247893],[1.145904,11.269856],[1.153242,11.183169],[1.067459,11.144282],[1.117482,11.032196],[0.986017,11.078498],[0.945399,10.974293],[0.675338,10.988529],[0.487649,10.933236],[0.490647,10.996358],[-0.301682,11.162937],[-0.306126,11.113535],[-0.368939,11.065217],[-0.405888,11.101468],[-0.509706,10.991449],[-0.576213,10.987754],[-0.634763,10.907966],[-0.68277,10.953596],[-0.667991,10.976515],[-0.839401,10.996462],[-0.883171,10.968634],[-1.070343,11.013902],[-2.837341,10.998012],[-2.821399,10.90626],[-2.864239,10.864273],[-2.929661,10.644209],[-2.867391,10.47825],[-2.771428,10.425489],[-2.841295,10.343272],[-2.754375,10.247954],[-2.798455,10.189534],[-2.736753,9.832579],[-2.795303,9.720002],[-2.740164,9.650833],[-2.761093,9.566239],[-2.689211,9.488724],[-2.763677,9.391883],[-2.810418,9.411106],[-2.910154,9.542726],[-2.989994,9.708427],[-3.094561,9.733851],[-3.136936,9.82953],[-3.200007,9.845369],[-3.21476,9.915623],[-3.301732,9.841132],[-3.317183,9.901335],[-3.755037,9.93588],[-4.050317,9.810307],[-4.168294,9.804829],[-4.283636,9.732017],[-4.315933,9.616623],[-4.349678,9.620034],[-4.371175,9.582956],[-4.433368,9.653469],[-4.50171,9.655019],[-4.503958,9.742016],[-4.535946,9.746615],[-4.552198,9.696464],[-4.592712,9.717832],[-4.686608,9.692407],[-4.810115,9.77434],[-4.775905,9.788008],[-4.824274,9.856971],[-4.966075,9.901025],[-4.963336,10.040319],[-5.056483,10.097111],[-5.037595,10.126489],[-5.090718,10.177933],[-5.084414,10.227439],[-5.11821,10.212479],[-5.135677,10.304282],[-5.279802,10.32242],[-5.385739,10.296479],[-5.474157,10.350325],[-5.522578,10.425489],[-5.431421,10.844688],[-5.479118,10.975533],[-5.501804,10.97021],[-5.504233,11.072684],[-5.332512,11.12157],[-5.262852,11.251588],[-5.267865,11.37202],[-5.219186,11.435143],[-5.233914,11.575987],[-5.307604,11.617638],[-5.28714,11.758922],[-5.412352,11.82853],[-5.282489,11.836436],[-5.103947,11.972759],[-4.761281,12.006607],[-4.570233,12.138898],[-4.585529,12.197241],[-4.497421,12.26871],[-4.490703,12.313823],[-4.406135,12.307467],[-4.451636,12.435314],[-4.392647,12.537427],[-4.482538,12.646258],[-4.485251,12.714677],[-4.36885,12.738991],[-4.276298,12.714677],[-4.213278,12.807178],[-4.229324,12.948952],[-4.345363,13.097057],[-4.327044,13.168551],[-4.227773,13.184442],[-4.253508,13.22909],[-4.16602,13.278157],[-4.087549,13.397995],[-3.97691,13.460627],[-3.984481,13.496051],[-3.923399,13.453754],[-3.984042,13.39647],[-3.817101,13.35469],[-3.553913,13.180256],[-3.449475,13.16881],[-3.448544,13.265781],[-3.262406,13.283919],[-3.283955,13.542198],[-3.259719,13.658315],[-3.286952,13.69777],[-3.267057,13.717045],[-3.195821,13.674903],[-3.125102,13.67728],[-3.05601,13.61085],[-2.895245,13.651648],[-2.928059,13.799624],[-2.840855,14.042994],[-2.69319,14.123196],[-2.597382,14.222311],[-2.46168,14.280912],[-2.151879,14.15614],[-2.035918,14.181229],[-1.997057,14.470694],[-1.69692,14.496119],[-1.350275,14.714969],[-1.07856,14.796359],[-0.719719,15.078461],[-0.4679,15.079908],[-0.397671,15.002135],[-0.236699,15.065619],[0.218467,14.910977],[0.184102,14.819562],[0.219707,14.731221],[0.158832,14.496119],[0.388792,14.251612],[0.343575,14.114333],[0.448634,13.909617],[0.593689,13.778101],[0.59431,13.688881],[0.75337,13.684101],[0.795331,13.625965],[0.896927,13.614932],[0.991391,13.541113],[1.015266,13.465665],[1.268687,13.34606],[1.182387,13.358695],[1.167608,13.313426],[0.983536,13.36841],[0.974648,13.048326],[1.113968,12.996236],[1.563863,12.63215],[1.826069,12.604193],[1.962495,12.719121],[2.109049,12.705634],[2.2,12.595925],[2.244958,12.424152],[2.069258,12.383328],[2.051792,12.341935],[2.390169,11.896536]]]}},{"type":"Feature","properties":{"iso3":"TGO","name":"Togo","continent":"Africa"},"geometry":{"type":"Polygon","coordinates":[[[-0.166109,11.13498],[0.486616,11.003205],[0.483619,10.979693],[0.499742,10.975688],[0.487649,10.933236],[0.612603,10.976566],[0.675338,10.988529],[0.901474,10.992741],[0.875843,10.931169],[0.872949,10.911299],[0.885144,10.869389],[0.869538,10.839908],[0.862924,10.796086],[0.795641,10.726478],[0.781275,10.693044],[0.78851,10.563852],[0.773833,10.508145],[0.760708,10.382158],[0.768769,10.367094],[1.331009,9.996471],[1.343825,9.962442],[1.348165,9.694164],[1.35602,9.647474],[1.351266,9.595074],[1.323154,9.542313],[1.326358,9.521952],[1.351266,9.482549],[1.368422,9.490843],[1.379895,9.462473],[1.386716,9.361135],[1.401185,9.321267],[1.425267,9.284499],[1.567273,9.13673],[1.595799,9.076811],[1.607581,8.558755],[1.614092,8.535785],[1.644168,8.493488],[1.607581,8.421864],[1.60107,8.371635],[1.614919,8.356261],[1.625564,8.270478],[1.625668,6.996783],[1.531927,6.991926],[1.551357,6.920871],[1.588047,6.881235],[1.590114,6.867334],[1.58319,6.808268],[1.60107,6.746437],[1.566033,6.678146],[1.596316,6.636418],[1.597349,6.600813],[1.627425,6.573347],[1.653883,6.570659],[1.657811,6.552263],[1.680755,6.530068],[1.681685,6.489838],[1.718375,6.466997],[1.74411,6.425733],[1.782351,6.277267],[1.633109,6.245692],[1.612439,6.234763],[1.61964,6.213894],[1.429535,6.181952],[1.185395,6.100491],[1.187968,6.135647],[1.176186,6.151512],[1.093401,6.160917],[1.079655,6.167919],[1.048132,6.20939],[1.025188,6.222334],[1.009685,6.244452],[0.983536,6.324602],[0.886798,6.33039],[0.841323,6.379224],[0.766805,6.419351],[0.745721,6.4409],[0.711718,6.513376],[0.713475,6.53999],[0.727428,6.571435],[0.714612,6.583914],[0.668207,6.585827],[0.63224,6.62399],[0.626659,6.644893],[0.635341,6.695381],[0.625832,6.727756],[0.593793,6.751114],[0.576636,6.754731],[0.541083,6.817182],[0.519275,6.832246],[0.522789,6.862838],[0.54625,6.914773],[0.534468,6.935909],[0.494574,6.973116],[0.57891,6.996783],[0.59803,7.0312],[0.59772,7.158892],[0.621801,7.218837],[0.645676,7.323585],[0.623042,7.397896],[0.566404,7.380791],[0.548214,7.383271],[0.516692,7.411022],[0.500568,7.45505],[0.495608,7.504298],[0.499432,7.562382],[0.50925,7.585378],[0.562063,7.612301],[0.570538,7.683925],[0.583354,7.704285],[0.612293,7.699428],[0.593173,8.015739],[0.574983,8.124621],[0.593276,8.150666],[0.572709,8.191],[0.573846,8.203945],[0.645056,8.253425],[0.705207,8.282751],[0.712752,8.29797],[0.708825,8.322568],[0.689187,8.331301],[0.685053,8.382564],[0.646709,8.414165],[0.616324,8.488759],[0.550798,8.519326],[0.443518,8.606866],[0.403727,8.662082],[0.374426,8.724766],[0.365874,8.774272],[0.385278,8.78608],[0.397112,8.781532],[0.407809,8.759053],[0.424966,8.78732],[0.419592,8.791247],[0.47349,8.793547],[0.483515,8.834811],[0.505633,8.866333],[0.493127,8.915219],[0.43127,9.02759],[0.458478,9.08924],[0.463646,9.137092],[0.504703,9.187166],[0.49292,9.258609],[0.522479,9.285067],[0.526613,9.297651],[0.537569,9.377646],[0.531368,9.401107],[0.513281,9.416791],[0.483515,9.426842],[0.49168,9.451285],[0.483515,9.470017],[0.411659,9.492238],[0.333783,9.479474],[0.32182,9.442836],[0.26849,9.420641],[0.23136,9.418961],[0.226813,9.432345],[0.234977,9.443766],[0.228053,9.473971],[0.28531,9.488363],[0.301924,9.507457],[0.293139,9.518283],[0.253503,9.514252],[0.225908,9.531926],[0.230197,9.575747],[0.30456,9.571562],[0.32244,9.583137],[0.354608,9.571096],[0.370809,9.575644],[0.377734,9.589416],[0.369155,9.610138],[0.349363,9.61391],[0.308797,9.603678],[0.277636,9.606986],[0.261694,9.627941],[0.260971,9.657164],[0.275285,9.685586],[0.318719,9.648611],[0.336651,9.650833],[0.347089,9.663158],[0.347606,9.698841],[0.323887,9.742068],[0.32244,9.760671],[0.343886,9.838393],[0.341715,9.903789],[0.369569,9.938826],[0.349777,9.997169],[0.355719,10.018976],[0.349777,10.02882],[0.393908,10.03249],[0.398146,10.052127],[0.395149,10.072358],[0.363393,10.089669],[0.353601,10.115508],[0.357192,10.219997],[0.372049,10.265137],[0.396596,10.283224],[0.366597,10.304488],[0.308797,10.297099],[0.317582,10.31733],[0.278825,10.366629],[0.283114,10.396808],[0.273244,10.406601],[0.23322,10.398617],[0.197073,10.41027],[0.179865,10.394173],[0.126018,10.491609],[0.057262,10.541115],[0.029434,10.582533],[-0.088129,10.633486],[-0.098336,10.654157],[-0.09769,10.675008],[-0.082807,10.756218],[-0.061103,10.791358],[-0.032061,10.813165],[-0.036091,10.853137],[-0.014439,10.953596],[0.01419,10.983672],[0.016205,11.062582],[0.001116,11.085991],[-0.032267,11.098574],[-0.103348,11.087541],[-0.121745,11.092192],[-0.158668,11.118444],[-0.166109,11.13498]]]}},{"type":"Feature","properties":{"iso3":"GHA","name":"Ghana","continent":"Africa"},"geometry":{"type":"Polygon","coordinates":[[[-0.166109,11.13498],[-0.121745,11.092192],[-0.051077,11.098264],[0.016205,11.062582],[-0.0302,10.823785],[-0.07521,10.773659],[-0.088129,10.633486],[0.037341,10.57318],[0.176971,10.397687],[0.273244,10.406601],[0.308797,10.297099],[0.396596,10.283224],[0.353601,10.115508],[0.398146,10.052127],[0.355125,10.01262],[0.370189,9.947017],[0.32244,9.760671],[0.34988,9.680651],[0.336651,9.650833],[0.275285,9.685586],[0.260971,9.657164],[0.277636,9.606986],[0.377734,9.589416],[0.230197,9.575747],[0.243116,9.518697],[0.301924,9.507457],[0.228053,9.473971],[0.23136,9.418961],[0.411659,9.492238],[0.483515,9.470017],[0.482792,9.429839],[0.531368,9.401107],[0.504393,9.203109],[0.43127,9.02759],[0.505633,8.866333],[0.462483,8.788302],[0.372669,8.783754],[0.368084,8.761481],[0.443518,8.606866],[0.616324,8.488759],[0.712752,8.29797],[0.573846,8.203945],[0.609502,7.718961],[0.570538,7.683925],[0.567748,7.625737],[0.503049,7.574681],[0.495608,7.504298],[0.516692,7.411022],[0.548214,7.383271],[0.623042,7.397896],[0.645676,7.323585],[0.59772,7.158892],[0.59803,7.0312],[0.57891,6.996783],[0.494574,6.973116],[0.54625,6.914773],[0.516071,6.841806],[0.625832,6.727756],[0.63224,6.62399],[0.727428,6.571435],[0.711718,6.513376],[0.745721,6.4409],[0.873879,6.340131],[0.983536,6.324602],[1.025188,6.222334],[1.093401,6.160917],[1.176186,6.151512],[1.185395,6.100491],[1.048025,5.992662],[0.954845,5.791083],[0.723481,5.755439],[0.364919,5.78148],[0.25172,5.759101],[-0.062734,5.585842],[-0.371571,5.492743],[-0.507436,5.368842],[-0.637766,5.340888],[-0.784495,5.22427],[-0.99706,5.216783],[-1.233632,5.100735],[-1.601471,5.026679],[-1.757436,4.875434],[-1.912099,4.820868],[-1.967275,4.758124],[-2.090566,4.737128],[-2.252756,4.879136],[-2.356597,4.919623],[-3.103749,5.087714],[-3.115305,5.107815],[-3.087636,5.114976],[-2.937245,5.091295],[-2.901235,5.133612],[-2.780885,5.150875],[-2.75701,5.179866],[-2.789567,5.346858],[-2.732671,5.355721],[-2.734428,5.391145],[-2.793442,5.608134],[-2.877494,5.636815],[-2.969504,5.621441],[-2.964801,5.709782],[-3.029759,5.704252],[-3.022524,5.854502],[-3.139364,6.219286],[-3.183599,6.263908],[-3.262509,6.617142],[-3.210419,6.715999],[-3.241684,6.810903],[-3.109599,7.046393],[-3.045933,7.071249],[-2.972811,7.214961],[-2.989529,7.258938],[-2.941521,7.577161],[-2.797887,7.861278],[-2.793546,7.935951],[-2.610559,8.040001],[-2.617639,8.151493],[-2.513201,8.194023],[-2.619448,8.923617],[-2.686059,9.028261],[-2.774839,9.054978],[-2.759388,9.134818],[-2.661151,9.253907],[-2.713344,9.329923],[-2.672416,9.374028],[-2.674587,9.457486],[-2.761093,9.566239],[-2.740164,9.650833],[-2.795303,9.720002],[-2.736753,9.832579],[-2.79892,10.169613],[-2.754375,10.247954],[-2.841295,10.343272],[-2.771893,10.41182],[-2.859562,10.465616],[-2.928266,10.615219],[-2.919274,10.727202],[-2.815767,10.929153],[-2.838711,10.985119],[-1.070343,11.013902],[-0.932471,11.003102],[-0.883171,10.968634],[-0.839401,10.996462],[-0.703017,10.994159],[-0.634763,10.907966],[-0.576213,10.987754],[-0.46852,11.020129],[-0.425215,11.101468],[-0.368939,11.065217],[-0.318813,11.101365],[-0.301682,11.162937],[-0.166109,11.13498]]]}},{"type":"Feature","properties":{"iso3":"GNB","name":"Guinea-Bissau","continent":"Africa"},"geometry":{"type":"MultiPolygon","coordinates":[[[[-13.728279,12.673388],[-13.734635,12.585331],[-13.725075,12.558149],[-13.67469,12.496086],[-13.660712,12.458672],[-13.684147,12.39201],[-13.68301,12.33868],[-13.695025,12.292946],[-13.71182,12.267521],[-13.740836,12.256927],[-13.808558,12.256101],[-13.795691,12.278735],[-13.812641,12.283592],[-13.840003,12.277133],[-13.883153,12.246437],[-13.943925,12.218635],[-13.965732,12.194244],[-13.972527,12.151559],[-13.918396,12.137762],[-13.869717,12.10071],[-13.842406,12.091304],[-13.807757,12.044279],[-13.734919,12.019267],[-13.723938,12.002783],[-13.734635,11.901859],[-13.719571,11.766105],[-13.729932,11.709829],[-13.770007,11.688693],[-13.815767,11.686833],[-13.820134,11.708072],[-13.842975,11.71727],[-13.846282,11.737269],[-13.870053,11.743677],[-13.870673,11.704145],[-13.886409,11.675568],[-13.903643,11.665387],[-13.923745,11.665026],[-13.945423,11.675671],[-14.015135,11.63712],[-14.058827,11.644045],[-14.118565,11.637999],[-14.161844,11.660943],[-14.289692,11.66885],[-14.339223,11.61061],[-14.520944,11.51289],[-14.562259,11.505604],[-14.64538,11.515061],[-14.686773,11.51072],[-14.711061,11.497568],[-14.828212,11.334787],[-14.863145,11.218645],[-14.959056,11.035762],[-15.020985,10.967475],[-15.085194,10.927639],[-15.09675,10.929348],[-15.093984,10.942532],[-15.069447,10.960028],[-15.048329,10.994818],[-15.083079,10.967475],[-15.114003,10.975165],[-15.099355,11.057685],[-15.082753,11.075426],[-15.065745,11.114569],[-15.042104,11.118313],[-15.042877,11.135443],[-15.000559,11.142239],[-15.020985,11.166083],[-14.999745,11.198961],[-15.000885,11.216783],[-15.014801,11.227525],[-15.038726,11.182603],[-15.083079,11.166083],[-15.081858,11.140204],[-15.102895,11.145657],[-15.110341,11.125149],[-15.124623,11.131985],[-15.130849,11.103664],[-15.154775,11.086982],[-15.206899,11.009589],[-15.230133,10.994818],[-15.258453,11.013617],[-15.271108,11.039211],[-15.230214,11.061835],[-15.214508,11.081448],[-15.206614,11.125149],[-15.217356,11.209418],[-15.206614,11.233791],[-15.229115,11.230373],[-15.234975,11.215562],[-15.225087,11.163967],[-15.23351,11.122545],[-15.259348,11.132636],[-15.294749,11.131985],[-15.318471,11.143378],[-15.358225,11.144232],[-15.373525,11.173774],[-15.409535,11.189602],[-15.410064,11.279202],[-15.426137,11.286526],[-15.418853,11.327135],[-15.38858,11.36994],[-15.377919,11.378363],[-15.351308,11.367621],[-15.329701,11.368476],[-15.2954,11.390815],[-15.268056,11.43301],[-15.343129,11.378363],[-15.358469,11.387356],[-15.361684,11.399115],[-15.35676,11.429592],[-15.331044,11.462633],[-15.353383,11.463324],[-15.366444,11.450751],[-15.384185,11.404731],[-15.42634,11.385199],[-15.449452,11.347073],[-15.494293,11.333889],[-15.502675,11.336656],[-15.507069,11.357896],[-15.489003,11.40469],[-15.453033,11.460354],[-15.476715,11.467963],[-15.4735,11.494452],[-15.456776,11.489081],[-15.43871,11.501899],[-15.432485,11.48078],[-15.420644,11.505276],[-15.412343,11.507717],[-15.405263,11.494452],[-15.397817,11.494452],[-15.412017,11.529242],[-15.405263,11.536038],[-15.35436,11.525051],[-15.348866,11.528266],[-15.35676,11.542873],[-15.349965,11.563381],[-15.335072,11.552436],[-15.30956,11.55386],[-15.30899,11.536038],[-15.289866,11.542792],[-15.290395,11.556342],[-15.316477,11.583808],[-15.336293,11.576972],[-15.336293,11.583808],[-15.294749,11.604926],[-15.27477,11.578111],[-15.258453,11.570258],[-15.240102,11.576972],[-15.252268,11.578803],[-15.253774,11.604926],[-15.277252,11.61164],[-15.281117,11.624823],[-15.240102,11.611762],[-15.226471,11.618598],[-15.233876,11.591254],[-15.209137,11.573961],[-15.192291,11.591254],[-15.212758,11.621731],[-15.194447,11.642808],[-15.186147,11.645901],[-15.148427,11.628811],[-15.143951,11.59809],[-15.124623,11.604926],[-15.128896,11.615383],[-15.115875,11.617743],[-15.089915,11.591254],[-15.143951,11.583808],[-15.124623,11.570217],[-15.128896,11.554429],[-15.12328,11.545478],[-15.114735,11.546332],[-15.105092,11.572903],[-15.023752,11.582668],[-15.007314,11.611762],[-15.039174,11.599066],[-15.079945,11.597968],[-15.083079,11.608344],[-15.062001,11.618598],[-15.062001,11.645901],[-15.082387,11.643256],[-15.089915,11.618598],[-15.103627,11.633979],[-15.124623,11.638495],[-15.102895,11.666409],[-15.110341,11.686835],[-15.117177,11.686835],[-15.130849,11.652737],[-15.171864,11.659573],[-15.161448,11.674872],[-15.135162,11.689521],[-15.130849,11.707953],[-15.148671,11.694525],[-15.171864,11.701117],[-15.175771,11.684475],[-15.192291,11.68008],[-15.18932,11.665473],[-15.206899,11.666815],[-15.212758,11.68008],[-15.228017,11.658596],[-15.236318,11.664293],[-15.231353,11.681301],[-15.206614,11.693671],[-15.219106,11.708157],[-15.212758,11.727851],[-15.186147,11.721625],[-15.199452,11.744534],[-15.226471,11.755113],[-15.241444,11.712104],[-15.240102,11.693671],[-15.259348,11.676825],[-15.274159,11.676581],[-15.26122,11.701117],[-15.272939,11.706204],[-15.275014,11.718492],[-15.268056,11.748358],[-15.284088,11.734117],[-15.288564,11.711086],[-15.322621,11.707953],[-15.281117,11.669827],[-15.285024,11.65644],[-15.293935,11.653144],[-15.30899,11.666409],[-15.322621,11.63227],[-15.336415,11.684394],[-15.349965,11.68008],[-15.343129,11.666409],[-15.35676,11.666409],[-15.352854,11.640082],[-15.336293,11.618598],[-15.343129,11.604926],[-15.391591,11.659573],[-15.394683,11.641913],[-15.371083,11.591254],[-15.391591,11.59809],[-15.396067,11.584621],[-15.40453,11.584459],[-15.412017,11.611762],[-15.418853,11.611762],[-15.42634,11.570217],[-15.43517,11.57453],[-15.43871,11.557115],[-15.449127,11.563788],[-15.468861,11.60578],[-15.428456,11.670478],[-15.42634,11.693671],[-15.476145,11.654364],[-15.493967,11.666409],[-15.487782,11.707953],[-15.508941,11.704535],[-15.538075,11.676215],[-15.551381,11.73314],[-15.517893,11.79267],[-15.463124,11.839993],[-15.457387,11.864651],[-15.43871,11.885443],[-15.418853,11.871243],[-15.410064,11.884182],[-15.397817,11.885443],[-15.312734,11.871243],[-15.189198,11.871243],[-15.161855,11.892971],[-15.13561,11.899156],[-15.089915,11.940131],[-15.066965,11.940131],[-15.062856,11.924994],[-15.087148,11.870347],[-15.086415,11.845404],[-15.069447,11.803616],[-15.002553,11.783515],[-14.982411,11.754136],[-14.935902,11.752997],[-14.925404,11.769436],[-14.951405,11.760647],[-14.996816,11.81037],[-15.046702,11.823472],[-15.070221,11.860745],[-15.042104,11.896064],[-15.023061,11.951077],[-14.993764,11.957221],[-15.000152,11.970608],[-15.017568,11.981513],[-15.04662,11.976467],[-15.079701,11.987942],[-15.140777,11.961168],[-15.192291,11.913398],[-15.215077,11.909613],[-15.313059,11.932807],[-15.35851,11.963202],[-15.404408,11.967231],[-15.456451,11.940131],[-15.497385,11.936998],[-15.528717,11.905951],[-15.555409,11.892971],[-15.593251,11.84455],[-15.676788,11.804755],[-15.744252,11.791938],[-15.830393,11.748358],[-15.809926,11.829535],[-15.791493,11.863227],[-15.734202,11.85814],[-15.734202,11.864976],[-15.753041,11.866116],[-15.776357,11.885688],[-15.795562,11.885443],[-15.811594,11.873684],[-15.817779,11.837592],[-15.850168,11.775336],[-15.860463,11.769436],[-15.880035,11.774359],[-15.877553,11.824042],[-15.894276,11.81623],[-15.905507,11.761949],[-15.958974,11.734809],[-15.969553,11.768256],[-15.931996,11.879584],[-15.921864,11.896918],[-15.897817,11.909573],[-15.891225,11.933905],[-15.865346,11.972235],[-15.821767,11.99787],[-15.781972,12.002834],[-15.767568,11.978746],[-15.72053,11.967434],[-15.706288,12.008287],[-15.713694,12.015815],[-15.742787,11.99494],[-15.761464,11.995307],[-15.781972,12.015815],[-15.837066,12.013861],[-15.863881,12.029486],[-15.871002,12.013007],[-15.889556,12.00259],[-15.932769,11.995307],[-15.925933,11.981106],[-15.932769,11.97484],[-15.946401,11.983629],[-15.944732,11.95307],[-15.967885,11.926988],[-16.055653,11.920233],[-16.124582,11.885443],[-16.158762,11.913398],[-16.183176,11.907904],[-16.243031,11.925442],[-16.27538,11.981106],[-16.323232,11.995307],[-16.338002,12.016995],[-16.355133,12.087348],[-16.357289,12.101142],[-16.319569,12.171698],[-16.282826,12.193996],[-16.277455,12.173285],[-16.261138,12.180325],[-16.268625,12.214423],[-16.257395,12.23017],[-16.148427,12.290676],[-16.104115,12.337958],[-16.06314,12.35102],[-16.107533,12.344672],[-16.155385,12.300035],[-16.22761,12.282701],[-16.271962,12.252346],[-16.305816,12.214423],[-16.324574,12.222154],[-16.316396,12.282701],[-16.350209,12.197211],[-16.365346,12.192328],[-16.384633,12.200832],[-16.391469,12.193996],[-16.405751,12.207668],[-16.415679,12.188463],[-16.443267,12.187161],[-16.457631,12.171942],[-16.466298,12.183905],[-16.50064,12.196601],[-16.508168,12.217841],[-16.53893,12.256049],[-16.567006,12.27733],[-16.576405,12.282701],[-16.603749,12.276516],[-16.624257,12.30386],[-16.672678,12.337958],[-16.721059,12.323676],[-16.728437,12.332531],[-16.705616,12.348033],[-16.668874,12.356715],[-16.533327,12.347826],[-16.462686,12.361314],[-16.412301,12.361727],[-16.22239,12.455055],[-16.181876,12.443376],[-16.090512,12.464305],[-15.973258,12.437226],[-15.893883,12.442756],[-15.711517,12.432214],[-15.677049,12.439294],[-15.424609,12.555049],[-15.249736,12.663621],[-15.195114,12.679434],[-13.728279,12.673388]]],[[[-15.946401,11.200263],[-15.911692,11.166327],[-15.894846,11.098863],[-15.877553,11.073635],[-15.894643,11.054348],[-15.963246,11.05622],[-15.978179,11.048082],[-15.981028,11.06623],[-15.925933,11.090399],[-15.930491,11.10163],[-15.941762,11.105373],[-15.951894,11.099921],[-15.953277,11.083564],[-15.966949,11.097846],[-15.953481,11.124457],[-15.957143,11.187242],[-15.946401,11.200263]]],[[[-15.973785,11.159247],[-15.974477,11.116197],[-16.017079,11.068671],[-16.03246,11.121487],[-16.022125,11.138821],[-16.044993,11.138739],[-16.056142,11.148586],[-16.056996,11.16356],[-16.034535,11.190497],[-15.981191,11.207099],[-15.973785,11.159247]]],[[[-16.048899,11.118313],[-16.06314,11.118313],[-16.053334,11.091539],[-16.062245,11.058417],[-16.055653,11.049465],[-16.076161,11.036119],[-16.131988,11.028957],[-16.131988,11.063666],[-16.151275,11.042548],[-16.145009,11.028957],[-16.165517,11.042548],[-16.188466,11.039618],[-16.213124,11.055569],[-16.248036,11.104682],[-16.20165,11.135647],[-16.186676,11.131985],[-16.206532,11.125149],[-16.199696,11.110826],[-16.179433,11.124661],[-16.169749,11.13227],[-16.161855,11.166205],[-16.138295,11.186591],[-16.117747,11.172919],[-16.115102,11.197455],[-16.099965,11.208197],[-16.079986,11.206244],[-16.05663,11.185207],[-16.069407,11.162746],[-16.067698,11.147895],[-16.048899,11.118313]]],[[[-15.857086,11.30268],[-15.831166,11.302965],[-15.825836,11.29267],[-15.836537,11.25552],[-15.837554,11.214016],[-15.846506,11.200995],[-15.871327,11.200263],[-15.896067,11.218207],[-15.896474,11.248725],[-15.880767,11.280585],[-15.857086,11.30268]]],[[[-15.658437,11.30268],[-15.658437,11.233791],[-15.663442,11.229885],[-15.678822,11.254136],[-15.693186,11.25552],[-15.685699,11.241197],[-15.698638,11.220852],[-15.706207,11.214504],[-15.711781,11.222398],[-15.726796,11.220771],[-15.720326,11.195624],[-15.726796,11.166083],[-15.740224,11.178616],[-15.754018,11.179145],[-15.763824,11.167914],[-15.773305,11.173082],[-15.781972,11.200263],[-15.759511,11.221869],[-15.775136,11.233791],[-15.754018,11.25552],[-15.754994,11.271715],[-15.736684,11.275539],[-15.723541,11.299018],[-15.699534,11.305813],[-15.658437,11.30268]]],[[[-16.172963,11.220771],[-16.251454,11.217678],[-16.278228,11.230373],[-16.281646,11.242621],[-16.261138,11.261664],[-16.262522,11.278632],[-16.248687,11.29442],[-16.206532,11.310126],[-16.197499,11.298407],[-16.158762,11.296454],[-16.154408,11.289211],[-16.151275,11.25552],[-16.172841,11.244574],[-16.172963,11.220771]]],[[[-15.665273,11.494452],[-15.651601,11.488227],[-15.658437,11.473944],[-15.652659,11.466051],[-15.679555,11.440416],[-15.693186,11.453518],[-15.704661,11.442694],[-15.735097,11.449856],[-15.740387,11.460354],[-15.735463,11.469428],[-15.713694,11.46776],[-15.693186,11.501899],[-15.685699,11.494452],[-15.665273,11.508734],[-15.660268,11.504706],[-15.665273,11.494452]]],[[[-16.254872,11.447252],[-16.302113,11.453518],[-16.25536,11.482733],[-16.236684,11.508002],[-16.165517,11.51557],[-16.164174,11.49608],[-16.213979,11.440416],[-16.254872,11.447252]]],[[[-16.275543,11.49551],[-16.309967,11.482652],[-16.339101,11.501288],[-16.391469,11.501899],[-16.419423,11.488227],[-16.411977,11.522406],[-16.421946,11.527981],[-16.38915,11.547675],[-16.309967,11.553453],[-16.282826,11.583808],[-16.267934,11.57689],[-16.248036,11.583808],[-16.241282,11.570217],[-16.244537,11.552151],[-16.275543,11.49551]]],[[[-16.022125,11.512152],[-16.001332,11.569037],[-15.95226,11.606757],[-15.939605,11.604926],[-15.930898,11.578681],[-15.922434,11.57803],[-15.918446,11.591254],[-15.906077,11.578437],[-15.909291,11.551703],[-15.89802,11.542873],[-15.91039,11.522691],[-15.913442,11.498358],[-15.89802,11.453518],[-15.965688,11.426703],[-15.973785,11.447252],[-15.981191,11.447252],[-15.987416,11.43301],[-15.997874,11.443508],[-16.035227,11.419989],[-16.083608,11.46776],[-16.022125,11.512152]]],[[[-15.4735,11.63227],[-15.487782,11.594672],[-15.471669,11.566148],[-15.521311,11.570217],[-15.542348,11.549709],[-15.569692,11.549709],[-15.569692,11.542873],[-15.548411,11.535142],[-15.552235,11.519517],[-15.566314,11.510484],[-15.575836,11.522406],[-15.621734,11.522447],[-15.630279,11.528998],[-15.632965,11.538235],[-15.607411,11.550116],[-15.585683,11.577541],[-15.562245,11.576972],[-15.560292,11.59219],[-15.528717,11.624823],[-15.51183,11.620429],[-15.4735,11.63227]]],[[[-16.165517,11.871243],[-16.148061,11.877265],[-16.079945,11.873236],[-16.022572,11.899644],[-15.994862,11.899115],[-15.987538,11.890448],[-15.989084,11.861518],[-16.014719,11.824042],[-16.029408,11.769192],[-16.041412,11.755113],[-16.051666,11.762193],[-16.083608,11.755113],[-16.121165,11.799791],[-16.154775,11.807766],[-16.165517,11.871243]]]]}},{"type":"Feature","properties":{"iso3":"EGY","name":"Egypt","continent":"Africa"},"geometry":{"type":"MultiPolygon","coordinates":[[[[33.995453,26.751695],[34.003591,26.708197],[33.955089,26.790025],[33.995453,26.751695]]],[[[34.367855,30.907417],[34.480407,30.651205],[34.53601,30.468581],[34.526915,30.409618],[34.58841,30.35882],[34.730417,30.018169],[34.878108,29.504298],[34.744965,29.315823],[34.729015,29.19892],[34.674571,29.106513],[34.68572,28.988674],[34.646739,28.967434],[34.62672,28.746487],[34.410167,28.320014],[34.412934,28.23314],[34.452485,28.180365],[34.427419,27.983059],[34.341156,27.915473],[34.320974,27.861274],[34.27947,27.858344],[34.271739,27.812445],[34.216807,27.791938],[34.257335,27.769517],[34.249848,27.728583],[34.189789,27.78677],[34.054454,27.814521],[33.815115,27.991034],[33.715994,28.075263],[33.574392,28.280748],[33.43393,28.3664],[33.256196,28.544135],[33.26295,28.577053],[33.237641,28.566107],[33.256196,28.551581],[33.228689,28.569403],[33.194835,28.675116],[33.228282,28.763861],[33.181,28.818508],[33.170746,29.003079],[32.898611,29.231024],[32.821056,29.39704],[32.735362,29.477281],[32.722911,29.460883],[32.712413,29.580471],[32.680837,29.599921],[32.693126,29.722846],[32.604503,29.824164],[32.625336,29.874254],[32.571544,29.9289],[32.57781,30.01142],[32.571544,29.942572],[32.553966,29.962104],[32.476899,29.932196],[32.466807,29.896877],[32.509532,29.866848],[32.392833,29.734361],[32.337657,29.599921],[32.591482,29.349514],[32.659679,29.089097],[32.628184,29.057034],[32.625499,28.972724],[32.749197,28.804836],[32.806895,28.778144],[32.868907,28.578925],[32.993826,28.494208],[33.212169,28.189927],[33.355479,28.048082],[33.512543,27.959052],[33.554373,27.89647],[33.592052,27.797431],[33.488943,27.845893],[33.473481,27.823188],[33.516287,27.759914],[33.557872,27.759914],[33.536794,27.708075],[33.587576,27.659003],[33.557872,27.681383],[33.496349,27.646633],[33.574474,27.525865],[33.635916,27.486721],[33.684825,27.355699],[33.83839,27.24258],[33.83253,27.137885],[33.990977,26.907416],[33.996104,26.837877],[33.948253,26.831],[33.941417,26.65351],[34.014008,26.61164],[34.338715,26.001776],[34.633474,25.569403],[34.681895,25.428697],[34.989757,24.905015],[35.002208,24.815619],[35.08074,24.735419],[35.160655,24.558498],[35.144556,24.500206],[35.391856,24.282782],[35.493828,24.1089],[35.493767,24.138989],[35.552059,24.1105],[35.635631,24.001865],[35.738571,23.983317],[35.792535,23.902291],[35.750356,23.932423],[35.598533,23.929413],[35.513927,23.977118],[35.483871,23.917787],[35.474768,23.797915],[35.510148,23.756379],[35.493337,23.482367],[35.695305,22.932126],[35.763682,22.870429],[35.723399,22.931871],[35.755707,22.922309],[35.781912,22.841132],[35.885964,22.735695],[36.226085,22.635443],[36.290538,22.568183],[36.313416,22.491613],[36.4281,22.426045],[36.439823,22.356443],[36.562839,22.296677],[36.713715,22.169135],[36.782237,22.164455],[36.895383,22.066133],[36.891856,22.006741],[31.435476,21.995351],[31.491803,22.173221],[31.442504,22.224174],[31.359512,22.188104],[31.261637,22.001759],[31.112912,21.994369],[24.981245,21.995351],[24.981245,29.181372],[24.863836,29.502903],[24.870657,29.638347],[24.798207,29.796425],[24.811643,29.89089],[24.688653,30.182758],[24.907658,30.498656],[24.994887,30.785099],[24.882646,31.039088],[24.848953,31.34863],[25.023723,31.494409],[25.088422,31.613524],[25.15089,31.65648],[25.190929,31.53148],[25.389659,31.505113],[25.824067,31.614936],[25.966807,31.616604],[26.362153,31.521918],[26.753184,31.477484],[26.865733,31.436835],[26.947927,31.448228],[27.117361,31.390448],[27.320649,31.381008],[27.383474,31.2685],[27.4463,31.223212],[27.66033,31.180243],[27.863292,31.233547],[27.926931,31.099026],[28.299083,31.061957],[28.404959,31.086493],[28.812022,30.956773],[28.85434,30.905951],[29.028087,30.827053],[29.218923,30.838039],[29.503266,30.956692],[29.781505,31.147935],[29.83839,31.15412],[29.876964,31.213568],[29.898204,31.203192],[30.069591,31.333482],[30.0949,31.28559],[30.172618,31.27143],[30.154633,31.222154],[30.215831,31.219387],[30.275076,31.265286],[30.281423,31.240912],[30.302989,31.27143],[30.179454,31.27143],[30.312836,31.350572],[30.348399,31.421332],[30.343923,31.497992],[30.398611,31.443345],[30.355724,31.491116],[30.535818,31.463853],[30.973888,31.586737],[30.542654,31.402411],[30.62672,31.388658],[30.675059,31.421576],[30.734386,31.388129],[30.798513,31.446479],[30.892426,31.419094],[30.996918,31.451117],[31.029145,31.5185],[31.119151,31.493109],[31.111095,31.53974],[30.978038,31.584296],[31.097423,31.607896],[31.556814,31.443345],[31.87436,31.53559],[31.944835,31.520941],[32.024913,31.400051],[32.189464,31.300767],[31.994965,31.394965],[31.968272,31.43651],[31.9935,31.437812],[31.889496,31.53205],[31.851329,31.510647],[31.878917,31.443345],[31.830414,31.458808],[31.878917,31.416083],[31.830414,31.408637],[31.858409,31.361477],[31.790212,31.343451],[31.766938,31.284654],[31.885753,31.223619],[31.898611,31.246649],[31.899425,31.203192],[31.934744,31.187567],[31.986583,31.230292],[32.03712,31.216783],[32.016124,31.134914],[32.119802,31.052924],[32.097992,31.093329],[32.283458,31.136542],[32.262462,31.169623],[32.286469,31.170356],[32.289806,31.230455],[32.207042,31.295071],[32.320079,31.272691],[32.599701,31.06151],[32.761974,31.081204],[32.90919,31.148179],[32.666515,31.052314],[32.731293,31.038764],[32.944021,31.107896],[32.994477,31.055569],[33.023448,31.065985],[33.009125,31.086493],[33.064301,31.134914],[32.970551,31.101467],[33.030284,31.162177],[33.126475,31.196357],[33.098643,31.189521],[33.157725,31.117865],[33.126475,31.100775],[33.133311,31.045559],[33.427501,31.147935],[33.64796,31.117255],[34.047048,31.229193],[34.198497,31.3133],[34.367855,30.907417]],[[35.429207,22.97833],[35.212088,22.786263],[35.621087,23.139293],[35.429207,22.97833]],[[34.777558,22.499765],[34.828226,22.60689],[34.861952,22.680182],[34.777558,22.499765]],[[34.501684,22.262124],[34.682088,22.297912],[34.147476,22.191856],[34.501684,22.262124]]],[[[34.05128,27.45482],[33.933767,27.494696],[33.925792,27.534329],[34.028494,27.502021],[34.05128,27.45482]]],[[[34.661786,27.930218],[34.731882,27.957141],[34.704695,27.908368],[34.661786,27.930218]]],[[[34.620453,27.920356],[34.518077,27.930406],[34.504893,28.009914],[34.534841,28.008246],[34.503184,27.975572],[34.5796,27.965522],[34.620453,27.920356]]],[[[32.983084,31.089911],[32.989268,31.073432],[32.969737,31.086575],[32.983084,31.089911]]],[[[33.454356,31.15469],[33.269786,31.216783],[33.475922,31.14175],[33.454356,31.15469]]],[[[33.2435,31.219306],[33.076427,31.218736],[32.934744,31.147935],[33.104747,31.240302],[33.2435,31.219306]]]]}},{"type":"Feature","properties":{"iso3":"MRT","name":"Mauritania","continent":"Africa"},"geometry":{"type":"MultiPolygon","coordinates":[[[[-8.682385,27.285416],[-4.821613,24.995065],[-6.593107,24.994134],[-5.623347,16.527829],[-5.353286,16.311977],[-5.510951,15.495903],[-9.349218,15.495644],[-9.329322,15.655247],[-9.356453,15.697854],[-9.451692,15.588326],[-9.42389,15.440532],[-9.672118,15.430661],[-9.835596,15.371104],[-10.067624,15.364748],[-10.308746,15.435209],[-10.709187,15.433865],[-10.736368,15.422626],[-10.746807,15.341132],[-10.827216,15.287698],[-10.906229,15.119776],[-11.045393,15.270206],[-11.298195,15.451048],[-11.409557,15.602201],[-11.515391,15.644421],[-11.524279,15.600289],[-11.644117,15.526444],[-11.727057,15.541171],[-11.845655,15.179075],[-11.859142,15.054069],[-11.811083,15.014304],[-11.820437,14.906404],[-11.991486,14.76804],[-12.081454,14.740032],[-12.123674,14.776644],[-12.246793,14.767007],[-12.382495,14.84602],[-12.484892,15.017276],[-12.632273,15.105436],[-12.717049,15.10342],[-12.779758,15.146389],[-12.787225,15.214163],[-12.888356,15.250879],[-12.828049,15.283874],[-12.927217,15.380742],[-12.954941,15.493061],[-12.980185,15.516289],[-13.083845,15.49275],[-13.099015,15.586879],[-13.2473,15.648297],[-13.232547,15.71961],[-13.287453,15.778159],[-13.31373,15.92213],[-13.435067,16.096538],[-13.491549,16.088425],[-13.497259,16.156069],[-13.662417,16.107442],[-13.722775,16.146096],[-13.729416,16.189504],[-13.844835,16.126045],[-13.967799,16.246038],[-13.987049,16.34288],[-14.406635,16.660793],[-14.503916,16.632681],[-14.912496,16.640639],[-14.996625,16.682445],[-15.036933,16.632578],[-15.107574,16.665392],[-15.096154,16.613974],[-15.125093,16.58271],[-15.414532,16.548035],[-15.478508,16.575165],[-15.536696,16.516512],[-15.594418,16.523644],[-15.672191,16.481372],[-15.896932,16.518424],[-16.05377,16.495428],[-16.119657,16.552376],[-16.273808,16.523179],[-16.334941,16.455793],[-16.391682,16.224747],[-16.465993,16.174053],[-16.542348,15.808824],[-16.529286,16.332709],[-16.467152,16.492865],[-16.459218,16.643948],[-16.343088,16.942288],[-16.172597,17.262356],[-16.078969,17.544827],[-16.024159,17.96015],[-16.035227,18.141425],[-16.069407,18.484036],[-16.131988,18.628648],[-16.204579,18.982733],[-16.282786,19.130439],[-16.360707,19.21247],[-16.474599,19.270819],[-16.524078,19.365912],[-16.52184,19.39643],[-16.463735,19.381537],[-16.359202,19.415839],[-16.282826,19.536078],[-16.391469,19.464057],[-16.350494,19.546617],[-16.405181,19.507148],[-16.455068,19.408271],[-16.468495,19.455715],[-16.422515,19.54385],[-16.238433,19.787665],[-16.243479,19.888739],[-16.26651,19.913723],[-16.305572,19.873033],[-16.30956,19.902899],[-16.222483,20.003567],[-16.261138,20.135688],[-16.211659,20.175605],[-16.20226,20.233303],[-16.295074,20.330552],[-16.391184,20.569485],[-16.467193,20.649604],[-16.421946,20.669135],[-16.494496,20.691148],[-16.529286,20.738959],[-16.542348,20.560858],[-16.665028,20.670559],[-16.671132,20.737128],[-16.917592,21.159166],[-17.015859,21.031236],[-17.004384,20.93244],[-17.041249,20.911363],[-17.046946,20.777818],[-17.077428,20.904513],[-16.968339,21.324591],[-13.015247,21.333428],[-13.09333,22.495476],[-13.15498,22.688797],[-13.152293,22.820004],[-13.015247,23.018002],[-12.619432,23.270829],[-12.353892,23.322479],[-12.019339,23.460998],[-12.015308,25.9949],[-8.687656,26.000016],[-8.682385,27.285416]]],[[[-16.377797,19.813544],[-16.336822,19.855699],[-16.432485,19.601264],[-16.457143,19.703355],[-16.418202,19.805609],[-16.377797,19.813544]]],[[[-16.320912,19.728502],[-16.301625,19.722602],[-16.394521,19.599921],[-16.320912,19.728502]]],[[[-16.477162,19.731513],[-16.484242,19.67772],[-16.496897,19.705512],[-16.477162,19.731513]]],[[[-16.459299,20.614691],[-16.44811,20.57453],[-16.474233,20.594184],[-16.459299,20.614691]]]]}},{"type":"Feature","properties":{"iso3":"GNQ","name":"Equatorial Guinea","continent":"Africa"},"geometry":{"type":"MultiPolygon","coordinates":[[[[9.799571,2.341742],[9.81106,2.324872],[9.810853,2.264876],[9.823669,2.249011],[9.872141,2.211236],[9.990997,2.165605],[11.322078,2.16576],[11.329727,2.127442],[11.336341,0.999165],[10.029444,1.003506],[9.980765,0.997201],[9.971773,0.93984],[9.944075,0.924854],[9.908625,0.935086],[9.84961,0.989243],[9.804371,0.998354],[9.799083,1.058173],[9.847504,1.072455],[9.755138,1.105943],[9.703461,1.099799],[9.703787,1.120592],[9.717784,1.133287],[9.676443,1.105414],[9.6421,1.061591],[9.584321,1.042955],[9.551606,1.115424],[9.52475,1.133287],[9.506521,1.1376],[9.420421,1.109198],[9.396495,1.111477],[9.360199,1.146959],[9.35963,1.164862],[9.34669,1.181708],[9.374034,1.199897],[9.407563,1.28384],[9.434255,1.29975],[9.448253,1.319078],[9.464041,1.359849],[9.465343,1.414537],[9.492849,1.426581],[9.532237,1.462307],[9.56422,1.503404],[9.594249,1.57217],[9.614757,1.588039],[9.65919,1.565334],[9.685883,1.568834],[9.744477,1.600043],[9.724294,1.599026],[9.683442,1.571357],[9.665701,1.575588],[9.622325,1.616767],[9.60727,1.644436],[9.617524,1.671454],[9.71811,1.771796],[9.743012,1.815741],[9.746755,1.839911],[9.799083,1.901109],[9.809744,1.934963],[9.805837,1.976386],[9.764415,2.09634],[9.778087,2.123969],[9.786388,2.248114],[9.766938,2.310492],[9.799571,2.341742]]],[[[5.626231,-1.456231],[5.618663,-1.433038],[5.633067,-1.415785],[5.646251,-1.438409],[5.642751,-1.462823],[5.628917,-1.475681],[5.61199,-1.463637],[5.626231,-1.456231]]],[[[8.922699,3.750718],[8.959158,3.700832],[8.961599,3.660468],[8.951182,3.627427],[8.906993,3.582099],[8.896739,3.554429],[8.863536,3.515123],[8.840668,3.458075],[8.823416,3.444403],[8.815929,3.415513],[8.784923,3.395087],[8.774669,3.316555],[8.729747,3.264797],[8.686209,3.197333],[8.599864,3.238023],[8.559581,3.230618],[8.52768,3.248847],[8.469412,3.257961],[8.450206,3.272935],[8.422048,3.339301],[8.442149,3.421332],[8.473888,3.46308],[8.562755,3.456529],[8.5796,3.463324],[8.585134,3.479315],[8.573253,3.511786],[8.60141,3.529731],[8.621104,3.555854],[8.62794,3.648342],[8.667166,3.726264],[8.702403,3.760932],[8.743419,3.772406],[8.737153,3.758205],[8.76824,3.751695],[8.791759,3.758205],[8.84669,3.746405],[8.880626,3.747301],[8.908458,3.758205],[8.922699,3.750718]]]]}},{"type":"Feature","properties":{"iso3":"GMB","name":"Gambia","continent":"Africa"},"geometry":{"type":"Polygon","coordinates":[[[-16.753651,13.065009],[-16.786733,13.090074],[-16.775502,13.112738],[-16.796742,13.177232],[-16.795033,13.235907],[-16.802968,13.262193],[-16.820058,13.281317],[-16.824452,13.294582],[-16.81664,13.310614],[-16.829701,13.338528],[-16.809967,13.379869],[-16.762929,13.404975],[-16.678822,13.496161],[-16.671132,13.478664],[-16.652252,13.468248],[-16.616851,13.478176],[-16.590728,13.461371],[-16.585317,13.443345],[-16.612782,13.439154],[-16.624257,13.427232],[-16.608713,13.413723],[-16.59553,13.385077],[-16.590728,13.338528],[-16.545766,13.290107],[-16.495188,13.287909],[-16.419667,13.255561],[-16.413482,13.222073],[-16.419423,13.208197],[-16.39977,13.224311],[-16.377797,13.215033],[-16.415273,13.267035],[-16.439931,13.269599],[-16.439931,13.276435],[-16.384633,13.283881],[-16.374745,13.263861],[-16.257965,13.324897],[-16.230133,13.316392],[-16.22761,13.256008],[-16.209706,13.251166],[-16.151275,13.276435],[-16.151275,13.283881],[-16.172515,13.279283],[-16.19929,13.259101],[-16.210764,13.3133],[-16.227122,13.333686],[-16.216217,13.372748],[-16.176178,13.405422],[-16.161204,13.428697],[-16.135121,13.420478],[-15.994862,13.413031],[-15.941314,13.425442],[-15.891225,13.427232],[-15.874379,13.43887],[-15.849517,13.442206],[-15.764475,13.436916],[-15.706207,13.454576],[-15.668691,13.475735],[-15.644683,13.457913],[-15.620839,13.45482],[-15.589589,13.468248],[-15.565053,13.502509],[-15.543446,13.50967],[-15.500396,13.488186],[-15.470041,13.496161],[-15.45108,13.490912],[-15.418853,13.454576],[-15.340566,13.440823],[-15.304799,13.455308],[-15.294749,13.496161],[-15.302154,13.496161],[-15.304067,13.481147],[-15.321848,13.458238],[-15.351674,13.456732],[-15.415761,13.473212],[-15.46524,13.510159],[-15.490834,13.502997],[-15.556142,13.528306],[-15.575836,13.522895],[-15.610666,13.489325],[-15.672109,13.502997],[-15.769887,13.465074],[-16.09024,13.440497],[-16.141591,13.454576],[-16.178456,13.440985],[-16.27302,13.362616],[-16.289133,13.365871],[-16.289133,13.406806],[-16.30602,13.391669],[-16.302113,13.372016],[-16.316396,13.359036],[-16.302113,13.352769],[-16.321889,13.342841],[-16.390533,13.336859],[-16.52184,13.359036],[-16.503529,13.392564],[-16.503529,13.416938],[-16.519765,13.451321],[-16.554433,13.481838],[-16.548004,13.548082],[-16.561399,13.586914],[-15.518195,13.5831],[-15.502486,13.588267],[-15.496801,13.648341],[-15.467501,13.708286],[-15.394069,13.771512],[-15.347766,13.788643],[-15.304462,13.781873],[-15.267255,13.741798],[-15.245964,13.746733],[-15.17062,13.793784],[-15.097704,13.819984],[-15.016779,13.796885],[-14.915803,13.792441],[-14.879268,13.780581],[-14.831312,13.735623],[-14.802942,13.65232],[-14.74093,13.615449],[-14.667188,13.652889],[-14.626674,13.663508],[-14.585539,13.660459],[-14.542596,13.640822],[-14.50973,13.609093],[-14.486863,13.546539],[-14.470275,13.522354],[-14.365553,13.454839],[-14.329947,13.456441],[-14.271217,13.476956],[-14.196829,13.518788],[-14.139132,13.531552],[-14.092882,13.554729],[-14.034022,13.560207],[-13.988495,13.579146],[-13.94209,13.566925],[-13.901343,13.541629],[-13.8846,13.505533],[-13.84269,13.476646],[-13.818713,13.429362],[-13.822562,13.378203],[-13.851036,13.33575],[-13.900568,13.314563],[-14.056579,13.297174],[-14.116808,13.282162],[-14.201687,13.229555],[-14.284911,13.238547],[-14.368834,13.235705],[-14.43144,13.26144],[-14.470326,13.298259],[-14.529574,13.307277],[-14.592154,13.35314],[-14.661607,13.340918],[-14.698142,13.345181],[-14.731577,13.359005],[-14.790333,13.417348],[-14.829142,13.427011],[-14.862576,13.447061],[-14.949703,13.463081],[-15.015074,13.495741],[-15.13765,13.589973],[-15.160491,13.580981],[-15.203951,13.536901],[-15.217955,13.51468],[-15.227774,13.425176],[-15.248341,13.398977],[-15.277073,13.380296],[-15.342392,13.36257],[-15.379237,13.362519],[-15.519539,13.3866],[-15.596123,13.355827],[-15.6925,13.360348],[-15.818694,13.333528],[-15.8266,13.161678],[-15.833318,13.156847],[-16.673525,13.164314],[-16.708407,13.156692],[-16.748508,13.099227],[-16.753651,13.065009]]]}},{"type":"Feature","properties":{"iso3":"MDG","name":"Madagascar","continent":"Africa"},"geometry":{"type":"MultiPolygon","coordinates":[[[[44.254731,-20.376072],[44.334239,-20.16961],[44.473888,-19.986261],[44.471853,-19.87949],[44.38502,-19.808689],[44.374766,-19.760512],[44.409679,-19.70143],[44.404959,-19.610121],[44.483735,-19.523207],[44.479747,-19.483982],[44.444672,-19.385837],[44.234386,-19.0888],[44.257335,-18.803888],[44.185883,-18.610772],[44.041759,-18.396905],[44.000987,-17.937921],[44.035655,-17.769464],[43.92921,-17.601658],[43.924001,-17.546482],[43.943126,-17.455743],[44.138194,-17.170505],[44.151703,-17.094415],[44.179698,-17.095147],[44.430675,-16.700372],[44.411794,-16.573012],[44.455577,-16.540948],[44.462901,-16.485447],[44.398204,-16.340427],[44.45281,-16.1867],[44.782074,-16.190851],[44.854259,-16.225356],[45.040212,-16.118097],[45.138682,-15.990899],[45.266368,-15.923923],[45.31365,-16.115004],[45.412934,-16.039239],[45.379405,-15.97381],[45.570079,-15.943048],[45.604747,-16.051853],[45.646251,-15.891209],[45.62143,-15.850763],[45.660899,-15.803806],[45.693858,-15.783136],[45.802013,-15.816583],[45.948578,-15.774184],[45.958751,-15.839939],[46.066091,-15.861912],[46.070811,-15.796075],[46.023448,-15.808201],[46.030284,-15.769464],[46.144216,-15.703709],[46.235606,-15.729181],[46.207367,-15.819513],[46.331065,-15.977227],[46.345958,-15.938653],[46.384939,-15.959161],[46.411957,-15.899672],[46.468761,-15.95672],[46.444347,-15.881036],[46.299001,-15.815688],[46.355642,-15.732517],[46.308604,-15.717706],[46.332693,-15.630141],[46.482432,-15.491143],[46.488617,-15.511651],[46.604747,-15.424249],[46.680431,-15.41546],[46.643321,-15.378025],[46.949474,-15.198419],[46.989431,-15.272068],[47.074718,-15.323989],[46.958263,-15.549574],[47.015473,-15.488946],[47.216319,-15.44378],[47.235362,-15.41546],[47.195811,-15.395685],[47.165212,-15.302016],[47.111827,-15.306248],[47.119884,-15.257908],[47.055919,-15.193617],[47.20574,-15.046645],[47.241384,-14.969659],[47.358897,-14.901544],[47.368337,-14.846612],[47.324067,-14.874282],[47.283702,-14.846938],[47.444835,-14.671563],[47.496104,-14.711602],[47.5171,-14.819594],[47.420665,-14.96559],[47.427745,-15.107599],[47.500499,-15.052992],[47.687185,-14.700128],[47.79713,-14.566339],[47.918468,-14.697198],[47.942149,-14.619236],[47.968598,-14.622166],[47.994802,-14.743341],[48.016856,-14.737074],[48.013031,-14.63006],[47.926036,-14.566502],[47.85377,-14.594496],[47.81072,-14.550877],[47.75294,-14.600518],[47.70338,-14.449395],[47.709483,-14.369561],[47.790863,-14.22324],[47.861013,-14.248793],[47.943533,-14.232517],[47.951671,-14.162367],[47.906993,-14.099705],[47.94158,-14.091892],[48.014985,-14.153578],[47.976573,-14.312921],[47.996267,-14.325616],[48.033946,-14.253839],[48.010509,-14.209568],[48.048188,-14.08408],[47.941091,-14.004083],[48.0171,-13.965427],[47.928722,-13.906345],[47.875824,-13.784275],[47.8838,-13.728448],[47.927501,-13.709242],[47.89324,-13.653985],[47.904307,-13.603204],[47.984874,-13.506768],[48.007335,-13.574802],[48.06837,-13.517348],[48.094249,-13.581801],[48.150076,-13.615899],[48.192393,-13.76686],[48.298676,-13.798272],[48.341156,-13.755548],[48.352712,-13.537856],[48.393565,-13.585707],[48.427582,-13.524184],[48.489757,-13.497003],[48.53419,-13.520766],[48.48227,-13.360447],[48.595714,-13.443455],[48.710948,-13.432306],[48.780121,-13.383884],[48.839203,-13.260431],[48.818696,-13.176365],[48.843516,-13.080824],[48.930837,-12.933364],[48.955333,-12.8117],[48.865896,-12.647231],[48.884532,-12.567478],[48.839203,-12.56463],[48.782074,-12.448826],[48.729991,-12.434991],[48.759613,-12.398126],[48.818533,-12.406996],[48.873871,-12.431736],[48.904063,-12.488946],[48.955333,-12.469171],[48.975759,-12.346124],[49.162608,-12.23447],[49.161388,-12.181736],[49.199067,-12.152032],[49.148774,-12.103448],[49.093028,-12.098565],[49.161388,-12.050714],[49.209158,-12.106052],[49.216807,-12.065037],[49.181895,-12.043878],[49.242524,-11.953709],[49.288341,-11.954848],[49.37086,-12.183282],[49.245291,-12.15309],[49.229666,-12.222101],[49.291759,-12.239435],[49.276378,-12.281345],[49.299001,-12.259373],[49.329438,-12.297784],[49.35906,-12.296808],[49.381358,-12.222833],[49.456228,-12.373468],[49.496593,-12.346124],[49.539399,-12.378188],[49.545746,-12.402032],[49.500987,-12.397393],[49.52768,-12.442641],[49.558604,-12.420668],[49.592784,-12.503188],[49.574718,-12.529718],[49.572113,-12.489516],[49.56544,-12.639825],[49.653331,-12.694757],[49.659841,-12.791925],[49.730479,-12.738051],[49.800548,-12.798272],[49.814708,-12.865818],[49.864268,-12.880466],[49.867035,-12.942071],[49.93686,-13.024102],[49.972667,-13.331313],[50.032888,-13.360528],[50.040538,-13.497003],[50.142914,-13.783136],[50.164236,-14.223077],[50.212901,-14.287205],[50.190929,-14.456638],[50.240896,-14.705987],[50.209727,-14.750665],[50.26531,-14.797784],[50.355235,-15.033136],[50.490001,-15.219496],[50.482677,-15.437188],[50.429861,-15.600274],[50.214041,-15.97503],[50.03891,-15.85947],[50.026703,-15.778497],[49.965017,-15.702244],[49.966075,-15.611423],[49.90561,-15.561619],[49.901134,-15.422296],[49.717784,-15.44671],[49.638438,-15.54461],[49.650564,-15.683038],[49.73113,-15.89422],[49.683604,-16.020278],[49.689789,-16.086847],[49.72877,-16.139418],[49.822765,-16.179864],[49.849864,-16.240818],[49.826915,-16.373305],[49.863129,-16.444513],[49.854015,-16.539646],[49.723155,-16.708103],[49.724946,-16.754002],[49.768321,-16.815606],[49.840343,-16.827569],[49.595714,-16.912042],[49.431326,-17.283868],[49.421397,-17.355157],[49.509613,-17.727716],[49.41391,-18.067071],[49.438487,-18.142836],[49.384125,-18.225518],[49.359223,-18.424005],[49.076915,-19.065606],[48.85963,-19.684666],[48.791352,-19.993097],[48.750499,-19.965753],[48.781749,-20.037205],[48.562266,-20.577081],[48.438487,-20.964044],[48.455577,-21.014093],[48.3567,-21.353692],[48.201834,-21.796157],[47.900645,-22.481134],[47.833832,-22.900974],[47.738048,-23.255466],[47.619477,-23.59059],[47.602224,-23.565362],[47.574962,-23.598728],[47.620128,-23.640395],[47.568696,-23.852634],[47.496755,-24.016371],[47.455089,-24.039972],[47.370779,-24.270115],[47.3296,-24.263604],[47.312266,-24.485935],[47.201182,-24.762465],[47.128917,-24.844903],[47.12615,-24.93434],[47.105642,-24.879164],[47.08725,-24.968357],[46.964692,-25.065688],[46.941173,-25.044203],[46.78004,-25.145766],[46.653656,-25.183852],[46.386567,-25.164809],[46.237641,-25.198175],[45.774181,-25.408136],[45.561209,-25.559991],[45.145518,-25.595392],[45.087657,-25.508233],[44.980968,-25.471856],[44.834727,-25.344008],[44.369477,-25.256768],[44.296397,-25.153497],[44.384044,-25.22088],[44.404959,-25.188165],[44.028819,-24.998956],[44.000987,-24.865411],[43.918305,-24.741957],[43.918305,-24.619073],[43.844249,-24.51393],[43.706716,-24.406183],[43.672862,-24.334893],[43.664073,-23.86712],[43.624766,-23.761895],[43.641612,-23.63893],[43.748302,-23.570082],[43.732921,-23.527765],[43.760753,-23.472101],[43.639008,-23.351495],[43.583181,-23.07586],[43.361176,-22.843194],[43.222911,-22.254815],[43.246837,-22.218357],[43.295177,-22.23447],[43.295177,-22.166111],[43.260916,-22.165623],[43.247244,-22.125584],[43.246837,-22.035089],[43.302094,-21.864435],[43.308849,-21.932061],[43.329275,-21.905043],[43.336192,-21.768813],[43.431488,-21.662286],[43.472667,-21.672052],[43.472667,-21.405206],[43.507498,-21.309503],[43.523285,-21.326755],[43.582774,-21.277765],[43.759532,-21.272719],[43.812755,-21.224298],[43.901541,-20.882908],[43.96461,-20.767348],[44.036388,-20.725518],[44.125824,-20.498305],[44.254731,-20.376072]]],[[[49.955821,-16.779718],[49.973155,-16.721124],[50.024099,-16.690362],[49.826182,-17.094415],[49.865571,-16.906345],[49.955821,-16.779718]]],[[[48.332042,-13.360447],[48.34962,-13.412367],[48.215994,-13.394627],[48.188731,-13.264255],[48.269216,-13.268324],[48.264659,-13.212579],[48.301036,-13.195408],[48.354177,-13.31227],[48.332042,-13.360447]]]]}},{"type":"Feature","properties":{"iso3":"ATF","name":"French Southern and Antarctic Lands","continent":"Africa"},"geometry":{"type":"MultiPolygon","coordinates":[[[[42.751801,-17.076104],[42.724376,-17.063572],[42.738129,-17.057306],[42.7588,-17.060642],[42.751801,-17.076104]]],[[[69.945649,-49.542169],[69.84783,-49.514337],[69.835785,-49.501153],[69.879649,-49.492446],[69.920584,-49.497003],[70.016124,-49.564223],[70.007091,-49.576349],[69.993012,-49.57464],[69.945649,-49.542169]]],[[[68.795095,-49.34352],[68.773204,-49.363702],[68.68922,-49.356622],[68.643403,-49.34352],[68.662771,-49.322442],[68.691254,-49.315606],[68.741873,-49.328709],[68.791352,-49.323663],[68.79835,-49.327325],[68.795095,-49.34352]]],[[[69.589529,-49.19964],[69.560232,-49.206231],[69.53419,-49.192804],[69.641612,-49.154067],[69.678071,-49.151788],[69.624034,-49.208266],[69.589529,-49.19964]]],[[[69.192149,-48.986586],[69.284841,-48.90602],[69.342947,-48.88421],[69.370372,-48.88421],[69.358897,-48.905369],[69.315115,-48.938897],[69.411306,-48.928643],[69.380626,-48.972345],[69.321788,-49.010349],[69.334809,-49.043634],[69.299815,-49.060317],[69.31129,-49.069431],[69.222504,-49.094334],[69.205821,-49.086602],[69.205821,-49.035089],[69.192149,-48.986586]]],[[[69.226329,-48.857029],[69.230968,-48.877862],[69.246837,-48.880792],[69.243907,-48.890069],[69.218923,-48.904718],[69.177908,-48.969171],[69.153575,-48.983168],[69.143809,-48.980564],[69.137055,-48.971124],[69.162771,-48.906508],[69.20281,-48.862237],[69.226329,-48.857029]]],[[[69.465994,-48.88421],[69.428396,-48.864435],[69.40447,-48.829034],[69.437673,-48.829278],[69.486013,-48.855645],[69.519867,-48.857029],[69.499522,-48.878351],[69.465994,-48.88421]]],[[[70.548839,-49.183201],[70.568533,-49.219415],[70.556,-49.26686],[70.523692,-49.30755],[70.463878,-49.356622],[70.359386,-49.338067],[70.335948,-49.351821],[70.331309,-49.369073],[70.311534,-49.378513],[70.393809,-49.404067],[70.466482,-49.439142],[70.375662,-49.430352],[70.288341,-49.439142],[70.243419,-49.359959],[70.139903,-49.3388],[70.062755,-49.358494],[70.016368,-49.36004],[69.895356,-49.341485],[69.822276,-49.349786],[69.925304,-49.39129],[69.900401,-49.400079],[69.945649,-49.432306],[69.898448,-49.443129],[69.840668,-49.397231],[69.81544,-49.391534],[69.794932,-49.404474],[69.81544,-49.453383],[69.756196,-49.423028],[69.691905,-49.404474],[69.801768,-49.487563],[69.813813,-49.532485],[69.892833,-49.560235],[69.977712,-49.570571],[70.136974,-49.617852],[70.065278,-49.5735],[70.049083,-49.52044],[70.138357,-49.505629],[70.219981,-49.525974],[70.295909,-49.530369],[70.323985,-49.574477],[70.256684,-49.614841],[70.164806,-49.617852],[70.228363,-49.630304],[70.276052,-49.654067],[70.244314,-49.685479],[70.192393,-49.684828],[70.153656,-49.692641],[70.12322,-49.713556],[70.068044,-49.71502],[70.012706,-49.698907],[69.928722,-49.701593],[69.855642,-49.679132],[69.787934,-49.603692],[69.778575,-49.520278],[69.738536,-49.498793],[69.691905,-49.501153],[69.707205,-49.515313],[69.705577,-49.535333],[69.673106,-49.512628],[69.637218,-49.504571],[69.715017,-49.58172],[69.712413,-49.636977],[69.66391,-49.664972],[69.592296,-49.643976],[69.469737,-49.631443],[69.373383,-49.566095],[69.281016,-49.562677],[69.258067,-49.522068],[69.227387,-49.488458],[69.203624,-49.49627],[69.21225,-49.517267],[69.198416,-49.521742],[69.231944,-49.573012],[69.184093,-49.555352],[69.143809,-49.514337],[69.177989,-49.583754],[69.153819,-49.59881],[69.150645,-49.624119],[69.114513,-49.603123],[69.105805,-49.560317],[69.08546,-49.540297],[69.072276,-49.58172],[69.104015,-49.644301],[69.06658,-49.691013],[69.025645,-49.709893],[68.981944,-49.721612],[68.962901,-49.71266],[68.831716,-49.717218],[68.791026,-49.710056],[68.764496,-49.674981],[68.778168,-49.592462],[68.842784,-49.507989],[68.822439,-49.48447],[68.865245,-49.462335],[68.901703,-49.431085],[68.875255,-49.396905],[68.869151,-49.367934],[68.806488,-49.365818],[68.857188,-49.328302],[68.924083,-49.322442],[68.924083,-49.288263],[68.836111,-49.303399],[68.814789,-49.281427],[68.84962,-49.274672],[68.792817,-49.248142],[68.764334,-49.188897],[68.770356,-49.175714],[68.808604,-49.205743],[68.857758,-49.173761],[68.930919,-49.144952],[68.85434,-49.149021],[68.801117,-49.13128],[68.84962,-49.110772],[68.771983,-49.110772],[68.78061,-49.08294],[68.74879,-49.076755],[68.755544,-49.047621],[68.794688,-49.040785],[68.827403,-49.054132],[68.812999,-49.016697],[68.813243,-48.965102],[68.903087,-48.974705],[68.798106,-48.864516],[68.791759,-48.846287],[68.855724,-48.82171],[68.896821,-48.822849],[68.903005,-48.781345],[68.931326,-48.766209],[68.934744,-48.736423],[68.920665,-48.722833],[68.956798,-48.671482],[69.015636,-48.654555],[69.07545,-48.65838],[69.06072,-48.671075],[69.082286,-48.692478],[69.07545,-48.712986],[69.116466,-48.726658],[68.982921,-48.798517],[68.908214,-48.893976],[68.937266,-48.873305],[68.96046,-48.868748],[68.986095,-48.877374],[68.973643,-48.843357],[69.007498,-48.832778],[69.020274,-48.857029],[69.074229,-48.79046],[69.150645,-48.754571],[69.174327,-48.756606],[69.188813,-48.773045],[69.10906,-48.808526],[69.136567,-48.831476],[69.164317,-48.808526],[69.163748,-48.846124],[69.130707,-48.880792],[69.080577,-48.906427],[69.054454,-48.946384],[69.111501,-48.919122],[69.083751,-48.973403],[69.022227,-49.010186],[68.999766,-49.090427],[69.068126,-49.110772],[69.056895,-49.039158],[69.105724,-48.993422],[69.143728,-49.008396],[69.169119,-49.043552],[69.178477,-49.11061],[69.214529,-49.12127],[69.352061,-49.080987],[69.437999,-49.014581],[69.457367,-49.048517],[69.437673,-49.078871],[69.452485,-49.088962],[69.471528,-49.081231],[69.521332,-48.995375],[69.589529,-48.952569],[69.597911,-49.006036],[69.616059,-49.014581],[69.582042,-49.028253],[69.568207,-49.048761],[69.618012,-49.047947],[69.657725,-49.062433],[69.582042,-49.090427],[69.644054,-49.100274],[69.644054,-49.124444],[69.530772,-49.138116],[69.484874,-49.1242],[69.399913,-49.113702],[69.282481,-49.184259],[69.297048,-49.195245],[69.419932,-49.136895],[69.472179,-49.151788],[69.381033,-49.18255],[69.445486,-49.196222],[69.437755,-49.215102],[69.472179,-49.219985],[69.495942,-49.239679],[69.53419,-49.239923],[69.53419,-49.247328],[69.471934,-49.253839],[69.411306,-49.274672],[69.725922,-49.247328],[69.663829,-49.284275],[69.582042,-49.302016],[69.71225,-49.306817],[69.787934,-49.254164],[69.801768,-49.288263],[69.829438,-49.258722],[69.86085,-49.240411],[69.85377,-49.20908],[69.897797,-49.205743],[69.897472,-49.187433],[69.941254,-49.1749],[69.95574,-49.159438],[70.090017,-49.121026],[70.151134,-49.138116],[70.143077,-49.159356],[70.194021,-49.156915],[70.235199,-49.13242],[70.27296,-49.07643],[70.335948,-49.053969],[70.408214,-49.056329],[70.477061,-49.073337],[70.521983,-49.09588],[70.528575,-49.144952],[70.548839,-49.183201]]],[[[68.670746,-48.6242],[68.681488,-48.636407],[68.667979,-48.645278],[68.644054,-48.648614],[68.610118,-48.637628],[68.670746,-48.6242]]],[[[68.808604,-48.603692],[68.79005,-48.615899],[68.78004,-48.60475],[68.781016,-48.584568],[68.795095,-48.569024],[68.818614,-48.566664],[68.830821,-48.577407],[68.828624,-48.592706],[68.808604,-48.603692]]],[[[51.834158,-46.376642],[51.868175,-46.410252],[51.823497,-46.451267],[51.772146,-46.445245],[51.758311,-46.451267],[51.705577,-46.437595],[51.669607,-46.403985],[51.656505,-46.378351],[51.667491,-46.363539],[51.736013,-46.327407],[51.759532,-46.32936],[51.778087,-46.342869],[51.792979,-46.372328],[51.834158,-46.376642]]],[[[50.175548,-46.064711],[50.268077,-46.043715],[50.293142,-46.076349],[50.29835,-46.096449],[50.292247,-46.115981],[50.27768,-46.127048],[50.260753,-46.12713],[50.201182,-46.113458],[50.186371,-46.103204],[50.175548,-46.064711]]],[[[77.503754,-37.8235],[77.543956,-37.820245],[77.574718,-37.84352],[77.585216,-37.8742],[77.565278,-37.893162],[77.536632,-37.901137],[77.504649,-37.88242],[77.487559,-37.851658],[77.503754,-37.8235]]],[[[77.532888,-38.709161],[77.549327,-38.731134],[77.544688,-38.737481],[77.516368,-38.735447],[77.506521,-38.713149],[77.510916,-38.705743],[77.532888,-38.709161]]],[[[40.379731,-22.323907],[40.379161,-22.314874],[40.385509,-22.317804],[40.385997,-22.339451],[40.368663,-22.362563],[40.339122,-22.359633],[40.3296,-22.331231],[40.336436,-22.320489],[40.364268,-22.318943],[40.367198,-22.329685],[40.355235,-22.344985],[40.361095,-22.350844],[40.374034,-22.349705],[40.381684,-22.339044],[40.379731,-22.323907]]],[[[39.728282,-21.444594],[39.729096,-21.441908],[39.73113,-21.444187],[39.728282,-21.444594]]],[[[54.514496,-15.889581],[54.520925,-15.885186],[54.521332,-15.894057],[54.514496,-15.889581]]],[[[47.287934,-11.565525],[47.299571,-11.550632],[47.306407,-11.56992],[47.287934,-11.565525]]]]}},{"type":"Feature","properties":{"iso3":"SYC","name":"Seychelles","continent":"Africa"},"geometry":{"type":"MultiPolygon","coordinates":[[[[46.509776,-9.719985],[46.500662,-9.746515],[46.490489,-9.755548],[46.479666,-9.751072],[46.48699,-9.730157],[46.509776,-9.719985]]],[[[47.507335,-9.713067],[47.51295,-9.694431],[47.515798,-9.700128],[47.507335,-9.713067]]],[[[53.333995,-5.42018],[53.341645,-5.429946],[53.344737,-5.441013],[53.333995,-5.42018]]],[[[55.659679,-3.791111],[55.665863,-3.811782],[55.651866,-3.801202],[55.659679,-3.791111]]],[[[46.495453,-9.357599],[46.525157,-9.38128],[46.4546,-9.426446],[46.380707,-9.424574],[46.299815,-9.449314],[46.234386,-9.452325],[46.207367,-9.385512],[46.230479,-9.41367],[46.274099,-9.426365],[46.320486,-9.423761],[46.434581,-9.378106],[46.440766,-9.385512],[46.447765,-9.378106],[46.468761,-9.385512],[46.45281,-9.3624],[46.447765,-9.33766],[46.495453,-9.357599]]],[[[46.283865,-9.351332],[46.278005,-9.338474],[46.315196,-9.32643],[46.427094,-9.33766],[46.410655,-9.353285],[46.379405,-9.357029],[46.331065,-9.343927],[46.283865,-9.351332]]],[[[56.247081,-7.192641],[56.2588,-7.140232],[56.269379,-7.119806],[56.287446,-7.11004],[56.272472,-7.153578],[56.247081,-7.192641]]],[[[55.401702,-4.660534],[55.389504,-4.647288],[55.365617,-4.64273],[55.38841,-4.619572],[55.417618,-4.611384],[55.431651,-4.591567],[55.433698,-4.562545],[55.454897,-4.562234],[55.467221,-4.583427],[55.456682,-4.625802],[55.528555,-4.680193],[55.521533,-4.707811],[55.528087,-4.736832],[55.516852,-4.750407],[55.537916,-4.803769],[55.504214,-4.795811],[55.486895,-4.762109],[55.46349,-4.759768],[55.468171,-4.741513],[55.491576,-4.736364],[55.478001,-4.706406],[55.468171,-4.70547],[55.448979,-4.677853],[55.401702,-4.660534]]],[[[55.260265,-4.500095],[55.241954,-4.504002],[55.228038,-4.487481],[55.221446,-4.463474],[55.225434,-4.44492],[55.259939,-4.462986],[55.269216,-4.480157],[55.260265,-4.500095]]],[[[55.717635,-4.330116],[55.692008,-4.326297],[55.677175,-4.296413],[55.704437,-4.290228],[55.754479,-4.321092],[55.777162,-4.318489],[55.787038,-4.330592],[55.770925,-4.331325],[55.759125,-4.358425],[55.732757,-4.35224],[55.717635,-4.330116]]],[[[52.741873,-6.994317],[52.747244,-7.00506],[52.743419,-7.004083],[52.741873,-6.994317]]],[[[55.382823,-5.853936],[55.381847,-5.865492],[55.380056,-5.869073],[55.382823,-5.853936]]],[[[55.3627,-4.659323],[55.373822,-4.666434],[55.364888,-4.665887],[55.3627,-4.659323]]],[[[55.398986,-4.668622],[55.406826,-4.675004],[55.405368,-4.679927],[55.398986,-4.668622]]],[[[55.501589,-4.628853],[55.502611,-4.63994],[55.49167,-4.629875],[55.501589,-4.628853]]],[[[55.504215,-4.621414],[55.512822,-4.627249],[55.50509,-4.626228],[55.504215,-4.621414]]],[[[55.497943,-4.600846],[55.51253,-4.599387],[55.51253,-4.604638],[55.496776,-4.614704],[55.497943,-4.600846]]],[[[55.712087,-4.280369],[55.741464,-4.283163],[55.72073,-4.288271],[55.712087,-4.280369]]],[[[55.663004,-4.328157],[55.665607,-4.334106],[55.660401,-4.33485],[55.663004,-4.328157]]],[[[55.647014,-4.346749],[55.651105,-4.353442],[55.643668,-4.349352],[55.647014,-4.346749]]],[[[55.666722,-4.209909],[55.675275,-4.21214],[55.659285,-4.212883],[55.666722,-4.209909]]],[[[55.831823,-4.337453],[55.844094,-4.342659],[55.857109,-4.36497],[55.841491,-4.382819],[55.825502,-4.372035],[55.831823,-4.337453]]],[[[55.868636,-4.317373],[55.884626,-4.336709],[55.873471,-4.332619],[55.868636,-4.317373]]],[[[55.866405,-4.283163],[55.873842,-4.296178],[55.870124,-4.296549],[55.866405,-4.283163]]],[[[55.919952,-4.334106],[55.924786,-4.337081],[55.922555,-4.349724],[55.919952,-4.334106]]],[[[55.940074,-4.578657],[55.949389,-4.586461],[55.944857,-4.592755],[55.933025,-4.58621],[55.940074,-4.578657]]]]}},{"type":"Feature","properties":{"iso3":"SHN","name":"Saint Helena","continent":"Africa"},"geometry":{"type":"MultiPolygon","coordinates":[[[[-9.926381,-40.34881],[-9.906361,-40.36419],[-9.895375,-40.386407],[-9.92516,-40.397882],[-9.965077,-40.382745],[-10.039377,-40.338637],[-10.039377,-40.331801],[-10.022206,-40.307224],[-9.962758,-40.301853],[-9.943105,-40.31227],[-9.926381,-40.34881]]],[[[-12.307362,-37.070082],[-12.2919,-37.055759],[-12.244985,-37.059177],[-12.191274,-37.090509],[-12.244781,-37.137872],[-12.276601,-37.149184],[-12.335317,-37.104262],[-12.307362,-37.070082]]],[[[-5.721832,-15.908949],[-5.666656,-15.902114],[-5.65038,-15.948907],[-5.66275,-15.979587],[-5.701975,-16.005141],[-5.715647,-15.990899],[-5.74649,-16.013849],[-5.780181,-16.008233],[-5.78954,-15.995294],[-5.770131,-15.945245],[-5.721832,-15.908949]]],[[[-14.356272,-7.884698],[-14.294789,-7.945489],[-14.350331,-7.974705],[-14.391021,-7.979669],[-14.406402,-7.973891],[-14.417714,-7.939223],[-14.390614,-7.889337],[-14.376698,-7.877862],[-14.369985,-7.889337],[-14.356272,-7.884698]]]]}},{"type":"Feature","properties":{"iso3":"MUS","name":"Mauritius","continent":"Africa"},"geometry":{"type":"MultiPolygon","coordinates":[[[[57.795746,-20.222752],[57.77589,-20.320408],[57.781505,-20.335707],[57.729259,-20.363946],[57.71225,-20.387465],[57.726085,-20.41961],[57.723318,-20.434259],[57.705821,-20.438735],[57.672211,-20.479669],[57.58839,-20.504815],[57.503591,-20.517348],[57.399262,-20.497979],[57.378103,-20.507013],[57.307872,-20.444268],[57.303477,-20.430922],[57.357758,-20.427423],[57.36378,-20.414483],[57.367849,-20.376153],[57.356944,-20.370375],[57.370616,-20.260512],[57.400157,-20.200616],[57.432628,-20.171808],[57.473643,-20.157485],[57.490733,-20.140802],[57.494477,-20.103692],[57.528087,-20.030857],[57.560069,-20.003839],[57.586111,-19.996759],[57.596528,-19.982599],[57.622895,-19.981703],[57.679698,-19.999933],[57.684825,-20.011],[57.67921,-20.028253],[57.708832,-20.089939],[57.744802,-20.105076],[57.744477,-20.143813],[57.762543,-20.162042],[57.772146,-20.190525],[57.795746,-20.222752]]],[[[56.524181,-10.330011],[56.535655,-10.323907],[56.568614,-10.386407],[56.569347,-10.406508],[56.529796,-10.35296],[56.524181,-10.330011]]],[[[63.476248,-19.67783],[63.493907,-19.681899],[63.489594,-19.70143],[63.469412,-19.722914],[63.416515,-19.736423],[63.366384,-19.767185],[63.332286,-19.736423],[63.343272,-19.709731],[63.389171,-19.684747],[63.454275,-19.669854],[63.476248,-19.67783]]]]}},{"type":"Feature","properties":{"iso3":"COM","name":"Comoros","continent":"Africa"},"geometry":{"type":"MultiPolygon","coordinates":[[[[43.788748,-12.308038],[43.850108,-12.346124],[43.861583,-12.363377],[43.858165,-12.371352],[43.819347,-12.373468],[43.665212,-12.352472],[43.658946,-12.318292],[43.633962,-12.301039],[43.629893,-12.251723],[43.635753,-12.236912],[43.727224,-12.263604],[43.788748,-12.308038]]],[[[44.529063,-12.232843],[44.528494,-12.35475],[44.52296,-12.372817],[44.511485,-12.380304],[44.484141,-12.358005],[44.473318,-12.329767],[44.399587,-12.279962],[44.385265,-12.251723],[44.330577,-12.236261],[44.268403,-12.205011],[44.206391,-12.160577],[44.32309,-12.187921],[44.343516,-12.174249],[44.373546,-12.180352],[44.400076,-12.156508],[44.415294,-12.119317],[44.411794,-12.085545],[44.467052,-12.064386],[44.480724,-12.082452],[44.529063,-12.232843]]],[[[43.466563,-11.82171],[43.498302,-11.882013],[43.479991,-11.922784],[43.437673,-11.931573],[43.425955,-11.911554],[43.369965,-11.86061],[43.301768,-11.849542],[43.271007,-11.82822],[43.254242,-11.790704],[43.217784,-11.750258],[43.215994,-11.715997],[43.244151,-11.672947],[43.240571,-11.639825],[43.254405,-11.463067],[43.246837,-11.440606],[43.276541,-11.379571],[43.355724,-11.361261],[43.374034,-11.368585],[43.394867,-11.40016],[43.399425,-11.41839],[43.377126,-11.605076],[43.386078,-11.645603],[43.430512,-11.708185],[43.446625,-11.749119],[43.446625,-11.790704],[43.466563,-11.82171]]]]}},{"type":"Feature","properties":{"iso3":"STP","name":"São Tomé and Principe","continent":"Africa"},"geometry":{"type":"MultiPolygon","coordinates":[[[[6.681407,0.407131],[6.703868,0.391832],[6.746104,0.33808],[6.760916,0.284166],[6.756521,0.250067],[6.674571,0.133368],[6.653331,0.124579],[6.660004,0.107327],[6.633637,0.098578],[6.618175,0.081204],[6.582856,0.077338],[6.557302,0.028266],[6.5442,0.043931],[6.536957,0.026435],[6.526622,0.024115],[6.510102,0.051418],[6.513682,0.088284],[6.502696,0.098578],[6.461681,0.222154],[6.470876,0.26789],[6.497813,0.31269],[6.533051,0.348131],[6.578298,0.364569],[6.641856,0.410793],[6.681407,0.407131]]],[[[7.462738,1.674547],[7.428722,1.647854],[7.461762,1.630805],[7.438243,1.623928],[7.430512,1.57274],[7.425548,1.56273],[7.405772,1.556464],[7.401378,1.531195],[7.395681,1.542385],[7.381033,1.537991],[7.372244,1.554145],[7.33253,1.565334],[7.330089,1.614651],[7.355968,1.620022],[7.364024,1.629381],[7.371837,1.677191],[7.385265,1.692328],[7.403005,1.699774],[7.448741,1.693183],[7.459727,1.6883],[7.462738,1.674547]]]]}},{"type":"Feature","properties":{"iso3":"CPV","name":"Cabo Verde","continent":"Africa"},"geometry":{"type":"MultiPolygon","coordinates":[[[[-24.704335,14.900824],[-24.686757,14.876166],[-24.683258,14.842475],[-24.686879,14.826646],[-24.718007,14.803941],[-24.751536,14.838772],[-24.758941,14.831855],[-24.753245,14.849351],[-24.758941,14.866645],[-24.745351,14.866645],[-24.74942,14.885484],[-24.704335,14.900824]]],[[[-24.296539,14.917548],[-24.301503,14.90648],[-24.292836,14.87287],[-24.29955,14.863023],[-24.334462,14.831855],[-24.376536,14.815985],[-24.415028,14.820868],[-24.449086,14.83808],[-24.506581,14.884955],[-24.526235,14.924709],[-24.520619,14.945258],[-24.488922,14.990546],[-24.403432,15.038031],[-24.364858,15.045396],[-24.343251,15.040717],[-24.320139,15.013007],[-24.296539,14.917548]]],[[[-23.456776,15.023668],[-23.443105,15.010688],[-23.447825,14.995754],[-23.477895,14.969062],[-23.470448,14.962226],[-23.494008,14.918687],[-23.53185,14.908637],[-23.624135,14.918118],[-23.676503,14.935533],[-23.715077,14.968451],[-23.73054,14.985826],[-23.730702,15.0185],[-23.772084,15.037991],[-23.792592,15.085761],[-23.772084,15.127346],[-23.785756,15.174506],[-23.770131,15.183987],[-23.763661,15.216295],[-23.751576,15.233466],[-23.763295,15.269761],[-23.785756,15.291815],[-23.758412,15.304877],[-23.77953,15.311672],[-23.751576,15.33275],[-23.74413,15.33275],[-23.737945,15.311672],[-23.719228,15.322903],[-23.703236,15.313463],[-23.697825,15.296332],[-23.710683,15.284369],[-23.697336,15.266018],[-23.648549,15.237209],[-23.656077,15.229722],[-23.630279,15.219184],[-23.584218,15.162421],[-23.567372,15.152086],[-23.552358,15.153998],[-23.527252,15.127387],[-23.514068,15.127997],[-23.470448,15.037991],[-23.456776,15.023668]]],[[[-23.127797,15.311672],[-23.111928,15.171942],[-23.127797,15.146633],[-23.155141,15.140367],[-23.168813,15.119859],[-23.195953,15.122056],[-23.240631,15.150051],[-23.258168,15.174506],[-23.243276,15.21133],[-23.251332,15.222886],[-23.230865,15.243964],[-23.234853,15.254828],[-23.251332,15.256415],[-23.209788,15.311672],[-23.217152,15.319159],[-23.189849,15.33275],[-23.189849,15.319159],[-23.176259,15.33275],[-23.168813,15.325344],[-23.176259,15.319159],[-23.161936,15.312567],[-23.139516,15.317776],[-23.127797,15.311672]]],[[[-22.682118,16.113593],[-22.666575,16.091457],[-22.679799,16.063218],[-22.751088,16.010565],[-22.806142,15.985907],[-22.873891,15.983873],[-22.945546,16.01968],[-22.957753,16.030829],[-22.963979,16.052191],[-22.957753,16.089016],[-22.913564,16.125556],[-22.924428,16.212958],[-22.915598,16.243964],[-22.89509,16.222846],[-22.852528,16.20661],[-22.829416,16.204006],[-22.811676,16.22842],[-22.793813,16.23135],[-22.723866,16.212633],[-22.703765,16.179592],[-22.682485,16.168647],[-22.682118,16.113593]]],[[[-24.067535,16.613918],[-24.037424,16.593004],[-24.032826,16.596829],[-24.032826,16.562405],[-24.114735,16.559272],[-24.233306,16.602118],[-24.272328,16.587226],[-24.315338,16.520413],[-24.324696,16.482652],[-24.365631,16.555609],[-24.37092,16.587144],[-24.408274,16.600165],[-24.424713,16.617133],[-24.430653,16.639472],[-24.422597,16.662299],[-24.36148,16.681586],[-24.340566,16.67536],[-24.292836,16.641832],[-24.226796,16.649604],[-24.180572,16.630845],[-24.089996,16.622463],[-24.067535,16.613918]]],[[[-22.929189,16.593411],[-22.941396,16.669379],[-22.956532,16.699449],[-22.97761,16.689032],[-22.98176,16.703518],[-22.980051,16.741116],[-22.970815,16.75788],[-22.989247,16.770941],[-22.990793,16.81566],[-22.922434,16.860297],[-22.89509,16.829291],[-22.909779,16.803371],[-22.904042,16.79857],[-22.904652,16.735826],[-22.901845,16.716946],[-22.881337,16.692694],[-22.887603,16.651435],[-22.901845,16.634426],[-22.89684,16.615465],[-22.901723,16.605902],[-22.929189,16.593411]]],[[[-24.919749,16.895087],[-24.914459,16.881415],[-24.885894,16.867743],[-24.876291,16.84984],[-24.875071,16.826158],[-24.891103,16.813951],[-24.968129,16.798896],[-24.995229,16.786119],[-25.058176,16.809638],[-25.081125,16.832343],[-25.094146,16.826158],[-25.078196,16.865058],[-25.05012,16.881415],[-25.005971,16.887681],[-25.012196,16.901272],[-24.978098,16.923],[-24.971262,16.923],[-24.965199,16.908922],[-24.937734,16.923],[-24.918772,16.908271],[-24.919749,16.895087]]],[[[-25.046986,17.035061],[-25.115875,16.997463],[-25.187856,16.928168],[-25.298695,16.917385],[-25.313385,16.938463],[-25.313873,17.00495],[-25.327545,17.028225],[-25.354848,17.038479],[-25.360422,17.055243],[-25.35558,17.069566],[-25.316803,17.106106],[-25.279775,17.107327],[-25.245351,17.136705],[-25.202707,17.158759],[-25.10261,17.196601],[-25.079498,17.18537],[-25.03954,17.18244],[-25.026275,17.167711],[-25.025868,17.144924],[-24.99177,17.130927],[-24.971262,17.107327],[-24.978993,17.0869],[-25.015126,17.04914],[-25.046986,17.035061]]],[[[-24.59266,16.624312],[-24.569512,16.619972],[-24.575299,16.605505],[-24.60134,16.609845],[-24.604233,16.621419],[-24.59266,16.624312]]],[[[-24.7735,16.802259],[-24.748906,16.793579],[-24.725758,16.757411],[-24.683803,16.755964],[-24.68525,16.742944],[-24.740225,16.734263],[-24.754693,16.754518],[-24.787967,16.774772],[-24.787967,16.789239],[-24.7735,16.802259]]]]}},{"type":"Feature","properties":{"iso3":"IOT","name":"British Indian Ocean Territory","continent":"Africa"},"geometry":{"type":"MultiPolygon","coordinates":[[[[72.46754,-7.383884],[72.480317,-7.364679],[72.480642,-7.390558],[72.432872,-7.432224],[72.426931,-7.403985],[72.432872,-7.346775],[72.426036,-7.322931],[72.379242,-7.296808],[72.357677,-7.268324],[72.370942,-7.270196],[72.432872,-7.316095],[72.438975,-7.340265],[72.432872,-7.425388],[72.46754,-7.383884]]],[[[72.484223,-7.278253],[72.49464,-7.296157],[72.473806,-7.34002],[72.479015,-7.361912],[72.468028,-7.34059],[72.486501,-7.302423],[72.439708,-7.226739],[72.484223,-7.278253]]],[[[71.350352,-6.65252],[71.362071,-6.652927],[71.355235,-6.656345],[71.350352,-6.65252]]],[[[71.261404,-6.388604],[71.267345,-6.37005],[71.267589,-6.382745],[71.261404,-6.388604]]],[[[71.33839,-6.195896],[71.360525,-6.177341],[71.351085,-6.200291],[71.344737,-6.204848],[71.33839,-6.195896]]],[[[71.773204,-5.440199],[71.764659,-5.433852],[71.771739,-5.433364],[71.773204,-5.440199]]],[[[72.221446,-5.327813],[72.230968,-5.319268],[72.228282,-5.324802],[72.221446,-5.327813]]],[[[71.737071,-5.285252],[71.747081,-5.269952],[71.745453,-5.278741],[71.737071,-5.285252]]],[[[71.760265,-5.236586],[71.768565,-5.234145],[71.766449,-5.23919],[71.760265,-5.236586]]],[[[71.966156,-5.234796],[71.962738,-5.226983],[71.966482,-5.227472],[71.966156,-5.234796]]]]}}]}