{"type":"FeatureCollection","features":[{"type":"Feature","properties":{"iso3":"CHL","name":"Chile","continent":"Americas"},"geometry":{"type":"MultiPolygon","coordinates":[[[[-69.510089,-17.506588],[-69.497123,-17.621404],[-69.334239,-17.805785],[-69.302406,-17.976214],[-69.092057,-18.023343],[-69.089215,-18.083081],[-69.155438,-18.140235],[-69.034386,-18.478303],[-69.033844,-18.649455],[-68.954649,-18.856987],[-68.989609,-18.946491],[-68.894782,-19.076509],[-68.815407,-19.113303],[-68.663324,-19.273603],[-68.447626,-19.434627],[-68.496357,-19.458398],[-68.703218,-19.71554],[-68.553511,-19.857857],[-68.544623,-19.934751],[-68.588341,-20.055571],[-68.792592,-20.106627],[-68.726265,-20.150965],[-68.729469,-20.228687],[-68.678516,-20.328629],[-68.757685,-20.364286],[-68.76541,-20.421233],[-68.685544,-20.516834],[-68.480957,-20.624735],[-68.572786,-20.742867],[-68.555113,-20.913916],[-68.41631,-20.959805],[-68.207537,-21.284333],[-68.198442,-21.57186],[-68.107595,-21.789625],[-68.096226,-21.953956],[-67.960627,-22.102887],[-67.94528,-22.354242],[-67.859187,-22.547305],[-67.887092,-22.818709],[-67.77144,-22.888679],[-67.616772,-22.897258],[-67.193904,-22.822223],[-67.013967,-23.000714],[-67.362369,-24.030367],[-68.244486,-24.385384],[-68.314043,-24.48729],[-68.397655,-24.500519],[-68.451502,-24.629297],[-68.503695,-24.612347],[-68.572373,-24.769856],[-68.555165,-24.862151],[-68.473051,-24.907936],[-68.443544,-25.021107],[-68.366649,-25.123427],[-68.516046,-25.183578],[-68.605963,-25.436999],[-68.409024,-26.144243],[-68.575164,-26.30351],[-68.595317,-26.457299],[-68.570151,-26.550626],[-68.305361,-26.897995],[-68.328409,-27.037418],[-68.518009,-27.076899],[-68.610717,-27.165679],[-68.718617,-27.106665],[-68.829024,-27.136017],[-68.931447,-27.395226],[-69.01741,-27.460442],[-69.028573,-27.551289],[-69.09322,-27.656502],[-69.081102,-27.703838],[-69.124329,-27.73443],[-69.190191,-27.951368],[-69.303233,-27.99953],[-69.411882,-28.202515],[-69.476168,-28.187942],[-69.553528,-28.317857],[-69.653031,-28.397852],[-69.674838,-28.563113],[-69.753386,-28.673391],[-69.732767,-28.794314],[-69.802789,-28.939938],[-69.803926,-29.098688],[-69.91472,-29.148814],[-70.040655,-29.297539],[-69.973192,-29.666095],[-69.915599,-29.805621],[-69.927975,-29.976774],[-69.973244,-30.089428],[-69.880717,-30.099764],[-69.835758,-30.161879],[-69.890742,-30.228955],[-69.912136,-30.329517],[-69.964588,-30.374786],[-70.030191,-30.39711],[-70.173412,-30.364657],[-70.143931,-30.439588],[-70.217105,-30.515139],[-70.339216,-30.938162],[-70.266559,-31.036451],[-70.339785,-31.041722],[-70.423397,-31.153756],[-70.467787,-31.089367],[-70.535922,-31.172566],[-70.568969,-31.304238],[-70.580261,-31.592282],[-70.496778,-31.714549],[-70.464144,-31.838262],[-70.255681,-31.925699],[-70.275422,-32.037785],[-70.373323,-32.030395],[-70.389084,-32.053081],[-70.338958,-32.133386],[-70.321801,-32.280147],[-70.242374,-32.330274],[-70.24532,-32.403964],[-70.160829,-32.485303],[-70.13773,-32.569019],[-70.181086,-32.607569],[-70.155739,-32.738414],[-70.000167,-32.888999],[-70.034248,-32.976952],[-70.111194,-33.038447],[-70.109463,-33.169602],[-70.010011,-33.299103],[-69.940558,-33.242879],[-69.836844,-33.26572],[-69.787674,-33.379408],[-69.877074,-33.566787],[-69.89392,-33.642752],[-69.859685,-33.711378],[-69.914772,-33.793543],[-69.909552,-33.955704],[-69.855809,-33.984746],[-69.872371,-34.13099],[-69.828885,-34.23331],[-70.05758,-34.291187],[-70.067579,-34.414591],[-70.227828,-34.58533],[-70.252219,-34.695814],[-70.316298,-34.74563],[-70.276713,-34.798237],[-70.353711,-34.953266],[-70.386629,-35.16669],[-70.542899,-35.209271],[-70.578891,-35.259707],[-70.560417,-35.298361],[-70.47528,-35.314071],[-70.428384,-35.357066],[-70.469182,-35.394686],[-70.40823,-35.506204],[-70.422725,-35.64387],[-70.357329,-35.815229],[-70.420245,-35.868352],[-70.420787,-35.903802],[-70.390737,-35.905869],[-70.412571,-35.957339],[-70.386939,-36.058728],[-70.451483,-36.152262],[-70.568324,-36.139033],[-70.714878,-36.275252],[-70.708909,-36.403203],[-70.807198,-36.433382],[-70.890371,-36.400413],[-70.953158,-36.482475],[-71.043282,-36.484335],[-71.068913,-36.566397],[-71.055322,-36.671301],[-71.073021,-36.696829],[-71.129943,-36.676882],[-71.195159,-36.839146],[-71.140175,-36.937538],[-71.143327,-36.965443],[-71.200688,-36.971437],[-71.089119,-37.103419],[-71.147616,-37.154785],[-71.146479,-37.214833],[-71.204615,-37.315396],[-71.117696,-37.466497],[-71.127307,-37.572641],[-71.183893,-37.625868],[-71.18503,-37.706069],[-71.009976,-38.065531],[-71.016694,-38.264692],[-70.973751,-38.424682],[-70.848668,-38.527621],[-70.837584,-38.584465],[-70.92949,-38.735774],[-71.228025,-38.808845],[-71.399901,-38.910544],[-71.430235,-38.999117],[-71.412045,-39.317961],[-71.476537,-39.38297],[-71.461654,-39.433819],[-71.541959,-39.532315],[-71.495657,-39.565594],[-71.503512,-39.601664],[-71.600767,-39.619544],[-71.677403,-39.568488],[-71.718744,-39.623368],[-71.684586,-39.833485],[-71.616632,-39.909863],[-71.680504,-40.009495],[-71.683708,-40.098998],[-71.800703,-40.079671],[-71.822356,-40.202868],[-71.75006,-40.291545],[-71.705463,-40.281933],[-71.674044,-40.324101],[-71.719054,-40.412984],[-71.804165,-40.42642],[-71.858787,-40.542382],[-71.853103,-40.616383],[-71.949635,-40.709297],[-71.921213,-40.827739],[-71.851449,-40.938327],[-71.903953,-41.367655],[-71.856875,-41.555964],[-71.925915,-41.653012],[-71.794037,-41.867469],[-71.736263,-42.08389],[-71.909482,-42.172257],[-71.977488,-42.125335],[-72.039913,-42.144662],[-72.133706,-42.287599],[-72.060687,-42.368886],[-72.076655,-42.423353],[-72.041929,-42.491049],[-72.122647,-42.529909],[-72.148434,-42.592645],[-72.112674,-42.863842],[-72.148537,-42.998718],[-72.129314,-43.04223],[-72.054434,-43.105378],[-71.861888,-43.13318],[-71.750164,-43.172454],[-71.745668,-43.199223],[-71.760861,-43.306916],[-71.907363,-43.329654],[-71.955112,-43.443549],[-71.858322,-43.477448],[-71.873825,-43.538943],[-71.800703,-43.544214],[-71.710683,-43.614081],[-71.703655,-43.671648],[-71.813415,-43.739448],[-71.815483,-43.774381],[-71.755021,-43.771384],[-71.764271,-43.817273],[-71.659885,-43.92631],[-71.762204,-44.064079],[-71.858736,-44.107798],[-71.812485,-44.187793],[-71.80401,-44.314813],[-71.860596,-44.377135],[-71.822045,-44.40318],[-71.209783,-44.427571],[-71.122657,-44.530304],[-71.131648,-44.570612],[-71.234898,-44.638825],[-71.238153,-44.747862],[-71.29784,-44.795611],[-71.497104,-44.742901],[-71.631204,-44.780005],[-71.762669,-44.754373],[-71.85455,-44.79096],[-72.04782,-44.754786],[-72.088748,-44.782795],[-72.080944,-44.886561],[-72.053297,-44.906819],[-71.889432,-44.94723],[-71.782461,-44.927386],[-71.588726,-44.978132],[-71.497052,-45.111664],[-71.317167,-45.26721],[-71.311534,-45.299456],[-71.374321,-45.359194],[-71.508318,-45.40839],[-71.489094,-45.498514],[-71.713732,-45.53324],[-71.765098,-45.572411],[-71.746546,-45.587294],[-71.799515,-45.717105],[-71.749027,-45.786765],[-71.758483,-45.848156],[-71.665879,-45.88402],[-71.612291,-45.970526],[-71.79228,-46.121938],[-71.912634,-46.142092],[-71.763341,-46.244515],[-71.751869,-46.393033],[-71.684896,-46.519227],[-71.68717,-46.690069],[-71.819565,-46.778952],[-71.9501,-46.813989],[-71.969633,-46.933982],[-71.92669,-46.983798],[-72.005187,-47.061932],[-71.874135,-47.142548],[-71.880698,-47.221923],[-72.030301,-47.197531],[-72.029423,-47.269672],[-72.170551,-47.407544],[-72.361186,-47.450953],[-72.370487,-47.474517],[-72.319638,-47.511931],[-72.344443,-47.602261],[-72.543914,-47.9148],[-72.509445,-47.972988],[-72.343047,-48.07045],[-72.302326,-48.347539],[-72.371418,-48.346402],[-72.537867,-48.431255],[-72.61471,-48.510009],[-72.584221,-48.615946],[-72.592334,-48.791129],[-72.781212,-48.93386],[-73.009725,-48.990394],[-73.18434,-49.214256],[-73.162584,-49.258181],[-73.097627,-49.266552],[-73.145014,-49.303656],[-73.457863,-49.307687],[-73.462049,-49.37497],[-73.540442,-49.427783],[-73.542586,-49.491035],[-73.586589,-49.529999],[-73.518195,-49.628494],[-73.539512,-49.692676],[-73.462979,-49.787141],[-73.534499,-49.847602],[-73.57274,-49.932352],[-73.478585,-50.009453],[-73.541475,-50.113736],[-73.301438,-50.299564],[-73.261854,-50.556603],[-73.202685,-50.626469],[-73.177725,-50.749459],[-73.051738,-50.757831],[-72.755787,-50.616444],[-72.662614,-50.667811],[-72.505983,-50.601251],[-72.302843,-50.648897],[-72.347388,-50.743155],[-72.263466,-50.836276],[-72.265946,-50.960713],[-72.293438,-51.029236],[-72.350747,-51.046702],[-72.403095,-51.126077],[-72.257574,-51.230619],[-72.313437,-51.298005],[-72.348318,-51.46833],[-72.450069,-51.552666],[-72.330903,-51.599382],[-72.300724,-51.691469],[-72.142129,-51.739425],[-71.981726,-51.844948],[-71.948498,-51.896004],[-71.965241,-51.970625],[-69.952754,-52.007419],[-69.485289,-52.132476],[-69.212256,-52.137953],[-68.820497,-52.243167],[-68.454499,-52.299907],[-68.44861,-52.346617],[-68.898461,-52.303537],[-69.130116,-52.208103],[-69.234708,-52.203143],[-69.470937,-52.272719],[-69.496938,-52.385349],[-69.545318,-52.399347],[-69.574859,-52.46795],[-69.672351,-52.530857],[-69.871736,-52.496325],[-70.151982,-52.586508],[-70.207716,-52.651003],[-70.321793,-52.638147],[-70.517734,-52.723255],[-70.548235,-52.722722],[-70.501773,-52.677495],[-70.525878,-52.659927],[-70.592163,-52.687966],[-70.586823,-52.714284],[-70.698178,-52.739432],[-70.723459,-52.704278],[-70.863759,-52.721368],[-70.742747,-52.778416],[-70.822743,-52.838067],[-70.841248,-52.903427],[-70.878214,-52.901428],[-70.810455,-52.927179],[-70.809153,-52.961602],[-70.95759,-53.222833],[-70.994781,-53.404392],[-70.939443,-53.592218],[-70.979482,-53.679295],[-70.973622,-53.756036],[-71.03425,-53.809747],[-71.285024,-53.886],[-71.479848,-53.82936],[-71.644643,-53.823663],[-71.865142,-53.733168],[-71.87442,-53.696547],[-71.943023,-53.724379],[-71.99234,-53.678399],[-72.04247,-53.706801],[-72.103871,-53.68906],[-72.284088,-53.581231],[-72.443593,-53.421319],[-72.406484,-53.361586],[-72.418813,-53.317315],[-72.301259,-53.248793],[-72.097239,-53.267755],[-72.083404,-53.372491],[-72.135732,-53.37127],[-72.241689,-53.434503],[-72.211415,-53.44199],[-72.022857,-53.395196],[-72.021718,-53.247328],[-71.980946,-53.222263],[-71.855621,-53.225356],[-71.789174,-53.441339],[-71.993804,-53.522231],[-72.005442,-53.561619],[-71.814198,-53.520685],[-71.759999,-53.472263],[-71.775502,-53.341729],[-71.742421,-53.223403],[-71.360219,-53.116143],[-71.198582,-52.923904],[-71.118764,-52.919636],[-71.169285,-52.812813],[-71.249182,-52.788756],[-71.352115,-52.807111],[-71.398793,-52.728204],[-71.421427,-52.837277],[-71.490956,-52.82822],[-71.577199,-52.88998],[-71.906233,-53.010889],[-72.033355,-53.126397],[-72.117055,-53.128595],[-72.275746,-53.032159],[-72.313629,-53.03338],[-72.268951,-53.071466],[-72.364125,-53.052016],[-72.56314,-53.078871],[-72.367096,-53.068129],[-72.321645,-53.132094],[-72.197499,-53.169529],[-72.225575,-53.205987],[-72.364573,-53.180759],[-72.327626,-53.221287],[-72.488026,-53.187595],[-72.450063,-53.204767],[-72.461985,-53.229913],[-72.538197,-53.197361],[-72.412343,-53.256443],[-72.466949,-53.283136],[-72.535878,-53.270115],[-72.503774,-53.313897],[-72.522206,-53.366306],[-72.593495,-53.364028],[-72.645131,-53.317804],[-72.637278,-53.358494],[-72.539296,-53.420831],[-72.49828,-53.400486],[-72.364573,-53.536879],[-72.522532,-53.544366],[-72.711985,-53.464614],[-72.763173,-53.387791],[-72.794667,-53.440118],[-72.82844,-53.384373],[-73.171376,-53.256443],[-73.292795,-53.165704],[-73.13915,-53.187595],[-72.95637,-53.160577],[-72.752349,-53.24212],[-72.756825,-53.294854],[-72.713287,-53.290297],[-72.699859,-53.251397],[-72.795969,-53.173272],[-72.727651,-53.187595],[-72.754872,-53.155532],[-72.726796,-53.139581],[-72.652577,-53.153416],[-72.713979,-53.105564],[-72.829742,-53.142348],[-72.933746,-53.10475],[-72.876088,-53.036391],[-72.926422,-53.024591],[-72.947662,-52.926365],[-72.92398,-52.886407],[-72.968617,-52.851251],[-72.960357,-52.824965],[-72.762441,-52.769789],[-72.703481,-52.707696],[-72.61913,-52.738946],[-72.611318,-52.774102],[-72.721425,-52.851739],[-72.588206,-52.795994],[-72.56314,-52.803888],[-72.593658,-52.824395],[-72.576812,-52.838067],[-72.490631,-52.804376],[-72.447011,-52.854913],[-72.398061,-52.783461],[-72.198598,-52.693292],[-72.177544,-52.65773],[-72.014514,-52.67273],[-71.98014,-52.645461],[-71.850529,-52.69471],[-71.478103,-52.646138],[-71.571611,-52.561278],[-72.027731,-52.559261],[-72.124827,-52.513279],[-72.309926,-52.516534],[-72.418528,-52.606703],[-72.413645,-52.648858],[-72.549143,-52.591567],[-72.389638,-52.507582],[-72.589223,-52.554132],[-72.656117,-52.521661],[-72.779449,-52.543878],[-72.848378,-52.502862],[-72.972646,-52.717055],[-72.819203,-52.586521],[-72.680165,-52.66253],[-72.860422,-52.788832],[-73.005279,-52.833266],[-72.953603,-52.893324],[-72.953603,-53.023614],[-72.979563,-53.054783],[-73.139719,-53.099216],[-73.177968,-53.0735],[-73.176666,-53.015232],[-73.20816,-53.053155],[-73.198476,-53.104913],[-73.45287,-52.996677],[-73.366363,-52.996515],[-73.313873,-52.934259],[-73.255035,-52.957127],[-73.262074,-52.927423],[-73.223541,-52.901462],[-73.56371,-52.797052],[-73.494496,-52.775323],[-73.458852,-52.784845],[-73.468129,-52.810724],[-73.424631,-52.782403],[-73.233062,-52.790623],[-73.310455,-52.724786],[-73.262359,-52.713149],[-73.225982,-52.649347],[-73.152699,-52.633966],[-73.127309,-52.558282],[-73.02302,-52.56406],[-73.108144,-52.536391],[-73.091624,-52.493829],[-72.885854,-52.525649],[-72.896474,-52.503839],[-73.055776,-52.471449],[-73.143544,-52.490004],[-73.194976,-52.429864],[-73.228179,-52.482354],[-73.159657,-52.563735],[-73.256215,-52.660414],[-73.337758,-52.646661],[-73.303049,-52.591567],[-73.351674,-52.590753],[-73.393625,-52.544122],[-73.38622,-52.625746],[-73.557932,-52.685317],[-73.616444,-52.749119],[-73.697825,-52.704278],[-73.570546,-52.632013],[-73.669586,-52.643243],[-73.687856,-52.597833],[-73.553375,-52.551039],[-73.615224,-52.52337],[-73.5655,-52.478936],[-73.494862,-52.475518],[-73.530181,-52.444268],[-73.515289,-52.420343],[-73.581125,-52.448337],[-73.654408,-52.430759],[-73.649037,-52.37477],[-73.606923,-52.386977],[-73.56786,-52.333266],[-73.61266,-52.277439],[-73.580556,-52.208429],[-73.680409,-52.145929],[-73.744985,-52.065362],[-73.735015,-52.029962],[-73.676991,-52.043064],[-73.625478,-52.130141],[-73.58137,-52.134373],[-73.528879,-52.195571],[-73.468332,-52.169041],[-73.522776,-52.139093],[-73.495717,-52.131931],[-73.303049,-52.221775],[-73.221791,-52.179864],[-73.204091,-52.108087],[-73.145375,-52.125584],[-72.997792,-52.064874],[-72.987457,-52.142999],[-73.045888,-52.155532],[-73.079254,-52.237074],[-72.994537,-52.186944],[-72.866444,-52.256768],[-72.754303,-52.075128],[-72.768381,-52.051202],[-72.841176,-52.105727],[-72.86856,-52.197198],[-72.931467,-52.17783],[-72.950307,-52.06463],[-72.932729,-52.039483],[-72.910227,-52.05755],[-72.870595,-51.968194],[-72.814931,-51.937595],[-72.69579,-51.981378],[-72.703481,-52.060317],[-72.598256,-52.11712],[-72.535878,-52.221775],[-72.601715,-52.339288],[-72.669667,-52.327813],[-72.933746,-52.440851],[-72.721425,-52.406671],[-72.522206,-52.448337],[-72.505686,-52.433689],[-72.632069,-52.406671],[-72.497141,-52.315362],[-72.475657,-52.187433],[-72.648671,-52.049005],[-72.664703,-51.970636],[-72.468984,-51.929295],[-72.453277,-51.913263],[-72.508372,-51.837091],[-72.466949,-51.789727],[-72.712514,-51.582208],[-72.926259,-51.542657],[-72.969472,-51.498468],[-73.053538,-51.487481],[-73.084381,-51.435642],[-73.245473,-51.46502],[-73.267649,-51.480564],[-73.245595,-51.506606],[-73.054311,-51.502618],[-73.046742,-51.546075],[-73.098256,-51.60475],[-72.977773,-51.53281],[-72.772328,-51.608168],[-72.702952,-51.698012],[-72.54955,-51.741306],[-72.578033,-51.795994],[-72.72411,-51.838149],[-72.829742,-51.767999],[-72.988352,-51.762384],[-72.983144,-51.733331],[-73.048818,-51.696873],[-73.150787,-51.703058],[-73.182444,-51.637465],[-73.289622,-51.611423],[-73.227935,-51.666762],[-73.224477,-51.71087],[-73.070058,-51.724542],[-72.994537,-51.789727],[-73.106028,-51.744887],[-73.13915,-51.76922],[-73.074086,-51.762953],[-73.046742,-51.818617],[-73.082346,-51.853611],[-73.207428,-51.879083],[-73.077138,-51.872247],[-72.972401,-51.82171],[-72.919423,-51.858575],[-73.145334,-51.940037],[-73.176666,-52.081231],[-73.223704,-52.091485],[-73.272613,-52.039646],[-73.326772,-51.726983],[-73.38622,-51.65252],[-73.341298,-51.752699],[-73.285024,-52.104425],[-73.292836,-52.165704],[-73.316233,-52.166111],[-73.563547,-52.039972],[-73.585764,-51.931248],[-73.645579,-51.848728],[-73.649729,-51.827895],[-73.599273,-51.822686],[-73.436431,-52.015232],[-73.39981,-52.01572],[-73.589182,-51.749607],[-73.460683,-51.6867],[-73.55012,-51.721449],[-73.55012,-51.680434],[-73.611643,-51.719985],[-73.654856,-51.688572],[-73.699452,-51.785252],[-73.812001,-51.688572],[-73.714589,-51.638849],[-73.899526,-51.625177],[-73.891225,-51.586684],[-73.826039,-51.546563],[-73.90925,-51.526951],[-73.920644,-51.498305],[-73.928293,-51.415216],[-73.88036,-51.367934],[-73.71345,-51.469822],[-73.620839,-51.628188],[-73.604482,-51.611423],[-73.638824,-51.536554],[-73.616444,-51.522882],[-73.659983,-51.494887],[-73.59968,-51.451267],[-73.692209,-51.414483],[-73.717681,-51.288507],[-73.775461,-51.240899],[-73.759592,-51.195001],[-73.682729,-51.275974],[-73.673573,-51.19378],[-73.728831,-51.17962],[-73.694081,-51.139255],[-73.769846,-51.118097],[-73.769195,-51.166111],[-73.879384,-51.237888],[-73.967275,-51.194106],[-74.00829,-51.118585],[-74.029897,-51.207615],[-74.129506,-51.187677],[-74.148061,-51.052179],[-74.081166,-50.966241],[-74.232249,-51.035577],[-74.232574,-50.907485],[-74.151031,-50.872817],[-73.951731,-50.893162],[-73.926829,-50.864353],[-73.803334,-50.960545],[-73.816965,-50.878025],[-73.879709,-50.834161],[-73.854604,-50.797296],[-73.747914,-50.82936],[-73.777821,-50.802341],[-73.772939,-50.670668],[-73.636708,-50.639907],[-73.533355,-50.706476],[-73.474355,-50.672459],[-73.725087,-50.559503],[-73.697825,-50.514825],[-73.625152,-50.501153],[-73.56371,-50.404962],[-73.669993,-50.488458],[-73.759389,-50.51572],[-73.82551,-50.679457],[-73.81078,-50.741957],[-73.846099,-50.775811],[-73.947011,-50.829767],[-74.042714,-50.822035],[-74.126088,-50.762465],[-74.06017,-50.712009],[-74.118642,-50.686782],[-74.134104,-50.733005],[-74.235951,-50.604181],[-74.202626,-50.572035],[-74.297353,-50.480645],[-74.221059,-50.4638],[-74.1079,-50.587823],[-74.14981,-50.483087],[-73.897288,-50.549086],[-74.005686,-50.508559],[-74.024648,-50.44671],[-74.081654,-50.466241],[-74.121327,-50.432306],[-74.016225,-50.363946],[-74.06725,-50.354587],[-74.252553,-50.440525],[-74.31786,-50.399347],[-74.269154,-50.325616],[-74.282704,-50.264907],[-74.310414,-50.265313],[-74.354848,-50.359552],[-74.43932,-50.35711],[-74.536366,-50.296319],[-74.493031,-50.261489],[-74.549143,-50.25449],[-74.531484,-50.232192],[-74.618886,-50.234959],[-74.591624,-50.200779],[-74.65567,-50.214451],[-74.694651,-50.183038],[-74.57372,-50.099298],[-74.504384,-50.131931],[-74.495432,-50.076593],[-74.347646,-50.086114],[-74.299428,-50.124933],[-74.317535,-50.161391],[-74.224965,-50.197035],[-74.194407,-50.259698],[-74.121449,-50.223077],[-73.958567,-50.287774],[-73.8579,-50.289483],[-73.97525,-50.254815],[-74.024485,-50.20086],[-74.193715,-50.186456],[-74.250722,-50.080987],[-74.364858,-49.99033],[-74.364858,-49.951104],[-74.32844,-49.927504],[-74.228139,-49.940525],[-74.149648,-50.011407],[-73.885325,-50.056085],[-73.913197,-50.007745],[-74.00768,-49.991388],[-73.960194,-49.930597],[-73.879709,-49.919041],[-73.904164,-49.915704],[-73.906361,-49.856866],[-74.035959,-49.964776],[-74.324696,-49.871189],[-74.335764,-49.787042],[-74.071441,-49.741469],[-74.098866,-49.712579],[-74.27892,-49.740899],[-74.316274,-49.719496],[-74.322255,-49.632501],[-74.221669,-49.562677],[-74.053822,-49.539321],[-74.02302,-49.617852],[-73.98351,-49.552911],[-73.940745,-49.559666],[-73.901357,-49.649998],[-73.808827,-49.688409],[-73.735015,-49.771173],[-73.69579,-49.739679],[-73.772694,-49.668552],[-73.853668,-49.64544],[-73.876332,-49.544366],[-73.915273,-49.510512],[-74.102162,-49.491876],[-74.123525,-49.422621],[-74.083852,-49.27809],[-74.052398,-49.258559],[-73.963531,-49.329767],[-73.844879,-49.349786],[-73.985097,-49.27337],[-74.008778,-49.226251],[-73.979726,-49.164239],[-74.043528,-49.08294],[-73.94225,-49.023533],[-73.821848,-49.04225],[-73.889231,-49.00742],[-74.057485,-49.012465],[-74.036041,-49.144952],[-74.106435,-49.221287],[-74.186676,-49.202732],[-74.152455,-49.313653],[-74.214915,-49.523126],[-74.241119,-49.527927],[-74.42276,-49.384698],[-74.394683,-49.333185],[-74.412709,-49.218845],[-74.371897,-49.186619],[-74.413442,-49.116957],[-74.405507,-49.067804],[-74.453969,-49.080173],[-74.467275,-49.0499],[-74.403147,-48.987237],[-74.422475,-48.934991],[-74.382639,-48.928643],[-74.434641,-48.895685],[-74.447906,-48.807794],[-74.371897,-48.719171],[-74.341054,-48.752374],[-74.200551,-48.719171],[-74.066721,-48.741957],[-74.169342,-48.703302],[-74.306223,-48.727716],[-74.330922,-48.712986],[-74.289906,-48.692478],[-74.364329,-48.682306],[-74.392161,-48.599054],[-74.205678,-48.475193],[-73.993479,-48.597263],[-73.975413,-48.58408],[-74.028554,-48.448012],[-73.89269,-48.41131],[-74.029897,-48.41131],[-74.227284,-48.353936],[-74.103342,-48.317315],[-74.261586,-48.335138],[-74.31786,-48.212091],[-74.442494,-48.182387],[-74.50178,-48.105645],[-74.468658,-48.027765],[-74.588036,-48.079985],[-74.632571,-48.034924],[-74.625409,-48.004227],[-74.537465,-47.963067],[-74.427398,-47.979913],[-74.334381,-48.032159],[-74.283762,-48.171075],[-74.205637,-48.231052],[-74.180328,-48.222914],[-74.32787,-48.015232],[-74.309967,-47.990411],[-74.060618,-48.000421],[-73.972971,-48.045343],[-73.891103,-48.022231],[-73.857737,-48.048761],[-73.882883,-48.086602],[-73.769846,-48.027765],[-73.804189,-48.108087],[-73.738393,-48.084405],[-73.611887,-48.126886],[-73.556264,-48.24684],[-73.467519,-48.171075],[-73.35143,-48.219496],[-73.276682,-48.13836],[-73.281809,-48.079278],[-73.305653,-48.134535],[-73.374827,-48.16253],[-73.481801,-48.123305],[-73.647206,-47.973728],[-73.64269,-47.89658],[-73.582102,-47.907647],[-73.507069,-47.97796],[-73.245961,-48.007257],[-73.235341,-47.986749],[-73.35558,-47.955662],[-73.468332,-47.965916],[-73.526194,-47.932061],[-73.511098,-47.886407],[-73.612172,-47.867771],[-73.55012,-47.808038],[-73.698394,-47.785903],[-73.731923,-47.743097],[-73.740956,-47.703058],[-73.666168,-47.616306],[-73.701527,-47.629815],[-73.682485,-47.559259],[-73.721425,-47.527439],[-73.77599,-47.588962],[-73.730946,-47.623712],[-73.786529,-47.792657],[-73.913197,-47.840102],[-74.02302,-47.828546],[-74.067738,-47.770766],[-74.350697,-47.788507],[-74.407216,-47.767673],[-74.343861,-47.760512],[-74.378407,-47.744806],[-74.532582,-47.781996],[-74.735585,-47.718683],[-74.656728,-47.644138],[-74.567616,-47.680922],[-74.550649,-47.663995],[-74.632192,-47.62127],[-74.556711,-47.550063],[-74.502838,-47.595798],[-74.471181,-47.550551],[-74.437652,-47.554783],[-74.41218,-47.603611],[-74.371897,-47.588962],[-74.351959,-47.62656],[-74.48176,-47.698826],[-74.344553,-47.670831],[-74.295888,-47.725356],[-74.205068,-47.756606],[-74.159657,-47.746515],[-74.252675,-47.739679],[-74.303578,-47.678318],[-74.132883,-47.663995],[-74.262603,-47.642022],[-74.229807,-47.625095],[-74.0537,-47.622166],[-74.140004,-47.586196],[-74.0572,-47.534275],[-74.283599,-47.603774],[-74.328359,-47.585707],[-74.339101,-47.537286],[-74.392323,-47.534763],[-74.453521,-47.481052],[-74.385569,-47.459161],[-74.45519,-47.421563],[-74.506581,-47.469659],[-74.528554,-47.431736],[-74.407216,-47.342462],[-74.324696,-47.218927],[-74.283762,-47.24627],[-74.177602,-47.205255],[-74.119374,-47.333103],[-74.139068,-47.222345],[-74.115387,-47.192966],[-74.03189,-47.176446],[-73.9735,-47.254978],[-73.998931,-47.164972],[-74.0572,-47.156915],[-73.941274,-47.027927],[-74.040598,-46.971856],[-74.139068,-46.978692],[-74.206451,-46.907892],[-74.126088,-46.835382],[-74.243316,-46.864679],[-74.289906,-46.82171],[-74.266835,-46.781671],[-74.591624,-46.725518],[-74.477651,-46.772393],[-74.526723,-46.801202],[-74.640004,-46.780043],[-74.673492,-46.849054],[-74.450185,-46.856052],[-74.479156,-46.902276],[-74.680979,-46.883884],[-74.815256,-46.768487],[-74.869537,-46.805922],[-75.0065,-46.753513],[-75.083363,-46.640883],[-74.934193,-46.502699],[-74.934193,-46.437595],[-75.014068,-46.520115],[-75.051503,-46.513279],[-75.111643,-46.586847],[-75.201731,-46.629978],[-75.207753,-46.604913],[-75.386545,-46.655532],[-75.404652,-46.629815],[-75.561757,-46.680759],[-75.646596,-46.755955],[-75.631337,-46.785414],[-75.540598,-46.698175],[-75.422475,-46.713962],[-75.476064,-46.774021],[-75.400014,-46.776951],[-75.382314,-46.806329],[-75.433909,-46.863377],[-75.37206,-46.84881],[-75.346995,-46.879164],[-75.410553,-46.931573],[-75.551747,-46.948337],[-75.642242,-46.880141],[-75.707021,-46.786554],[-75.708323,-46.654718],[-75.636057,-46.573012],[-75.517079,-46.554295],[-75.540598,-46.513279],[-75.389068,-46.476739],[-75.390452,-46.427341],[-75.345326,-46.394789],[-75.254262,-46.365492],[-75.226959,-46.389825],[-75.187001,-46.295994],[-75.105784,-46.347101],[-75.029775,-46.341974],[-75.12975,-46.322035],[-75.106109,-46.225844],[-75.049306,-46.20908],[-74.928049,-46.273614],[-74.961537,-46.230157],[-74.879547,-46.146742],[-74.777211,-46.212172],[-74.766347,-46.177341],[-74.824452,-46.125909],[-74.781484,-46.04697],[-74.701487,-46.032892],[-74.725331,-46.026544],[-74.728749,-45.944024],[-74.665598,-45.823337],[-74.60676,-45.84588],[-74.559967,-45.826267],[-74.558095,-45.90309],[-74.452992,-45.944024],[-74.464711,-46.022149],[-74.39977,-45.937188],[-74.463694,-45.865818],[-74.468658,-45.834731],[-74.43456,-45.841567],[-74.461822,-45.815037],[-74.359609,-45.790297],[-74.305409,-45.827732],[-74.156484,-45.797296],[-74.103139,-45.836847],[-74.192779,-45.881931],[-74.059193,-45.929864],[-74.080068,-45.981866],[-74.167063,-46.005548],[-74.083852,-46.029718],[-74.167063,-46.136407],[-74.076283,-46.096124],[-74.06135,-45.98089],[-73.982045,-46.029718],[-73.97057,-46.084161],[-74.063588,-46.172052],[-74.313222,-46.249933],[-74.480621,-46.168634],[-74.489898,-46.189386],[-74.358795,-46.260024],[-74.049713,-46.191095],[-74.071441,-46.23268],[-74.041656,-46.270766],[-74.077707,-46.322035],[-74.008534,-46.288995],[-73.844879,-46.341974],[-73.974599,-46.222263],[-74.016225,-46.218438],[-73.96817,-46.144708],[-73.896108,-46.136407],[-73.769846,-46.234552],[-73.762318,-46.273614],[-73.794179,-46.361586],[-73.989166,-46.559747],[-73.873891,-46.602227],[-73.791331,-46.50506],[-73.741851,-46.533787],[-73.766469,-46.472589],[-73.74234,-46.420994],[-73.601308,-46.318455],[-73.488637,-46.300958],[-73.568349,-46.27044],[-73.523915,-46.175226],[-73.344594,-46.026544],[-73.430287,-46.029718],[-73.687856,-46.322035],[-73.691803,-46.256443],[-73.632639,-46.218438],[-73.619008,-46.102309],[-73.660553,-45.975681],[-73.586049,-45.885512],[-73.522776,-45.875746],[-73.56371,-45.841567],[-73.402089,-45.701918],[-73.188873,-45.655857],[-73.296213,-45.649835],[-73.32726,-45.619073],[-73.420318,-45.649835],[-73.591664,-45.780206],[-73.510854,-45.451755],[-73.445872,-45.413507],[-73.412913,-45.451267],[-73.399078,-45.387872],[-73.370961,-45.366876],[-73.323557,-45.395929],[-73.313873,-45.333917],[-73.22643,-45.300877],[-73.014312,-45.444757],[-72.859527,-45.464451],[-72.837758,-45.427992],[-72.858469,-45.389255],[-72.981516,-45.400974],[-73.256663,-45.248224],[-73.375356,-45.292901],[-73.448069,-45.279474],[-73.450063,-45.199477],[-73.355946,-45.190688],[-73.317047,-45.153985],[-73.405263,-45.006117],[-73.348256,-44.957778],[-73.117096,-44.948337],[-72.810048,-44.767755],[-72.727651,-44.758559],[-72.731516,-44.674249],[-72.669016,-44.531996],[-72.616526,-44.508966],[-72.591135,-44.340753],[-72.721913,-44.501397],[-72.750234,-44.448989],[-72.924631,-44.373712],[-72.926584,-44.320571],[-72.961334,-44.298761],[-73.183502,-44.248142],[-73.192047,-44.226821],[-73.122182,-44.189223],[-73.13976,-44.145196],[-73.221099,-44.196873],[-73.290028,-44.152439],[-73.262603,-44.108494],[-73.223012,-44.127048],[-73.201772,-44.061456],[-73.127187,-44.096856],[-73.13915,-43.985121],[-73.070424,-43.914483],[-73.015614,-43.782485],[-72.967275,-43.820082],[-72.898915,-43.776951],[-72.824615,-43.807875],[-72.842275,-43.689711],[-72.896881,-43.753106],[-72.970937,-43.765395],[-73.045888,-43.728448],[-72.973012,-43.621352],[-72.905832,-43.60768],[-73.038726,-43.574151],[-73.111318,-43.461033],[-73.084584,-43.316339],[-72.906321,-43.214939],[-72.934438,-43.09824],[-72.864858,-43.018731],[-72.804677,-43.01393],[-72.734486,-43.079685],[-72.761057,-43.009047],[-72.747141,-42.909763],[-72.842193,-42.838067],[-72.864858,-42.751235],[-72.864858,-42.696547],[-72.823842,-42.665297],[-72.867055,-42.590427],[-72.840321,-42.524835],[-72.795522,-42.493829],[-72.710764,-42.496026],[-72.539418,-42.558282],[-72.678456,-42.478448],[-72.716135,-42.400567],[-72.843739,-42.278253],[-72.809722,-42.243259],[-72.594553,-42.182061],[-72.456166,-42.440851],[-72.419789,-42.43963],[-72.476186,-42.307794],[-72.4735,-42.269789],[-72.412343,-42.2374],[-72.460032,-42.234308],[-72.481313,-42.199151],[-72.426015,-42.147231],[-72.488026,-42.127537],[-72.462554,-41.985528],[-72.48469,-41.959242],[-72.517201,-41.950942],[-72.608266,-42.033136],[-72.737294,-42.01393],[-72.88801,-41.916599],[-72.645131,-41.722833],[-72.483795,-41.713556],[-72.30309,-41.648207],[-72.343414,-41.61297],[-72.306142,-41.528578],[-72.325103,-41.456964],[-72.30309,-41.380792],[-72.344146,-41.386814],[-72.323598,-41.407973],[-72.37267,-41.590102],[-72.426178,-41.663995],[-72.609446,-41.70672],[-72.67748,-41.673598],[-72.751576,-41.548435],[-72.957265,-41.483575],[-73.104115,-41.576593],[-73.06371,-41.686456],[-73.141713,-41.754815],[-73.201405,-41.784763],[-73.363189,-41.773533],[-73.515045,-41.803643],[-73.759946,-41.748841],[-73.696632,-41.637125],[-73.554758,-41.608494],[-73.494862,-41.510431],[-73.615224,-41.599867],[-73.806803,-41.556233],[-73.848651,-41.440529],[-73.854823,-41.279049],[-73.940585,-41.049964],[-73.946904,-40.972841],[-73.85464,-40.916163],[-73.89323,-40.863782],[-73.808885,-40.705986],[-73.831255,-40.657762],[-73.728498,-40.54418],[-73.779652,-40.41546],[-73.735015,-40.174737],[-73.659983,-40.109552],[-73.714182,-39.978448],[-73.443959,-39.831476],[-73.378774,-39.900486],[-73.406077,-39.69492],[-73.297963,-39.582696],[-73.224477,-39.41725],[-73.245025,-39.390313],[-73.211659,-39.213474],[-73.252105,-39.177911],[-73.43342,-38.686944],[-73.427154,-38.7763],[-73.445058,-38.761407],[-73.543284,-38.420668],[-73.462961,-38.051202],[-73.557688,-37.846124],[-73.666575,-37.725518],[-73.685129,-37.598403],[-73.59789,-37.491876],[-73.61148,-37.412693],[-73.675689,-37.326267],[-73.644643,-37.20143],[-73.594472,-37.152439],[-73.448801,-37.241388],[-73.282582,-37.214044],[-73.209055,-37.160252],[-73.145375,-36.833917],[-73.207428,-36.775323],[-73.131703,-36.736423],[-73.152821,-36.706964],[-73.121897,-36.614353],[-73.092437,-36.618341],[-73.070221,-36.7138],[-72.981923,-36.690362],[-72.961171,-36.614028],[-72.988108,-36.528985],[-72.93224,-36.523614],[-72.826161,-36.287042],[-72.804311,-35.988865],[-72.583567,-35.770603],[-72.646596,-35.566583],[-72.538686,-35.498793],[-72.398061,-35.233494],[-72.23058,-35.116143],[-72.187815,-34.885512],[-72.05724,-34.658787],[-72.048085,-34.403904],[-71.989084,-34.355239],[-72.018544,-34.140802],[-71.906606,-34.009454],[-71.816518,-33.787286],[-71.671864,-33.6985],[-71.627512,-33.546563],[-71.705922,-33.43434],[-71.671864,-33.325779],[-71.752268,-33.113539],[-71.74352,-33.086358],[-71.690338,-33.085626],[-71.645741,-33.018976],[-71.572865,-33.010186],[-71.5183,-32.873142],[-71.548695,-32.784845],[-71.509429,-32.769708],[-71.448313,-32.665704],[-71.476715,-32.535252],[-71.412465,-32.369561],[-71.542144,-32.205173],[-71.505605,-31.894301],[-71.539622,-31.83766],[-71.514963,-31.775486],[-71.666168,-31.169854],[-71.65099,-31.022393],[-71.707265,-30.779474],[-71.703481,-30.508559],[-71.639231,-30.252211],[-71.587473,-30.284926],[-71.517568,-30.278578],[-71.445912,-30.162367],[-71.398793,-30.17669],[-71.376454,-30.078871],[-71.412465,-29.991795],[-71.350697,-29.930841],[-71.29776,-29.933852],[-71.282582,-29.880141],[-71.335927,-29.728123],[-71.288075,-29.603123],[-71.336049,-29.524998],[-71.30724,-29.421157],[-71.360911,-29.295587],[-71.486928,-29.211847],[-71.521962,-28.940118],[-71.487782,-28.845147],[-71.401845,-28.806573],[-71.301869,-28.6749],[-71.307485,-28.5617],[-71.17394,-28.36061],[-71.173085,-28.09295],[-71.132639,-27.923517],[-71.031606,-27.657403],[-70.971099,-27.660333],[-70.912221,-27.61004],[-70.895579,-27.469822],[-70.94579,-27.37184],[-70.961049,-27.168064],[-70.941314,-27.113377],[-70.884185,-27.127211],[-70.794179,-27.002537],[-70.822418,-26.865818],[-70.748938,-26.760557],[-70.754506,-26.702081],[-70.695302,-26.568536],[-70.697662,-26.400649],[-70.629954,-26.340977],[-70.681443,-26.304496],[-70.648264,-26.235772],[-70.665435,-26.149672],[-70.635976,-25.974705],[-70.733388,-25.803969],[-70.700313,-25.773377],[-70.686676,-25.668064],[-70.634775,-25.625502],[-70.65038,-25.528578],[-70.530914,-25.456801],[-70.521352,-25.403253],[-70.449371,-25.355157],[-70.437001,-25.193455],[-70.497182,-25.104262],[-70.468739,-25.000095],[-70.555898,-24.810805],[-70.576405,-24.653253],[-70.554799,-24.60589],[-70.58259,-24.537205],[-70.506098,-24.167381],[-70.526357,-23.99627],[-70.498525,-23.784601],[-70.421254,-23.684666],[-70.390736,-23.576918],[-70.413085,-23.511253],[-70.496983,-23.469472],[-70.539315,-23.532273],[-70.60583,-23.510653],[-70.621338,-23.53109],[-70.625027,-23.474749],[-70.591786,-23.435724],[-70.600123,-23.244225],[-70.567795,-23.200222],[-70.562245,-23.059828],[-70.51183,-23.014907],[-70.468034,-23.096231],[-70.425423,-23.08853],[-70.297027,-22.917739],[-70.312571,-22.790623],[-70.278554,-22.556736],[-70.243153,-22.496515],[-70.248199,-22.327569],[-70.174428,-21.945896],[-70.192128,-21.884373],[-70.150054,-21.861993],[-70.151967,-21.664809],[-70.103645,-21.608699],[-70.058695,-21.433377],[-70.092698,-21.36534],[-70.080094,-21.233325],[-70.171295,-21.014581],[-70.130469,-20.946578],[-70.141133,-20.880917],[-70.212327,-20.813703],[-70.190418,-20.791783],[-70.203826,-20.541958],[-70.166686,-20.448069],[-70.186879,-20.354262],[-70.145742,-20.330415],[-70.130727,-20.266778],[-70.162343,-20.196547],[-70.125356,-20.066176],[-70.149322,-19.737237],[-70.177887,-19.640232],[-70.238224,-19.60328],[-70.199574,-19.534356],[-70.28775,-19.300958],[-70.266225,-19.178399],[-70.356597,-18.77337],[-70.306369,-18.460555],[-70.392575,-18.339559],[-70.159067,-18.32597],[-69.970345,-18.250625],[-69.865338,-18.144585],[-69.783095,-17.981598],[-69.849835,-17.69159],[-69.818054,-17.659137],[-69.683902,-17.656036],[-69.510089,-17.506588]]],[[[-68.641998,-54.799168],[-68.654135,-54.886245],[-68.965688,-54.784438],[-68.744496,-54.886407],[-68.787994,-54.92018],[-69.067006,-54.948826],[-69.648305,-54.822524],[-69.672353,-54.778009],[-69.624379,-54.760837],[-69.627065,-54.692071],[-69.663564,-54.753513],[-69.716054,-54.68906],[-69.730784,-54.803155],[-69.761301,-54.803643],[-69.761708,-54.727309],[-69.790842,-54.721449],[-69.80899,-54.810968],[-69.91161,-54.818617],[-69.966624,-54.778416],[-69.959381,-54.681573],[-70.000356,-54.733331],[-69.978505,-54.822198],[-70.080068,-54.849867],[-70.087148,-54.778578],[-70.164866,-54.845961],[-70.309438,-54.838556],[-70.308339,-54.779962],[-70.226308,-54.695082],[-70.322418,-54.746515],[-70.355214,-54.827081],[-70.581166,-54.778985],[-70.758778,-54.84059],[-70.824941,-54.821466],[-70.837026,-54.787693],[-70.624582,-54.731541],[-70.45287,-54.633722],[-70.54308,-54.623468],[-70.630971,-54.667739],[-70.594553,-54.682794],[-70.606353,-54.70379],[-70.815907,-54.750421],[-70.927235,-54.738214],[-70.922109,-54.712579],[-70.774322,-54.681573],[-70.926381,-54.670017],[-70.95995,-54.68906],[-70.950185,-54.721368],[-71.042348,-54.775567],[-70.960846,-54.632013],[-71.044057,-54.595961],[-71.06078,-54.662205],[-71.090077,-54.634942],[-71.179677,-54.702569],[-71.302602,-54.667739],[-71.192698,-54.626886],[-71.240387,-54.621026],[-71.262929,-54.580743],[-71.23998,-54.540297],[-71.323069,-54.545017],[-71.337961,-54.52158],[-71.360911,-54.52752],[-71.336049,-54.565525],[-71.412465,-54.579197],[-71.350901,-54.594985],[-71.506581,-54.683526],[-71.521799,-54.637791],[-71.494293,-54.592706],[-71.549631,-54.65488],[-71.591135,-54.589288],[-71.645172,-54.65488],[-71.685048,-54.634698],[-71.652008,-54.599542],[-71.739735,-54.594822],[-71.759592,-54.622817],[-71.816518,-54.62005],[-71.822662,-54.65488],[-71.944325,-54.654555],[-71.980946,-54.613214],[-71.905263,-54.613214],[-71.88976,-54.568129],[-72.001454,-54.57171],[-71.998362,-54.517022],[-71.940012,-54.510837],[-72.002349,-54.45908],[-71.921457,-54.464288],[-71.831858,-54.542413],[-71.671864,-54.57171],[-71.740305,-54.518324],[-71.583119,-54.545017],[-71.693593,-54.469334],[-71.830678,-54.469008],[-71.842885,-54.419122],[-71.749135,-54.397149],[-71.563222,-54.510837],[-71.495229,-54.493748],[-71.604156,-54.448663],[-71.598256,-54.401056],[-71.544179,-54.443455],[-71.517934,-54.445001],[-71.535308,-54.407159],[-71.396962,-54.457208],[-71.335846,-54.438572],[-71.344879,-54.417657],[-71.432932,-54.400974],[-71.364613,-54.372979],[-71.18928,-54.428481],[-71.09024,-54.510837],[-71.139556,-54.451349],[-71.125152,-54.433526],[-70.972401,-54.469008],[-70.936391,-54.389093],[-70.952504,-54.3388],[-70.800649,-54.315851],[-70.724843,-54.346856],[-70.628041,-54.332452],[-70.723459,-54.425714],[-70.711578,-54.480727],[-70.774078,-54.544122],[-70.771962,-54.594903],[-70.748158,-54.562677],[-70.641469,-54.602797],[-70.701161,-54.533461],[-70.696929,-54.494806],[-70.585194,-54.390558],[-70.24942,-54.575372],[-70.233144,-54.551202],[-70.301991,-54.496515],[-70.130727,-54.545017],[-70.427642,-54.437677],[-70.577707,-54.274835],[-70.843251,-54.263116],[-70.898508,-54.181817],[-70.822743,-54.195489],[-70.928212,-54.126723],[-70.322499,-54.325291],[-70.150461,-54.423923],[-70.144643,-54.391371],[-70.086049,-54.383233],[-70.095937,-54.359308],[-70.199045,-54.320571],[-70.090199,-54.253188],[-70.034495,-54.256931],[-69.983225,-54.283868],[-69.966868,-54.379815],[-69.91161,-54.379815],[-69.870595,-54.435154],[-69.883656,-54.503351],[-69.785227,-54.484145],[-69.77538,-54.554864],[-69.741322,-54.47796],[-69.815541,-54.421157],[-69.808013,-54.384373],[-69.87682,-54.297296],[-69.85912,-54.280369],[-69.691884,-54.317804],[-69.536,-54.442071],[-69.570872,-54.372817],[-69.500478,-54.342218],[-69.23412,-54.44964],[-69.226674,-54.476983],[-69.41747,-54.623305],[-69.377187,-54.681573],[-69.373036,-54.615899],[-69.269439,-54.532403],[-69.15746,-54.558526],[-69.17516,-54.487726],[-69.147532,-54.448663],[-69.009674,-54.471449],[-68.989003,-54.43141],[-69.279612,-54.321547],[-70.014027,-54.113539],[-70.056752,-54.087009],[-70.185292,-53.811293],[-70.136952,-53.738702],[-69.879277,-53.657886],[-69.65144,-53.636231],[-69.360842,-53.521675],[-69.318613,-53.450523],[-69.350901,-53.363214],[-69.675473,-53.358358],[-70.202707,-53.468683],[-70.442535,-53.362481],[-70.473541,-53.309259],[-70.418993,-53.011716],[-70.314865,-52.968048],[-70.323945,-53.061536],[-70.243452,-53.061725],[-70.134229,-53.011951],[-70.089175,-52.911063],[-70.204823,-52.866306],[-70.300891,-52.91493],[-70.257202,-52.868296],[-70.28266,-52.798449],[-70.416127,-52.758071],[-70.128615,-52.732282],[-70.001133,-52.841734],[-69.9114,-52.847904],[-69.824403,-52.78252],[-69.734351,-52.774459],[-69.591011,-52.641873],[-69.623606,-52.560317],[-69.603871,-52.521173],[-69.417565,-52.451472],[-69.225942,-52.639255],[-69.140248,-52.68377],[-68.920657,-52.640175],[-68.779026,-52.548254],[-68.628407,-52.639255],[-68.641882,-54.782971],[-68.700063,-54.767836],[-68.641998,-54.799168]]],[[[-80.759348,-33.766778],[-80.777333,-33.73447],[-80.740834,-33.685154],[-80.704701,-33.766778],[-80.759348,-33.766778]]],[[[-78.788971,-33.609063],[-78.757639,-33.643243],[-78.884999,-33.632745],[-78.979482,-33.669122],[-78.870025,-33.576837],[-78.788971,-33.609063]]],[[[-109.231597,-27.092462],[-109.226552,-27.118748],[-109.451324,-27.195489],[-109.396881,-27.069268],[-109.231597,-27.092462]]],[[[-105.459543,-26.464776],[-105.470937,-26.457696],[-105.465932,-26.455499],[-105.459543,-26.464776]]],[[[-79.901763,-26.347426],[-79.890207,-26.356052],[-79.909413,-26.358168],[-79.901763,-26.347426]]],[[[-80.095693,-26.266046],[-80.090443,-26.274509],[-80.107777,-26.274998],[-80.095693,-26.266046]]],[[[-67.245107,-55.839614],[-67.204172,-55.880629],[-67.22411,-55.897556],[-67.402211,-55.836684],[-67.358551,-55.810479],[-67.245107,-55.839614]]],[[[-67.094309,-55.826104],[-67.072377,-55.902927],[-67.114329,-55.912693],[-67.169179,-55.851658],[-67.121165,-55.80755],[-67.094309,-55.826104]]],[[[-67.501617,-55.821059],[-67.475592,-55.829064],[-67.531554,-55.840833],[-67.543857,-55.889846],[-67.640783,-55.914116],[-67.63203,-55.859396],[-67.693558,-55.889521],[-67.732094,-55.85428],[-67.824155,-55.88994],[-67.909282,-55.85083],[-67.800649,-55.812433],[-67.583499,-55.840512],[-67.560618,-55.837986],[-67.5867,-55.809909],[-67.501617,-55.821059]]],[[[-67.232086,-55.771417],[-67.164906,-55.760837],[-67.211659,-55.795343],[-67.232086,-55.771417]]],[[[-67.376088,-55.750909],[-67.445546,-55.762628],[-67.581532,-55.716241],[-67.505849,-55.654067],[-67.420644,-55.707452],[-67.403432,-55.647882],[-67.436879,-55.61004],[-67.35912,-55.573907],[-67.327748,-55.644708],[-67.361806,-55.706231],[-67.269928,-55.716241],[-67.255849,-55.753025],[-67.341379,-55.791925],[-67.376088,-55.750909]]],[[[-67.643137,-55.497328],[-67.59557,-55.533136],[-67.595204,-55.572198],[-67.738596,-55.616876],[-67.692291,-55.57936],[-67.699371,-55.505466],[-67.643137,-55.497328]]],[[[-69.714508,-55.344985],[-69.64037,-55.377048],[-69.801747,-55.40781],[-69.780914,-55.365411],[-69.801747,-55.332615],[-69.714508,-55.344985]]],[[[-70.014027,-55.305922],[-69.947825,-55.283868],[-70.006459,-55.374444],[-70.027659,-55.318943],[-70.110219,-55.29225],[-70.014027,-55.305922]]],[[[-66.855336,-55.271173],[-66.839589,-55.302504],[-66.938059,-55.334568],[-67.06017,-55.326349],[-67.069407,-55.267185],[-66.992258,-55.228692],[-66.875111,-55.23089],[-66.855336,-55.271173]]],[[[-66.426747,-55.185479],[-66.504018,-55.257989],[-66.569325,-55.281671],[-66.643056,-55.264337],[-66.632192,-55.205987],[-66.546132,-55.16839],[-66.426747,-55.185479]]],[[[-66.869008,-55.024102],[-66.806874,-55.112888],[-67.066029,-55.001153],[-66.869008,-55.024102]]],[[[-67.999257,-55.627537],[-68.033355,-55.661554],[-67.998199,-55.660414],[-68.089223,-55.715265],[-68.150054,-55.661554],[-68.151967,-55.603611],[-68.289784,-55.610121],[-68.252512,-55.524509],[-68.353627,-55.475274],[-68.425038,-55.503839],[-68.500478,-55.490981],[-68.603017,-55.411798],[-68.602528,-55.462335],[-68.711781,-55.466078],[-68.801137,-55.421319],[-68.776519,-55.482192],[-68.865346,-55.505304],[-68.965688,-55.40781],[-68.772328,-55.38006],[-68.808665,-55.359959],[-68.760243,-55.332615],[-68.971303,-55.37713],[-68.808502,-55.194513],[-68.986684,-55.265232],[-69.056793,-55.253513],[-69.12267,-55.196059],[-69.118804,-55.159845],[-69.151438,-55.170831],[-69.109039,-55.243829],[-69.134104,-55.247735],[-69.212717,-55.216485],[-69.249745,-55.144301],[-69.438629,-55.161879],[-69.305572,-55.16546],[-69.272125,-55.213474],[-69.479604,-55.236993],[-69.459096,-55.305922],[-69.405832,-55.284438],[-69.280385,-55.318943],[-69.303212,-55.351983],[-69.24059,-55.369561],[-69.298899,-55.413751],[-69.137034,-55.441827],[-69.172231,-55.461684],[-69.16161,-55.514337],[-69.226389,-55.469822],[-69.329416,-55.479913],[-69.362864,-55.38893],[-69.40331,-55.488051],[-69.437082,-55.491306],[-69.451527,-55.408868],[-69.508046,-55.408624],[-69.504058,-55.380466],[-69.397694,-55.359959],[-69.48705,-55.359959],[-69.465932,-55.339451],[-69.493764,-55.336114],[-69.607655,-55.365492],[-69.620188,-55.329522],[-69.788075,-55.305922],[-69.568959,-55.271173],[-69.668284,-55.264337],[-69.503896,-55.180597],[-69.848053,-55.257908],[-69.910553,-55.229181],[-69.835276,-55.202325],[-69.894032,-55.201104],[-69.842681,-55.168145],[-70.020009,-55.164239],[-70.02184,-55.143162],[-69.885976,-55.063572],[-69.587473,-55.041192],[-69.561513,-55.12713],[-69.582021,-55.154474],[-69.541493,-55.145115],[-69.527577,-55.031996],[-69.445709,-55.018324],[-69.445465,-55.04461],[-69.344635,-55.049249],[-69.383412,-55.016697],[-69.285634,-54.987074],[-69.185536,-55.013279],[-69.200551,-54.996759],[-68.441151,-54.939711],[-68.345693,-54.998468],[-68.334828,-55.062433],[-68.431264,-55.04461],[-68.510813,-55.1124],[-68.60261,-55.066095],[-68.623036,-55.07879],[-68.569447,-55.135431],[-68.616078,-55.152276],[-68.825917,-55.115167],[-69.027984,-55.024591],[-69.061879,-55.04461],[-68.78661,-55.165216],[-68.383127,-55.184503],[-68.274241,-55.230157],[-68.328847,-55.236993],[-68.217844,-55.259698],[-68.22761,-55.291762],[-68.500071,-55.311456],[-68.592519,-55.312758],[-68.701731,-55.25506],[-68.745961,-55.271173],[-68.680043,-55.267185],[-68.631703,-55.326593],[-68.561594,-55.326349],[-68.602528,-55.359959],[-68.447987,-55.326349],[-68.335072,-55.353123],[-68.324371,-55.399509],[-68.276235,-55.379164],[-68.146474,-55.404392],[-68.177358,-55.462335],[-68.057485,-55.469008],[-68.090728,-55.535903],[-67.980133,-55.587579],[-67.999257,-55.627537]]],[[[-67.883168,-55.243829],[-67.738596,-55.236993],[-67.885487,-55.178969],[-67.985585,-55.223565],[-68.135081,-55.218845],[-68.15689,-55.196059],[-68.115956,-55.174981],[-68.1881,-55.104425],[-68.16747,-55.0617],[-68.18635,-54.978204],[-68.328847,-54.990655],[-68.360504,-54.930922],[-67.941803,-54.90545],[-67.724192,-54.935154],[-67.301829,-54.928888],[-67.183095,-54.968032],[-67.053375,-55.093683],[-67.08849,-55.190525],[-67.270619,-55.306899],[-67.433827,-55.281427],[-67.456654,-55.266778],[-67.430328,-55.227797],[-67.444,-55.182306],[-67.502919,-55.172133],[-67.608795,-55.188653],[-67.663442,-55.264337],[-67.883168,-55.243829]]],[[[-70.295155,-55.082452],[-70.267242,-55.112888],[-70.33845,-55.128513],[-70.399892,-55.080662],[-70.446034,-55.12713],[-70.370269,-55.161879],[-70.4794,-55.203871],[-70.538482,-55.154474],[-70.524037,-55.193943],[-70.548085,-55.213556],[-70.564076,-55.140313],[-70.513661,-55.112888],[-70.575307,-55.060235],[-70.606313,-55.048923],[-70.589996,-55.073175],[-70.69929,-55.112888],[-70.735015,-55.111993],[-70.728993,-55.053969],[-70.815338,-55.086196],[-70.856842,-55.058526],[-70.929758,-55.076837],[-71.007151,-55.04461],[-70.993479,-55.003595],[-70.930328,-55.001235],[-71.012847,-54.96502],[-70.850087,-54.934177],[-70.866119,-54.957615],[-70.795481,-54.976332],[-70.788564,-54.932224],[-70.562652,-54.968927],[-70.603342,-54.958591],[-70.593129,-54.933689],[-70.350453,-54.893731],[-70.315663,-54.900567],[-70.493804,-54.942153],[-70.509674,-54.988214],[-70.719716,-54.983168],[-70.730295,-55.004815],[-70.651438,-55.030938],[-70.507924,-55.016778],[-70.408111,-55.052016],[-70.309438,-55.027927],[-70.27774,-55.048517],[-70.327219,-55.062677],[-70.295155,-55.082452]]],[[[-69.904164,-54.996759],[-69.948842,-54.972589],[-69.842681,-54.948419],[-69.928293,-54.897638],[-69.836334,-54.872247],[-69.778554,-54.93906],[-69.698354,-54.939386],[-69.733469,-54.914239],[-69.691884,-54.914239],[-69.713612,-54.895766],[-69.774403,-54.87949],[-69.728342,-54.864516],[-69.513743,-54.893731],[-69.513743,-54.948419],[-69.426381,-54.899591],[-69.172353,-54.954034],[-69.356068,-54.955824],[-69.338124,-54.971612],[-69.426869,-54.997491],[-69.500071,-54.976332],[-69.484853,-54.995538],[-69.525054,-55.009861],[-69.776438,-55.034601],[-69.917795,-55.038344],[-69.904164,-54.996759]]],[[[-70.421783,-54.845961],[-70.401967,-54.859633],[-70.580881,-54.897882],[-70.74767,-54.866469],[-70.541615,-54.832289],[-70.421783,-54.845961]]],[[[-70.983795,-54.928481],[-71.151723,-54.934177],[-71.09024,-54.907973],[-71.204823,-54.906427],[-71.210317,-54.878513],[-71.282094,-54.869887],[-71.357818,-54.948419],[-71.336415,-54.911554],[-71.402821,-54.942641],[-71.459584,-54.87949],[-71.357777,-54.825128],[-71.180287,-54.831476],[-71.07787,-54.880141],[-71.006174,-54.85768],[-70.925771,-54.916436],[-70.983795,-54.928481]]],[[[-71.946848,-54.702569],[-71.921254,-54.705255],[-71.926381,-54.736749],[-71.984975,-54.755304],[-72.033599,-54.657892],[-72.08788,-54.671319],[-72.104319,-54.644789],[-72.037709,-54.628513],[-71.946848,-54.702569]]],[[[-72.339833,-54.331476],[-72.311513,-54.329034],[-72.305328,-54.365167],[-72.378814,-54.352634],[-72.361969,-54.367364],[-72.435211,-54.377211],[-72.470693,-54.427667],[-72.541737,-54.343032],[-72.426869,-54.330173],[-72.424957,-54.305922],[-72.339833,-54.331476]]],[[[-70.384592,-54.188084],[-70.28775,-54.188084],[-70.218658,-54.234633],[-70.269439,-54.271091],[-70.339752,-54.265802],[-70.459096,-54.235935],[-70.521108,-54.174412],[-70.491689,-54.14837],[-70.384592,-54.188084]]],[[[-72.296946,-54.07879],[-72.206288,-54.147719],[-72.25475,-54.16131],[-72.319895,-54.256931],[-72.378529,-54.22381],[-72.443715,-54.256931],[-72.501698,-54.242771],[-72.481313,-54.215427],[-72.51537,-54.202325],[-72.344797,-54.159601],[-72.330434,-54.140313],[-72.391835,-54.147719],[-72.296946,-54.113539],[-72.386708,-54.099216],[-72.296946,-54.07879]]],[[[-73.180084,-54.071954],[-73.178456,-54.127211],[-73.313385,-54.121189],[-73.35143,-54.064711],[-73.474355,-54.071954],[-73.358266,-54.023614],[-73.180084,-54.071954]]],[[[-71.63093,-54.07879],[-71.657053,-53.983168],[-71.612172,-53.948012],[-71.554351,-53.941827],[-71.514801,-53.989435],[-71.463287,-53.941583],[-71.396352,-54.062758],[-71.376943,-54.004002],[-71.398793,-53.975763],[-71.337961,-53.976251],[-71.282094,-54.009942],[-71.261138,-54.074314],[-71.282541,-54.094822],[-71.211903,-54.184177],[-71.188344,-54.098077],[-71.163645,-54.086521],[-71.172231,-54.150811],[-71.143422,-54.152765],[-71.112457,-54.070489],[-71.028879,-54.085626],[-71.021392,-54.148045],[-71.062367,-54.202325],[-70.996693,-54.174574],[-70.990142,-54.265802],[-71.062367,-54.291111],[-71.056467,-54.330011],[-71.157948,-54.297296],[-71.087392,-54.331801],[-71.106516,-54.376642],[-71.148305,-54.379815],[-71.176829,-54.327732],[-71.220815,-54.362726],[-71.357818,-54.297296],[-71.240549,-54.277439],[-71.231191,-54.21559],[-71.300771,-54.261407],[-71.325307,-54.219822],[-71.411,-54.233331],[-71.445953,-54.185317],[-71.371449,-54.153904],[-71.413442,-54.151951],[-71.416615,-54.11004],[-71.492584,-54.135186],[-71.542144,-54.269952],[-71.596791,-54.229099],[-71.549631,-54.181817],[-71.651519,-54.232029],[-71.699818,-54.166192],[-71.596344,-54.087823],[-71.63093,-54.07879]]],[[[-72.015126,-54.202325],[-72.110707,-54.153904],[-72.058502,-54.14544],[-72.124379,-54.133477],[-72.042388,-54.113539],[-72.09789,-54.065525],[-72.205312,-54.091892],[-72.203033,-54.005141],[-72.258168,-53.945082],[-72.128041,-53.934177],[-72.07787,-53.983819],[-72.055491,-53.975763],[-72.083404,-53.9485],[-72.042388,-53.962091],[-72.020741,-53.917169],[-71.96052,-53.893813],[-71.995229,-53.865899],[-71.945709,-53.852797],[-71.830149,-53.920587],[-71.851796,-53.958266],[-71.830149,-53.969496],[-71.798004,-53.904555],[-71.667633,-53.918145],[-71.780263,-53.987726],[-71.693593,-54.006931],[-71.768666,-54.051446],[-71.727122,-54.058364],[-71.736073,-54.079197],[-71.663157,-54.072442],[-71.71345,-54.147719],[-71.808095,-54.148126],[-71.919342,-54.017022],[-71.953684,-54.025974],[-71.920155,-54.108575],[-71.744618,-54.246352],[-71.836985,-54.249444],[-71.871083,-54.283624],[-71.830149,-54.297296],[-71.830149,-54.331476],[-71.970611,-54.325291],[-71.905263,-54.229099],[-72.015126,-54.202325]]],[[[-70.455036,-53.611598],[-70.473156,-53.665345],[-70.419719,-53.871226],[-70.452219,-53.886895],[-70.342795,-54.028069],[-70.439252,-54.060409],[-70.610504,-53.948419],[-70.669962,-53.950342],[-70.568918,-54.065118],[-70.549062,-54.183364],[-70.513661,-54.215427],[-70.540435,-54.221612],[-70.685618,-54.188084],[-70.822743,-54.113539],[-70.806467,-54.095961],[-70.884185,-54.027032],[-70.897328,-53.947931],[-70.863759,-53.920587],[-70.89269,-53.891046],[-70.857533,-53.86004],[-70.881505,-53.842264],[-70.606114,-53.865125],[-70.600541,-53.829152],[-70.69929,-53.787205],[-70.712392,-53.706964],[-70.566453,-53.626053],[-70.535553,-53.560479],[-70.462611,-53.576361],[-70.455036,-53.611598]]],[[[-73.824452,-53.472101],[-73.687856,-53.523207],[-73.848541,-53.588311],[-73.832509,-53.550877],[-73.892323,-53.5263],[-73.833363,-53.505792],[-73.860585,-53.458917],[-73.824452,-53.472101]]],[[[-73.392445,-53.413995],[-73.509104,-53.475518],[-73.392445,-53.530694],[-73.507232,-53.568617],[-73.543284,-53.510349],[-73.577992,-53.544366],[-73.799224,-53.435968],[-73.593414,-53.490004],[-73.56371,-53.482354],[-73.619008,-53.455011],[-73.537017,-53.455011],[-73.59789,-53.424005],[-73.598053,-53.392673],[-73.392445,-53.413995]]],[[[-72.529652,-54.075372],[-72.574371,-54.095473],[-72.644643,-54.026951],[-72.706899,-54.103285],[-72.786285,-54.092462],[-72.843088,-54.133559],[-72.926259,-54.119806],[-72.878489,-54.092462],[-73.00886,-54.092462],[-73.026845,-54.074884],[-73.004506,-54.064548],[-72.795969,-54.058364],[-72.880727,-54.034438],[-72.762441,-54.03045],[-72.840159,-53.960382],[-72.645131,-53.859633],[-72.768625,-53.872735],[-72.727651,-53.838637],[-72.80956,-53.859633],[-72.782867,-53.831801],[-72.801666,-53.817478],[-72.897206,-53.867283],[-73.007314,-53.873712],[-73.040639,-53.808038],[-73.101674,-53.910414],[-73.046213,-53.97381],[-73.083119,-54.031915],[-73.308949,-53.97381],[-73.337758,-53.955255],[-73.240712,-53.899998],[-73.313059,-53.844496],[-73.257151,-53.798272],[-73.310455,-53.750421],[-73.262074,-53.70143],[-73.591664,-53.756036],[-73.484853,-53.70086],[-73.526235,-53.664483],[-73.608754,-53.656834],[-73.615346,-53.614028],[-73.584706,-53.582778],[-73.420318,-53.564874],[-73.204213,-53.666192],[-72.95287,-53.664483],[-72.958485,-53.633233],[-73.0808,-53.648207],[-73.037262,-53.600518],[-73.058339,-53.598403],[-73.134836,-53.646254],[-73.258656,-53.635186],[-73.291249,-53.60589],[-73.262074,-53.558038],[-73.339996,-53.547947],[-73.421254,-53.47088],[-73.077138,-53.530694],[-73.134918,-53.440362],[-73.17398,-53.430271],[-73.05724,-53.386814],[-73.032623,-53.390313],[-73.011383,-53.48919],[-72.988352,-53.46559],[-73.015614,-53.413995],[-72.913238,-53.427016],[-72.940989,-53.518324],[-72.872548,-53.534845],[-72.913238,-53.623224],[-72.884145,-53.681329],[-72.814931,-53.539239],[-72.844553,-53.459405],[-72.734486,-53.516534],[-72.676096,-53.611586],[-72.678578,-53.673272],[-72.642323,-53.671482],[-72.634429,-53.597589],[-72.673004,-53.544366],[-72.533518,-53.591404],[-72.464182,-53.575128],[-72.397288,-53.633477],[-72.474436,-53.661065],[-72.484446,-53.687107],[-72.438059,-53.705499],[-72.453277,-53.742364],[-72.373036,-53.687758],[-72.234242,-53.728774],[-72.273264,-53.75921],[-72.15274,-53.796157],[-72.250885,-53.877537],[-72.348622,-53.831313],[-72.391835,-53.845392],[-72.350901,-53.859633],[-72.344065,-53.910089],[-72.409535,-53.893162],[-72.371409,-53.9485],[-72.419789,-53.969496],[-72.323598,-53.989435],[-72.320546,-54.018976],[-72.343414,-54.044041],[-72.454213,-54.038263],[-72.453277,-53.989435],[-72.51537,-53.982599],[-72.529652,-54.075372]]],[[[-74.145904,-53.242771],[-74.058095,-53.250258],[-74.116119,-53.307387],[-74.238881,-53.31463],[-74.145904,-53.242771]]],[[[-73.43342,-52.865411],[-73.385325,-52.897638],[-73.402903,-52.952407],[-73.476308,-52.945245],[-73.491689,-52.888279],[-73.81078,-52.913751],[-73.693512,-52.852797],[-73.592437,-52.86061],[-73.632639,-52.831231],[-73.611724,-52.82171],[-73.43342,-52.865411]]],[[[-73.207428,-53.317804],[-73.09081,-53.355727],[-73.317291,-53.352634],[-73.420318,-53.283136],[-73.478098,-53.32464],[-73.584218,-53.317804],[-73.609609,-53.300063],[-73.507883,-53.300958],[-73.577992,-53.270115],[-73.61148,-53.187595],[-73.658681,-53.202732],[-73.728831,-53.132908],[-73.714589,-53.167087],[-73.744537,-53.165785],[-73.769846,-53.109063],[-73.819814,-53.113051],[-73.880442,-53.057712],[-73.912099,-53.07936],[-74.0572,-53.057794],[-74.016225,-53.085138],[-74.067738,-53.105564],[-74.169749,-53.089776],[-74.248931,-53.037286],[-74.239858,-53.08294],[-74.327382,-53.092218],[-74.345855,-53.029555],[-74.397125,-53.03631],[-74.425038,-52.97381],[-74.580637,-52.932387],[-74.571156,-52.851739],[-74.749867,-52.755548],[-74.674428,-52.721287],[-74.489166,-52.797052],[-74.43399,-52.868748],[-74.382436,-52.865411],[-74.407216,-52.913751],[-74.358795,-52.947931],[-74.342641,-52.925714],[-74.248931,-52.961602],[-74.188303,-52.940525],[-74.142974,-52.989679],[-74.083852,-52.961602],[-74.132883,-52.934259],[-74.029897,-52.982029],[-74.007802,-52.966567],[-73.947133,-52.993097],[-73.97525,-53.009373],[-73.954742,-53.023614],[-73.899526,-53.037286],[-73.875885,-53.003188],[-73.807037,-53.06463],[-73.755523,-53.05755],[-73.610341,-53.14186],[-73.659983,-53.057794],[-73.62328,-53.059828],[-73.551178,-53.118422],[-73.577992,-53.187595],[-73.516347,-53.261407],[-73.482249,-53.225844],[-73.497711,-53.143243],[-73.459543,-53.132908],[-73.318023,-53.229913],[-73.366038,-53.271173],[-73.266469,-53.268731],[-73.207428,-53.317804]]],[[[-73.330963,-52.694024],[-73.369211,-52.728611],[-73.39981,-52.728204],[-73.330963,-52.694024]]],[[[-73.837392,-52.70086],[-73.954742,-52.707696],[-73.844879,-52.597833],[-73.982045,-52.653009],[-73.884185,-52.565118],[-74.123419,-52.706617],[-74.146965,-52.696617],[-74.127781,-52.665915],[-74.181549,-52.647949],[-74.184368,-52.586801],[-74.049713,-52.563735],[-73.943999,-52.482788],[-74.03421,-52.475987],[-74.029729,-52.429918],[-73.725168,-52.404718],[-73.677887,-52.473321],[-73.739654,-52.545505],[-73.779408,-52.550063],[-73.736887,-52.592869],[-73.748525,-52.627862],[-73.837392,-52.70086]]],[[[-74.672566,-52.390549],[-74.703521,-52.385928],[-74.70192,-52.349563],[-74.815413,-52.350447],[-74.800722,-52.301755],[-74.906321,-52.234796],[-74.91161,-52.202813],[-74.878977,-52.186944],[-74.815175,-52.236586],[-74.620676,-52.204278],[-74.544422,-52.246159],[-74.593839,-52.39482],[-74.672566,-52.390549]]],[[[-73.769846,-52.379327],[-73.87267,-52.376153],[-73.824452,-52.344659],[-74.092885,-52.185235],[-74.079172,-52.147719],[-73.815338,-52.241143],[-73.780263,-52.274835],[-73.796051,-52.319024],[-73.759389,-52.348077],[-73.769846,-52.379327]]],[[[-74.122548,-52.397719],[-74.187327,-52.367364],[-74.187489,-52.324151],[-74.245351,-52.316583],[-74.205312,-52.295343],[-74.235951,-52.248305],[-74.207102,-52.226332],[-74.10497,-52.248305],[-74.273549,-52.149184],[-74.390492,-52.155532],[-74.401926,-52.118259],[-74.322174,-52.084649],[-74.236684,-52.10947],[-73.935699,-52.324884],[-74.122548,-52.397719]]],[[[-74.790842,-52.179457],[-74.797027,-52.129002],[-74.599233,-52.070245],[-74.683583,-52.166681],[-74.790842,-52.179457]]],[[[-74.344553,-52.06406],[-74.372792,-52.078302],[-74.407826,-52.051039],[-74.344553,-52.06406]]],[[[-74.492299,-51.978692],[-74.720448,-52.084161],[-74.707143,-52.0263],[-74.543813,-51.920668],[-74.492299,-51.978692]]],[[[-73.707672,-52.186944],[-73.694081,-52.242283],[-73.871246,-52.094903],[-74.09024,-52.010024],[-74.112416,-51.994561],[-74.043528,-52.008884],[-74.109771,-51.958917],[-74.034983,-51.914483],[-73.951039,-51.961033],[-73.758901,-52.08115],[-73.707672,-52.186944]]],[[[-74.749867,-52.043064],[-74.838002,-52.090753],[-74.850575,-52.130141],[-74.896352,-52.113051],[-74.783355,-52.008884],[-74.844879,-51.996759],[-74.750885,-51.833917],[-74.669545,-51.87005],[-74.598459,-51.837498],[-74.735585,-51.98211],[-74.697499,-51.969822],[-74.749867,-52.043064]]],[[[-75.061147,-51.882257],[-75.116851,-51.894138],[-75.107574,-51.806899],[-75.054596,-51.724867],[-74.998606,-51.714939],[-74.96996,-51.736749],[-75.000885,-51.843845],[-75.061147,-51.882257]]],[[[-74.43456,-51.844903],[-74.411122,-51.820977],[-74.494008,-51.722752],[-74.31786,-51.762384],[-74.297271,-51.821873],[-74.18224,-51.835382],[-74.163075,-51.855564],[-74.201894,-51.871026],[-74.102203,-51.873468],[-74.10497,-51.899591],[-74.135976,-51.939711],[-74.221791,-51.946059],[-74.43456,-51.844903]]],[[[-73.789662,-51.73504],[-73.77123,-51.76572],[-73.820709,-51.817071],[-73.940785,-51.677911],[-73.930409,-51.656427],[-73.850575,-51.683852],[-73.853342,-51.720147],[-73.789662,-51.73504]]],[[[-74.889801,-52.002048],[-74.975168,-52.111912],[-74.947865,-52.056573],[-75.013987,-52.104099],[-74.975168,-52.036228],[-75.065256,-51.994561],[-74.977691,-51.935805],[-75.037221,-51.920668],[-74.957509,-51.815606],[-74.865346,-51.879083],[-74.83845,-51.848321],[-74.886383,-51.773045],[-74.857777,-51.765313],[-74.852284,-51.707208],[-74.900054,-51.700942],[-74.886383,-51.680434],[-74.92516,-51.636],[-74.865346,-51.618341],[-74.793446,-51.644301],[-74.769439,-51.767673],[-74.84142,-51.954767],[-74.889801,-52.002048]]],[[[-73.943918,-51.741306],[-73.932973,-51.779474],[-74.049631,-51.79339],[-74.235585,-51.681899],[-74.139068,-51.666762],[-74.149648,-51.615004],[-74.090932,-51.605645],[-74.098134,-51.538995],[-74.063791,-51.545831],[-73.992665,-51.663181],[-74.008778,-51.714614],[-73.943918,-51.741306]]],[[[-74.197133,-51.42669],[-74.238596,-51.409601],[-74.221669,-51.378839],[-74.259999,-51.353123],[-74.262603,-51.299981],[-74.177968,-51.283461],[-74.10969,-51.427992],[-74.197133,-51.42669]]],[[[-75.02359,-51.330987],[-74.996246,-51.361749],[-75.016184,-51.413507],[-75.078765,-51.409845],[-75.109527,-51.470961],[-75.160756,-51.42669],[-75.141754,-51.565037],[-75.215403,-51.549493],[-75.208648,-51.591974],[-75.312896,-51.629164],[-75.314687,-51.543145],[-75.225331,-51.490655],[-75.187408,-51.375421],[-75.219838,-51.305434],[-75.142405,-51.263849],[-75.15453,-51.363702],[-75.092356,-51.298435],[-75.02359,-51.330987]]],[[[-73.79308,-51.258722],[-73.758901,-51.313653],[-73.793691,-51.371026],[-73.89037,-51.345636],[-73.83849,-51.315199],[-73.920644,-51.303643],[-73.864735,-51.258722],[-73.79308,-51.258722]]],[[[-74.739003,-51.368585],[-74.831858,-51.438735],[-75.016184,-51.467543],[-75.017934,-51.442804],[-74.790842,-51.317478],[-74.921783,-51.363702],[-74.963775,-51.343683],[-74.934193,-51.303643],[-74.838002,-51.275811],[-74.79308,-51.211196],[-74.601918,-51.205987],[-74.555735,-51.250421],[-74.54898,-51.284356],[-74.626332,-51.26214],[-74.549062,-51.354587],[-74.594228,-51.399509],[-74.64623,-51.392511],[-74.687367,-51.299086],[-74.735585,-51.296157],[-74.739003,-51.368585]]],[[[-74.865346,-51.121515],[-74.876943,-51.158461],[-75.022694,-51.161879],[-74.968984,-51.104425],[-74.865346,-51.121515]]],[[[-74.420277,-51.111261],[-74.385365,-51.143731],[-74.423899,-51.205173],[-74.574371,-51.15488],[-74.605214,-51.080255],[-74.470448,-51.025649],[-74.473459,-51.069106],[-74.512685,-51.059503],[-74.506256,-51.104425],[-74.420277,-51.111261]]],[[[-74.248931,-51.234796],[-74.27599,-51.243341],[-74.351959,-50.925714],[-74.30134,-50.939223],[-74.196929,-51.175388],[-74.248931,-51.234796]]],[[[-74.385569,-50.981052],[-74.398305,-51.086847],[-74.48941,-50.997328],[-74.615468,-51.035577],[-74.626332,-51.087091],[-74.708323,-51.104425],[-74.739613,-51.101495],[-74.749867,-51.042413],[-74.680979,-51.008233],[-74.774566,-50.993341],[-74.831858,-51.07643],[-74.889882,-51.05755],[-74.838002,-50.974216],[-74.966542,-50.963637],[-74.944447,-50.920994],[-74.900054,-50.919529],[-74.930898,-50.894627],[-74.903188,-50.885431],[-74.660471,-50.933201],[-74.597279,-50.895278],[-74.640452,-50.885431],[-74.643056,-50.847833],[-74.569,-50.83294],[-74.677968,-50.74627],[-74.660471,-50.727716],[-74.550649,-50.751642],[-74.39977,-50.844415],[-74.43456,-50.925714],[-74.385569,-50.981052]]],[[[-74.906321,-50.796563],[-74.947743,-50.779962],[-74.958974,-50.728285],[-74.844838,-50.748224],[-74.901112,-50.676039],[-74.831858,-50.707208],[-74.804514,-50.666274],[-74.742421,-50.707208],[-74.756012,-50.75506],[-74.723785,-50.790297],[-74.777211,-50.80283],[-74.721913,-50.854669],[-74.673492,-50.810235],[-74.678456,-50.871677],[-74.931264,-50.851007],[-74.85912,-50.823907],[-74.94164,-50.796563],[-74.906321,-50.796563]]],[[[-74.981516,-50.797784],[-75.067779,-50.791192],[-75.112538,-50.732517],[-75.055247,-50.720798],[-75.080393,-50.671075],[-75.051503,-50.652602],[-74.982655,-50.676202],[-74.981516,-50.797784]]],[[[-74.608713,-50.514825],[-74.584096,-50.530938],[-74.602651,-50.563084],[-74.673492,-50.576918],[-74.666493,-50.503106],[-74.608713,-50.514825]]],[[[-75.126047,-50.494317],[-75.105336,-50.495782],[-75.129547,-50.542739],[-75.246083,-50.597345],[-75.34557,-50.560724],[-75.270863,-50.620538],[-75.277496,-50.709161],[-75.304758,-50.714044],[-75.274648,-50.754083],[-75.290598,-50.781834],[-75.325063,-50.788995],[-75.336293,-50.740818],[-75.386464,-50.772068],[-75.461822,-50.762465],[-75.407053,-50.673761],[-75.482289,-50.675063],[-75.503326,-50.645766],[-75.359364,-50.590509],[-75.468617,-50.494317],[-75.381988,-50.463962],[-75.26891,-50.500095],[-75.126047,-50.494317]]],[[[-74.310414,-50.834161],[-74.373769,-50.827407],[-74.41686,-50.776137],[-74.39977,-50.748224],[-74.517079,-50.731622],[-74.502838,-50.700372],[-74.581207,-50.633559],[-74.420277,-50.528497],[-74.658274,-50.480564],[-74.610585,-50.438572],[-74.53718,-50.424574],[-74.489166,-50.47381],[-74.365631,-50.47381],[-74.332672,-50.577325],[-74.239003,-50.676202],[-74.408762,-50.646905],[-74.222646,-50.721612],[-74.181304,-50.782322],[-74.199208,-50.848321],[-74.236724,-50.841078],[-74.256418,-50.789727],[-74.3155,-50.800714],[-74.310414,-50.834161]]],[[[-74.783355,-50.480645],[-74.736724,-50.37184],[-74.549387,-50.378188],[-74.720286,-50.489353],[-74.783355,-50.480645]]],[[[-75.040639,-50.289483],[-75.119781,-50.316827],[-75.22289,-50.436456],[-75.324208,-50.419203],[-75.194895,-50.302504],[-75.296986,-50.346449],[-75.304596,-50.305271],[-75.454945,-50.363946],[-75.445058,-50.276625],[-75.400868,-50.257989],[-75.421457,-50.234959],[-75.367096,-50.147393],[-75.267893,-50.158624],[-75.259267,-50.177992],[-75.339182,-50.192804],[-75.331899,-50.219008],[-75.179311,-50.255792],[-75.146474,-50.24863],[-75.119781,-50.138767],[-75.215077,-50.15545],[-75.397857,-50.047784],[-75.296986,-50.002862],[-75.259592,-50.060154],[-75.23351,-50.031996],[-75.128733,-50.029555],[-75.121816,-50.093032],[-75.096791,-50.07936],[-75.055409,-50.123224],[-74.953277,-50.079767],[-74.952138,-50.108819],[-75.071401,-50.17962],[-75.051015,-50.185642],[-74.928049,-50.172784],[-74.844838,-50.138767],[-74.85912,-50.117608],[-74.790842,-50.145603],[-74.833852,-50.219496],[-74.942372,-50.220147],[-75.040639,-50.289483]]],[[[-75.44811,-49.774998],[-75.617387,-49.864223],[-75.634854,-49.827943],[-75.626786,-49.756343],[-75.510757,-49.718223],[-75.563547,-49.707452],[-75.581494,-49.64265],[-75.61352,-49.636375],[-75.508741,-49.563789],[-75.355339,-49.610176],[-75.211293,-49.792739],[-75.180653,-49.905369],[-75.284291,-49.829522],[-75.263173,-49.887872],[-75.339711,-49.859552],[-75.375722,-49.798598],[-75.345774,-49.781834],[-75.3662,-49.72031],[-75.44811,-49.774998]]],[[[-75.521308,-49.379099],[-75.429433,-49.466365],[-75.44042,-49.517811],[-75.531352,-49.464452],[-75.537105,-49.440588],[-75.501575,-49.438411],[-75.535785,-49.421362],[-75.521308,-49.379099]]],[[[-74.903188,-49.076755],[-74.920522,-49.272638],[-75.012847,-49.237726],[-75.078765,-49.172296],[-75.057729,-49.16546],[-75.201731,-49.172296],[-75.130523,-49.136814],[-75.157623,-49.128595],[-75.235585,-49.144952],[-75.158437,-49.051039],[-75.095448,-49.02988],[-74.990061,-49.076593],[-74.983306,-49.030938],[-74.903188,-49.076755]]],[[[-75.557973,-49.247328],[-75.661041,-49.205743],[-75.620107,-49.212579],[-75.630116,-49.184747],[-75.568715,-49.122735],[-75.504994,-49.132582],[-75.523834,-49.124444],[-75.422353,-49.071873],[-75.442983,-49.055597],[-75.406972,-49.007745],[-75.351308,-48.985528],[-75.33141,-49.010919],[-75.366526,-49.040785],[-75.312978,-49.055352],[-75.293202,-49.106703],[-75.389312,-49.179132],[-75.420522,-49.181329],[-75.40038,-49.13128],[-75.421986,-49.145278],[-75.508046,-49.267999],[-75.557973,-49.247328]]],[[[-75.215403,-49.014581],[-75.228139,-49.066095],[-75.276031,-49.063246],[-75.315053,-48.965509],[-75.373036,-48.952569],[-75.499338,-49.039158],[-75.527252,-49.004083],[-75.468617,-48.952569],[-75.597401,-48.987726],[-75.647369,-48.966892],[-75.654856,-48.911065],[-75.614735,-48.858657],[-75.537506,-48.863214],[-75.540679,-48.833673],[-75.468617,-48.842706],[-75.520985,-48.897068],[-75.486724,-48.897719],[-75.404897,-48.827732],[-75.42162,-48.88421],[-75.378977,-48.916111],[-75.379262,-48.852227],[-75.305979,-48.864923],[-75.215403,-49.014581]]],[[[-75.105824,-48.969903],[-75.223012,-48.978936],[-75.235911,-48.870701],[-75.290435,-48.842706],[-75.308176,-48.794854],[-75.09142,-48.870701],[-75.090728,-48.914483],[-75.135569,-48.917657],[-75.064443,-48.948337],[-75.105824,-48.969903]]],[[[-75.198313,-49.771173],[-75.205149,-49.716078],[-75.298166,-49.621026],[-75.235911,-49.555841],[-75.305409,-49.560154],[-75.256337,-49.493829],[-75.348785,-49.496352],[-75.325266,-49.459649],[-75.373036,-49.466485],[-75.359364,-49.432306],[-75.4232,-49.411058],[-75.461985,-49.306573],[-75.38329,-49.28045],[-75.288686,-49.416111],[-75.166982,-49.501153],[-75.187408,-49.439142],[-75.259674,-49.401462],[-75.320546,-49.315362],[-75.30606,-49.254571],[-75.259755,-49.264093],[-75.152211,-49.377699],[-75.092437,-49.370294],[-75.145619,-49.358494],[-75.187408,-49.29518],[-75.111155,-49.319431],[-75.112538,-49.273207],[-75.037221,-49.260431],[-75.086415,-49.217218],[-75.066884,-49.209731],[-74.893219,-49.364028],[-74.885081,-49.254571],[-74.844838,-49.239923],[-74.878977,-49.202732],[-74.844838,-49.179132],[-74.85912,-49.110772],[-74.804514,-49.103936],[-74.954701,-49.007094],[-74.856923,-48.976495],[-74.818186,-49.007094],[-74.823638,-48.950372],[-74.968984,-48.986586],[-74.986318,-48.96738],[-74.954701,-48.91839],[-75.016184,-48.911554],[-75.002309,-48.886326],[-74.883778,-48.848321],[-75.01183,-48.873224],[-75.051503,-48.857029],[-75.057973,-48.816664],[-75.026682,-48.794854],[-74.950429,-48.822442],[-74.997182,-48.780694],[-74.985015,-48.759047],[-74.848541,-48.695571],[-74.807851,-48.736505],[-74.783315,-48.687758],[-74.696645,-48.679864],[-74.618804,-48.734145],[-74.659291,-48.843032],[-74.634836,-48.855239],[-74.616322,-48.76336],[-74.543813,-48.70615],[-74.530141,-48.866876],[-74.558095,-48.91839],[-74.505849,-48.905694],[-74.475494,-48.946384],[-74.530141,-49.028253],[-74.461781,-49.119317],[-74.44579,-49.302341],[-74.476796,-49.442641],[-74.539418,-49.519301],[-74.503651,-49.587498],[-74.605214,-49.713556],[-74.577463,-49.71559],[-74.50829,-49.620294],[-74.430084,-49.657892],[-74.420318,-49.734145],[-74.536366,-49.747003],[-74.43456,-49.78867],[-74.444488,-49.870375],[-74.523305,-49.856866],[-74.468414,-49.925877],[-74.517323,-49.959731],[-74.595937,-49.919692],[-74.536366,-49.994724],[-74.660634,-50.050551],[-74.694651,-50.042413],[-74.673492,-49.994724],[-74.768422,-50.053318],[-74.80427,-50.039483],[-74.804514,-49.987237],[-74.831858,-50.028904],[-74.867747,-50.016209],[-74.739654,-49.921808],[-74.677805,-49.944513],[-74.704905,-49.908624],[-74.770334,-49.905369],[-74.881215,-49.958917],[-74.911,-49.933282],[-74.902211,-49.876886],[-74.742299,-49.852472],[-74.838002,-49.836358],[-74.781117,-49.781427],[-74.806956,-49.764418],[-74.872874,-49.802911],[-74.889963,-49.760837],[-74.865346,-49.741469],[-74.917307,-49.693943],[-74.906158,-49.671563],[-74.863515,-49.688084],[-74.891957,-49.614435],[-74.708323,-49.63836],[-74.766591,-49.621026],[-74.758412,-49.589939],[-74.864003,-49.589451],[-74.886952,-49.534601],[-74.79186,-49.481541],[-74.749176,-49.515313],[-74.735585,-49.445977],[-74.67809,-49.438735],[-74.735585,-49.432306],[-74.64623,-49.349786],[-74.728749,-49.39129],[-74.799713,-49.382013],[-74.748891,-49.4249],[-74.851633,-49.498142],[-74.880238,-49.503595],[-74.886383,-49.473891],[-74.944732,-49.542169],[-74.987701,-49.479262],[-75.002797,-49.580173],[-75.044057,-49.59002],[-75.006744,-49.63006],[-75.010976,-49.676039],[-74.95287,-49.640883],[-75.016184,-49.761326],[-74.992747,-49.737563],[-74.962026,-49.774184],[-75.035024,-49.819024],[-75.009918,-49.898533],[-75.133941,-49.858331],[-75.198313,-49.771173]]],[[[-75.085032,-48.637302],[-75.060658,-48.699395],[-75.119252,-48.817153],[-75.246083,-48.784763],[-75.085032,-48.637302]]],[[[-75.02359,-48.688735],[-74.975168,-48.684991],[-75.009918,-48.637302],[-74.824941,-48.65838],[-74.988271,-48.740492],[-75.044057,-48.732843],[-75.02359,-48.688735]]],[[[-75.338938,-48.6242],[-75.290435,-48.678155],[-75.314687,-48.732843],[-75.397817,-48.705743],[-75.493235,-48.775567],[-75.61262,-48.794854],[-75.653635,-48.760837],[-75.653554,-48.715997],[-75.507558,-48.717543],[-75.338938,-48.6242]]],[[[-75.328359,-48.552179],[-75.339915,-48.614841],[-75.541656,-48.70086],[-75.606557,-48.661065],[-75.499379,-48.660089],[-75.440663,-48.610528],[-75.626129,-48.632013],[-75.675364,-48.583185],[-75.661041,-48.504083],[-75.595367,-48.440037],[-75.547719,-48.472914],[-75.450592,-48.428888],[-75.430735,-48.458429],[-75.393544,-48.424981],[-75.355824,-48.435642],[-75.3662,-48.541681],[-75.328359,-48.552179]]],[[[-74.472076,-48.455987],[-74.510243,-48.408298],[-74.407216,-48.418145],[-74.306549,-48.489435],[-74.429026,-48.525811],[-74.472076,-48.455987]]],[[[-74.090688,-48.479587],[-74.245513,-48.39422],[-74.235219,-48.368097],[-74.0572,-48.425551],[-74.090688,-48.479587]]],[[[-74.495432,-48.349867],[-74.358795,-48.370294],[-74.395172,-48.330173],[-74.314117,-48.280938],[-74.302317,-48.363377],[-74.223297,-48.44492],[-74.271718,-48.46266],[-74.495432,-48.349867]]],[[[-74.499135,-48.583185],[-74.483022,-48.60711],[-74.514068,-48.666111],[-74.621002,-48.691827],[-74.739003,-48.634047],[-74.996246,-48.603692],[-75.03307,-48.50449],[-74.945627,-48.417576],[-74.845937,-48.390232],[-74.781565,-48.48504],[-74.717152,-48.453546],[-74.813588,-48.342543],[-74.764312,-48.152602],[-74.722239,-48.130548],[-74.697621,-48.18434],[-74.721303,-48.221938],[-74.584788,-48.37656],[-74.586903,-48.403416],[-74.673492,-48.418145],[-74.605214,-48.459161],[-74.591461,-48.575372],[-74.547434,-48.615981],[-74.499135,-48.583185]]],[[[-74.543813,-48.321954],[-74.558095,-48.243422],[-74.529449,-48.209893],[-74.595041,-48.24684],[-74.601796,-48.209568],[-74.599599,-48.158868],[-74.558176,-48.122328],[-74.381418,-48.235528],[-74.40392,-48.289972],[-74.543813,-48.321954]]],[[[-75.160756,-48.298435],[-75.129058,-48.272882],[-75.20108,-48.220961],[-75.188588,-48.195245],[-75.252594,-48.082452],[-75.071401,-48.109633],[-75.085032,-48.089776],[-75.017505,-48.08302],[-74.812327,-48.172784],[-74.852284,-48.370294],[-75.031117,-48.44378],[-75.160756,-48.298435]]],[[[-75.149892,-48.65838],[-75.224477,-48.706476],[-75.24942,-48.686944],[-75.233266,-48.646742],[-75.276845,-48.637302],[-75.320668,-48.492446],[-75.270619,-48.424981],[-75.325266,-48.39422],[-75.328359,-48.343032],[-75.486562,-48.423028],[-75.554189,-48.397149],[-75.345774,-48.301446],[-75.407135,-48.315688],[-75.394154,-48.274102],[-75.543772,-48.321954],[-75.551503,-48.293715],[-75.433909,-48.198989],[-75.54011,-48.226251],[-75.583241,-48.097426],[-75.551137,-48.055759],[-75.475087,-48.0263],[-75.456451,-48.065525],[-75.350982,-48.00449],[-75.350942,-48.051202],[-75.26891,-48.165948],[-75.290761,-48.206313],[-75.164784,-48.369561],[-75.187408,-48.41131],[-75.134267,-48.42254],[-75.098704,-48.465916],[-75.138783,-48.476251],[-75.083404,-48.507745],[-75.082753,-48.613458],[-75.149892,-48.65838]]],[[[-75.270619,-48.027765],[-75.167773,-47.893604],[-75.087897,-47.867306],[-74.942926,-47.883666],[-74.872792,-47.815525],[-74.788324,-47.812324],[-74.765737,-47.884212],[-74.807242,-47.928348],[-74.777182,-47.970612],[-74.834869,-48.007908],[-74.764419,-48.021441],[-74.727379,-48.105892],[-75.012847,-48.041436],[-75.038726,-47.988377],[-75.19811,-48.039972],[-75.270619,-48.027765]]],[[[-74.413726,-47.938246],[-74.502838,-47.917901],[-74.364247,-47.830824],[-74.248931,-47.876886],[-74.330922,-47.822198],[-74.289906,-47.807387],[-73.907582,-47.883884],[-73.836903,-47.856866],[-73.808909,-47.887384],[-73.861684,-47.952569],[-73.930002,-47.957696],[-73.951039,-47.924574],[-74.318471,-47.981215],[-74.413726,-47.938246]]],[[[-75.182362,-47.831476],[-75.266162,-47.776107],[-75.342546,-47.782862],[-75.355913,-47.73614],[-75.318486,-47.706584],[-75.245685,-47.723738],[-75.091638,-47.680492],[-75.062789,-47.733961],[-75.116363,-47.770766],[-75.023682,-47.803325],[-75.227314,-47.854714],[-75.182362,-47.831476]]],[[[-74.885229,-47.712063],[-74.86804,-47.763242],[-74.957723,-47.774795],[-75.054421,-47.689572],[-75.000384,-47.6622],[-74.885229,-47.712063]]],[[[-74.468658,-47.074965],[-74.356679,-47.045017],[-74.315785,-47.078058],[-74.466949,-47.166192],[-74.492177,-47.098891],[-74.468658,-47.074965]]],[[[-74.074574,-47.020278],[-73.97525,-47.047621],[-74.067372,-47.137465],[-74.172515,-47.169203],[-74.153391,-47.150649],[-74.230702,-47.102146],[-74.212392,-47.057794],[-74.167063,-47.012872],[-74.111195,-47.053888],[-74.074574,-47.020278]]],[[[-73.725087,-46.05047],[-73.680409,-46.088067],[-73.758046,-46.197035],[-73.822011,-46.18141],[-73.809682,-46.138116],[-73.927073,-46.078058],[-73.896474,-46.011489],[-73.725087,-46.05047]]],[[[-73.707672,-45.923598],[-73.683176,-46.017673],[-73.819488,-45.998712],[-73.772125,-45.898696],[-73.707672,-45.923598]]],[[[-74.752919,-45.80755],[-74.721099,-45.809828],[-74.715077,-45.848403],[-74.780751,-46.011489],[-74.919667,-46.104181],[-75.07433,-46.093845],[-75.106109,-46.047052],[-75.084381,-46.026788],[-74.85912,-45.998712],[-75.078765,-45.98504],[-75.029775,-45.971938],[-75.088735,-45.950291],[-75.096588,-45.866957],[-74.883534,-45.929376],[-74.85912,-45.923598],[-74.964589,-45.870782],[-74.836008,-45.858819],[-74.831858,-45.80755],[-74.752919,-45.80755]]],[[[-73.741851,-45.793878],[-73.694081,-45.888849],[-73.789662,-45.875746],[-73.856557,-45.967543],[-73.934316,-45.971938],[-73.9405,-45.909926],[-73.911448,-45.875258],[-73.741851,-45.793878]]],[[[-73.926829,-45.745375],[-73.966868,-45.769789],[-73.975982,-45.880548],[-74.015614,-45.913995],[-74.090972,-45.81463],[-74.094594,-45.76393],[-73.926829,-45.745375]]],[[[-74.790842,-45.632501],[-74.749867,-45.697686],[-74.797109,-45.697524],[-74.879262,-45.624607],[-74.839101,-45.601821],[-74.790842,-45.632501]]],[[[-74.554351,-45.574802],[-74.572662,-45.654067],[-74.550445,-45.671319],[-74.583892,-45.735284],[-74.685699,-45.743341],[-74.705637,-45.700942],[-74.679677,-45.620701],[-74.554351,-45.574802]]],[[[-74.071441,-45.690851],[-74.112416,-45.587823],[-74.050445,-45.54461],[-73.910227,-45.590997],[-73.920644,-45.697686],[-74.000071,-45.721612],[-74.071441,-45.690851]]],[[[-74.502838,-45.732354],[-74.465321,-45.694268],[-74.469635,-45.546645],[-74.421254,-45.454278],[-74.273549,-45.495294],[-74.248647,-45.535577],[-74.276967,-45.567315],[-74.221669,-45.601495],[-74.289906,-45.622491],[-74.227447,-45.630955],[-74.230092,-45.663344],[-74.358795,-45.697686],[-74.32429,-45.7138],[-74.439687,-45.776951],[-74.502838,-45.732354]]],[[[-73.666168,-45.436944],[-73.603179,-45.457696],[-73.584218,-45.512628],[-73.622792,-45.61891],[-73.680409,-45.622491],[-73.61148,-45.690851],[-73.629872,-45.737563],[-73.680409,-45.752862],[-73.807037,-45.635512],[-73.741851,-45.608982],[-73.786204,-45.56992],[-73.770904,-45.511977],[-73.666168,-45.436944]]],[[[-73.885894,-45.471124],[-73.844146,-45.452895],[-73.816965,-45.474786],[-73.870473,-45.5617],[-74.060618,-45.519464],[-74.142649,-45.574965],[-74.092926,-45.451755],[-74.047109,-45.421645],[-73.885894,-45.471124]]],[[[-74.554351,-45.546808],[-74.568186,-45.523696],[-74.519765,-45.444106],[-74.445668,-45.428155],[-74.499135,-45.502537],[-74.501332,-45.588067],[-74.554351,-45.546808]]],[[[-73.824452,-45.395929],[-73.921742,-45.430434],[-74.02302,-45.392673],[-73.941029,-45.366306],[-73.828236,-45.372328],[-73.824452,-45.395929]]],[[[-74.34142,-45.33766],[-74.310414,-45.389255],[-74.378041,-45.400974],[-74.489166,-45.355076],[-74.525787,-45.295017],[-74.389272,-45.281671],[-74.34142,-45.33766]]],[[[-73.824452,-45.26629],[-73.781239,-45.324151],[-73.814768,-45.345392],[-74.012278,-45.353611],[-74.11852,-45.328302],[-74.162913,-45.270929],[-74.15807,-45.235528],[-74.070383,-45.204278],[-73.986073,-45.270766],[-73.824452,-45.26629]]],[[[-74.273549,-45.20794],[-74.307485,-45.294529],[-74.41511,-45.247003],[-74.387563,-45.155206],[-74.273549,-45.20794]]],[[[-73.731923,-45.214776],[-73.731842,-45.267267],[-73.767974,-45.284601],[-73.830149,-45.243097],[-73.989573,-45.245782],[-74.084096,-45.140069],[-74.205474,-45.169366],[-74.250111,-45.109633],[-74.173899,-45.026056],[-73.866078,-44.994561],[-73.714589,-45.11419],[-73.700795,-45.160577],[-73.731923,-45.214776]]],[[[-74.27009,-44.944106],[-74.163726,-44.864679],[-73.986643,-44.897719],[-73.916656,-44.944431],[-73.975657,-44.983005],[-74.056142,-44.96559],[-74.036041,-44.991876],[-74.065785,-44.998793],[-74.356923,-45.011489],[-74.348256,-44.974867],[-74.27009,-44.944106]]],[[[-73.961578,-44.810154],[-74.039296,-44.853123],[-74.176259,-44.818455],[-74.009918,-44.773207],[-73.973297,-44.775649],[-73.961578,-44.810154]]],[[[-73.930531,-44.789239],[-73.854482,-44.768731],[-73.762318,-44.929864],[-73.81371,-44.96087],[-73.883209,-44.928155],[-73.930287,-44.865167],[-73.8579,-44.895685],[-73.930531,-44.789239]]],[[[-75.091473,-44.796056],[-75.021734,-44.843665],[-75.035035,-44.889894],[-75.069163,-44.920099],[-75.152358,-44.921214],[-75.154856,-44.864929],[-75.200213,-44.816615],[-75.147182,-44.763767],[-75.091473,-44.796056]]],[[[-73.604726,-44.744887],[-73.627309,-44.829767],[-73.677317,-44.840265],[-73.749257,-44.80283],[-73.741689,-44.754653],[-73.604726,-44.744887]]],[[[-74.34142,-44.806329],[-74.327789,-44.847914],[-74.455881,-44.835056],[-74.522857,-44.733575],[-74.441721,-44.715427],[-74.398793,-44.787693],[-74.34142,-44.806329]]],[[[-74.48233,-44.636326],[-74.468984,-44.697198],[-74.669504,-44.67018],[-74.628,-44.628188],[-74.48233,-44.636326]]],[[[-73.926829,-44.628839],[-73.877553,-44.680597],[-74.269358,-44.805352],[-74.356028,-44.765069],[-74.372874,-44.725274],[-74.31786,-44.710138],[-74.406972,-44.694268],[-74.413442,-44.652765],[-74.400543,-44.626072],[-74.297353,-44.628839],[-74.267161,-44.603123],[-73.926829,-44.628839]]],[[[-74.777211,-44.58115],[-74.732533,-44.593194],[-74.786733,-44.676853],[-74.818918,-44.655694],[-74.824941,-44.58115],[-74.78303,-44.555108],[-74.777211,-44.58115]]],[[[-73.659983,-44.676528],[-73.591542,-44.70672],[-73.752512,-44.741388],[-73.83788,-44.664321],[-73.809397,-44.562188],[-73.679921,-44.544854],[-73.626861,-44.640558],[-73.659983,-44.676528]]],[[[-74.193715,-44.492283],[-74.132883,-44.54697],[-74.326324,-44.579685],[-74.368886,-44.541111],[-74.294342,-44.499444],[-74.193715,-44.492283]]],[[[-74.036041,-44.498468],[-74.167063,-44.430271],[-73.957428,-44.479262],[-73.947336,-44.543552],[-74.126454,-44.534275],[-74.036041,-44.498468]]],[[[-74.392974,-44.54697],[-74.523305,-44.526462],[-74.541127,-44.45379],[-74.42516,-44.456313],[-74.321116,-44.39544],[-74.259511,-44.412856],[-74.223053,-44.46738],[-74.420277,-44.505304],[-74.392974,-44.54697]]],[[[-73.789662,-44.422784],[-73.782948,-44.443048],[-73.867014,-44.466078],[-73.904124,-44.44492],[-73.910959,-44.396742],[-73.865387,-44.374933],[-73.789662,-44.422784]]],[[[-73.382476,-44.587823],[-73.226186,-44.620538],[-73.280507,-44.541762],[-73.159169,-44.570408],[-73.131581,-44.54518],[-73.223866,-44.519952],[-73.26122,-44.477227],[-73.246246,-44.437188],[-73.167104,-44.409112],[-73.050404,-44.471449],[-73.083811,-44.384535],[-73.002024,-44.361261],[-72.926259,-44.437107],[-72.980946,-44.51214],[-72.872304,-44.437107],[-72.786285,-44.456801],[-72.721181,-44.528009],[-72.801137,-44.628839],[-72.980946,-44.601495],[-72.922922,-44.652765],[-72.847401,-44.667576],[-72.837636,-44.710138],[-73.14745,-44.911879],[-73.256988,-44.940037],[-73.407582,-44.822442],[-73.307485,-44.785903],[-73.219635,-44.804132],[-73.299631,-44.758559],[-73.400746,-44.778904],[-73.468129,-44.642511],[-73.382476,-44.587823]]],[[[-73.726471,-44.425063],[-73.789662,-44.38242],[-73.651357,-44.358819],[-73.659983,-44.385512],[-73.728831,-44.388604],[-73.673573,-44.41961],[-73.691518,-44.437921],[-73.726471,-44.425063]]],[[[-74.029897,-44.354587],[-73.926829,-44.354587],[-73.9405,-44.450616],[-74.081532,-44.383966],[-74.105865,-44.338962],[-74.09142,-44.320245],[-74.029897,-44.354587]]],[[[-73.262807,-44.388442],[-73.298492,-44.368097],[-73.258046,-44.309177],[-73.177154,-44.367771],[-73.262807,-44.388442]]],[[[-73.865387,-44.33408],[-73.932485,-44.328546],[-73.97525,-44.289646],[-73.851064,-44.296319],[-73.813832,-44.265069],[-73.789052,-44.309503],[-73.865387,-44.33408]]],[[[-74.386627,-44.249933],[-74.303578,-44.258233],[-74.290028,-44.297296],[-74.409901,-44.284438],[-74.386627,-44.249933]]],[[[-73.741851,-44.265069],[-73.675689,-44.241306],[-73.666168,-44.265069],[-73.722035,-44.30283],[-73.757395,-44.282403],[-73.741851,-44.265069]]],[[[-74.108713,-44.227472],[-74.126291,-44.200291],[-74.049713,-44.196873],[-74.04898,-44.152927],[-73.893625,-44.239353],[-73.998158,-44.254002],[-74.016225,-44.272556],[-73.989573,-44.327244],[-74.017934,-44.327732],[-74.09439,-44.282403],[-74.108713,-44.227472]]],[[[-74.276967,-44.149021],[-74.26122,-44.164483],[-74.337392,-44.189874],[-74.385569,-44.159601],[-74.276967,-44.149021]]],[[[-73.882802,-44.118341],[-73.835683,-44.183038],[-73.952382,-44.186293],[-74.016225,-44.142836],[-73.952707,-44.10475],[-73.882802,-44.118341]]],[[[-74.297353,-44.011895],[-74.207997,-44.019301],[-74.298329,-44.031915],[-74.297353,-44.011895]]],[[[-73.744985,-43.953546],[-73.701894,-43.944431],[-73.650014,-43.991388],[-73.655507,-44.037367],[-73.616444,-44.072524],[-73.633412,-44.123793],[-73.665435,-44.129815],[-73.683461,-44.070408],[-73.728831,-44.046563],[-73.744985,-43.953546]]],[[[-73.227935,-44.011895],[-73.275136,-43.994073],[-73.272613,-43.919366],[-73.159657,-43.881524],[-73.151601,-44.015802],[-73.227935,-44.011895]]],[[[-74.143938,-43.827551],[-74.045245,-43.796094],[-73.96735,-43.828834],[-73.866038,-43.770196],[-73.762318,-43.88893],[-73.872182,-43.88893],[-73.90746,-43.873712],[-73.875356,-43.858331],[-73.893544,-43.840265],[-73.928456,-43.840753],[-73.97525,-43.867852],[-73.919301,-43.895603],[-73.995717,-43.9367],[-74.02302,-43.898614],[-74.160878,-43.876397],[-74.143938,-43.827551]]],[[[-74.818186,-43.635024],[-74.827332,-43.571793],[-74.76268,-43.570589],[-74.7379,-43.530177],[-74.648247,-43.554006],[-74.557486,-43.62741],[-74.758455,-43.676949],[-74.818186,-43.635024]]],[[[-73.61148,-42.936212],[-73.552805,-42.918634],[-73.365102,-42.990818],[-73.450063,-42.993748],[-73.61148,-42.936212]]],[[[-73.604726,-42.579278],[-73.608469,-42.622247],[-73.721425,-42.634535],[-73.748931,-42.612237],[-73.604726,-42.579278]]],[[[-73.412343,-42.525649],[-73.420969,-42.547947],[-73.61266,-42.451837],[-73.651601,-42.386489],[-73.543202,-42.379164],[-73.412343,-42.525649]]],[[[-73.087636,-42.247491],[-73.073232,-42.288995],[-73.141591,-42.313735],[-73.192494,-42.260837],[-73.087636,-42.247491]]],[[[-72.542714,-42.141046],[-72.607981,-42.111912],[-72.574941,-42.057387],[-72.509267,-42.073337],[-72.508046,-42.13893],[-72.542714,-42.141046]]],[[[-74.334625,-43.281671],[-74.36332,-43.291731],[-74.407216,-43.237888],[-74.307874,-43.124767],[-74.330637,-43.08766],[-74.2396,-43.032893],[-74.232673,-42.928905],[-74.167363,-42.882514],[-74.170534,-42.783109],[-74.131391,-42.692982],[-74.189618,-42.431906],[-74.143216,-42.318648],[-74.159503,-42.241298],[-74.053336,-42.130345],[-74.055287,-41.945001],[-74.008778,-41.887872],[-74.064036,-41.805922],[-74.022572,-41.770685],[-73.949859,-41.812188],[-73.901479,-41.790623],[-73.896108,-41.842706],[-73.983062,-41.820896],[-73.999379,-41.85117],[-73.866038,-41.892267],[-73.837392,-41.863702],[-73.777211,-41.89129],[-73.690989,-41.809015],[-73.634674,-41.83294],[-73.564931,-41.804946],[-73.510813,-41.835056],[-73.547678,-41.87005],[-73.540761,-41.928806],[-73.57844,-41.945489],[-73.447499,-42.06227],[-73.494374,-42.103285],[-73.489084,-42.145603],[-73.38622,-42.195733],[-73.378774,-42.278253],[-73.681549,-42.37005],[-73.688547,-42.452732],[-73.61148,-42.511651],[-73.753733,-42.533624],[-73.789662,-42.504164],[-73.755523,-42.463149],[-73.824452,-42.514418],[-73.809153,-42.608657],[-73.491933,-42.818617],[-73.494293,-42.866795],[-73.531117,-42.880955],[-73.707672,-42.867364],[-73.57372,-42.980401],[-73.522776,-43.052911],[-73.608793,-43.035606],[-73.490061,-43.10003],[-73.502309,-43.128025],[-73.587961,-43.106866],[-73.721425,-43.141697],[-73.763824,-43.109633],[-73.744985,-43.226983],[-73.665808,-43.309844],[-73.731543,-43.316731],[-73.671625,-43.351052],[-73.731109,-43.39264],[-73.799976,-43.359776],[-73.833455,-43.413969],[-73.877004,-43.421959],[-73.955468,-43.365881],[-73.99182,-43.388334],[-74.053379,-43.362936],[-74.084948,-43.401628],[-74.334625,-43.281671]]],[[[-73.087636,-41.843438],[-73.066884,-41.736993],[-73.009633,-41.85768],[-73.087636,-41.843438]]],[[[-73.037179,-54.456461],[-72.953784,-54.456858],[-72.975338,-54.487027],[-73.085707,-54.494997],[-73.037179,-54.456461]]],[[[-70.402603,-54.078633],[-70.313253,-54.05275],[-70.298143,-54.125953],[-70.405134,-54.150442],[-70.513691,-54.091286],[-70.402603,-54.078633]]],[[[-70.686814,-52.84739],[-70.631737,-52.832657],[-70.676266,-52.89483],[-70.78974,-52.900541],[-70.686814,-52.84739]]],[[[-74.427757,-52.503662],[-74.349257,-52.622981],[-74.48196,-52.570765],[-74.427757,-52.503662]]],[[[-74.476368,-52.309667],[-74.487852,-52.376812],[-74.452322,-52.394783],[-74.482233,-52.441658],[-74.53777,-52.404327],[-74.536449,-52.368736],[-74.508206,-52.303968],[-74.476368,-52.309667]]],[[[-73.815143,-51.864059],[-73.779013,-51.834674],[-73.71833,-51.84886],[-73.713451,-51.996007],[-73.767059,-52.005297],[-73.83865,-51.916839],[-73.943619,-51.892875],[-73.979358,-51.838544],[-73.900749,-51.803603],[-73.815143,-51.864059]]],[[[-74.359036,-51.337941],[-74.29651,-51.395389],[-74.306249,-51.417784],[-74.396488,-51.413082],[-74.396348,-51.348694],[-74.359036,-51.337941]]],[[[-74.970277,-50.287516],[-74.889258,-50.294923],[-74.962507,-50.358302],[-74.976266,-50.432888],[-75.044522,-50.475994],[-75.171581,-50.46215],[-75.121178,-50.382086],[-74.970277,-50.287516]]],[[[-74.426015,-49.614923],[-74.463735,-49.508884],[-74.417714,-49.430759],[-74.293609,-49.538751],[-74.426015,-49.614923]]],[[[-74.649865,-47.797742],[-74.526181,-47.812868],[-74.524671,-47.868351],[-74.593972,-47.864389],[-74.644016,-47.92311],[-74.68923,-47.834117],[-74.649865,-47.797742]]],[[[-75.323147,-46.685089],[-75.173992,-46.677964],[-75.121802,-46.747034],[-75.132214,-46.777995],[-75.342252,-46.701737],[-75.323147,-46.685089]]],[[[-74.253361,-43.350392],[-74.230726,-43.41337],[-74.284026,-43.417838],[-74.253361,-43.350392]]],[[[-73.691092,-43.188156],[-73.656422,-43.196],[-73.661238,-43.244796],[-73.718524,-43.215981],[-73.72669,-43.191686],[-73.691092,-43.188156]]],[[[-73.009192,-42.695259],[-72.958322,-42.737163],[-72.943922,-42.716233],[-72.918815,-42.786532],[-72.956525,-42.807804],[-73.033616,-42.713886],[-73.009192,-42.695259]]],[[[-73.307341,-42.627343],[-73.241038,-42.631371],[-73.260319,-42.658403],[-73.356927,-42.629037],[-73.307341,-42.627343]]],[[[-73.882436,-38.360772],[-73.884999,-38.409601],[-73.912099,-38.409926],[-73.95344,-38.313572],[-73.882436,-38.360772]]],[[[-73.54083,-36.989441],[-73.523096,-36.975265],[-73.458812,-37.048278],[-73.516159,-37.071201],[-73.551685,-37.027621],[-73.54083,-36.989441]]]]}},{"type":"Feature","properties":{"iso3":"BOL","name":"Bolivia","continent":"Americas"},"geometry":{"type":"Polygon","coordinates":[[[-69.510089,-17.506588],[-69.522599,-17.36912],[-69.597272,-17.300493],[-69.664416,-17.288562],[-69.6228,-17.185565],[-69.427437,-17.086863],[-69.413588,-17.022267],[-69.224452,-16.818249],[-69.191663,-16.743008],[-69.037073,-16.670247],[-69.036815,-16.4715],[-68.833494,-16.328976],[-68.982038,-16.210017],[-69.120815,-16.231205],[-69.184868,-16.195031],[-69.430021,-15.62628],[-69.343411,-15.442209],[-69.292923,-15.409859],[-69.275198,-15.330278],[-69.1481,-15.233333],[-69.384313,-14.981772],[-69.36142,-14.787985],[-69.25383,-14.721839],[-69.234658,-14.574251],[-69.170399,-14.577559],[-69.158203,-14.498494],[-68.990254,-14.379018],[-69.01015,-14.245899],[-68.864448,-14.191226],[-68.899976,-14.0548],[-68.982968,-13.972221],[-69.015964,-13.753113],[-69.101591,-13.666607],[-69.023844,-13.634981],[-68.970747,-13.501449],[-68.980953,-12.867947],[-68.876566,-12.754983],[-68.77373,-12.719429],[-68.742957,-12.665789],[-68.793419,-12.62021],[-68.684252,-12.502492],[-69.570503,-10.964601],[-69.39594,-10.935042],[-68.884034,-11.016381],[-68.804659,-10.994677],[-68.774557,-11.003462],[-68.787011,-11.126038],[-68.61573,-11.112499],[-68.29332,-10.978967],[-68.112091,-10.714074],[-68.043775,-10.666945],[-67.862649,-10.65878],[-67.721727,-10.705495],[-67.684675,-10.610514],[-67.58463,-10.501787],[-67.468048,-10.452281],[-67.418335,-10.381484],[-67.342836,-10.372492],[-67.323509,-10.318852],[-67.201759,-10.32681],[-67.0643,-10.256944],[-66.902656,-10.09313],[-66.631871,-9.904304],[-66.43271,-9.886114],[-66.101981,-9.787412],[-66.010385,-9.804052],[-65.834065,-9.758266],[-65.822127,-9.781831],[-65.794506,-9.737699],[-65.596121,-9.837951],[-65.45184,-9.681372],[-65.416235,-9.680132],[-65.29911,-9.841259],[-65.336834,-9.967246],[-65.286837,-10.196482],[-65.327817,-10.314408],[-65.44998,-10.468094],[-65.435639,-10.610824],[-65.381069,-10.698054],[-65.404737,-10.799236],[-65.327119,-10.850499],[-65.299601,-10.969665],[-65.341976,-11.032814],[-65.333294,-11.088521],[-65.394738,-11.153427],[-65.366057,-11.234042],[-65.38727,-11.277553],[-65.334819,-11.321168],[-65.354766,-11.382353],[-65.319548,-11.476404],[-65.233042,-11.50834],[-65.219244,-11.584511],[-65.173976,-11.606526],[-65.201855,-11.727965],[-65.143538,-11.763829],[-65.127855,-11.694582],[-65.043312,-11.80765],[-65.033674,-11.879791],[-64.998121,-11.908936],[-65.009438,-11.98428],[-64.809295,-12.025828],[-64.739532,-12.144581],[-64.689923,-12.104376],[-64.640572,-12.19512],[-64.489392,-12.239459],[-64.48363,-12.377641],[-64.411335,-12.445131],[-64.312659,-12.461874],[-64.287544,-12.497117],[-64.215223,-12.473759],[-64.155252,-12.516961],[-64.119828,-12.489676],[-64.022832,-12.537838],[-63.921236,-12.544349],[-63.814989,-12.457223],[-63.657738,-12.475413],[-63.476198,-12.564813],[-63.435219,-12.630339],[-63.330419,-12.697002],[-63.247323,-12.701342],[-63.139475,-12.63561],[-63.075034,-12.652663],[-62.999173,-12.829087],[-62.928893,-12.846036],[-62.789832,-13.000652],[-62.698985,-12.966649],[-62.64519,-13.025354],[-62.472125,-13.068452],[-62.389701,-13.137078],[-62.173952,-13.140799],[-62.172454,-13.117855],[-62.114679,-13.150204],[-62.099228,-13.2626],[-61.879913,-13.449152],[-61.847977,-13.530801],[-61.597114,-13.5061],[-61.503425,-13.548164],[-61.347724,-13.493697],[-61.149105,-13.519845],[-61.047225,-13.464552],[-61.022007,-13.535245],[-60.896743,-13.552918],[-60.579579,-13.761071],[-60.472635,-13.797865],[-60.387188,-13.98328],[-60.419434,-14.076917],[-60.473513,-14.117225],[-60.464341,-14.278352],[-60.399926,-14.340777],[-60.343806,-14.490949],[-60.338431,-14.5326],[-60.369204,-14.542832],[-60.291716,-14.630062],[-60.269805,-15.083368],[-60.582241,-15.098871],[-60.246395,-15.478279],[-60.16069,-16.264794],[-58.464721,-16.33125],[-58.349741,-16.2804],[-58.342661,-16.473154],[-58.480276,-16.683683],[-58.399144,-17.237448],[-58.010175,-17.49676],[-57.814425,-17.519705],[-57.777941,-17.695508],[-57.724456,-17.736642],[-57.696809,-17.825112],[-57.730089,-17.846093],[-57.551082,-18.183643],[-57.466798,-18.239557],[-57.56674,-18.256094],[-57.782334,-18.910421],[-57.727557,-18.941943],[-57.715826,-19.044573],[-57.789,-19.059249],[-58.124639,-19.729906],[-57.859745,-19.980123],[-58.158797,-20.165125],[-58.141847,-20.000897],[-58.175282,-19.821373],[-59.089541,-19.286729],[-60.006384,-19.298097],[-61.761213,-19.657765],[-61.94425,-20.104146],[-62.26883,-20.553111],[-62.275703,-21.066568],[-62.650357,-22.234456],[-62.769368,-22.144745],[-62.818564,-22.000878],[-63.639392,-21.997468],[-63.74042,-22.050591],[-63.813129,-22.003049],[-63.933173,-22.001808],[-64.160549,-22.438474],[-64.250828,-22.54069],[-64.326947,-22.859224],[-64.355731,-22.751943],[-64.456242,-22.628023],[-64.429835,-22.557123],[-64.572023,-22.343183],[-64.542257,-22.291506],[-64.58688,-22.212752],[-65.020368,-22.096583],[-65.579894,-22.086454],[-65.744613,-22.11405],[-65.932689,-21.944551],[-66.046532,-21.917989],[-66.094488,-21.83293],[-66.222465,-21.786938],[-66.307602,-22.077049],[-66.377468,-22.127072],[-66.735896,-22.225051],[-66.796461,-22.434857],[-67.015672,-22.523844],[-67.026628,-22.639392],[-67.193904,-22.822223],[-67.547113,-22.892503],[-67.77144,-22.888679],[-67.876343,-22.833592],[-67.891484,-22.792871],[-67.858721,-22.566838],[-67.951894,-22.334088],[-67.934789,-22.251716],[-67.97303,-22.170584],[-67.960627,-22.102887],[-68.096226,-21.953956],[-68.107595,-21.789625],[-68.198442,-21.57186],[-68.207537,-21.284333],[-68.41631,-20.959805],[-68.555113,-20.913916],[-68.572786,-20.742867],[-68.481629,-20.643028],[-68.707559,-20.500918],[-68.76541,-20.421233],[-68.757685,-20.364286],[-68.678516,-20.328629],[-68.729469,-20.228687],[-68.723268,-20.16099],[-68.789466,-20.125851],[-68.775539,-20.089677],[-68.579349,-20.045442],[-68.544623,-19.934751],[-68.561108,-19.844317],[-68.703218,-19.71554],[-68.455016,-19.415403],[-68.894782,-19.076509],[-68.989609,-18.946491],[-68.951445,-18.867323],[-69.033844,-18.649455],[-69.034386,-18.478303],[-69.07782,-18.398824],[-69.100351,-18.234286],[-69.155438,-18.140235],[-69.081722,-18.039983],[-69.317857,-17.951616],[-69.334239,-17.805785],[-69.497123,-17.621404],[-69.510089,-17.506588]]]}},{"type":"Feature","properties":{"iso3":"PER","name":"Peru","continent":"Americas"},"geometry":{"type":"MultiPolygon","coordinates":[[[[-69.510089,-17.506588],[-69.683902,-17.656036],[-69.818054,-17.659137],[-69.849835,-17.69159],[-69.783095,-17.981598],[-69.865338,-18.144585],[-69.970345,-18.250625],[-70.159067,-18.32597],[-70.394703,-18.337746],[-70.878896,-18.016697],[-70.914622,-17.946547],[-71.086578,-17.869073],[-71.304555,-17.705987],[-71.380035,-17.695245],[-71.359609,-17.633071],[-71.400258,-17.400323],[-71.514516,-17.284601],[-71.807607,-17.191339],[-72.003082,-17.042576],[-72.109934,-17.023126],[-72.197255,-16.916436],[-72.293365,-16.880629],[-72.362213,-16.761326],[-72.478098,-16.695082],[-72.781321,-16.629327],[-73.17516,-16.413263],[-73.296213,-16.395603],[-73.317291,-16.340427],[-73.420318,-16.293145],[-73.598909,-16.239849],[-73.700687,-16.244594],[-73.735015,-16.190118],[-74.004077,-16.037059],[-74.04662,-15.960138],[-74.265739,-15.847661],[-74.398012,-15.826863],[-74.488515,-15.717706],[-75.064565,-15.44964],[-75.189416,-15.369545],[-75.155422,-15.34642],[-75.263173,-15.250421],[-75.232777,-15.245782],[-75.241119,-15.205336],[-75.361806,-15.144789],[-75.502756,-14.92547],[-75.930653,-14.649347],[-75.980636,-14.461099],[-76.143553,-14.327895],[-76.106709,-14.30586],[-76.149159,-14.223891],[-76.215443,-14.161228],[-76.24994,-14.147806],[-76.271193,-14.20093],[-76.290435,-14.167413],[-76.270439,-13.9625],[-76.293772,-13.907485],[-76.39396,-13.90802],[-76.371361,-13.809178],[-76.325754,-13.791192],[-76.295904,-13.793436],[-76.261773,-13.861428],[-76.181264,-13.539483],[-76.221102,-13.357556],[-76.483347,-13.036296],[-76.516233,-12.869919],[-76.630035,-12.750665],[-76.68932,-12.609633],[-76.799079,-12.509342],[-76.790886,-12.381047],[-76.853646,-12.302644],[-77.038319,-12.20436],[-77.053944,-12.11419],[-77.174916,-12.071873],[-77.145904,-11.932061],[-77.210927,-11.646417],[-77.360463,-11.461114],[-77.634185,-11.303399],[-77.65209,-11.236992],[-77.597799,-11.206837],[-77.594684,-11.165117],[-77.670539,-10.92752],[-77.968495,-10.49391],[-78.100416,-10.214693],[-78.166596,-10.141411],[-78.228895,-9.954287],[-78.229422,-9.793784],[-78.369904,-9.615432],[-78.421012,-9.368],[-78.526723,-9.269627],[-78.489703,-9.233451],[-78.497411,-9.189538],[-78.558565,-9.183727],[-78.552269,-9.232258],[-78.611155,-9.176522],[-78.570567,-9.168327],[-78.559451,-9.128187],[-78.641722,-9.056428],[-78.654772,-8.933333],[-78.7643,-8.775112],[-78.740746,-8.711458],[-78.759328,-8.608327],[-78.940262,-8.435526],[-78.902125,-8.376761],[-78.965485,-8.264764],[-79.124656,-8.065073],[-79.299713,-7.938653],[-79.465942,-7.715929],[-79.435287,-7.674387],[-79.582509,-7.463637],[-79.573761,-7.386539],[-79.61276,-7.266392],[-79.683776,-7.192112],[-79.70824,-7.106777],[-79.931549,-6.883477],[-80.004547,-6.740899],[-80.298096,-6.544448],[-80.790528,-6.299692],[-81.130811,-6.034561],[-81.149386,-5.892391],[-81.123591,-5.846354],[-81.075194,-5.786785],[-80.939931,-5.850844],[-80.864012,-5.743936],[-80.856212,-5.650462],[-80.931824,-5.463815],[-81.072196,-5.318921],[-81.131606,-5.300402],[-81.198476,-5.208103],[-81.165988,-5.164328],[-81.1714,-5.087299],[-81.082757,-5.079214],[-81.063355,-5.022043],[-81.337558,-4.678304],[-81.305253,-4.643568],[-81.328928,-4.476658],[-81.27953,-4.396417],[-81.293813,-4.31756],[-81.264027,-4.252374],[-80.867787,-3.872735],[-80.807607,-3.739435],[-80.613108,-3.615655],[-80.536244,-3.505304],[-80.384511,-3.478692],[-80.340729,-3.393498],[-80.279746,-3.415553],[-80.215202,-3.642516],[-80.221636,-3.769433],[-80.165257,-3.890046],[-80.325506,-4.015413],[-80.407103,-3.982443],[-80.481078,-3.998773],[-80.512213,-4.064195],[-80.469605,-4.21323],[-80.345272,-4.198451],[-80.488545,-4.395958],[-80.483532,-4.433992],[-80.390747,-4.476987],[-80.255407,-4.38676],[-80.205048,-4.298186],[-80.143088,-4.28413],[-79.982012,-4.38862],[-79.904084,-4.398645],[-79.832874,-4.47895],[-79.657975,-4.438746],[-79.507209,-4.531557],[-79.527854,-4.618063],[-79.450572,-4.810196],[-79.303217,-4.961246],[-79.104159,-4.980057],[-79.063929,-5.011373],[-79.009281,-4.96011],[-78.991014,-4.890398],[-78.900218,-4.843683],[-78.928614,-4.747461],[-78.898642,-4.694234],[-78.681678,-4.56711],[-78.639898,-4.451252],[-78.682428,-4.326918],[-78.57662,-4.100059],[-78.566905,-3.996189],[-78.501767,-3.953711],[-78.480683,-3.849531],[-78.419679,-3.791034],[-78.426371,-3.707214],[-78.350794,-3.389611],[-78.269688,-3.399533],[-78.226306,-3.50702],[-78.163726,-3.477254],[-78.156646,-3.429299],[-78.196411,-3.36367],[-77.867826,-2.990256],[-76.625266,-2.537673],[-76.091242,-2.128913],[-75.58074,-1.54664],[-75.412576,-0.923922],[-75.348729,-0.974978],[-75.236204,-0.970431],[-75.297027,-0.746982],[-75.293978,-0.667917],[-75.25765,-0.63319],[-75.272042,-0.525703],[-75.405625,-0.442401],[-75.484768,-0.247684],[-75.628635,-0.170479],[-75.623002,-0.106607],[-75.4295,-0.163658],[-75.330746,-0.144641],[-75.206748,-0.029093],[-75.120655,-0.054104],[-74.933458,-0.209443],[-74.872712,-0.221949],[-74.836538,-0.17327],[-74.803698,-0.18898],[-74.755329,-0.278276],[-74.773002,-0.318687],[-74.632727,-0.34742],[-74.415815,-0.552678],[-74.364888,-0.676185],[-74.385145,-0.72197],[-74.28913,-0.836279],[-74.338326,-0.867698],[-74.266754,-0.972291],[-74.119631,-1.02097],[-74.076895,-0.990894],[-74.029094,-1.086393],[-73.987831,-1.068926],[-73.857167,-1.210519],[-73.802545,-1.223645],[-73.769782,-1.188919],[-73.63656,-1.255168],[-73.567753,-1.382705],[-73.583437,-1.401722],[-73.495277,-1.487918],[-73.483546,-1.553341],[-73.530985,-1.673747],[-73.440086,-1.758703],[-73.350531,-1.790639],[-73.267694,-1.772242],[-73.257255,-1.742373],[-73.186252,-1.799631],[-73.12455,-2.060803],[-73.198551,-2.193818],[-73.188319,-2.228752],[-73.083829,-2.345127],[-73.058869,-2.310607],[-72.987556,-2.337686],[-72.935414,-2.425329],[-72.804673,-2.377787],[-72.761678,-2.402281],[-72.733721,-2.367555],[-72.695842,-2.416544],[-72.644321,-2.334068],[-72.396584,-2.446516],[-72.292404,-2.435871],[-72.25096,-2.396287],[-72.176391,-2.410343],[-72.089419,-2.330968],[-71.936354,-2.311847],[-71.841062,-2.190098],[-71.746133,-2.132324],[-71.712026,-2.18679],[-71.654924,-2.173768],[-71.538394,-2.222964],[-71.498138,-2.315051],[-71.456486,-2.255107],[-71.415249,-2.316292],[-71.42083,-2.37603],[-71.315461,-2.334068],[-71.21986,-2.34151],[-71.119969,-2.252109],[-71.029691,-2.263995],[-71.03199,-2.210768],[-70.992716,-2.197436],[-70.904556,-2.211078],[-70.787871,-2.307403],[-70.706584,-2.328281],[-70.654468,-2.445379],[-70.606357,-2.450754],[-70.578607,-2.405485],[-70.456987,-2.492715],[-70.357535,-2.486927],[-70.37092,-2.550282],[-70.273949,-2.546252],[-70.23607,-2.62511],[-70.164085,-2.635032],[-70.141838,-2.666968],[-70.105794,-2.625213],[-70.050448,-2.714303],[-70.734127,-3.782042],[-70.490886,-3.87847],[-70.377689,-3.818836],[-70.311104,-3.829274],[-70.216975,-3.924979],[-70.188398,-4.028952],[-69.992751,-4.180881],[-69.962572,-4.264286],[-69.989392,-4.314619],[-70.050965,-4.337254],[-70.096621,-4.265733],[-70.138892,-4.260462],[-70.205632,-4.342938],[-70.306996,-4.260256],[-70.330612,-4.143157],[-70.361437,-4.168168],[-70.429934,-4.134165],[-70.500886,-4.177367],[-70.565636,-4.148841],[-70.576566,-4.183878],[-70.632531,-4.166825],[-70.646768,-4.115665],[-70.683071,-4.163827],[-70.832235,-4.179434],[-70.839806,-4.228733],[-70.968687,-4.385313],[-71.005454,-4.347589],[-71.029329,-4.385829],[-71.081574,-4.364125],[-71.144102,-4.399265],[-71.186167,-4.372187],[-71.214072,-4.410841],[-71.264818,-4.375494],[-71.363262,-4.45921],[-71.477415,-4.440606],[-71.617148,-4.500344],[-71.613428,-4.47926],[-71.665207,-4.507579],[-71.774348,-4.481534],[-71.890155,-4.513677],[-72.078722,-4.613412],[-72.251063,-4.75883],[-72.386094,-4.79397],[-72.404129,-4.860219],[-72.644786,-5.060569],[-72.760179,-5.064703],[-72.917948,-5.132089],[-72.8949,-5.255699],[-72.9735,-5.466125],[-72.97691,-5.651747],[-73.140001,-5.878503],[-73.234776,-6.077561],[-73.126979,-6.39134],[-73.147804,-6.476193],[-73.233587,-6.564043],[-73.370685,-6.583886],[-73.748595,-6.875548],[-73.812337,-7.102924],[-73.734539,-7.225088],[-73.724746,-7.324823],[-73.902022,-7.373399],[-73.982895,-7.356449],[-73.944319,-7.448743],[-73.971423,-7.523984],[-74.018475,-7.543518],[-73.838796,-7.720561],[-73.712163,-7.788154],[-73.713713,-7.866289],[-73.7796,-7.874454],[-73.784949,-7.940393],[-73.668031,-8.013773],[-73.60111,-8.136143],[-73.540829,-8.359075],[-73.356422,-8.479791],[-73.350583,-8.598337],[-73.289863,-8.670477],[-73.174573,-8.720707],[-72.976084,-8.985394],[-72.972001,-9.134428],[-73.214984,-9.409037],[-72.813303,-9.410897],[-72.409503,-9.486345],[-72.322945,-9.53213],[-72.267651,-9.649539],[-72.265223,-9.762194],[-72.194736,-9.805809],[-72.162903,-9.877225],[-72.195666,-10.00559],[-71.2997,-9.993394],[-71.196502,-9.939857],[-71.144257,-9.863066],[-70.997212,-9.803535],[-70.875488,-9.660494],[-70.606383,-9.448828],[-70.524993,-9.430948],[-70.576153,-9.529133],[-70.564525,-9.56541],[-70.619225,-9.56448],[-70.541865,-9.708244],[-70.638448,-9.851801],[-70.641342,-11.0108],[-70.534114,-10.938143],[-70.437272,-11.036741],[-70.2894,-11.06475],[-69.956113,-10.919332],[-69.808318,-10.927187],[-69.72021,-10.964911],[-69.574017,-10.958503],[-68.689463,-12.493418],[-68.793419,-12.62021],[-68.752982,-12.65473],[-68.766134,-12.710541],[-68.876566,-12.754983],[-68.980953,-12.867947],[-68.970747,-13.501449],[-69.023844,-13.634981],[-69.101591,-13.666607],[-69.027048,-13.73823],[-68.982968,-13.972221],[-68.899976,-14.0548],[-68.864448,-14.191226],[-69.01015,-14.245899],[-68.990254,-14.379018],[-69.158203,-14.498494],[-69.164507,-14.566397],[-69.2475,-14.593682],[-69.267628,-14.750675],[-69.36142,-14.787985],[-69.384313,-14.981772],[-69.1481,-15.233333],[-69.291166,-15.350845],[-69.285404,-15.396733],[-69.343411,-15.442209],[-69.430021,-15.62628],[-69.184868,-16.195031],[-69.120815,-16.231205],[-68.982038,-16.210017],[-68.833494,-16.328976],[-69.027875,-16.454137],[-69.040122,-16.581364],[-69.008341,-16.634177],[-69.037073,-16.670247],[-69.166368,-16.719133],[-69.407154,-17.015653],[-69.427437,-17.086863],[-69.633833,-17.207269],[-69.666492,-17.288298],[-69.613007,-17.295119],[-69.522599,-17.36912],[-69.510089,-17.506588]]],[[[-76.195232,-14.263294],[-76.185845,-14.28305],[-76.220311,-14.263276],[-76.195232,-14.263294]]],[[[-76.443669,-13.830488],[-76.43674,-13.844096],[-76.47025,-13.853856],[-76.443669,-13.830488]]],[[[-77.232714,-12.065443],[-77.181541,-12.115912],[-77.236668,-12.093345],[-77.25366,-12.063488],[-77.232714,-12.065443]]],[[[-80.84297,-6.381612],[-80.850799,-6.476945],[-80.87538,-6.433053],[-80.84297,-6.381612]]]]}},{"type":"Feature","properties":{"iso3":"ARG","name":"Argentina","continent":"Americas"},"geometry":{"type":"MultiPolygon","coordinates":[[[[-67.193904,-22.822223],[-67.037686,-22.654585],[-67.032725,-22.524567],[-66.796461,-22.434857],[-66.712848,-22.206447],[-66.297163,-22.050281],[-66.240009,-21.792415],[-65.744613,-22.11405],[-65.020368,-22.096583],[-64.58688,-22.212752],[-64.343897,-22.863668],[-64.250828,-22.54069],[-63.947591,-22.007596],[-62.804353,-22.004082],[-62.630824,-22.287682],[-62.26883,-22.512992],[-61.956446,-23.034407],[-61.109857,-23.606982],[-60.974826,-23.824074],[-60.296418,-24.016414],[-60.072375,-24.004839],[-58.809196,-24.776781],[-57.766004,-25.167868],[-57.578729,-25.416742],[-57.570047,-25.546657],[-57.753705,-25.672747],[-57.859694,-25.994278],[-58.086501,-26.12719],[-58.206184,-26.402728],[-58.181379,-26.641577],[-58.658404,-27.18511],[-58.604135,-27.315548],[-58.003664,-27.263303],[-57.191207,-27.484213],[-56.904447,-27.418696],[-56.734233,-27.500439],[-56.546933,-27.455003],[-56.400299,-27.586636],[-56.124554,-27.298901],[-55.754732,-27.443698],[-55.581641,-27.305516],[-55.598979,-27.182629],[-55.414003,-26.979851],[-55.161564,-26.95732],[-54.784946,-26.622767],[-54.644696,-26.208218],[-54.662266,-25.979912],[-54.589557,-25.832944],[-54.643146,-25.68794],[-54.545632,-25.574769],[-54.457007,-25.663135],[-54.116408,-25.494567],[-54.09889,-25.597196],[-53.90996,-25.629236],[-53.661552,-26.259791],[-53.763613,-26.700798],[-53.710696,-26.873811],[-53.818752,-27.131469],[-53.964117,-27.154],[-54.363473,-27.453517],[-54.460831,-27.412589],[-54.690326,-27.551289],[-54.818897,-27.536199],[-54.932999,-27.743835],[-55.044646,-27.775048],[-55.02581,-27.84016],[-55.329874,-27.928113],[-55.435087,-28.07074],[-55.747936,-28.215744],[-55.684064,-28.388034],[-55.887359,-28.363332],[-56.444276,-29.078121],[-56.584216,-29.132278],[-57.094159,-29.751981],[-57.262572,-29.792599],[-57.318745,-29.965508],[-57.633971,-30.183583],[-57.652729,-30.329104],[-57.889769,-30.550796],[-57.796132,-30.868399],[-57.90398,-30.929687],[-57.905117,-31.240986],[-58.075236,-31.475184],[-57.979583,-31.598794],[-58.048881,-31.797128],[-58.196004,-31.872575],[-58.101591,-32.31136],[-58.220082,-32.489516],[-58.149078,-33.024998],[-58.430165,-33.102634],[-58.412343,-33.298272],[-58.5065,-33.405857],[-58.549387,-33.683038],[-58.380727,-34.177179],[-58.549306,-34.272638],[-58.466615,-34.347987],[-58.511465,-34.435945],[-58.331836,-34.63201],[-57.522032,-35.013154],[-57.201577,-35.310154],[-57.144909,-35.4842],[-57.365631,-35.763767],[-57.372467,-35.968357],[-57.108266,-36.282322],[-56.722401,-36.369317],[-56.668324,-36.736423],[-56.686431,-36.927667],[-57.511871,-37.872328],[-57.55842,-38.120864],[-58.330963,-38.492771],[-59.796864,-38.838474],[-61.493072,-38.9992],[-62.026723,-38.937595],[-62.130035,-38.836602],[-62.37975,-38.798435],[-62.274037,-38.954522],[-62.357818,-39.102227],[-62.276967,-39.237563],[-62.325592,-39.254653],[-62.023915,-39.364841],[-62.056996,-39.411554],[-62.283925,-39.310724],[-62.055084,-39.485528],[-62.114369,-39.821466],[-62.305043,-39.81113],[-62.355824,-40.175388],[-62.490061,-40.307875],[-62.250478,-40.596775],[-62.315012,-40.626642],[-62.181549,-40.626642],[-62.311269,-40.845798],[-62.7294,-41.041111],[-63.053578,-41.147149],[-63.779408,-41.158787],[-64.085317,-41.004083],[-64.911204,-40.823826],[-64.77302,-40.806085],[-64.890452,-40.705987],[-65.121938,-40.833673],[-65.17512,-41.010186],[-64.993276,-41.552992],[-65.069569,-41.985772],[-65.004994,-42.093194],[-64.857289,-42.193617],[-64.480865,-42.254653],[-64.587473,-42.38128],[-64.410634,-42.446222],[-64.059722,-42.388116],[-64.059722,-42.281671],[-64.29662,-42.257582],[-63.870915,-42.083713],[-63.732249,-42.105239],[-63.597971,-42.299981],[-63.620269,-42.751235],[-64.138539,-42.866957],[-64.251332,-42.775079],[-64.249094,-42.609796],[-64.437734,-42.506931],[-64.922475,-42.641371],[-64.997141,-42.784845],[-64.328277,-42.951837],[-64.328196,-43.009861],[-64.943918,-43.239435],[-65.313547,-43.638279],[-65.318227,-43.832208],[-65.186708,-44.035539],[-65.308708,-44.200085],[-65.221412,-44.338449],[-65.320135,-44.532804],[-65.679252,-44.70517],[-65.715443,-44.869963],[-65.535262,-44.915635],[-65.583809,-45.007472],[-66.168574,-44.996397],[-66.46772,-45.077016],[-66.523873,-45.108972],[-66.476051,-45.142571],[-66.571422,-45.14117],[-66.522573,-45.193185],[-66.929266,-45.256534],[-67.307769,-45.601495],[-67.578481,-45.992852],[-67.574696,-46.322035],[-67.42322,-46.567419],[-66.824574,-46.981378],[-66.028798,-47.067315],[-65.744902,-47.204164],[-65.735665,-47.509535],[-65.845626,-47.742206],[-66.373443,-47.861261],[-65.901824,-47.76995],[-65.761739,-47.911908],[-65.946214,-47.962502],[-65.937477,-48.071686],[-66.501056,-48.413988],[-67.114348,-48.67375],[-67.247808,-48.845645],[-67.556549,-49.015817],[-67.60993,-49.178107],[-67.830881,-49.379571],[-67.725184,-49.390746],[-67.607655,-49.265069],[-67.732012,-49.781302],[-67.894927,-49.996875],[-68.328277,-50.120212],[-68.69579,-49.73561],[-68.577272,-49.927616],[-69.013499,-50.007745],[-68.58347,-49.970337],[-68.349873,-50.14881],[-68.899892,-50.361993],[-69.076519,-50.560172],[-69.1368,-50.903481],[-69.390126,-51.048517],[-69.167778,-50.978225],[-68.962554,-51.560154],[-69.616811,-51.625177],[-69.304559,-51.59349],[-69.200668,-51.620492],[-69.218902,-51.680434],[-68.973511,-51.619952],[-68.354809,-52.324978],[-68.407053,-52.371024],[-68.621724,-52.26363],[-69.952754,-52.007419],[-71.965241,-51.970625],[-71.981726,-51.844948],[-72.42914,-51.576024],[-72.270494,-51.259557],[-72.403095,-51.126077],[-72.277056,-51.007325],[-72.30491,-50.664917],[-72.505983,-50.601251],[-73.177725,-50.749459],[-73.284333,-50.333051],[-73.530572,-50.140814],[-73.480756,-50.022682],[-73.554446,-49.947131],[-73.465098,-49.759959],[-73.19675,-49.682423],[-73.059745,-49.554971],[-73.171317,-49.189348],[-73.092252,-49.081034],[-72.618793,-48.819655],[-72.61471,-48.510009],[-72.3154,-48.350329],[-72.333229,-48.09081],[-72.535284,-47.945806],[-72.524225,-47.882658],[-72.339947,-47.585208],[-72.328733,-47.426458],[-72.145385,-47.38181],[-72.045133,-47.215825],[-71.880698,-47.221923],[-71.984309,-47.080536],[-71.95072,-46.823601],[-71.680194,-46.65958],[-71.763341,-46.244515],[-71.891292,-46.162969],[-71.624383,-45.934146],[-71.743187,-45.857562],[-71.78241,-45.641761],[-71.749595,-45.54926],[-71.489094,-45.498514],[-71.311534,-45.299456],[-71.555188,-45.005831],[-72.053297,-44.906819],[-72.088748,-44.782795],[-71.29784,-44.795611],[-71.122398,-44.549424],[-71.235001,-44.423851],[-71.860596,-44.377135],[-71.835223,-44.094362],[-71.6696,-43.959796],[-71.815483,-43.774381],[-71.710683,-43.614081],[-71.873825,-43.538943],[-71.941056,-43.398383],[-71.75068,-43.295341],[-71.750164,-43.172454],[-72.009838,-43.120364],[-72.148537,-42.998718],[-72.143214,-42.557091],[-72.041929,-42.491049],[-72.121562,-42.313023],[-72.039913,-42.144662],[-71.74944,-42.104354],[-71.925915,-41.653012],[-71.851449,-40.957654],[-71.955577,-40.720356],[-71.804165,-40.42642],[-71.678488,-40.340224],[-71.813571,-40.188192],[-71.800703,-40.079671],[-71.670944,-40.060758],[-71.624848,-39.93105],[-71.718744,-39.623368],[-71.495657,-39.565594],[-71.541959,-39.532315],[-71.401968,-39.236002],[-71.415765,-38.935348],[-70.945045,-38.747246],[-70.847738,-38.599968],[-70.973751,-38.424682],[-71.009976,-38.087855],[-71.18503,-37.706069],[-71.120848,-37.486341],[-71.205597,-37.292658],[-71.125137,-37.120059],[-71.207148,-36.972367],[-71.143327,-36.965443],[-71.148908,-36.70396],[-71.027819,-36.481168],[-70.71865,-36.414572],[-70.588477,-36.150195],[-70.435102,-36.136346],[-70.357329,-35.815229],[-70.428384,-35.357066],[-70.560417,-35.298361],[-70.542899,-35.209271],[-70.386629,-35.16669],[-70.316298,-34.74563],[-70.067579,-34.414591],[-70.05758,-34.291187],[-69.832761,-34.243232],[-69.914772,-33.793543],[-69.813899,-33.289491],[-69.940558,-33.242879],[-69.983863,-33.294452],[-70.109773,-33.149448],[-70.000167,-32.888999],[-70.140029,-32.768283],[-70.158142,-32.50649],[-70.387482,-32.041712],[-70.244467,-31.942235],[-70.42828,-31.870095],[-70.580261,-31.592282],[-70.543364,-31.20812],[-70.479802,-31.096705],[-70.435618,-31.141354],[-70.266559,-31.036451],[-70.339216,-30.938162],[-70.173774,-30.382227],[-69.994457,-30.388118],[-69.857411,-30.205494],[-69.849737,-30.126635],[-69.973244,-30.089428],[-69.915599,-29.805621],[-70.04448,-29.346115],[-69.803926,-29.098688],[-69.654045,-28.400994],[-69.173008,-27.924083],[-68.829024,-27.136017],[-68.610717,-27.165679],[-68.307428,-26.944607],[-68.595317,-26.457299],[-68.417085,-26.0936],[-68.605963,-25.436999],[-68.516046,-25.183578],[-68.366649,-25.123427],[-68.578006,-24.808717],[-68.508036,-24.626816],[-68.244486,-24.385384],[-67.362369,-24.030367],[-67.019548,-23.031926],[-67.193904,-22.822223]]],[[[-68.654135,-54.886245],[-68.641998,-54.799168],[-68.568227,-54.878351],[-68.654135,-54.886245]]],[[[-68.641882,-54.782971],[-68.627617,-52.639572],[-68.285878,-52.943536],[-68.229237,-53.087335],[-68.349569,-53.016162],[-68.520715,-53.120631],[-68.550751,-53.238537],[-68.111402,-53.343802],[-67.992421,-53.588474],[-67.558248,-53.836189],[-67.583363,-53.893243],[-66.766582,-54.249842],[-66.448245,-54.473408],[-65.69811,-54.662367],[-65.155588,-54.640558],[-65.332265,-54.913832],[-65.685699,-54.969171],[-65.966225,-54.902073],[-66.060979,-54.983969],[-66.540508,-55.051046],[-67.030995,-54.905206],[-68.272125,-54.799005],[-68.520334,-54.852227],[-68.641882,-54.782971]]],[[[-63.888417,-54.729913],[-63.825673,-54.714939],[-63.966786,-54.815037],[-63.967763,-54.75921],[-64.311106,-54.777602],[-64.62442,-54.903741],[-64.758656,-54.832289],[-64.363881,-54.705987],[-63.888417,-54.729913]]],[[[-61.907216,-39.136651],[-61.910471,-39.234063],[-62.086049,-39.122979],[-61.907216,-39.136651]]],[[[-62.085927,-39.02337],[-62.130767,-39.020603],[-61.97232,-39.033949],[-62.085927,-39.02337]]],[[[-62.1553,-40.374205],[-62.037593,-40.484365],[-62.136333,-40.56487],[-62.221177,-40.522445],[-62.1553,-40.374205]]],[[[-62.118962,-40.13072],[-62.04058,-40.146456],[-62.014775,-40.328361],[-62.118962,-40.13072]]]]}},{"type":"Feature","properties":{"iso3":"SUR","name":"Suriname","continent":"Americas"},"geometry":{"type":"Polygon","coordinates":[[[-54.080805,3.309314],[-54.114289,3.285382],[-54.176559,3.200581],[-54.211182,3.127407],[-54.18798,3.130973],[-54.177076,3.116555],[-54.177024,3.072785],[-54.190667,3.059143],[-54.179195,3.051598],[-54.169169,3.010722],[-54.185137,2.997803],[-54.163433,2.969742],[-54.162968,2.955996],[-54.191339,2.877345],[-54.170203,2.853057],[-54.18891,2.838277],[-54.212526,2.776421],[-54.285338,2.677977],[-54.375617,2.483777],[-54.423469,2.435925],[-54.472613,2.42869],[-54.493387,2.417063],[-54.520311,2.348902],[-54.531576,2.340168],[-54.551162,2.338101],[-54.584751,2.348333],[-54.634128,2.320118],[-54.67286,2.315984],[-54.704124,2.32482],[-54.715699,2.375928],[-54.709963,2.39479],[-54.695597,2.403524],[-54.703194,2.445847],[-54.743036,2.466517],[-54.841919,2.433496],[-54.880289,2.447345],[-54.978577,2.54305],[-54.979559,2.566098],[-54.953669,2.599067],[-54.959095,2.608989],[-55.017748,2.590592],[-55.076298,2.54522],[-55.120894,2.524808],[-55.136604,2.5338],[-55.137793,2.56217],[-55.171951,2.559328],[-55.25192,2.497885],[-55.275252,2.499332],[-55.302795,2.519692],[-55.32052,2.518297],[-55.354523,2.494888],[-55.37106,2.442539],[-55.399585,2.430189],[-55.608306,2.433961],[-55.645384,2.416649],[-55.724294,2.396909],[-55.754602,2.409415],[-55.773568,2.440059],[-55.853769,2.462642],[-55.925031,2.515662],[-55.9472,2.528167],[-55.971023,2.530338],[-55.989239,2.520829],[-55.996913,2.503259],[-56.013346,2.398821],[-56.050243,2.347041],[-56.062155,2.341564],[-56.10378,2.349057],[-56.131995,2.304357],[-56.146775,2.256194],[-56.135251,2.248546],[-56.072929,2.241518],[-56.054016,2.224051],[-56.044843,2.184726],[-56.03133,2.163487],[-55.995776,2.13739],[-55.918262,2.050393],[-55.922034,1.886217],[-55.953815,1.853273],[-56.019651,1.833507],[-56.209768,1.888542],[-56.273796,1.887509],[-56.347951,1.926602],[-56.429807,1.9227],[-56.481819,1.941614],[-56.499983,1.969984],[-56.579772,2.016803],[-56.677802,2.018405],[-56.70519,2.029645],[-56.801464,2.165967],[-56.826191,2.261672],[-56.838877,2.281102],[-56.880141,2.294796],[-56.883887,2.339755],[-56.938458,2.41143],[-56.930241,2.436183],[-56.951635,2.461246],[-56.959593,2.483777],[-56.951274,2.515455],[-56.959593,2.524705],[-56.994113,2.504861],[-57.000573,2.514163],[-56.997111,2.555142],[-57.027238,2.59359],[-57.020468,2.635447],[-57.027238,2.648212],[-57.048012,2.636481],[-57.05597,2.642372],[-57.061964,2.68175],[-57.102944,2.740454],[-57.08987,2.773889],[-57.133743,2.773424],[-57.143665,2.790012],[-57.126405,2.82603],[-57.133381,2.832593],[-57.174619,2.818951],[-57.186608,2.82324],[-57.202266,2.846236],[-57.219629,2.908299],[-57.183818,2.944679],[-57.188623,2.95951],[-57.234615,2.970362],[-57.22118,2.992583],[-57.226451,3.021264],[-57.205987,3.028137],[-57.222213,3.078263],[-57.248568,3.112369],[-57.233324,3.14167],[-57.264898,3.132626],[-57.286033,3.142393],[-57.274923,3.169007],[-57.287946,3.203113],[-57.280452,3.247813],[-57.292493,3.276287],[-57.282778,3.295045],[-57.280452,3.329772],[-57.308409,3.39491],[-57.340035,3.370157],[-57.366752,3.36561],[-57.425043,3.387495],[-57.430934,3.360623],[-57.459201,3.353336],[-57.476254,3.338945],[-57.482042,3.348556],[-57.522401,3.365248],[-57.535269,3.36778],[-57.545036,3.348143],[-57.554234,3.346748],[-57.613249,3.376643],[-57.649939,3.385944],[-57.664615,3.417544],[-57.660688,3.469505],[-57.644048,3.51666],[-57.660429,3.535186],[-57.702856,3.555676],[-57.72611,3.607197],[-57.829773,3.662439],[-57.846929,3.702101],[-57.853854,3.76667],[-57.875145,3.812197],[-57.942117,3.905447],[-58.007902,3.957279],[-58.032138,3.987716],[-58.067691,4.151143],[-58.065934,4.171839],[-57.953848,4.299015],[-57.94527,4.343922],[-57.956639,4.391438],[-57.952659,4.409732],[-57.92186,4.450944],[-57.863311,4.60773],[-57.837421,4.65088],[-57.836026,4.669845],[-57.871166,4.721728],[-57.88455,4.762863],[-57.91783,4.782371],[-57.925374,4.796142],[-57.918501,4.829758],[-57.842795,4.929881],[-57.773962,4.926445],[-57.720477,4.9898],[-57.686939,5.006259],[-57.64937,5.008429],[-57.610096,4.99135],[-57.566223,5.007086],[-57.517596,5.012434],[-57.490259,4.99135],[-57.381377,5.005742],[-57.329442,5.024087],[-57.290478,5.020289],[-57.280452,5.026103],[-57.321432,5.070157],[-57.288979,5.171029],[-57.277714,5.17692],[-57.247276,5.172373],[-57.233324,5.142116],[-57.202008,5.157619],[-57.184903,5.183147],[-57.237613,5.268723],[-57.26743,5.266295],[-57.269187,5.256709],[-57.253787,5.234927],[-57.263037,5.223997],[-57.280452,5.225341],[-57.287274,5.238699],[-57.288824,5.30854],[-57.308409,5.313475],[-57.331715,5.30761],[-57.332284,5.327867],[-57.265208,5.403366],[-57.24767,5.484931],[-57.225087,5.507514],[-57.179514,5.530585],[-57.163686,5.557074],[-57.139638,5.665107],[-57.12577,5.818145],[-57.102283,5.886416],[-57.066029,5.9501],[-57.03482,5.959906],[-56.994496,5.992662],[-56.956537,6.011574],[-56.830356,5.985557],[-56.659512,5.979716],[-56.57395,5.940756],[-56.526859,5.936549],[-56.355024,5.89467],[-56.303807,5.892508],[-55.999182,5.810713],[-55.936006,5.804661],[-55.897694,5.763007],[-55.897694,5.676703],[-55.890248,5.676703],[-55.884999,5.69245],[-55.884023,5.741929],[-55.915362,5.821771],[-55.899963,5.841964],[-55.910003,5.850918],[-55.933959,5.849827],[-55.947872,5.861521],[-55.951169,5.881511],[-55.946669,5.896493],[-55.900654,5.951945],[-55.844382,5.975962],[-55.637318,5.985907],[-55.394988,5.973876],[-55.335967,5.962708],[-55.2329,5.903266],[-55.188361,5.897395],[-55.14784,5.908177],[-55.110829,5.881171],[-55.103107,5.866412],[-55.129872,5.820746],[-55.101039,5.830499],[-55.08552,5.882799],[-55.063423,5.882883],[-55.030385,5.859768],[-55.010121,5.855536],[-54.981191,5.865465],[-54.950307,5.850287],[-54.900258,5.875393],[-54.863026,5.855536],[-54.882192,5.878363],[-54.903472,5.885403],[-54.933319,5.869672],[-54.956207,5.867575],[-54.985634,5.880387],[-55.016591,5.871975],[-55.047271,5.892279],[-55.12564,5.918647],[-55.142974,5.930121],[-55.159966,5.958114],[-55.1445,5.974248],[-55.116851,5.985256],[-55.044799,5.993105],[-54.77359,5.985256],[-54.471781,5.94097],[-54.252699,5.894808],[-54.097396,5.847339],[-54.036731,5.842351],[-54.014687,5.820148],[-54.016307,5.809704],[-53.986357,5.745665],[-54.031148,5.66931],[-54.061106,5.512885],[-54.118479,5.442776],[-54.128529,5.414293],[-54.170969,5.348375],[-54.19046,5.325748],[-54.269163,5.269085],[-54.332002,5.196196],[-54.343577,5.156379],[-54.365437,5.138757],[-54.375617,5.114883],[-54.448636,5.024294],[-54.457576,4.99135],[-54.450806,4.936728],[-54.486721,4.902958],[-54.47866,4.87867],[-54.47866,4.755189],[-54.475404,4.741727],[-54.447344,4.727852],[-54.435458,4.709404],[-54.437732,4.648735],[-54.423469,4.604345],[-54.423469,4.563392],[-54.447964,4.509545],[-54.450806,4.484224],[-54.433443,4.376375],[-54.402954,4.312942],[-54.394117,4.269818],[-54.393187,4.244393],[-54.41055,4.208581],[-54.394892,4.177911],[-54.338565,4.152332],[-54.334689,4.131713],[-54.355153,4.066523],[-54.353861,4.041718],[-54.310194,3.994202],[-54.293141,3.949812],[-54.18736,3.814678],[-54.125503,3.788736],[-54.094445,3.747059],[-54.074033,3.676107],[-54.050107,3.634534],[-54.017861,3.641458],[-53.988819,3.610995],[-54.006285,3.531026],[-54.00303,3.455397],[-54.019359,3.415374],[-54.055688,3.377676],[-54.080805,3.309314]]]}},{"type":"Feature","properties":{"iso3":"GUY","name":"Guyana","continent":"Americas"},"geometry":{"type":"MultiPolygon","coordinates":[[[[-56.481819,1.941614],[-56.55892,1.906655],[-56.620234,1.93456],[-56.724156,1.916137],[-56.806476,1.873582],[-57.011167,1.918566],[-57.104494,2.021454],[-57.238439,1.948539],[-57.319416,1.977141],[-57.429487,1.900299],[-57.561159,1.708967],[-57.758821,1.713462],[-57.905376,1.648557],[-57.991003,1.650417],[-58.027229,1.516859],[-58.148616,1.519082],[-58.18727,1.567606],[-58.260548,1.560319],[-58.320492,1.601221],[-58.413458,1.47203],[-58.513659,1.43888],[-58.481103,1.333873],[-58.51893,1.267262],[-58.682589,1.282455],[-58.815966,1.187267],[-58.897873,1.217808],[-58.966499,1.310154],[-59.259918,1.387436],[-59.326943,1.509521],[-59.412105,1.553265],[-59.530729,1.703075],[-59.680849,1.757387],[-59.645476,1.827693],[-59.758751,1.862136],[-59.741698,2.263791],[-59.913444,2.378719],[-59.905073,2.447862],[-59.996462,2.674773],[-59.993724,2.857294],[-59.969229,3.042709],[-59.82177,3.356592],[-59.821357,3.484388],[-59.862879,3.58172],[-59.69506,3.683058],[-59.671805,3.756232],[-59.598606,3.802405],[-59.581785,3.899195],[-59.527654,3.939528],[-59.653693,4.064197],[-59.646174,4.134038],[-59.738468,4.202768],[-59.69046,4.384462],[-59.809626,4.465749],[-60.159992,4.527787],[-60.161543,4.565201],[-60.087697,4.607523],[-60.032455,4.725423],[-59.981502,5.057419],[-60.091237,5.158239],[-60.123018,5.231852],[-60.255206,5.25645],[-60.333083,5.193767],[-60.419796,5.207228],[-60.463126,5.180021],[-60.739854,5.202138],[-61.396713,5.945581],[-61.256101,6.114382],[-61.121562,6.186652],[-61.112854,6.254141],[-61.159492,6.331268],[-61.139752,6.441262],[-61.21197,6.561435],[-61.139312,6.70445],[-60.933821,6.731735],[-60.901239,6.76442],[-60.913383,6.811213],[-60.700347,6.767082],[-60.63955,6.837723],[-60.39419,6.948466],[-60.303575,7.054144],[-60.299932,7.121013],[-60.372021,7.172277],[-60.475322,7.188503],[-60.534905,7.125768],[-60.617639,7.18039],[-60.643555,7.25067],[-60.599862,7.32188],[-60.730578,7.525433],[-60.601257,7.63385],[-60.53984,7.800093],[-60.37476,7.823606],[-60.231125,7.964114],[-60.129219,8.028813],[-60.046485,8.032922],[-59.967679,8.18839],[-59.829289,8.245105],[-59.815595,8.287764],[-60.020985,8.55801],[-59.837799,8.369289],[-59.543446,8.229478],[-59.433746,8.130316],[-59.491689,8.201321],[-59.761301,8.355455],[-59.78185,8.394192],[-59.755849,8.410875],[-59.104807,8.013617],[-58.833416,7.7383],[-58.73763,7.588334],[-58.743902,7.619352],[-58.682377,7.603534],[-58.489735,7.376125],[-58.464223,7.312201],[-58.485015,7.01081],[-58.568186,6.906806],[-58.611399,6.509711],[-58.686431,6.382473],[-58.606801,6.416327],[-58.581166,6.463446],[-58.567006,6.636705],[-58.461537,6.821845],[-58.398427,6.883368],[-58.312164,6.892157],[-58.178212,6.817572],[-58.067863,6.821703],[-58.005675,6.791758],[-57.598578,6.427246],[-57.533522,6.273656],[-57.494261,6.334822],[-57.408801,6.312765],[-57.289824,6.234739],[-57.167307,6.08511],[-57.137259,5.882092],[-57.183055,5.73141],[-57.161518,5.638906],[-57.265208,5.403366],[-57.335695,5.316886],[-57.288824,5.30854],[-57.271667,5.222861],[-57.247638,5.271772],[-57.184903,5.183147],[-57.233324,5.142116],[-57.288979,5.171029],[-57.321432,5.070157],[-57.280452,5.026103],[-57.490259,4.99135],[-57.686939,5.006259],[-57.762335,4.93554],[-57.842795,4.929881],[-57.925374,4.796142],[-57.837421,4.65088],[-57.956639,4.391438],[-57.953848,4.299015],[-58.067691,4.151143],[-58.032138,3.987716],[-57.875145,3.812197],[-57.829773,3.662439],[-57.72611,3.607197],[-57.644048,3.51666],[-57.658207,3.39522],[-57.468761,3.343182],[-57.425043,3.387495],[-57.366752,3.36561],[-57.308409,3.39491],[-57.284173,3.148956],[-57.246243,3.141618],[-57.20702,3.035681],[-57.234615,2.970362],[-57.188623,2.95951],[-57.219629,2.908299],[-57.206348,2.856571],[-57.099533,2.778591],[-57.05597,2.642372],[-57.027238,2.648212],[-57.000573,2.514163],[-56.959593,2.524705],[-56.930836,2.393292],[-56.70519,2.029645],[-56.579772,2.016803],[-56.481819,1.941614]]],[[[-58.37857,6.972113],[-58.333608,6.965277],[-58.46052,6.883368],[-58.447011,6.943061],[-58.37857,6.972113]]]]}},{"type":"Feature","properties":{"iso3":"CRI","name":"Costa Rica","continent":"Americas"},"geometry":{"type":"MultiPolygon","coordinates":[[[[-83.6965,10.936594],[-83.672991,10.933232],[-83.675564,10.925976],[-83.660756,10.934394],[-83.644358,10.92593],[-83.598704,10.856594],[-83.580556,10.807318],[-83.582875,10.775702],[-83.597564,10.793606],[-83.62385,10.857611],[-83.606923,10.777777],[-83.608632,10.74551],[-83.637522,10.721096],[-83.589101,10.747748],[-83.594716,10.736558],[-83.589101,10.721096],[-83.575429,10.768256],[-83.466176,10.494534],[-83.394521,10.376044],[-83.203725,10.12934],[-83.085317,10.002143],[-83.061513,10.015326],[-83.026031,10.005032],[-83.009348,9.949286],[-82.877268,9.780097],[-82.833811,9.739488],[-82.808258,9.747219],[-82.78775,9.672756],[-82.70523,9.637926],[-82.635894,9.634508],[-82.616444,9.624335],[-82.59142,9.586982],[-82.574574,9.576809],[-82.562837,9.538695],[-82.601103,9.548669],[-82.618854,9.486709],[-82.650713,9.487846],[-82.678049,9.497768],[-82.711691,9.545],[-82.729364,9.544897],[-82.771093,9.579856],[-82.829022,9.602722],[-82.847471,9.600655],[-82.866048,9.585075],[-82.879252,9.559909],[-82.860209,9.511204],[-82.844783,9.500687],[-82.846385,9.492548],[-82.933305,9.470327],[-82.941703,9.456349],[-82.939377,9.059577],[-82.900232,9.072057],[-82.88243,9.04534],[-82.808171,8.998367],[-82.74913,8.974079],[-82.719365,8.921524],[-82.73386,8.897985],[-82.763781,8.87995],[-82.87858,8.829772],[-82.888321,8.816931],[-82.875634,8.807526],[-82.875789,8.793909],[-82.92297,8.756159],[-82.919223,8.727065],[-82.862224,8.6557],[-82.841864,8.599476],[-82.835973,8.529765],[-82.848297,8.465169],[-82.870415,8.438117],[-82.953511,8.402098],[-82.997772,8.360163],[-83.052109,8.327632],[-83.053246,8.315101],[-82.995524,8.26482],[-82.968006,8.267972],[-82.943666,8.248567],[-82.939093,8.216838],[-82.886409,8.102194],[-82.897629,8.034748],[-82.911244,8.045356],[-82.90038,8.105048],[-82.968495,8.221218],[-83.150868,8.369289],[-83.092681,8.446682],[-83.137196,8.514553],[-83.137725,8.529324],[-83.102447,8.548041],[-83.143422,8.550238],[-83.165151,8.563747],[-83.185048,8.602688],[-83.178212,8.61697],[-83.161733,8.600735],[-83.157704,8.579413],[-83.123565,8.589016],[-83.123565,8.596462],[-83.151723,8.61286],[-83.171376,8.637478],[-83.18578,8.62519],[-83.240264,8.623806],[-83.259307,8.651313],[-83.273183,8.658474],[-83.287384,8.651068],[-83.319081,8.669582],[-83.328359,8.684597],[-83.322174,8.705715],[-83.335805,8.705715],[-83.331695,8.722073],[-83.383656,8.739814],[-83.389516,8.728095],[-83.411529,8.733669],[-83.421661,8.715155],[-83.48172,8.712592],[-83.486684,8.692694],[-83.473012,8.698879],[-83.404775,8.589016],[-83.339223,8.569159],[-83.299713,8.534369],[-83.287384,8.541815],[-83.294911,8.493435],[-83.279815,8.472927],[-83.273712,8.437934],[-83.276357,8.401557],[-83.287384,8.376736],[-83.346425,8.3876],[-83.380889,8.40412],[-83.397247,8.41767],[-83.369374,8.410915],[-83.404775,8.431952],[-83.404775,8.41767],[-83.462432,8.442694],[-83.561147,8.438178],[-83.575592,8.444973],[-83.7058,8.579413],[-83.736806,8.592719],[-83.739898,8.623806],[-83.709462,8.670356],[-83.686676,8.68769],[-83.675933,8.691799],[-83.667836,8.682929],[-83.660919,8.689846],[-83.630035,8.733669],[-83.642568,8.749538],[-83.627471,8.767401],[-83.575429,8.788275],[-83.575429,8.79446],[-83.60794,8.796047],[-83.638661,8.772284],[-83.642568,8.781887],[-83.623809,8.815579],[-83.587636,8.835354],[-83.582875,8.846625],[-83.613881,8.873236],[-83.616363,8.890692],[-83.575429,8.877631],[-83.612945,8.907782],[-83.630035,8.91177],[-83.617909,8.919013],[-83.626576,8.928249],[-83.625518,8.942654],[-83.603383,8.966376],[-83.634755,9.044094],[-83.651153,9.061957],[-83.657989,9.055203],[-83.727203,9.144314],[-83.767201,9.151394],[-83.764882,9.177191],[-83.786895,9.199246],[-83.839508,9.220282],[-83.91808,9.294745],[-84.007436,9.339748],[-84.103627,9.377265],[-84.121938,9.372626],[-84.13036,9.384711],[-84.144073,9.378852],[-84.161529,9.394721],[-84.1787,9.397773],[-84.167958,9.416205],[-84.18224,9.442206],[-84.208363,9.464993],[-84.233388,9.473456],[-84.233388,9.466702],[-84.205434,9.45303],[-84.231435,9.457546],[-84.272694,9.481594],[-84.457916,9.526028],[-84.535024,9.521308],[-84.555409,9.552395],[-84.569122,9.555447],[-84.562978,9.541164],[-84.616567,9.57807],[-84.627309,9.606716],[-84.657948,9.624335],[-84.662709,9.651679],[-84.678375,9.651028],[-84.678375,9.692572],[-84.634429,9.757025],[-84.634552,9.783393],[-84.698394,9.868842],[-84.725942,9.884467],[-84.709706,9.922553],[-84.734283,9.942572],[-84.733632,9.966946],[-84.762318,9.975653],[-84.850942,9.966946],[-84.850942,9.974392],[-84.838653,9.979153],[-84.788238,9.980618],[-84.788238,9.987454],[-84.848541,9.993964],[-84.898101,10.015326],[-84.952016,10.055447],[-84.960968,10.064887],[-84.956166,10.069363],[-85.013905,10.115994],[-85.046051,10.136135],[-85.067372,10.131415],[-85.076202,10.138251],[-85.068349,10.155666],[-85.089874,10.17239],[-85.1079,10.166571],[-85.193471,10.170111],[-85.234527,10.207099],[-85.22879,10.231594],[-85.246246,10.252631],[-85.289174,10.282253],[-85.28307,10.26203],[-85.25418,10.241156],[-85.238881,10.143134],[-85.227081,10.124579],[-85.240102,10.116278],[-85.238271,10.102444],[-85.226471,10.089382],[-85.195912,10.078762],[-85.171864,10.04206],[-85.157582,10.045356],[-85.152577,10.035834],[-85.186147,10.04206],[-85.186147,10.035834],[-85.144521,9.999335],[-85.053131,9.966946],[-85.014516,9.944973],[-84.977569,9.938788],[-84.959584,9.946479],[-84.911122,9.911689],[-84.911122,9.905463],[-84.93106,9.900702],[-84.930165,9.886298],[-84.904937,9.857082],[-84.932851,9.836615],[-84.864613,9.829169],[-84.945912,9.760891],[-84.959584,9.727362],[-85.007598,9.744086],[-85.014801,9.73078],[-84.994985,9.703274],[-85.062611,9.66531],[-85.089345,9.588568],[-85.110463,9.555447],[-85.117828,9.555447],[-85.145782,9.612616],[-85.234527,9.737331],[-85.272979,9.758002],[-85.275502,9.782009],[-85.299306,9.80801],[-85.439971,9.864529],[-85.470367,9.850246],[-85.525177,9.877387],[-85.535553,9.870754],[-85.61913,9.89289],[-85.63858,9.905463],[-85.663808,9.900092],[-85.672719,9.911689],[-85.665557,9.930325],[-85.676137,9.955512],[-85.778554,10.079901],[-85.844024,10.231024],[-85.857696,10.289089],[-85.838165,10.312038],[-85.874989,10.355048],[-85.85025,10.378485],[-85.830352,10.412014],[-85.813262,10.4053],[-85.796742,10.431423],[-85.775502,10.447292],[-85.809234,10.494534],[-85.795644,10.50137],[-85.809234,10.515041],[-85.790517,10.524115],[-85.781972,10.542996],[-85.76122,10.531806],[-85.721588,10.55093],[-85.700063,10.54914],[-85.701405,10.562283],[-85.677846,10.592108],[-85.661855,10.590115],[-85.631744,10.621161],[-85.652252,10.644721],[-85.693227,10.603787],[-85.700063,10.611233],[-85.688466,10.62995],[-85.672719,10.637885],[-85.684478,10.646186],[-85.672719,10.652167],[-85.679555,10.665839],[-85.662872,10.678982],[-85.665273,10.778835],[-85.680287,10.796332],[-85.74649,10.816189],[-85.767486,10.806098],[-85.80309,10.837185],[-85.792388,10.838324],[-85.795644,10.850857],[-85.830352,10.850857],[-85.908803,10.88642],[-85.946441,10.89114],[-85.946441,10.898586],[-85.857696,10.92593],[-85.878163,10.946357],[-85.816151,10.946357],[-85.814605,10.922268],[-85.795644,10.905463],[-85.781972,10.912869],[-85.793365,10.930243],[-85.78246,10.937445],[-85.740997,10.939602],[-85.725209,10.92768],[-85.710561,10.92829],[-85.713735,10.953803],[-85.698883,10.959255],[-85.69815,10.983222],[-85.746002,11.020657],[-85.718861,11.042914],[-85.699615,11.028632],[-85.679555,11.028957],[-85.667511,11.039862],[-85.68102,11.068386],[-85.701736,11.08088],[-85.631151,11.196217],[-85.597794,11.209937],[-85.508626,11.152421],[-84.9314,10.941891],[-84.908404,10.939359],[-84.884969,10.947679],[-84.707771,11.063047],[-84.676455,11.070411],[-84.62067,11.035762],[-84.58168,11.03447],[-84.498171,11.001991],[-84.457837,10.961348],[-84.4382,10.952201],[-84.417762,10.955043],[-84.355466,10.994627],[-84.345984,10.989899],[-84.341798,10.959901],[-84.310741,10.919412],[-84.264283,10.901816],[-84.20837,10.860966],[-84.204649,10.836988],[-84.227102,10.819315],[-84.191601,10.78172],[-84.180413,10.789756],[-84.137004,10.789162],[-84.118427,10.77123],[-84.106929,10.766915],[-84.088558,10.775519],[-84.07644,10.763814],[-84.051635,10.77955],[-84.034556,10.775519],[-84.009234,10.789446],[-83.998201,10.782056],[-83.993628,10.765003],[-83.933322,10.718055],[-83.917276,10.713482],[-83.886865,10.72715],[-83.859528,10.721776],[-83.835343,10.747614],[-83.698142,10.789162],[-83.663028,10.807016],[-83.660134,10.834172],[-83.669855,10.891718],[-83.679832,10.897011],[-83.6788,10.916154],[-83.6965,10.936594]]],[[[-85.131337,10.0987],[-85.09732,10.08983],[-85.09732,10.083645],[-85.158803,10.076158],[-85.185292,10.092434],[-85.199127,10.117743],[-85.171864,10.124579],[-85.110463,10.110297],[-85.110463,10.103461],[-85.145131,10.103461],[-85.131337,10.0987]]],[[[-87.099029,5.516018],[-87.117665,5.515082],[-87.104604,5.537421],[-87.064605,5.557847],[-87.065541,5.534613],[-87.078521,5.520657],[-87.099029,5.516018]]],[[[-83.896618,8.706492],[-83.869114,8.713587],[-83.870305,8.701776],[-83.878076,8.698821],[-83.896618,8.706492]]]]}},{"type":"Feature","properties":{"iso3":"NIC","name":"Nicaragua","continent":"Americas"},"geometry":{"type":"MultiPolygon","coordinates":[[[[-85.701736,11.08088],[-85.785797,11.11225],[-85.80309,11.166083],[-85.821319,11.192816],[-85.928009,11.310736],[-85.960113,11.334011],[-85.994862,11.343655],[-86.043935,11.398098],[-86.070587,11.411689],[-86.104726,11.447292],[-86.148305,11.471747],[-86.16275,11.484524],[-86.176137,11.522406],[-86.207143,11.536038],[-86.244374,11.571601],[-86.352081,11.622626],[-86.376617,11.66946],[-86.496368,11.759426],[-86.515614,11.783108],[-86.542388,11.842353],[-86.605214,11.90469],[-86.63036,11.964911],[-86.689809,12.024075],[-86.727569,12.088284],[-86.772572,12.197414],[-87.002227,12.341376],[-87.015045,12.356838],[-87.071401,12.388699],[-87.101959,12.420966],[-87.17101,12.451443],[-87.173573,12.474514],[-87.142486,12.446845],[-87.097808,12.433539],[-87.12267,12.460354],[-87.157867,12.481024],[-87.180409,12.522976],[-87.186635,12.522976],[-87.176422,12.485907],[-87.238067,12.550238],[-87.312978,12.60281],[-87.331207,12.638983],[-87.344838,12.619167],[-87.454864,12.743801],[-87.467763,12.769965],[-87.447296,12.756293],[-87.447296,12.762519],[-87.460927,12.769965],[-87.46349,12.786322],[-87.480255,12.799994],[-87.522979,12.817165],[-87.482533,12.781195],[-87.482045,12.769965],[-87.492218,12.771389],[-87.529205,12.803494],[-87.670929,12.8935],[-87.685658,12.91828],[-87.685821,12.947577],[-87.667022,12.982245],[-87.588775,13.046332],[-87.583852,13.084662],[-87.577626,13.084662],[-87.583852,13.057318],[-87.547637,13.052151],[-87.506378,13.01968],[-87.471059,12.985053],[-87.467763,12.954291],[-87.435048,12.92239],[-87.392486,12.913398],[-87.289581,12.919582],[-87.289581,12.927029],[-87.367787,12.928534],[-87.379018,12.937567],[-87.368927,12.953559],[-87.314036,12.981553],[-87.084654,12.995926],[-87.035045,12.979777],[-87.029618,12.996081],[-86.983187,13.021868],[-86.948409,13.069694],[-86.922932,13.086386],[-86.920245,13.096178],[-86.932338,13.108529],[-86.923708,13.161136],[-86.934921,13.185527],[-86.910789,13.239581],[-86.8495,13.288828],[-86.816221,13.291929],[-86.7493,13.261285],[-86.725477,13.273299],[-86.704031,13.298828],[-86.709922,13.348902],[-86.740205,13.381923],[-86.724288,13.439413],[-86.756586,13.55938],[-86.751573,13.624415],[-86.774053,13.654594],[-86.766198,13.74526],[-86.727234,13.768256],[-86.66269,13.764691],[-86.541664,13.782131],[-86.490814,13.759497],[-86.448233,13.772959],[-86.426529,13.752986],[-86.410096,13.749033],[-86.340126,13.756655],[-86.313564,13.776602],[-86.284108,13.845719],[-86.218583,13.914371],[-86.184063,13.966875],[-86.138019,13.996175],[-86.121689,14.027207],[-86.09673,14.044079],[-86.020197,14.055164],[-86.031256,14.022582],[-86.028413,13.996072],[-85.957772,13.946101],[-85.929401,13.912098],[-85.9155,13.907447],[-85.883564,13.913855],[-85.861602,13.904424],[-85.824162,13.847683],[-85.758301,13.839286],[-85.744994,13.824687],[-85.733393,13.831793],[-85.723006,13.863418],[-85.747449,13.888275],[-85.727347,13.965014],[-85.699235,13.9615],[-85.666188,13.984471],[-85.651486,13.98199],[-85.644613,13.988786],[-85.647868,13.999302],[-85.612806,14.00974],[-85.593608,14.03346],[-85.527953,14.050901],[-85.510641,14.093792],[-85.474675,14.103404],[-85.431732,14.132834],[-85.409123,14.166165],[-85.384008,14.226445],[-85.362873,14.250113],[-85.340807,14.253369],[-85.321351,14.281326],[-85.277813,14.29732],[-85.215207,14.301583],[-85.169629,14.321763],[-85.158027,14.338273],[-85.159035,14.361063],[-85.171877,14.38101],[-85.205828,14.407158],[-85.178491,14.427648],[-85.178491,14.455605],[-85.151826,14.485964],[-85.14547,14.564254],[-85.137538,14.578491],[-85.119322,14.573969],[-85.086378,14.54454],[-85.065242,14.554255],[-85.029637,14.588956],[-85.023657,14.602541],[-85.048163,14.605776],[-85.020206,14.633733],[-85.053925,14.66306],[-85.033048,14.669571],[-85.015659,14.728172],[-84.904219,14.816978],[-84.8181,14.828657],[-84.792132,14.82106],[-84.77017,14.805144],[-84.755468,14.781476],[-84.766397,14.768867],[-84.747045,14.764475],[-84.745288,14.739101],[-84.72485,14.72564],[-84.699321,14.674687],[-84.680847,14.685461],[-84.600439,14.662517],[-84.52742,14.660398],[-84.534215,14.633733],[-84.519048,14.638281],[-84.482694,14.619471],[-84.408435,14.649417],[-84.362934,14.715615],[-84.338387,14.674687],[-84.287796,14.66722],[-84.267281,14.677736],[-84.261803,14.758532],[-84.226379,14.749773],[-84.195011,14.718715],[-84.168191,14.714969],[-84.128736,14.734192],[-84.095431,14.736104],[-84.122716,14.784525],[-84.11176,14.793413],[-84.075199,14.771632],[-84.047811,14.770805],[-84.040757,14.76034],[-83.924718,14.763441],[-83.929859,14.771658],[-83.924718,14.803775],[-83.896554,14.780443],[-83.883764,14.777109],[-83.889939,14.790726],[-83.869475,14.777109],[-83.839503,14.797418],[-83.801211,14.803775],[-83.821055,14.825479],[-83.765296,14.828786],[-83.744522,14.836667],[-83.746563,14.852195],[-83.723619,14.851575],[-83.705015,14.838527],[-83.714498,14.867233],[-83.710622,14.878344],[-83.691967,14.886974],[-83.649954,14.888498],[-83.615615,14.872685],[-83.604272,14.909194],[-83.540477,14.94157],[-83.545128,14.952163],[-83.526861,14.948365],[-83.528618,14.973402],[-83.523037,14.977692],[-83.513218,14.968855],[-83.509084,15.01154],[-83.485855,15.01048],[-83.45919,14.982497],[-83.415472,14.996941],[-83.390306,15.03097],[-83.354546,15.010067],[-83.349352,14.996812],[-83.334237,15.006449],[-83.272974,15.003039],[-83.285661,14.992109],[-83.266153,14.982497],[-83.217732,14.982497],[-83.177399,14.996812],[-83.130444,14.997012],[-83.165151,14.969062],[-83.17984,14.985989],[-83.191884,14.97427],[-83.266957,14.866645],[-83.273793,14.82567],[-83.294016,14.804267],[-83.32844,14.790961],[-83.311391,14.809516],[-83.308502,14.82567],[-83.316274,14.821031],[-83.32844,14.831855],[-83.305084,14.838772],[-83.287424,14.82567],[-83.307851,14.91059],[-83.322174,14.913886],[-83.369862,14.883002],[-83.424631,14.803941],[-83.411529,14.818264],[-83.397817,14.807603],[-83.380238,14.757392],[-83.337514,14.731431],[-83.322174,14.749945],[-83.356313,14.770453],[-83.333485,14.773261],[-83.314768,14.749945],[-83.315419,14.772773],[-83.308176,14.779853],[-83.299224,14.771186],[-83.260121,14.596015],[-83.191803,14.386908],[-83.186594,14.347642],[-83.191396,14.313422],[-83.218577,14.250312],[-83.301666,14.11994],[-83.337514,14.077541],[-83.34968,14.048774],[-83.397288,14.016303],[-83.431264,13.956732],[-83.493804,13.737738],[-83.517486,13.623684],[-83.520375,13.531643],[-83.559153,13.415839],[-83.570139,13.287095],[-83.561147,13.249172],[-83.568593,13.242906],[-83.50768,12.902777],[-83.541331,12.638983],[-83.541331,12.580634],[-83.513824,12.510484],[-83.485911,12.472154],[-83.481801,12.416653],[-83.492299,12.400336],[-83.512563,12.393785],[-83.617584,12.375149],[-83.637522,12.385728],[-83.603383,12.413723],[-83.602528,12.425442],[-83.612701,12.454901],[-83.634633,12.474107],[-83.637522,12.564521],[-83.62385,12.570746],[-83.58845,12.559638],[-83.563791,12.590888],[-83.555409,12.635891],[-83.568593,12.673774],[-83.556549,12.696723],[-83.554921,12.75259],[-83.541331,12.769965],[-83.544667,12.79678],[-83.564036,12.81269],[-83.616363,12.817125],[-83.637034,12.805325],[-83.645904,12.786851],[-83.637522,12.748847],[-83.615549,12.737291],[-83.610219,12.707913],[-83.597483,12.694322],[-83.603383,12.652655],[-83.589101,12.632148],[-83.673695,12.570461],[-83.7058,12.557074],[-83.767201,12.546698],[-83.774648,12.533515],[-83.774648,12.481431],[-83.740956,12.479722],[-83.726226,12.468329],[-83.71939,12.423651],[-83.733713,12.362982],[-83.726226,12.344794],[-83.707672,12.335883],[-83.67634,12.342475],[-83.67101,12.327094],[-83.676381,12.279853],[-83.64977,12.353176],[-83.621205,12.355658],[-83.617014,12.348049],[-83.663726,12.25609],[-83.685902,12.137437],[-83.678578,12.009426],[-83.67101,11.987942],[-83.685292,11.981106],[-83.681223,12.001654],[-83.723744,12.074652],[-83.700673,12.095201],[-83.692738,12.118232],[-83.697865,12.135199],[-83.728627,12.171576],[-83.747385,12.180325],[-83.77774,12.177151],[-83.776275,12.162299],[-83.760325,12.153062],[-83.739898,12.166653],[-83.713246,12.125678],[-83.739369,12.051947],[-83.803944,12.060289],[-83.761301,12.035346],[-83.754221,11.999091],[-83.767201,11.964301],[-83.759836,11.946845],[-83.83609,11.871243],[-83.806956,11.848212],[-83.784779,11.813544],[-83.76773,11.804836],[-83.742909,11.805243],[-83.747385,11.824042],[-83.735097,11.853664],[-83.709543,11.85814],[-83.699941,11.849921],[-83.653635,11.667467],[-83.651723,11.619371],[-83.664784,11.59809],[-83.694732,11.593655],[-83.713735,11.573472],[-83.7447,11.568508],[-83.761057,11.557115],[-83.794423,11.443996],[-83.821889,11.447252],[-83.862782,11.392035],[-83.867909,11.273668],[-83.83727,11.142524],[-83.815663,11.090399],[-83.752065,10.982245],[-83.725453,10.963202],[-83.710317,10.922675],[-83.692738,10.92593],[-83.696523,10.936591],[-83.688754,10.934587],[-83.67685,10.910299],[-83.679832,10.897011],[-83.669855,10.891718],[-83.660134,10.834172],[-83.663028,10.807016],[-83.698142,10.789162],[-83.835343,10.747614],[-83.855807,10.723998],[-83.886865,10.72715],[-83.907483,10.715368],[-83.926578,10.714903],[-83.993628,10.765003],[-83.998201,10.782056],[-84.009234,10.789446],[-84.034556,10.775519],[-84.051635,10.77955],[-84.07644,10.763814],[-84.088558,10.775519],[-84.106929,10.766915],[-84.118427,10.77123],[-84.137004,10.789162],[-84.180413,10.789756],[-84.191601,10.78172],[-84.227102,10.819315],[-84.204649,10.836988],[-84.20837,10.860966],[-84.264283,10.901816],[-84.310741,10.919412],[-84.341798,10.959901],[-84.345984,10.989899],[-84.355466,10.994627],[-84.417762,10.955043],[-84.4382,10.952201],[-84.457837,10.961348],[-84.498171,11.001991],[-84.58168,11.03447],[-84.62067,11.035762],[-84.676455,11.070411],[-84.707771,11.063047],[-84.884969,10.947679],[-84.908404,10.939359],[-84.9314,10.941891],[-85.508626,11.152421],[-85.597794,11.209937],[-85.631151,11.196217],[-85.701736,11.08088]]],[[[-83.665352,10.935318],[-83.671276,10.926495],[-83.686867,10.93797],[-83.665352,10.935318]]],[[[-83.726226,11.878648],[-83.736073,11.941799],[-83.728993,11.973334],[-83.708404,11.987291],[-83.726226,11.920233],[-83.719838,11.870307],[-83.726226,11.878648]]],[[[-83.053944,12.143866],[-83.055979,12.166205],[-83.046457,12.183743],[-83.032541,12.190823],[-83.021148,12.181789],[-83.053944,12.143866]]],[[[-82.767323,14.41413],[-82.737782,14.421942],[-82.728993,14.413764],[-82.732533,14.369574],[-82.750844,14.361477],[-82.803944,14.365953],[-82.784779,14.381985],[-82.767323,14.41413]]]]}},{"type":"Feature","properties":{"iso3":"MAF","name":"Saint Martin","continent":"Americas"},"geometry":{"type":"Polygon","coordinates":[[[-63.017569,18.033391],[-63.085886,18.058511],[-63.115305,18.065375],[-63.130523,18.060248],[-63.14684,18.070299],[-63.096099,18.078803],[-63.070872,18.110012],[-63.017649,18.122138],[-63.010732,18.040839],[-63.017569,18.033391]]]}},{"type":"Feature","properties":{"iso3":"SXM","name":"Sint Maarten","continent":"Americas"},"geometry":{"type":"Polygon","coordinates":[[[-63.107004,18.06212],[-63.017569,18.033391],[-63.030629,18.01911],[-63.097646,18.035956],[-63.118886,18.0515],[-63.107004,18.06212]]]}},{"type":"Feature","properties":{"iso3":"BRA","name":"Brazil","continent":"Americas"},"geometry":{"type":"MultiPolygon","coordinates":[[[[-57.602793,-30.190517],[-57.325153,-29.981011],[-57.262572,-29.792599],[-57.112866,-29.766037],[-56.819034,-29.474996],[-56.617289,-29.160906],[-56.444276,-29.078121],[-56.011589,-28.496554],[-55.842349,-28.346382],[-55.718842,-28.38452],[-55.6636,-28.326539],[-55.747936,-28.215744],[-55.177558,-27.853596],[-55.02581,-27.84016],[-55.071259,-27.794375],[-54.932999,-27.743835],[-54.827527,-27.545088],[-54.306939,-27.428919],[-54.18953,-27.260867],[-53.848776,-27.157514],[-53.710696,-26.873811],[-53.77431,-26.714337],[-53.66672,-26.219174],[-53.833428,-25.962238],[-53.887533,-25.661275],[-54.016517,-25.565053],[-54.299239,-25.552651],[-54.447344,-25.68918],[-54.600203,-25.574945],[-54.597981,-25.397518],[-54.435665,-25.167042],[-54.462278,-25.03723],[-54.262187,-24.358512],[-54.334637,-24.148912],[-54.245289,-24.050624],[-54.612553,-23.811155],[-55.165439,-24.016827],[-55.420669,-23.954506],[-55.637814,-23.000714],[-55.62151,-22.667091],[-55.86103,-22.289543],[-56.196798,-22.279311],[-56.397302,-22.086248],[-56.842856,-22.289026],[-57.986249,-22.074465],[-57.82538,-20.998562],[-58.158797,-20.165125],[-57.86977,-19.992939],[-58.116939,-19.758018],[-57.789,-19.059249],[-57.715826,-19.044573],[-57.782334,-18.910421],[-57.56674,-18.256094],[-57.466798,-18.239557],[-57.730089,-17.846093],[-57.790757,-17.555775],[-58.38116,-17.267214],[-58.476658,-16.726988],[-58.356097,-16.509534],[-58.339561,-16.289289],[-60.129839,-16.273062],[-60.237972,-15.50267],[-60.582241,-15.098871],[-60.274972,-15.09515],[-60.291716,-14.630062],[-60.478939,-14.1627],[-60.396515,-14.008394],[-60.465271,-13.816572],[-61.041256,-13.474577],[-61.847977,-13.530801],[-62.162377,-13.120748],[-62.389701,-13.137078],[-62.667462,-12.976364],[-62.770453,-13.010471],[-63.125057,-12.63592],[-63.317913,-12.701963],[-63.654844,-12.478307],[-63.801398,-12.454949],[-63.939064,-12.544143],[-64.376763,-12.465905],[-64.469058,-12.261059],[-64.689923,-12.104376],[-64.728396,-12.149852],[-64.7925,-12.032546],[-64.983445,-12.003917],[-65.065559,-11.75308],[-65.196197,-11.741814],[-65.215989,-11.530148],[-65.319548,-11.476404],[-65.398148,-11.178025],[-65.312779,-10.950958],[-65.435691,-10.499203],[-65.296811,-10.173331],[-65.29911,-9.841259],[-65.397993,-9.686746],[-65.571884,-9.818831],[-65.92933,-9.770255],[-66.631871,-9.904304],[-67.0643,-10.256944],[-67.323509,-10.318852],[-67.58463,-10.501787],[-67.755782,-10.714177],[-68.043775,-10.666945],[-68.313836,-10.993436],[-68.588031,-11.09865],[-68.758331,-11.141128],[-68.804659,-10.994677],[-69.363074,-10.940106],[-69.956113,-10.919332],[-70.2894,-11.06475],[-70.555559,-10.942793],[-70.641342,-11.0108],[-70.638448,-9.851801],[-70.543415,-9.72695],[-70.614677,-9.584117],[-70.535664,-9.464434],[-71.2997,-9.993394],[-72.195666,-10.00559],[-72.173859,-9.845806],[-72.305634,-9.55063],[-72.409503,-9.486345],[-73.214984,-9.409037],[-72.982388,-9.147141],[-72.970037,-9.00193],[-73.350583,-8.598337],[-73.37053,-8.465219],[-73.526541,-8.372408],[-73.668031,-8.013773],[-73.784949,-7.940393],[-73.702551,-7.827841],[-73.742238,-7.764073],[-74.018475,-7.543518],[-73.979433,-7.374536],[-73.713093,-7.304669],[-73.803552,-7.126489],[-73.765493,-6.904177],[-73.147804,-6.476193],[-73.234776,-6.077561],[-72.97691,-5.651747],[-72.921978,-5.146868],[-72.654191,-5.063152],[-72.396842,-4.805649],[-71.93315,-4.536725],[-71.349568,-4.453525],[-71.264818,-4.375494],[-70.968687,-4.385313],[-70.784564,-4.156283],[-70.343066,-4.139436],[-70.216743,-4.328882],[-70.116516,-4.258292],[-70.037038,-4.340871],[-69.962572,-4.264286],[-69.399454,-1.182717],[-69.618356,-0.756904],[-69.632076,-0.506893],[-70.056365,-0.181021],[-70.054246,0.588131],[-69.523426,0.720939],[-69.226183,0.614796],[-69.152079,0.690553],[-69.204324,0.943664],[-69.338786,1.064122],[-69.829351,1.057249],[-69.807543,1.707365],[-69.580296,1.770229],[-68.163302,1.721291],[-68.280246,1.829398],[-68.200819,2.007837],[-68.031786,1.777515],[-67.89319,1.749713],[-67.424639,2.138114],[-67.117165,1.709793],[-67.094479,1.20122],[-66.856767,1.206077],[-66.285071,0.745847],[-66.111128,0.741816],[-65.720971,0.981905],[-65.570851,0.968572],[-65.517004,0.862791],[-65.585217,0.691483],[-65.472872,0.672518],[-65.327196,0.910281],[-65.178988,0.955395],[-65.136769,1.126909],[-64.604217,1.331289],[-64.433091,1.494044],[-64.364594,1.497093],[-64.389579,1.369297],[-64.340745,1.384206],[-64.092957,1.622615],[-63.99503,1.958021],[-63.802277,1.97231],[-63.443435,2.137183],[-63.386546,2.235889],[-63.361115,2.40001],[-64.056628,2.488531],[-64.012238,2.74402],[-64.222923,3.123996],[-64.195741,3.570067],[-64.642897,3.972963],[-64.791622,4.284417],[-64.621064,4.14688],[-64.172693,4.123393],[-64.037663,3.882503],[-63.87514,3.949812],[-63.46886,3.867233],[-63.391449,3.971567],[-62.907706,3.560972],[-62.749576,3.660372],[-62.727458,4.038514],[-62.588656,4.030711],[-62.466544,4.168739],[-62.192659,4.094738],[-61.908232,4.146156],[-61.542104,4.263023],[-61.458182,4.419137],[-61.308243,4.433322],[-61.322945,4.508847],[-61.011956,4.518304],[-60.903435,4.699585],[-60.612626,4.900581],[-60.711018,5.198159],[-60.448967,5.174233],[-60.213426,5.267225],[-59.981502,5.057419],[-60.148779,4.513007],[-59.69046,4.384462],[-59.726737,4.176465],[-59.536826,3.957692],[-59.863034,3.552368],[-59.828488,3.383412],[-59.993724,2.857294],[-59.884066,2.346008],[-59.740225,2.229477],[-59.758751,1.862136],[-59.655475,1.839708],[-59.658964,1.734081],[-59.551477,1.720516],[-59.272424,1.404153],[-58.815966,1.187267],[-58.709202,1.272275],[-58.527146,1.266849],[-58.513659,1.43888],[-58.331913,1.593392],[-58.027229,1.516859],[-57.989763,1.634604],[-57.561159,1.708967],[-57.341482,1.968847],[-57.104494,2.021454],[-57.011167,1.918566],[-56.806476,1.873582],[-56.639561,1.93686],[-55.953815,1.853273],[-55.925806,2.061684],[-56.135251,2.248546],[-55.989239,2.520829],[-55.744112,2.401043],[-55.37106,2.442539],[-54.976872,2.606922],[-54.880289,2.447345],[-54.702548,2.425745],[-54.704124,2.32482],[-54.157387,2.121655],[-53.748265,2.364663],[-53.547347,2.25175],[-53.344104,2.349625],[-53.234188,2.250975],[-53.279715,2.204983],[-52.980922,2.173253],[-52.590403,2.504706],[-52.299103,3.225334],[-51.783191,3.980947],[-51.631744,4.067816],[-51.596906,4.215504],[-51.450999,3.970526],[-51.561025,4.357123],[-51.490674,4.427744],[-51.18693,4.078849],[-51.176137,3.648342],[-51.116363,3.906195],[-51.016779,3.035572],[-50.68603,2.198477],[-50.778066,2.083157],[-50.659983,2.130683],[-50.466542,1.815416],[-49.950597,1.721326],[-49.883026,1.307714],[-50.102193,1.214744],[-49.887563,1.174872],[-50.302805,0.825426],[-50.790639,0.169501],[-50.928944,0.155422],[-51.069163,-0.019342],[-51.326975,-0.079522],[-51.370717,-0.34295],[-51.697499,-0.747166],[-51.719106,-1.03338],[-51.908315,-1.157973],[-51.964426,-1.36061],[-52.249176,-1.353774],[-52.711049,-1.590265],[-52.291249,-1.523614],[-52.208892,-1.691827],[-51.2683,-1.220392],[-51.032948,-1.038018],[-51.009755,-0.935968],[-50.854237,-0.911391],[-50.824452,-1.030938],[-50.95641,-1.128513],[-50.818593,-1.252374],[-50.818105,-1.4249],[-50.670481,-1.696466],[-50.767009,-1.882057],[-50.858428,-1.865648],[-50.818607,-1.969007],[-50.610581,-1.814203],[-50.484039,-1.977634],[-50.443023,-1.935968],[-50.435902,-2.045099],[-50.312539,-1.908774],[-49.952707,-1.833429],[-49.824941,-2.097752],[-49.83788,-1.92669],[-49.676096,-1.908624],[-49.592763,-2.011651],[-49.598012,-1.842706],[-49.428212,-1.798761],[-49.367421,-1.925714],[-49.542104,-2.497166],[-49.660634,-2.631768],[-49.619862,-2.67018],[-49.442616,-2.492364],[-49.232004,-1.948175],[-48.965589,-1.599719],[-48.856369,-1.559031],[-49.018289,-1.827901],[-48.676371,-1.417571],[-48.452626,-1.625665],[-48.4829,-1.511407],[-48.325307,-1.470473],[-48.496571,-1.461358],[-48.489817,-1.326918],[-48.454007,-1.24416],[-48.339711,-1.316013],[-48.248158,-1.122817],[-48.291127,-1.079522],[-48.185536,-1.009942],[-48.159169,-0.796645],[-48.037913,-0.661716],[-47.969635,-0.779474],[-47.824616,-0.606652],[-47.652821,-0.723891],[-47.584514,-0.578247],[-47.393056,-0.812595],[-47.470041,-0.62184],[-47.430165,-0.580011],[-47.407338,-0.681573],[-47.294016,-0.592869],[-47.143056,-0.786065],[-47.102895,-0.674981],[-47.062611,-0.85589],[-46.969106,-0.695896],[-46.963002,-0.865004],[-46.832916,-0.730076],[-46.797597,-0.860528],[-46.719635,-0.864841],[-46.749379,-0.942966],[-46.656733,-0.813973],[-46.598541,-0.86712],[-46.749379,-1.01865],[-46.465696,-0.876602],[-46.475581,-1.006917],[-46.256256,-1.077081],[-46.267769,-0.971354],[-46.171783,-0.920994],[-46.262115,-1.183201],[-46.1256,-1.103936],[-46.040598,-1.175226],[-45.993134,-1.07909],[-45.955719,-1.219985],[-45.88989,-1.090745],[-45.899648,-1.257582],[-45.838206,-1.202895],[-45.820953,-1.315688],[-45.721588,-1.134942],[-45.675535,-1.366316],[-45.559804,-1.283136],[-45.523427,-1.385675],[-45.41983,-1.292413],[-45.542714,-1.490981],[-45.460805,-1.546157],[-45.309967,-1.32643],[-45.296295,-1.415785],[-45.391957,-1.484145],[-45.323638,-1.744806],[-45.227895,-1.683038],[-45.227284,-1.547459],[-45.062978,-1.428888],[-44.967356,-1.594008],[-44.878245,-1.441176],[-44.915273,-1.647231],[-44.837026,-1.586602],[-44.773183,-1.724298],[-44.824045,-1.751642],[-44.724965,-1.723403],[-44.810374,-1.805759],[-44.598012,-1.744806],[-44.659535,-1.839776],[-44.553822,-1.844415],[-44.590647,-1.901788],[-44.488149,-1.987481],[-44.588124,-2.030694],[-44.521718,-2.032322],[-44.655426,-2.231134],[-44.824045,-2.279229],[-44.665639,-2.270929],[-44.663482,-2.420587],[-44.497304,-2.147882],[-44.363596,-2.333917],[-44.382314,-2.394789],[-44.551422,-2.391046],[-44.510854,-2.469985],[-44.637074,-2.579848],[-44.580068,-2.563572],[-44.686147,-2.916681],[-44.63976,-3.069024],[-44.79601,-3.300226],[-44.432973,-2.950291],[-44.368072,-2.549574],[-44.28893,-2.580255],[-44.278961,-2.475518],[-44.053049,-2.399998],[-44.049387,-2.552911],[-44.33849,-2.784926],[-44.296376,-2.834161],[-44.218373,-2.767755],[-44.213857,-2.840997],[-44.082875,-2.752211],[-44.082875,-2.806817],[-43.94636,-2.573989],[-43.740102,-2.486912],[-43.658315,-2.546157],[-43.668446,-2.483331],[-43.558176,-2.530857],[-43.536733,-2.478204],[-43.45287,-2.552911],[-43.426298,-2.33785],[-42.70995,-2.560317],[-42.267405,-2.814223],[-41.968984,-2.833673],[-42.001617,-2.74977],[-41.838565,-2.72948],[-41.601552,-2.9013],[-41.343088,-2.920343],[-41.256459,-3.004815],[-41.287262,-2.903009],[-41.198557,-2.875177],[-41.089263,-2.916681],[-40.527415,-2.803399],[-40.001047,-2.845636],[-38.960357,-3.418145],[-38.671132,-3.669041],[-38.477406,-3.697442],[-38.029612,-4.2374],[-37.607249,-4.608087],[-37.324818,-4.696466],[-37.182932,-4.910903],[-36.898752,-4.938246],[-36.544423,-5.127618],[-36.579986,-5.080987],[-35.917592,-5.058282],[-35.403798,-5.226495],[-35.112213,-5.976658],[-35.092844,-6.185805],[-35.14977,-6.206801],[-35.04894,-6.227227],[-34.972279,-6.433364],[-34.860097,-6.96266],[-34.914662,-7.130548],[-34.839589,-6.972914],[-34.802113,-7.154067],[-34.804799,-7.514093],[-34.928944,-7.555759],[-34.820489,-7.599687],[-34.899998,-7.718045],[-34.811635,-7.93255],[-35.305084,-9.193048],[-35.696156,-9.672947],[-35.765045,-9.610772],[-35.853179,-9.731215],[-35.941884,-9.599786],[-35.878977,-9.7492],[-35.819569,-9.735528],[-36.40807,-10.50213],[-36.903066,-10.772882],[-37.124013,-11.11533],[-37.258412,-11.019789],[-37.155385,-11.187433],[-37.374867,-11.429864],[-37.288442,-11.208185],[-37.336781,-11.190525],[-37.654652,-12.049737],[-38.339996,-12.950291],[-38.532704,-13.016534],[-38.508901,-12.722914],[-38.694569,-12.614028],[-38.824452,-12.838149],[-38.848012,-12.674493],[-38.923695,-12.736586],[-38.827504,-12.866957],[-38.724477,-12.873224],[-38.896881,-13.094659],[-38.806996,-13.143813],[-39.062489,-13.399998],[-39.084218,-13.57879],[-39.01183,-13.497003],[-38.994211,-13.79461],[-39.110951,-13.708185],[-38.997711,-13.851739],[-39.06371,-13.935805],[-38.980824,-14.069513],[-39.045644,-14.161391],[-38.935658,-13.88893],[-39.065582,-14.65488],[-38.864369,-15.843357],[-39.202056,-17.14422],[-39.137115,-17.67962],[-39.281361,-17.871026],[-39.450185,-17.948012],[-39.659413,-18.273614],[-39.744862,-18.681736],[-39.701405,-19.376153],[-39.786204,-19.601983],[-40.009429,-19.747003],[-40.222768,-20.25156],[-40.369293,-20.23268],[-40.370473,-20.301039],[-40.259511,-20.321466],[-40.418324,-20.61533],[-40.628438,-20.839218],[-40.758463,-20.864194],[-41.05724,-21.483819],[-40.995269,-22.014255],[-41.666493,-22.281834],[-41.966298,-22.535414],[-41.993031,-22.699884],[-41.880035,-22.738865],[-42.003733,-22.959161],[-43.031402,-22.974298],[-43.130767,-22.91961],[-43.034535,-22.775567],[-43.065785,-22.671645],[-43.27538,-22.768162],[-43.173329,-22.886977],[-43.196767,-22.985935],[-43.988759,-23.097426],[-43.987131,-23.041681],[-43.603749,-23.007745],[-43.901967,-22.912205],[-44.237294,-23.04697],[-44.352651,-22.999282],[-44.325917,-22.921645],[-44.6551,-23.043145],[-44.712148,-23.174981],[-44.651357,-23.284763],[-44.510569,-23.27337],[-44.563303,-23.337335],[-44.952626,-23.368097],[-45.070424,-23.515395],[-45.412994,-23.617852],[-45.406606,-23.820408],[-45.864369,-23.756443],[-46.235422,-23.912693],[-46.145497,-23.870782],[-46.26773,-24.010512],[-46.385406,-23.873468],[-46.37206,-24.015802],[-46.936635,-24.27337],[-47.181386,-24.53338],[-47.63386,-24.755629],[-47.933746,-25.033461],[-48.016916,-25.010837],[-48.051625,-25.05283],[-47.927724,-25.065606],[-47.921986,-25.158624],[-48.225087,-25.459731],[-48.127309,-25.279962],[-48.297434,-25.341241],[-48.42394,-25.252211],[-48.478912,-25.331638],[-48.414052,-25.410089],[-48.575063,-25.462009],[-48.730946,-25.359633],[-48.683583,-25.46266],[-48.406321,-25.555108],[-48.535024,-25.839451],[-48.743031,-25.851739],[-48.578521,-25.872817],[-48.582631,-26.157159],[-48.667877,-26.236017],[-48.770334,-26.109308],[-48.773305,-26.159845],[-48.635854,-26.418552],[-48.6822,-26.719171],[-48.579213,-26.786554],[-48.588043,-27.150649],[-48.476145,-27.153985],[-48.606435,-27.223403],[-48.551869,-27.387302],[-48.636952,-27.446954],[-48.635121,-27.632582],[-48.565541,-27.860284],[-48.651723,-28.247166],[-48.757395,-28.444594],[-48.835276,-28.33766],[-48.862294,-28.380466],[-48.851796,-28.479262],[-48.749867,-28.511407],[-49.342763,-28.923517],[-49.810658,-29.443129],[-50.315663,-30.461521],[-50.721425,-31.044529],[-51.151845,-31.481541],[-51.863515,-31.931736],[-52.068593,-32.162367],[-52.048451,-31.808282],[-51.836334,-31.854913],[-51.457265,-31.615492],[-51.434967,-31.496515],[-51.256703,-31.472589],[-51.158559,-31.286391],[-51.162831,-31.09295],[-50.95287,-31.095473],[-50.971832,-30.904067],[-50.692616,-30.726495],[-50.70995,-30.354181],[-50.572174,-30.461114],[-50.539866,-30.267511],[-50.614817,-30.186212],[-50.66218,-30.275486],[-50.912994,-30.316664],[-50.915395,-30.436212],[-51.034088,-30.375665],[-51.023101,-30.263767],[-51.233022,-30.189874],[-51.283518,-30.00742],[-51.306467,-30.186944],[-51.187734,-30.360121],[-51.114654,-30.347345],[-51.250478,-30.462335],[-51.281728,-30.796563],[-51.332834,-30.636407],[-51.38329,-30.658868],[-51.370717,-30.886489],[-51.477773,-30.922784],[-51.443023,-31.080987],[-51.623606,-31.135349],[-51.637522,-31.256524],[-51.953847,-31.328058],[-52.001536,-31.624282],[-52.083323,-31.558689],[-52.063344,-31.66546],[-52.203725,-31.727309],[-52.235707,-31.879653],[-52.136098,-31.92254],[-52.252065,-32.038181],[-52.108225,-32.025567],[-52.101552,-32.122654],[-52.375315,-32.498712],[-52.621693,-33.101983],[-53.378814,-33.740492],[-53.539647,-33.649263],[-53.536857,-33.170842],[-53.11404,-32.740584],[-53.58197,-32.425772],[-53.771829,-32.047087],[-54.274228,-31.823379],[-54.591521,-31.471049],[-55.227554,-31.253492],[-55.591873,-30.848348],[-55.86426,-31.076758],[-55.985157,-31.078825],[-55.995311,-30.825818],[-56.831281,-30.102037],[-57.102272,-30.121158],[-57.212601,-30.287349],[-57.510981,-30.276704],[-57.602793,-30.190517]]],[[[-38.944203,-13.394627],[-38.902013,-13.671812],[-39.042551,-13.423923],[-38.944203,-13.394627]]],[[[-38.614613,-12.924981],[-38.587473,-12.986912],[-38.752431,-13.112726],[-38.793365,-13.075128],[-38.678944,-12.910089],[-38.614613,-12.924981]]],[[[-44.497792,-2.806817],[-44.583811,-3.046482],[-44.576324,-2.799981],[-44.480784,-2.70436],[-44.497792,-2.806817]]],[[[-42.041412,-2.70436],[-42.052358,-2.757094],[-42.144154,-2.70086],[-42.041412,-2.70436]]],[[[-43.627309,-2.252048],[-43.630745,-2.359582],[-43.724755,-2.422092],[-43.715403,-2.289239],[-43.627309,-2.252048]]],[[[-49.287953,-1.758477],[-49.367421,-1.895115],[-49.426259,-1.877618],[-49.352162,-1.722426],[-49.287953,-1.758477]]],[[[-44.892242,-1.271905],[-44.926381,-1.36061],[-45.026967,-1.360528],[-44.984609,-1.269952],[-44.892242,-1.271905]]],[[[-48.338979,-1.066502],[-48.318105,-1.181248],[-48.462066,-1.164483],[-48.338979,-1.066502]]],[[[-48.194936,-0.819431],[-48.162465,-0.920831],[-48.287709,-1.024835],[-48.194936,-0.819431]]],[[[-47.948557,-0.64129],[-47.895619,-0.653497],[-47.962148,-0.730645],[-47.948557,-0.64129]]],[[[-50.819203,-0.620212],[-50.822255,-0.699884],[-51.078033,-0.81227],[-51.081776,-0.701104],[-50.840932,-0.558689],[-50.819203,-0.620212]]],[[[-47.660512,-0.579197],[-47.643422,-0.692966],[-47.701527,-0.709568],[-47.761379,-0.575771],[-47.660512,-0.579197]]],[[[-51.186025,-0.613946],[-51.271148,-1.017673],[-51.556264,-1.28867],[-51.912709,-1.481378],[-51.889272,-1.268162],[-51.668365,-1.05755],[-51.686106,-0.884373],[-51.534047,-0.634698],[-51.370432,-0.534275],[-51.384755,-0.644789],[-51.253774,-0.531508],[-51.186025,-0.613946]]],[[[-51.165273,-0.140313],[-51.201283,-0.343683],[-51.393788,-0.466485],[-51.165273,-0.140313]]],[[[-48.462514,-0.576104],[-48.496571,-0.743748],[-48.572336,-0.681573],[-48.527659,-0.872654],[-48.672434,-1.10117],[-48.796132,-1.192071],[-48.897694,-1.158136],[-48.796254,-1.268487],[-48.832997,-1.415785],[-48.942209,-1.295831],[-48.983266,-1.332696],[-48.839223,-1.44256],[-49.024892,-1.52158],[-49.197743,-1.38836],[-49.229604,-1.5735],[-49.168202,-1.586602],[-49.222768,-1.621189],[-49.387318,-1.484145],[-49.358306,-1.637587],[-49.424862,-1.63243],[-49.496571,-1.497735],[-49.654164,-1.760024],[-49.750111,-1.624933],[-49.800282,-1.817315],[-50.028472,-1.720473],[-50.02595,-1.66074],[-50.155019,-1.778985],[-50.278554,-1.597426],[-50.259429,-1.493341],[-50.260243,-1.725274],[-50.299062,-1.65545],[-50.366689,-1.772149],[-50.312123,-1.793715],[-50.405181,-1.830987],[-50.603871,-1.772149],[-50.58788,-1.684503],[-50.803212,-1.434991],[-50.799224,-1.12656],[-50.559722,-1.183201],[-50.616689,-1.119887],[-50.476633,-1.039158],[-50.735178,-1.089532],[-50.798004,-0.984308],[-50.737294,-0.551853],[-50.551991,-0.67962],[-50.673492,-0.631036],[-50.721059,-0.46502],[-50.574452,-0.188084],[-50.327382,-0.100925],[-49.398508,-0.253513],[-49.326487,-0.154555],[-48.927049,-0.158809],[-48.375559,-0.288507],[-48.462514,-0.576104]]],[[[-50.973744,-0.291192],[-51.037953,-0.235935],[-50.947266,-0.011974],[-50.766004,0.046367],[-50.640859,-0.049574],[-50.675852,-0.154555],[-50.973744,-0.291192]]],[[[-49.832346,-0.103123],[-49.524526,0.073879],[-49.391265,0.051093],[-49.359975,-0.058445],[-49.463368,-0.128025],[-49.832346,-0.103123]]],[[[-50.634267,0.071275],[-50.610585,0.183417],[-50.490224,0.159362],[-50.437729,-0.000033],[-50.634267,0.071275]]],[[[-50.090784,0.305945],[-50.220461,0.246212],[-50.138539,0.326565],[-50.090784,0.305945]]],[[[-50.036888,0.299741],[-49.650227,0.386373],[-49.560157,0.385757],[-49.52895,0.300815],[-49.867055,-0.010675],[-50.345123,0.047431],[-50.380971,0.194648],[-50.036888,0.299741]]],[[[-50.378021,0.24499],[-50.482655,0.182359],[-50.516347,0.243354],[-50.37975,0.611802],[-50.32315,0.340644],[-50.378021,0.24499]]],[[[-50.312123,0.413967],[-50.278554,0.558539],[-50.065663,0.647284],[-50.02477,0.541164],[-50.229843,0.377638],[-50.312123,0.413967]]],[[[-50.202416,0.749692],[-50.274952,0.809114],[-50.058572,0.901799],[-50.103383,0.755683],[-50.202416,0.749692]]],[[[-50.062585,0.923252],[-50.100317,0.959063],[-49.916208,1.056563],[-50.062585,0.923252]]],[[[-50.454358,2.110941],[-50.312496,1.947065],[-50.376578,1.878332],[-50.508188,1.995235],[-50.454358,2.110941]]],[[[-50.543521,2.146197],[-50.463348,2.186938],[-50.417832,2.144795],[-50.543521,2.146197]]],[[[-29.338246,-20.584161],[-29.348256,-20.561293],[-29.316884,-20.56878],[-29.338246,-20.584161]]],[[[-28.88329,-20.518731],[-28.880483,-20.510837],[-28.877838,-20.514255],[-28.88329,-20.518731]]],[[[-48.43456,-27.404718],[-48.379872,-27.435724],[-48.534657,-27.807875],[-48.547109,-27.577244],[-48.43456,-27.404718]]],[[[-48.544423,-26.341892],[-48.699696,-26.316664],[-48.493398,-26.218927],[-48.544423,-26.341892]]],[[[-47.517161,-24.700942],[-47.459055,-24.690199],[-47.877431,-25.027114],[-47.831858,-24.913263],[-47.517161,-24.700942]]],[[[-46.327952,-23.926446],[-46.291615,-23.979181],[-46.391591,-23.977309],[-46.327952,-23.926446]]],[[[-45.213735,-23.906508],[-45.224599,-23.957696],[-45.452952,-23.891371],[-45.287017,-23.728204],[-45.213735,-23.906508]]],[[[-44.100901,-23.149021],[-44.354482,-23.180352],[-44.248036,-23.090997],[-44.100901,-23.149021]]],[[[-32.403391,-3.837823],[-32.399729,-3.861993],[-32.462799,-3.878351],[-32.403391,-3.837823]]],[[[-29.40803,0.884833],[-29.357737,0.841132],[-29.410268,0.834866],[-29.40803,0.884833]]],[[[-48.322324,-25.383708],[-48.268961,-25.348155],[-48.291107,-25.489117],[-48.322324,-25.383708]]],[[[-34.85275,-7.697379],[-34.836877,-7.795757],[-34.884229,-7.804026],[-34.85275,-7.697379]]],[[[-42.228703,-2.693311],[-42.126924,-2.754553],[-42.249767,-2.736441],[-42.228703,-2.693311]]],[[[-43.832879,-2.454079],[-43.775106,-2.428925],[-43.770658,-2.496004],[-43.832879,-2.454079]]],[[[-43.564764,-2.361293],[-43.560809,-2.417049],[-43.607248,-2.396841],[-43.564764,-2.361293]]],[[[-49.479514,-1.655372],[-49.422844,-1.674181],[-49.522774,-1.73521],[-49.479514,-1.655372]]]]}},{"type":"Feature","properties":{"iso3":"URY","name":"Uruguay","continent":"Americas"},"geometry":{"type":"Polygon","coordinates":[[[-57.602793,-30.190517],[-57.586842,-30.204047],[-57.567463,-30.256343],[-57.535992,-30.27443],[-57.44313,-30.269469],[-57.414811,-30.295721],[-57.399257,-30.299131],[-57.353833,-30.27195],[-57.334299,-30.272673],[-57.296472,-30.293344],[-57.270376,-30.275154],[-57.245054,-30.293344],[-57.212601,-30.287349],[-57.183714,-30.267505],[-57.163819,-30.23929],[-57.150848,-30.182343],[-57.129557,-30.149993],[-57.077106,-30.106068],[-57.037883,-30.114647],[-56.97458,-30.09749],[-56.906367,-30.108549],[-56.831281,-30.102037],[-56.795159,-30.123845],[-56.766995,-30.161362],[-56.641783,-30.233916],[-56.632585,-30.247455],[-56.631345,-30.284662],[-56.575017,-30.302439],[-56.523754,-30.357319],[-56.424639,-30.423568],[-56.385985,-30.475761],[-56.215091,-30.581905],[-56.183517,-30.614564],[-56.170804,-30.645777],[-56.131685,-30.671925],[-56.076857,-30.752334],[-56.011357,-30.798222],[-55.989004,-30.855559],[-56.015517,-30.934338],[-56.022183,-31.067147],[-56.011357,-31.082133],[-55.854596,-31.074588],[-55.832479,-31.051747],[-55.763594,-31.008442],[-55.744887,-30.958626],[-55.731891,-30.945397],[-55.665822,-30.949324],[-55.652748,-30.938989],[-55.649673,-30.860958],[-55.634041,-30.847625],[-55.591873,-30.848348],[-55.563865,-30.87646],[-55.51131,-30.906123],[-55.368579,-31.037381],[-55.353852,-31.056294],[-55.338039,-31.125644],[-55.2937,-31.153653],[-55.259981,-31.228687],[-55.244349,-31.244603],[-55.18828,-31.266514],[-55.122238,-31.31354],[-55.087253,-31.326769],[-55.061105,-31.304858],[-55.042346,-31.272612],[-55.029375,-31.268788],[-54.969637,-31.340825],[-54.940802,-31.36563],[-54.900288,-31.382063],[-54.849903,-31.425057],[-54.819776,-31.435289],[-54.604543,-31.459784],[-54.562375,-31.515905],[-54.495041,-31.565617],[-54.483155,-31.583911],[-54.477368,-31.642098],[-54.463725,-31.671864],[-54.274228,-31.823379],[-54.146277,-31.909886],[-54.088451,-31.878156],[-54.049745,-31.887148],[-54.008714,-31.926526],[-53.948769,-31.936964],[-53.905826,-31.959288],[-53.881435,-32.00125],[-53.858077,-32.021197],[-53.83043,-32.036441],[-53.757308,-32.055045],[-53.750022,-32.104034],[-53.721445,-32.162428],[-53.670595,-32.226404],[-53.658555,-32.254309],[-53.643879,-32.355595],[-53.5613,-32.449543],[-53.474638,-32.508247],[-53.415624,-32.564161],[-53.35909,-32.580284],[-53.316043,-32.602712],[-53.266899,-32.607363],[-53.201477,-32.637232],[-53.119776,-32.707408],[-53.110836,-32.722394],[-53.11404,-32.740584],[-53.126856,-32.754847],[-53.163081,-32.778722],[-53.203854,-32.82244],[-53.298835,-32.889102],[-53.316302,-32.96269],[-53.44911,-33.042065],[-53.511535,-33.099219],[-53.536857,-33.170842],[-53.536133,-33.244636],[-53.514016,-33.394911],[-53.536805,-33.559863],[-53.539647,-33.649263],[-53.511535,-33.690294],[-53.456707,-33.687503],[-53.440428,-33.697115],[-53.411283,-33.74228],[-53.379095,-33.740676],[-53.414784,-33.764418],[-53.473053,-33.834568],[-53.524648,-34.002374],[-53.529937,-34.04811],[-53.539459,-34.062433],[-53.591217,-34.095473],[-53.639963,-34.147638],[-53.693593,-34.181736],[-53.755971,-34.267673],[-53.779897,-34.336033],[-53.763661,-34.372491],[-53.764882,-34.390395],[-53.805776,-34.400974],[-53.898305,-34.443943],[-53.972239,-34.487237],[-54.124623,-34.610447],[-54.13679,-34.623956],[-54.145904,-34.667576],[-54.259674,-34.685968],[-54.23233,-34.658136],[-54.252838,-34.630792],[-54.241078,-34.594008],[-54.253285,-34.577569],[-54.328603,-34.561782],[-54.280141,-34.582289],[-54.304433,-34.608575],[-54.344635,-34.630629],[-54.337392,-34.654718],[-54.321156,-34.65252],[-54.322581,-34.644708],[-54.289215,-34.660252],[-54.280141,-34.682306],[-54.306467,-34.707696],[-54.542063,-34.811782],[-54.604156,-34.82643],[-54.636464,-34.84881],[-54.913726,-34.945245],[-54.93932,-34.969903],[-54.958608,-34.973403],[-54.951812,-34.956964],[-54.975738,-34.928481],[-55.03307,-34.916762],[-55.041127,-34.897638],[-55.060374,-34.887791],[-55.129791,-34.885919],[-55.22175,-34.903741],[-55.260243,-34.897638],[-55.338287,-34.81878],[-55.376943,-34.801446],[-55.509636,-34.799065],[-55.601794,-34.772415],[-55.646731,-34.7811],[-55.693448,-34.764741],[-55.756503,-34.782666],[-55.792051,-34.774134],[-55.889101,-34.803475],[-56.069634,-34.901003],[-56.105198,-34.898416],[-56.135633,-34.912829],[-56.149892,-34.920343],[-56.156088,-34.941188],[-56.17729,-34.916325],[-56.213002,-34.907693],[-56.203455,-34.887503],[-56.214589,-34.879588],[-56.230551,-34.87775],[-56.236508,-34.892884],[-56.256337,-34.906183],[-56.311269,-34.906183],[-56.402943,-34.85475],[-56.418446,-34.843032],[-56.420766,-34.82822],[-56.386848,-34.80187],[-56.361282,-34.796636],[-56.37612,-34.782729],[-56.485088,-34.75355],[-56.558013,-34.765069],[-56.646362,-34.722642],[-56.795289,-34.698492],[-56.873891,-34.67018],[-56.919749,-34.623224],[-57.057425,-34.527127],[-57.062408,-34.506524],[-57.120025,-34.462986],[-57.151964,-34.450932],[-57.203198,-34.442073],[-57.346942,-34.443459],[-57.3652,-34.43044],[-57.411428,-34.431506],[-57.436974,-34.444576],[-57.44913,-34.431538],[-57.474663,-34.429541],[-57.537914,-34.453614],[-57.569475,-34.426504],[-57.594997,-34.425473],[-57.7203,-34.463373],[-57.738535,-34.461318],[-57.764115,-34.474295],[-57.855354,-34.470967],[-57.845585,-34.462979],[-57.854048,-34.447882],[-57.882019,-34.440724],[-57.90019,-34.416525],[-57.8976,-34.376339],[-58.016916,-34.253106],[-58.049794,-34.240004],[-58.076975,-34.19199],[-58.119374,-34.169203],[-58.196197,-34.159438],[-58.20873,-34.147638],[-58.231842,-34.0888],[-58.316518,-33.986505],[-58.372426,-33.95436],[-58.402699,-33.922784],[-58.434641,-33.784926],[-58.439361,-33.6985],[-58.425771,-33.612888],[-58.438344,-33.551446],[-58.433217,-33.527765],[-58.385365,-33.47031],[-58.37857,-33.448663],[-58.384877,-33.429132],[-58.412587,-33.409601],[-58.418935,-33.389907],[-58.412587,-33.371677],[-58.361195,-33.325779],[-58.350738,-33.305759],[-58.366933,-33.153741],[-58.351389,-33.121677],[-58.310292,-33.108819],[-58.174428,-33.110447],[-58.137766,-33.095147],[-58.08373,-33.04754],[-58.048492,-32.911716],[-58.057118,-32.881768],[-58.130767,-32.802667],[-58.137685,-32.695571],[-58.145172,-32.678155],[-58.137766,-32.670668],[-58.157216,-32.575128],[-58.177113,-32.545017],[-58.197418,-32.469822],[-58.200124,-32.447201],[-58.164946,-32.389495],[-58.101591,-32.31136],[-58.096527,-32.280974],[-58.106914,-32.251829],[-58.186547,-32.15292],[-58.158797,-32.101554],[-58.145309,-32.01789],[-58.158797,-31.943889],[-58.202618,-31.893143],[-58.196004,-31.872575],[-58.152854,-31.835988],[-58.059268,-31.811494],[-58.048881,-31.797128],[-57.988626,-31.642822],[-57.979583,-31.598794],[-57.986818,-31.554145],[-58.075236,-31.475184],[-58.062575,-31.444281],[-57.990228,-31.399323],[-57.966354,-31.314573],[-57.935606,-31.290285],[-57.905117,-31.240986],[-57.911732,-31.170603],[-57.899019,-31.126471],[-57.855249,-31.058982],[-57.863311,-31.012266],[-57.911732,-30.947361],[-57.90398,-30.929687],[-57.885325,-30.918835],[-57.807242,-30.90757],[-57.796132,-30.868399],[-57.801868,-30.773314],[-57.817887,-30.712026],[-57.88579,-30.589863],[-57.889769,-30.550796],[-57.877109,-30.514829],[-57.849617,-30.48527],[-57.652729,-30.329104],[-57.631077,-30.297064],[-57.623739,-30.2581],[-57.642466,-30.193092],[-57.602793,-30.190517]]]}},{"type":"Feature","properties":{"iso3":"HTI","name":"Haiti","continent":"Americas"},"geometry":{"type":"MultiPolygon","coordinates":[[[[-71.757436,19.71011],[-71.745048,19.664899],[-71.743084,19.600071],[-71.715127,19.537465],[-71.703861,19.41463],[-71.733472,19.355461],[-71.776519,19.327504],[-71.753729,19.283785],[-71.716522,19.247767],[-71.639111,19.21211],[-71.643658,19.152475],[-71.661383,19.117594],[-71.710424,19.081653],[-71.783702,18.996309],[-71.865402,18.964425],[-71.862456,18.947088],[-71.796259,18.957061],[-71.733472,18.882569],[-71.720346,18.765445],[-71.744066,18.711443],[-71.791779,18.680682],[-71.841579,18.617986],[-71.880285,18.605403],[-71.955474,18.618606],[-71.992629,18.611139],[-72.009838,18.598814],[-71.904056,18.48479],[-71.901575,18.469778],[-71.918164,18.449237],[-71.912169,18.430737],[-71.858167,18.413554],[-71.826438,18.376166],[-71.71151,18.316144],[-71.774038,18.201474],[-71.776829,18.181785],[-71.762204,18.132486],[-71.760654,18.086804],[-71.776235,18.039252],[-71.892974,18.162787],[-71.92809,18.183783],[-72.071767,18.237535],[-72.190541,18.22484],[-72.440297,18.223944],[-72.518788,18.210354],[-72.550933,18.224758],[-72.556304,18.220852],[-72.54955,18.182359],[-72.55899,18.172553],[-72.613271,18.185004],[-72.754994,18.176174],[-72.750111,18.160305],[-72.76301,18.156724],[-72.776031,18.163153],[-72.8037,18.146145],[-72.858876,18.151313],[-72.885894,18.141425],[-72.985341,18.178656],[-73.125559,18.189846],[-73.163401,18.210354],[-73.296213,18.23078],[-73.355865,18.224921],[-73.365102,18.227362],[-73.359853,18.240383],[-73.310455,18.245063],[-73.310455,18.251288],[-73.377268,18.258124],[-73.458241,18.257514],[-73.526194,18.23078],[-73.55012,18.258734],[-73.563466,18.251044],[-73.578114,18.216864],[-73.591664,18.223944],[-73.60969,18.216783],[-73.619618,18.22191],[-73.619008,18.251288],[-73.633209,18.24726],[-73.645619,18.221096],[-73.659983,18.210354],[-73.646311,18.258734],[-73.673573,18.23078],[-73.690989,18.237616],[-73.694081,18.223944],[-73.737782,18.190741],[-73.809316,18.159166],[-73.827463,18.142035],[-73.844879,18.114691],[-73.802805,18.071926],[-73.793813,18.028998],[-73.87328,18.02619],[-73.899973,18.03913],[-73.903798,18.05386],[-73.989573,18.163153],[-74.105051,18.247626],[-74.165761,18.265611],[-74.176666,18.273179],[-74.18342,18.29328],[-74.242177,18.313951],[-74.248931,18.306545],[-74.267812,18.312974],[-74.330922,18.286038],[-74.372182,18.298489],[-74.408315,18.328274],[-74.445912,18.346381],[-74.463206,18.398179],[-74.489166,18.429389],[-74.454416,18.477769],[-74.461822,18.491441],[-74.443512,18.503811],[-74.431752,18.550116],[-74.414133,18.565579],[-74.426259,18.608222],[-74.418528,18.617499],[-74.340199,18.653388],[-74.287994,18.651516],[-74.278798,18.666571],[-74.25593,18.670315],[-74.159983,18.659166],[-74.029124,18.603746],[-73.971547,18.601304],[-73.959299,18.582994],[-73.9405,18.587633],[-73.898549,18.568793],[-73.842926,18.565253],[-73.803334,18.539252],[-73.779408,18.546698],[-73.748118,18.539252],[-73.704457,18.573472],[-73.62206,18.587633],[-73.586415,18.579169],[-73.585846,18.561998],[-73.606109,18.549018],[-73.632639,18.552924],[-73.632639,18.546698],[-73.673451,18.556098],[-73.714589,18.546698],[-73.674916,18.530178],[-73.66983,18.508857],[-73.652211,18.50137],[-73.620432,18.505764],[-73.604726,18.498277],[-73.569651,18.518378],[-73.526682,18.523505],[-73.36852,18.511949],[-73.286244,18.484036],[-73.166982,18.483547],[-73.098012,18.455268],[-72.985585,18.470404],[-72.898997,18.450507],[-72.904164,18.434149],[-72.858306,18.446682],[-72.754994,18.429389],[-72.716461,18.43773],[-72.68932,18.459662],[-72.628285,18.554145],[-72.596547,18.560858],[-72.429758,18.546698],[-72.416086,18.56037],[-72.371409,18.52558],[-72.353831,18.530097],[-72.343414,18.570136],[-72.343414,18.642279],[-72.325063,18.671373],[-72.330434,18.683295],[-72.385081,18.710598],[-72.433461,18.716783],[-72.491078,18.7685],[-72.51537,18.765815],[-72.54955,18.785631],[-72.617787,18.88935],[-72.651967,18.918606],[-72.70873,18.945543],[-72.813547,19.052924],[-72.818349,19.078559],[-72.776031,19.094794],[-72.716461,19.103949],[-72.707183,19.118638],[-72.713124,19.137437],[-72.762441,19.163072],[-72.803375,19.23192],[-72.768625,19.286566],[-72.713979,19.293402],[-72.728342,19.32038],[-72.770579,19.336168],[-72.772939,19.376451],[-72.768625,19.388983],[-72.744374,19.374457],[-72.723459,19.38349],[-72.730621,19.426418],[-72.67984,19.409491],[-72.699127,19.445868],[-72.760894,19.454332],[-72.814768,19.504828],[-72.966908,19.575019],[-73.002187,19.603461],[-73.01887,19.600735],[-73.120798,19.629096],[-73.149078,19.614936],[-73.186025,19.627102],[-73.221099,19.649644],[-73.241282,19.631049],[-73.28425,19.625718],[-73.409495,19.635972],[-73.457834,19.672187],[-73.468129,19.724799],[-73.427154,19.790269],[-73.365102,19.813544],[-73.365102,19.82099],[-73.420318,19.82099],[-73.404164,19.832506],[-73.344594,19.834052],[-73.222768,19.886949],[-73.187123,19.911444],[-73.167104,19.93769],[-73.143707,19.920315],[-73.115305,19.923407],[-73.060374,19.910346],[-72.99177,19.917182],[-72.967275,19.902899],[-72.960113,19.918402],[-72.941274,19.928046],[-72.898997,19.923407],[-72.840443,19.941636],[-72.776031,19.943915],[-72.67398,19.921373],[-72.628041,19.897284],[-72.568715,19.879869],[-72.544342,19.851264],[-72.517568,19.834133],[-72.489735,19.824652],[-72.474436,19.834052],[-72.425933,19.813788],[-72.385081,19.810452],[-72.378733,19.794664],[-72.330434,19.752102],[-72.330434,19.745836],[-72.350901,19.752102],[-72.333852,19.718573],[-72.316151,19.71483],[-72.30309,19.739081],[-72.312896,19.738756],[-72.316151,19.765692],[-72.274648,19.756252],[-72.256418,19.761868],[-72.238393,19.786444],[-72.218658,19.786933],[-72.20523,19.77619],[-72.213735,19.752102],[-72.196767,19.742499],[-72.131825,19.745836],[-72.110504,19.727688],[-72.058217,19.722642],[-72.018544,19.697455],[-71.968861,19.732327],[-71.864735,19.715074],[-71.857574,19.710028],[-71.872304,19.692125],[-71.912099,19.690619],[-71.901601,19.672309],[-71.850657,19.677639],[-71.821441,19.656684],[-71.813303,19.680732],[-71.842437,19.692328],[-71.84439,19.711127],[-71.836741,19.717353],[-71.757436,19.71011]]],[[[-73.628896,18.094224],[-73.592275,18.089342],[-73.577992,18.081122],[-73.577992,18.066962],[-73.610829,18.057563],[-73.667226,18.063137],[-73.707672,18.094224],[-73.699941,18.108303],[-73.687856,18.100491],[-73.676381,18.1081],[-73.659983,18.094224],[-73.628896,18.094224]]],[[[-73.796498,18.628648],[-73.772694,18.63935],[-73.73998,18.636868],[-73.714955,18.623481],[-73.714589,18.601304],[-73.73762,18.588202],[-73.769521,18.588365],[-73.794423,18.601874],[-73.796498,18.628648]]],[[[-72.850575,20.088528],[-72.802398,20.087226],[-72.667795,20.032294],[-72.627553,20.008246],[-72.638905,19.984849],[-72.739858,20.002427],[-72.844309,20.034491],[-72.878489,20.026435],[-72.899403,20.030422],[-72.960357,20.061225],[-72.901112,20.082017],[-72.850575,20.088528]]],[[[-73.258656,18.878485],[-73.289906,18.904202],[-73.299631,18.925523],[-73.296213,18.93651],[-73.245961,18.968411],[-73.200795,18.968695],[-72.993398,18.892035],[-72.846099,18.827094],[-72.817047,18.793118],[-72.805898,18.745673],[-72.808746,18.720404],[-72.831125,18.696438],[-72.855702,18.727688],[-73.037424,18.759589],[-73.125559,18.813625],[-73.214589,18.836615],[-73.238515,18.851508],[-73.258656,18.878485]]]]}},{"type":"Feature","properties":{"iso3":"DOM","name":"Dominican Republic","continent":"Americas"},"geometry":{"type":"MultiPolygon","coordinates":[[[[-71.757436,19.71011],[-71.720326,19.697455],[-71.741851,19.755805],[-71.740793,19.773179],[-71.767649,19.774482],[-71.771067,19.785142],[-71.744496,19.817206],[-71.716908,19.823635],[-71.699818,19.841498],[-71.658803,19.861965],[-71.666737,19.885688],[-71.661448,19.893622],[-71.621246,19.889309],[-71.610951,19.900824],[-71.504628,19.910346],[-71.452707,19.898098],[-71.357249,19.851264],[-71.329213,19.845893],[-71.302602,19.855699],[-71.268056,19.835517],[-71.212066,19.837104],[-71.203521,19.865383],[-71.191762,19.869696],[-71.172231,19.834052],[-71.151723,19.855699],[-71.165395,19.868801],[-71.149729,19.863023],[-71.107045,19.868801],[-71.078277,19.909125],[-71.000885,19.93769],[-70.96935,19.925198],[-70.961049,19.912665],[-70.966176,19.896715],[-70.946889,19.889309],[-70.939443,19.889309],[-70.946889,19.910346],[-70.898508,19.902899],[-70.843251,19.910346],[-70.786977,19.852851],[-70.788645,19.834052],[-70.750966,19.833808],[-70.698476,19.79682],[-70.623687,19.766547],[-70.518707,19.759752],[-70.472727,19.786851],[-70.433705,19.775214],[-70.336171,19.677639],[-70.280832,19.651801],[-70.116444,19.622382],[-70.042104,19.678453],[-69.947255,19.678656],[-69.897939,19.635972],[-69.887196,19.612738],[-69.904164,19.532375],[-69.884145,19.5244],[-69.876536,19.506659],[-69.87682,19.461005],[-69.867991,19.425279],[-69.801381,19.330878],[-69.76769,19.29975],[-69.733469,19.286566],[-69.713206,19.28974],[-69.674387,19.30386],[-69.589426,19.312812],[-69.527984,19.341783],[-69.483306,19.327582],[-69.437367,19.332953],[-69.428619,19.319241],[-69.410715,19.327582],[-69.335601,19.293402],[-69.305898,19.331122],[-69.231272,19.363349],[-69.224355,19.351793],[-69.246816,19.299628],[-69.204335,19.292792],[-69.164296,19.307034],[-69.158355,19.285102],[-69.18932,19.252265],[-69.214345,19.200629],[-69.253651,19.183539],[-69.332143,19.197211],[-69.418121,19.190985],[-69.475453,19.214016],[-69.617299,19.225246],[-69.633534,19.123684],[-69.630442,19.108466],[-69.608469,19.093451],[-69.553293,19.101467],[-69.53425,19.094794],[-69.510487,19.102037],[-69.46345,19.084703],[-69.438629,19.087348],[-69.473378,19.10163],[-69.473378,19.108466],[-69.419993,19.111151],[-69.386708,19.096096],[-69.372955,19.065375],[-69.356068,19.053209],[-69.173248,19.011135],[-69.138661,19.022284],[-69.157338,19.036689],[-69.15746,19.046373],[-69.139516,19.051215],[-69.102854,19.005357],[-69.061187,18.988186],[-69.054433,18.977484],[-69.006581,19.005357],[-69.014231,19.013414],[-68.992991,19.018459],[-68.97936,19.032864],[-68.939565,19.031317],[-68.89981,19.020901],[-68.883127,19.012193],[-68.876291,18.998603],[-68.795888,18.984117],[-68.739735,18.964423],[-68.623525,18.861884],[-68.5808,18.812567],[-68.458567,18.731024],[-68.413401,18.689602],[-68.356191,18.656562],[-68.328603,18.616523],[-68.334055,18.577297],[-68.441274,18.429023],[-68.444325,18.374823],[-68.455678,18.357856],[-68.472157,18.34984],[-68.516591,18.34748],[-68.588938,18.38227],[-68.605458,18.371731],[-68.597524,18.336615],[-68.626088,18.283352],[-68.647084,18.21483],[-68.742991,18.204535],[-68.760243,18.210354],[-68.762522,18.246975],[-68.820139,18.342475],[-68.849599,18.374823],[-68.922515,18.412299],[-68.964345,18.417955],[-69.012563,18.399115],[-69.085439,18.395901],[-69.185292,18.421698],[-69.214223,18.445136],[-69.236318,18.450507],[-69.295033,18.439032],[-69.315094,18.450507],[-69.336008,18.432074],[-69.465932,18.422553],[-69.525258,18.408433],[-69.579986,18.444485],[-69.616811,18.457343],[-69.623606,18.416327],[-69.646596,18.41356],[-69.665151,18.419501],[-69.681956,18.446763],[-69.697377,18.456366],[-69.851471,18.47248],[-69.89981,18.466457],[-70.016591,18.411363],[-70.055776,18.367255],[-70.067698,18.329088],[-70.090688,18.317532],[-70.100006,18.299221],[-70.171783,18.231431],[-70.202138,18.233547],[-70.233144,18.223944],[-70.269602,18.238105],[-70.397572,18.237616],[-70.460194,18.20893],[-70.552846,18.20425],[-70.568918,18.210354],[-70.570302,18.21894],[-70.549062,18.237616],[-70.55191,18.24844],[-70.596791,18.28913],[-70.576405,18.313951],[-70.571767,18.334052],[-70.579457,18.385647],[-70.60143,18.411851],[-70.637807,18.429389],[-70.682485,18.435614],[-70.703847,18.430121],[-70.71288,18.412665],[-70.711985,18.383368],[-70.741689,18.355414],[-70.76065,18.34748],[-70.802317,18.354926],[-70.823964,18.342678],[-70.846018,18.34219],[-70.87328,18.306301],[-70.891672,18.299709],[-70.932485,18.261542],[-70.96581,18.262152],[-70.983795,18.28913],[-71.004872,18.301011],[-71.048248,18.310004],[-71.083974,18.304389],[-71.103342,18.25495],[-71.082834,18.217719],[-71.061106,18.142076],[-71.097157,18.073717],[-71.191803,17.941799],[-71.204254,17.911119],[-71.24592,17.885077],[-71.267812,17.846584],[-71.282094,17.85399],[-71.286122,17.832587],[-71.309316,17.816392],[-71.365549,17.678412],[-71.417226,17.604804],[-71.446116,17.62934],[-71.531606,17.755072],[-71.565256,17.767524],[-71.645131,17.75727],[-71.679311,17.765286],[-71.63093,17.816799],[-71.636586,17.853461],[-71.664947,17.903469],[-71.658803,17.953315],[-71.683827,17.99018],[-71.720326,18.01911],[-71.776235,18.039252],[-71.760654,18.086804],[-71.762204,18.132486],[-71.776829,18.181785],[-71.774038,18.201474],[-71.709339,18.31325],[-71.734971,18.332939],[-71.788714,18.352214],[-71.826438,18.376166],[-71.858167,18.413554],[-71.912169,18.430737],[-71.918164,18.449237],[-71.901575,18.469778],[-71.904056,18.48479],[-72.009838,18.598814],[-71.992629,18.611139],[-71.955474,18.618606],[-71.880285,18.605403],[-71.841579,18.617986],[-71.794347,18.679171],[-71.744066,18.711443],[-71.720346,18.765445],[-71.733472,18.882569],[-71.796259,18.957061],[-71.862456,18.947088],[-71.865402,18.964425],[-71.783702,18.996309],[-71.710424,19.081653],[-71.661383,19.117594],[-71.643658,19.152475],[-71.639111,19.21211],[-71.716522,19.247767],[-71.753729,19.283785],[-71.776519,19.327504],[-71.733472,19.355461],[-71.703861,19.41463],[-71.715127,19.537465],[-71.743084,19.600071],[-71.745048,19.664899],[-71.757436,19.71011]]],[[[-71.524485,17.545559],[-71.541168,17.554633],[-71.541371,17.576158],[-71.521067,17.621283],[-71.467112,17.580268],[-71.524485,17.545559]]],[[[-68.664052,18.169338],[-68.598785,18.166205],[-68.577504,18.133734],[-68.571848,18.107856],[-68.636098,18.128363],[-68.701894,18.114691],[-68.73705,18.123603],[-68.762074,18.145168],[-68.786936,18.196682],[-68.754547,18.197659],[-68.710764,18.17536],[-68.664052,18.169338]]]]}},{"type":"Feature","properties":{"iso3":"SLV","name":"El Salvador","continent":"Americas"},"geometry":{"type":"MultiPolygon","coordinates":[[[[-90.098307,13.731404],[-90.114314,13.796265],[-90.106976,13.844066],[-90.08708,13.870472],[-90.047367,13.894295],[-90.022976,13.936954],[-89.890788,14.035889],[-89.835855,14.059091],[-89.802963,14.055474],[-89.762268,14.029997],[-89.747644,14.037646],[-89.752605,14.07524],[-89.689844,14.170015],[-89.638322,14.200556],[-89.524505,14.231768],[-89.52466,14.247374],[-89.544917,14.261818],[-89.555692,14.299025],[-89.571272,14.311143],[-89.592175,14.31383],[-89.598351,14.32799],[-89.576078,14.35313],[-89.590573,14.385971],[-89.584062,14.401809],[-89.569877,14.412015],[-89.555175,14.410827],[-89.544245,14.400052],[-89.541351,14.381526],[-89.503033,14.420051],[-89.485283,14.427389],[-89.446835,14.415529],[-89.4311,14.418708],[-89.398182,14.445373],[-89.396864,14.426046],[-89.391697,14.43372],[-89.361822,14.415506],[-89.225531,14.382147],[-89.200158,14.36468],[-89.153985,14.351296],[-89.122178,14.394678],[-89.107476,14.39597],[-89.091844,14.374834],[-89.09448,14.344862],[-89.083085,14.335328],[-89.032985,14.323675],[-89.018128,14.271688],[-88.98353,14.242129],[-88.965986,14.191383],[-88.957175,14.185182],[-88.906016,14.199574],[-88.881263,14.1842],[-88.860334,14.158517],[-88.838759,14.100407],[-88.777341,14.099735],[-88.746387,14.111336],[-88.73923,14.099942],[-88.746645,14.052477],[-88.697656,14.032013],[-88.690812,14.01179],[-88.633862,14.014469],[-88.558104,13.990904],[-88.504361,13.983695],[-88.49542,13.975143],[-88.502293,13.968942],[-88.496092,13.955687],[-88.502293,13.91711],[-88.488677,13.88135],[-88.496816,13.851197],[-88.470151,13.852489],[-88.433228,13.871067],[-88.392946,13.879774],[-88.360106,13.872384],[-88.358194,13.887396],[-88.326206,13.885071],[-88.319256,13.897602],[-88.285433,13.905974],[-88.2636,13.933104],[-88.236367,13.938143],[-88.231586,13.951811],[-88.242309,13.962534],[-88.245358,13.985892],[-88.235075,13.992868],[-88.177533,13.985194],[-88.125391,13.991266],[-88.099036,13.989819],[-88.087538,13.980543],[-88.072888,13.943414],[-88.023641,13.891169],[-88.015321,13.866364],[-87.954782,13.892461],[-87.925326,13.879619],[-87.900108,13.89414],[-87.860911,13.890187],[-87.832903,13.91525],[-87.817891,13.91587],[-87.790606,13.870472],[-87.703608,13.814998],[-87.737844,13.738775],[-87.731359,13.722213],[-87.755026,13.689915],[-87.760091,13.616948],[-87.789934,13.532819],[-87.779469,13.509978],[-87.733426,13.507704],[-87.720584,13.486982],[-87.721153,13.460833],[-87.738412,13.441687],[-87.817169,13.406562],[-87.838287,13.440945],[-87.866444,13.393337],[-87.873769,13.365261],[-87.791534,13.304958],[-87.789906,13.287014],[-87.798085,13.265652],[-87.817983,13.250393],[-87.912465,13.198188],[-87.916005,13.182196],[-87.892934,13.166571],[-87.928212,13.158637],[-88.098378,13.174018],[-88.208282,13.160427],[-88.300893,13.174221],[-88.324941,13.166571],[-88.352284,13.174018],[-88.352284,13.180243],[-88.329701,13.181708],[-88.328114,13.197089],[-88.358429,13.228664],[-88.337921,13.194525],[-88.391754,13.193915],[-88.40685,13.18769],[-88.365875,13.18769],[-88.365875,13.180243],[-88.38915,13.170844],[-88.414825,13.171576],[-88.434845,13.183661],[-88.441029,13.208197],[-88.431182,13.203884],[-88.413686,13.221218],[-88.430776,13.228787],[-88.449574,13.254584],[-88.462148,13.262234],[-88.450185,13.225369],[-88.454701,13.215033],[-88.529775,13.242947],[-88.553985,13.276435],[-88.598663,13.283881],[-88.722768,13.269599],[-88.70873,13.260525],[-88.666615,13.255764],[-88.577382,13.262844],[-88.53661,13.228664],[-88.53661,13.221218],[-88.598663,13.2355],[-88.598663,13.228664],[-88.473907,13.198635],[-88.454701,13.180243],[-88.4617,13.16828],[-88.527455,13.198432],[-88.785675,13.245266],[-89.064809,13.372016],[-89.183502,13.443061],[-89.251454,13.472317],[-89.384999,13.495307],[-89.527067,13.494173],[-89.679766,13.534732],[-89.808048,13.526858],[-89.823297,13.53714],[-89.837148,13.596829],[-89.849662,13.606876],[-89.951318,13.66411],[-90.098307,13.731404]]],[[[-87.726293,13.198387],[-87.727187,13.211115],[-87.719913,13.216191],[-87.706087,13.211726],[-87.693194,13.167862],[-87.723111,13.164078],[-87.726293,13.198387]]],[[[-87.765782,13.248011],[-87.751387,13.228925],[-87.763805,13.214287],[-87.77689,13.225736],[-87.780169,13.241643],[-87.765782,13.248011]]]]}},{"type":"Feature","properties":{"iso3":"GTM","name":"Guatemala","continent":"Americas"},"geometry":{"type":"Polygon","coordinates":[[[-89.361621,14.415478],[-89.390611,14.435993],[-89.396864,14.426046],[-89.398182,14.445373],[-89.4311,14.418708],[-89.446835,14.415529],[-89.485283,14.427389],[-89.503033,14.420051],[-89.541351,14.381526],[-89.544245,14.400052],[-89.555175,14.410827],[-89.569877,14.412015],[-89.584062,14.401809],[-89.590573,14.385971],[-89.576078,14.35313],[-89.598351,14.32799],[-89.592175,14.31383],[-89.558586,14.302823],[-89.544917,14.261818],[-89.52466,14.247374],[-89.524505,14.231768],[-89.638322,14.200556],[-89.689844,14.170015],[-89.752605,14.07524],[-89.747644,14.037646],[-89.762268,14.029997],[-89.802963,14.055474],[-89.835855,14.059091],[-89.890788,14.035889],[-90.022976,13.936954],[-90.047367,13.894295],[-90.08708,13.870472],[-90.106976,13.844066],[-90.114314,13.796265],[-90.098307,13.731404],[-90.401159,13.858588],[-90.500209,13.8947],[-90.580413,13.913267],[-90.707278,13.928889],[-90.910333,13.911135],[-91.04374,13.913585],[-91.165761,13.926703],[-91.316461,13.955679],[-91.551869,14.057278],[-91.762558,14.180174],[-91.908193,14.28384],[-92.049591,14.408026],[-92.246257,14.546279],[-92.226097,14.549346],[-92.208062,14.570507],[-92.160804,14.683498],[-92.191655,14.835297],[-92.15468,14.900797],[-92.154215,14.995933],[-92.142356,15.007483],[-92.103831,15.01787],[-92.073807,15.073706],[-92.20336,15.237159],[-92.211292,15.272066],[-91.739848,16.060985],[-91.723776,16.068788],[-90.485738,16.0707],[-90.448195,16.07926],[-90.437421,16.098863],[-90.434475,16.107183],[-90.455585,16.099742],[-90.459487,16.116795],[-90.435302,16.136277],[-90.448144,16.154416],[-90.42613,16.163149],[-90.461812,16.189142],[-90.465584,16.208107],[-90.458505,16.22175],[-90.434475,16.236323],[-90.457833,16.249138],[-90.459435,16.25906],[-90.448144,16.271101],[-90.42768,16.263608],[-90.441297,16.285364],[-90.434475,16.291565],[-90.414063,16.287844],[-90.414011,16.298386],[-90.444888,16.30836],[-90.404684,16.331511],[-90.398793,16.347582],[-90.40719,16.36045],[-90.420807,16.353008],[-90.418223,16.367167],[-90.40874,16.372335],[-90.379853,16.367271],[-90.391377,16.385978],[-90.394917,16.419206],[-90.420807,16.415123],[-90.475842,16.430729],[-90.482302,16.456051],[-90.497753,16.46804],[-90.508915,16.471089],[-90.532893,16.459927],[-90.543719,16.490209],[-90.584724,16.480235],[-90.633094,16.483336],[-90.612061,16.507624],[-90.61263,16.518114],[-90.648183,16.529586],[-90.633765,16.592167],[-90.647356,16.600073],[-90.6672,16.586999],[-90.654023,16.61661],[-90.667717,16.652576],[-90.73531,16.746576],[-90.80037,16.786832],[-90.79696,16.805435],[-90.810602,16.812928],[-90.831738,16.805435],[-90.919071,16.836338],[-90.968887,16.874372],[-90.952764,16.890908],[-90.955193,16.898763],[-90.98625,16.901088],[-90.983253,16.878609],[-90.993072,16.874372],[-91.016688,16.894836],[-91.054928,16.908013],[-91.066866,16.918193],[-91.076943,16.949509],[-91.112238,16.990489],[-91.126552,17.024595],[-91.1712,17.028006],[-91.206754,17.065368],[-91.229595,17.113995],[-91.259205,17.124331],[-91.279514,17.180089],[-91.290418,17.189081],[-91.364884,17.189753],[-91.372945,17.213576],[-91.442502,17.237967],[-91.438264,17.253677],[-91.430771,17.254969],[-90.991986,17.25192],[-90.990901,17.801964],[-90.98284,17.810542],[-90.962221,17.81602],[-89.160496,17.814314],[-89.149205,17.036271],[-89.184353,16.495872],[-89.236512,15.893915],[-89.228244,15.880841],[-89.177446,15.900271],[-89.040323,15.901718],[-88.951878,15.879652],[-88.913971,15.893948],[-88.8662,15.860338],[-88.831614,15.868638],[-88.787343,15.859076],[-88.753285,15.839789],[-88.749501,15.818793],[-88.726796,15.815172],[-88.625966,15.753892],[-88.63622,15.702094],[-88.609242,15.702094],[-88.595204,15.714667],[-88.605458,15.743069],[-88.582183,15.745022],[-88.57433,15.769965],[-88.550282,15.798285],[-88.557688,15.852932],[-88.550282,15.852932],[-88.544057,15.83926],[-88.532135,15.846829],[-88.503041,15.841376],[-88.48884,15.846747],[-88.543284,15.885159],[-88.564524,15.914984],[-88.607574,15.938422],[-88.619862,15.953274],[-88.605458,15.969631],[-88.550282,15.942328],[-88.447906,15.85871],[-88.344838,15.811957],[-88.256337,15.740383],[-88.221547,15.725898],[-88.23262,15.721419],[-88.241586,15.688242],[-88.247761,15.695684],[-88.295588,15.675013],[-88.316672,15.6746],[-88.352561,15.616903],[-88.398992,15.572797],[-88.973427,15.140395],[-89.109827,15.091457],[-89.160806,15.060245],[-89.188582,14.996088],[-89.1691,14.978415],[-89.169152,14.95206],[-89.198814,14.899815],[-89.231448,14.867311],[-89.23243,14.8485],[-89.189409,14.783001],[-89.170547,14.738791],[-89.146213,14.710858],[-89.142694,14.691275],[-89.159411,14.665979],[-89.160393,14.581282],[-89.172149,14.570404],[-89.221087,14.580093],[-89.245685,14.572988],[-89.323044,14.487463],[-89.355497,14.475448],[-89.363791,14.446561],[-89.361621,14.415478]]]}},{"type":"Feature","properties":{"iso3":"CUB","name":"Cuba","continent":"Americas"},"geometry":{"type":"MultiPolygon","coordinates":[[[[-75.095006,19.897226],[-75.09495,19.971584],[-75.137036,19.971551],[-75.102077,19.9929],[-75.090133,20.014137],[-75.084857,20.025895],[-75.092437,20.061225],[-75.112791,20.057485],[-75.135795,20.021296],[-75.154333,20.031166],[-75.169425,20.025577],[-75.174062,19.993476],[-75.155426,19.99494],[-75.146997,19.984278],[-75.160192,19.970648],[-75.178862,19.970732],[-75.228969,19.93744],[-75.232859,19.900051],[-75.284657,19.888251],[-75.38329,19.882473],[-75.444407,19.896715],[-75.461822,19.882473],[-75.520904,19.879625],[-75.571645,19.896715],[-75.604726,19.892035],[-75.721832,19.957506],[-75.815297,19.957506],[-75.893788,19.971829],[-75.980092,19.952379],[-76.11205,19.982489],[-76.20226,19.992336],[-76.248158,19.990627],[-76.366119,19.964993],[-76.460276,19.962104],[-76.524403,19.943915],[-76.651601,19.951117],[-76.781077,19.940741],[-76.801747,19.930732],[-76.866444,19.93769],[-76.914133,19.906643],[-76.958892,19.891059],[-77.088043,19.885443],[-77.188954,19.912584],[-77.202789,19.902899],[-77.227284,19.911078],[-77.243764,19.896715],[-77.298248,19.906684],[-77.324086,19.900295],[-77.339996,19.882473],[-77.312734,19.882473],[-77.312734,19.875637],[-77.35851,19.864488],[-77.46996,19.859565],[-77.533355,19.844916],[-77.61148,19.844631],[-77.673248,19.828925],[-77.706044,19.830024],[-77.73058,19.844794],[-77.735992,19.874172],[-77.716176,19.916571],[-77.682118,19.929592],[-77.668324,19.943915],[-77.666737,19.96247],[-77.620432,20.020331],[-77.572743,20.061103],[-77.586415,20.088528],[-77.551015,20.079779],[-77.521881,20.09455],[-77.496978,20.129462],[-77.436635,20.162421],[-77.401357,20.198065],[-77.266469,20.253241],[-77.250722,20.289293],[-77.236318,20.300767],[-77.223297,20.300767],[-77.228993,20.28913],[-77.222971,20.283393],[-77.195424,20.286526],[-77.171213,20.307278],[-77.161855,20.338324],[-77.113433,20.368476],[-77.11026,20.416409],[-77.095815,20.430162],[-77.082428,20.465277],[-77.113433,20.512437],[-77.150136,20.537909],[-77.195668,20.552151],[-77.189198,20.540961],[-77.195424,20.534125],[-77.239898,20.563056],[-77.240387,20.592108],[-77.216461,20.602444],[-77.195424,20.636542],[-77.251047,20.662095],[-77.258046,20.643378],[-77.314849,20.709052],[-77.343129,20.718492],[-77.403188,20.709174],[-77.442372,20.684394],[-77.457672,20.689887],[-77.493398,20.677476],[-77.572743,20.697984],[-77.620513,20.677558],[-77.649281,20.692572],[-77.778432,20.700751],[-77.822133,20.723049],[-77.877512,20.732164],[-77.899241,20.727281],[-77.942047,20.697984],[-78.007069,20.696194],[-78.041127,20.704495],[-78.05191,20.725979],[-78.059397,20.725979],[-78.065541,20.711656],[-78.098378,20.748114],[-78.132069,20.757392],[-78.144114,20.768256],[-78.161773,20.800442],[-78.190785,20.827623],[-78.211049,20.839504],[-78.23766,20.833401],[-78.272043,20.901109],[-78.342681,20.949408],[-78.40392,20.957953],[-78.429921,20.999701],[-78.487904,21.03856],[-78.500885,21.082099],[-78.504384,21.147121],[-78.538197,21.231635],[-78.531728,21.260403],[-78.511464,21.248847],[-78.498199,21.269965],[-78.505523,21.280219],[-78.5454,21.297593],[-78.563303,21.38345],[-78.582102,21.413886],[-78.592437,21.461819],[-78.628163,21.521064],[-78.665354,21.551174],[-78.746327,21.568061],[-78.751088,21.575507],[-78.744618,21.589301],[-78.720611,21.581244],[-78.689117,21.586412],[-78.706776,21.612616],[-78.744618,21.636542],[-78.76651,21.639716],[-78.831899,21.620307],[-78.878407,21.616034],[-78.898752,21.595526],[-78.97057,21.595526],[-78.977366,21.602973],[-79.012807,21.590074],[-79.075551,21.586086],[-79.128163,21.561998],[-79.208892,21.548489],[-79.329579,21.573676],[-79.364654,21.59927],[-79.450307,21.595526],[-79.472279,21.601996],[-79.515289,21.648586],[-79.522206,21.630032],[-79.539662,21.621975],[-79.564931,21.637885],[-79.613678,21.651313],[-79.639272,21.68773],[-79.652089,21.691718],[-79.722727,21.693427],[-79.79011,21.711615],[-79.815785,21.711249],[-79.833852,21.67768],[-79.850819,21.68008],[-79.895375,21.698554],[-79.895375,21.70539],[-79.874867,21.712836],[-79.874867,21.719062],[-79.89037,21.722398],[-79.895375,21.759996],[-79.930002,21.743313],[-80.012685,21.753811],[-80.009023,21.739936],[-79.990956,21.733344],[-80.003245,21.720893],[-80.038808,21.747138],[-80.055328,21.803697],[-80.06725,21.817043],[-80.188222,21.848456],[-80.217681,21.871487],[-80.269928,21.88703],[-80.409901,22.020697],[-80.416737,22.041205],[-80.433217,22.040188],[-80.44811,22.050279],[-80.450917,22.068508],[-80.419342,22.066636],[-80.388783,22.08218],[-80.409901,22.075995],[-80.396311,22.109524],[-80.425364,22.110053],[-80.424184,22.123114],[-80.456532,22.130439],[-80.457753,22.142768],[-80.44343,22.157904],[-80.484446,22.192043],[-80.50357,22.178209],[-80.532826,22.185777],[-80.538238,22.164455],[-80.498647,22.130561],[-80.470855,22.089097],[-80.46467,22.064765],[-80.470774,22.041205],[-80.513743,22.056342],[-80.63801,22.053046],[-80.761098,22.061103],[-80.905263,22.046129],[-80.992096,22.054267],[-81.049184,22.078437],[-81.08845,22.085842],[-81.113759,22.111233],[-81.142974,22.171536],[-81.136098,22.229885],[-81.167144,22.270819],[-81.193959,22.281562],[-81.211822,22.267768],[-81.197581,22.21247],[-81.196889,22.091254],[-81.204701,22.060289],[-81.225494,22.061672],[-81.211252,22.083482],[-81.215443,22.114976],[-81.239125,22.151068],[-81.273305,22.137397],[-81.27953,22.102607],[-81.291331,22.097561],[-81.31428,22.109524],[-81.325592,22.091702],[-81.33788,22.089016],[-81.374094,22.104153],[-81.396108,22.170722],[-81.434071,22.185777],[-81.482167,22.185777],[-81.523508,22.205024],[-81.571197,22.178371],[-81.581166,22.192043],[-81.639556,22.212714],[-81.651479,22.212958],[-81.666615,22.197903],[-81.732004,22.205024],[-81.741078,22.189602],[-81.759918,22.192043],[-81.752512,22.178371],[-81.824452,22.18891],[-81.879709,22.260403],[-82.021392,22.3133],[-82.059967,22.337307],[-82.088246,22.342231],[-82.104644,22.366197],[-82.15453,22.379869],[-82.163971,22.396877],[-82.146392,22.422187],[-82.118737,22.431828],[-82.003629,22.428153],[-81.96608,22.437124],[-81.890575,22.43855],[-81.841138,22.430757],[-81.683502,22.463595],[-81.651563,22.487827],[-81.643255,22.572737],[-81.672631,22.57768],[-81.753386,22.638037],[-81.877501,22.67973],[-82.098793,22.654921],[-82.198855,22.685774],[-82.339019,22.678656],[-82.391584,22.68842],[-82.457356,22.680385],[-82.509999,22.692288],[-82.550933,22.678656],[-82.597418,22.688008],[-82.632945,22.680185],[-82.759877,22.705959],[-82.78067,22.696112],[-82.790883,22.679877],[-82.800689,22.622748],[-82.849233,22.602932],[-82.921254,22.548285],[-82.959381,22.54206],[-83.058705,22.489447],[-83.08609,22.462795],[-83.143178,22.361274],[-83.16686,22.339545],[-83.260121,22.342231],[-83.260121,22.325751],[-83.285797,22.322699],[-83.286936,22.304633],[-83.335805,22.267768],[-83.354115,22.225775],[-83.363149,22.219306],[-83.367909,22.225572],[-83.375559,22.206977],[-83.381148,22.217147],[-83.398223,22.21928],[-83.398991,22.202831],[-83.415472,22.186093],[-83.465321,22.182074],[-83.516957,22.188218],[-83.561147,22.205024],[-83.552846,22.213446],[-83.555491,22.223619],[-83.568593,22.246649],[-83.575429,22.246649],[-83.614369,22.195746],[-83.67101,22.171536],[-83.666737,22.181952],[-83.775461,22.170722],[-83.788726,22.189032],[-83.825551,22.171536],[-83.925445,22.171536],[-83.966461,22.133979],[-83.980092,22.089016],[-83.972646,22.061672],[-83.983998,22.070543],[-84.00178,22.057563],[-83.993031,22.027981],[-83.983225,22.023098],[-83.958974,22.03498],[-83.96467,22.013332],[-83.999257,21.989488],[-84.007436,21.969184],[-83.993031,21.951361],[-83.997467,21.94184],[-84.029408,21.919867],[-84.060414,21.921942],[-84.120432,21.945014],[-84.199208,21.910834],[-84.240142,21.910834],[-84.305165,21.884508],[-84.423248,21.792304],[-84.466176,21.770453],[-84.508372,21.766832],[-84.521352,21.786566],[-84.481313,21.86518],[-84.473541,21.904608],[-84.496165,21.933783],[-84.536041,21.940172],[-84.659983,21.912055],[-84.799713,21.832099],[-84.839915,21.822903],[-84.883412,21.823554],[-84.925404,21.835761],[-84.939117,21.846096],[-84.949615,21.876776],[-84.931223,21.91474],[-84.919789,21.91474],[-84.903554,21.893622],[-84.877594,21.890326],[-84.848744,21.908393],[-84.848215,21.921088],[-84.864613,21.931952],[-84.847564,21.940619],[-84.832387,21.940579],[-84.822906,21.930894],[-84.822987,21.910834],[-84.741078,21.951809],[-84.668446,21.971869],[-84.583323,22.007514],[-84.521352,22.048041],[-84.49592,22.047349],[-84.489654,22.042792],[-84.494049,22.03498],[-84.462636,22.02204],[-84.387318,22.048041],[-84.355824,22.034084],[-84.330963,22.004584],[-84.303822,22.022895],[-84.288564,22.020697],[-84.274322,22.075995],[-84.308176,22.036689],[-84.322133,22.048041],[-84.33019,22.093329],[-84.350006,22.102607],[-84.335805,22.130561],[-84.392812,22.148505],[-84.405344,22.157904],[-84.42927,22.201728],[-84.445668,22.205024],[-84.415354,22.247382],[-84.405344,22.308743],[-84.373931,22.380683],[-84.353139,22.387193],[-84.321278,22.440131],[-84.288564,22.465766],[-84.288564,22.473212],[-84.309071,22.473212],[-84.291819,22.486274],[-84.230295,22.503607],[-84.2058,22.541164],[-84.201161,22.562812],[-84.21288,22.583075],[-84.192372,22.575588],[-84.164622,22.587633],[-84.144602,22.569403],[-84.13036,22.616523],[-84.089345,22.627102],[-84.078277,22.666205],[-84.052113,22.653306],[-84.021108,22.678656],[-84.038971,22.697089],[-84.068837,22.698472],[-84.048004,22.718248],[-84.022328,22.714748],[-84.007192,22.690375],[-83.984039,22.687079],[-83.911244,22.733303],[-83.897572,22.720201],[-83.888051,22.741441],[-83.872792,22.7508],[-83.812652,22.756741],[-83.709137,22.800686],[-83.651112,22.79682],[-83.630035,22.808336],[-83.630035,22.815823],[-83.644358,22.808336],[-83.651194,22.815823],[-83.629872,22.828315],[-83.558013,22.836249],[-83.534983,22.877021],[-83.49352,22.877265],[-83.500356,22.863593],[-83.480824,22.860256],[-83.452504,22.897773],[-83.437571,22.903469],[-83.397288,22.884101],[-83.404368,22.873765],[-83.393463,22.876899],[-83.369374,22.893988],[-83.329661,22.951077],[-83.226186,23.001858],[-83.207631,23.002672],[-83.178212,22.986518],[-83.191233,22.961859],[-83.18932,22.947821],[-83.169423,22.930121],[-83.143422,22.95303],[-83.161692,22.966946],[-83.160512,22.979967],[-83.145823,22.9914],[-83.061147,23.019599],[-83.020579,23.007636],[-83.002024,23.019232],[-82.986318,23.004096],[-83.002838,22.999457],[-83.002797,22.983588],[-82.988881,22.983629],[-82.979604,22.993964],[-82.981679,22.974189],[-82.964223,22.972886],[-82.944407,22.985093],[-82.917592,23.032457],[-82.849355,23.027777],[-82.803293,23.038804],[-82.712717,23.034898],[-82.57551,23.054023],[-82.509999,23.083319],[-82.489573,23.103827],[-82.467681,23.108547],[-82.40689,23.147447],[-82.21935,23.194241],[-82.150299,23.1789],[-82.033193,23.200507],[-81.985829,23.171454],[-81.862375,23.151028],[-81.840077,23.157782],[-81.65807,23.156806],[-81.628977,23.165229],[-81.581166,23.157782],[-81.535553,23.129381],[-81.535308,23.08633],[-81.552398,23.057359],[-81.528798,23.047187],[-81.502675,23.055365],[-81.480702,23.100328],[-81.380116,23.11636],[-81.358144,23.131741],[-81.271392,23.149563],[-81.149159,23.212388],[-81.130605,23.205634],[-81.172434,23.183661],[-81.217885,23.172675],[-81.286285,23.13052],[-81.286285,23.124254],[-81.241933,23.113715],[-81.184885,23.052069],[-81.149159,23.034898],[-81.120717,23.038967],[-81.078114,23.103827],[-81.039906,23.110663],[-80.985707,23.10224],[-80.977773,23.064439],[-80.959381,23.059027],[-80.759348,23.096991],[-80.663157,23.089545],[-80.623525,23.112942],[-80.618031,23.131741],[-80.636464,23.151028],[-80.597279,23.156073],[-80.587473,23.144761],[-80.622222,23.089545],[-80.59435,23.070136],[-80.556793,23.007392],[-80.536244,22.993964],[-80.464508,22.980292],[-80.431508,22.949937],[-80.356923,22.945624],[-80.296702,22.915676],[-80.246693,22.911038],[-80.156077,22.938707],[-80.163564,22.962551],[-80.146718,22.96308],[-80.070058,22.931789],[-80.050038,22.935248],[-80.046213,22.959174],[-80.016103,22.938056],[-79.987864,22.884101],[-79.950022,22.863593],[-79.91983,22.861314],[-79.916493,22.849311],[-79.895741,22.85517],[-79.863149,22.883694],[-79.792958,22.897773],[-79.792958,22.890123],[-79.820912,22.870429],[-79.843861,22.880683],[-79.85497,22.872545],[-79.868031,22.836249],[-79.857167,22.820705],[-79.841379,22.808336],[-79.771881,22.796617],[-79.700185,22.746894],[-79.684193,22.758979],[-79.660308,22.763861],[-79.651723,22.758775],[-79.627024,22.657497],[-79.599355,22.646552],[-79.57726,22.627102],[-79.542836,22.56566],[-79.517486,22.53913],[-79.456532,22.528469],[-79.424713,22.478746],[-79.341786,22.413153],[-79.312489,22.400295],[-79.285878,22.404283],[-79.238759,22.37641],[-79.219838,22.388414],[-79.148671,22.377631],[-79.133127,22.395657],[-79.120717,22.396877],[-79.083485,22.383775],[-79.005279,22.404283],[-78.828684,22.388332],[-78.78185,22.390611],[-78.757639,22.322333],[-78.744618,22.329169],[-78.734609,22.31623],[-78.709869,22.355902],[-78.737782,22.390611],[-78.708079,22.386908],[-78.676137,22.357001],[-78.566884,22.321031],[-78.524403,22.283271],[-78.483957,22.260321],[-78.399892,22.244045],[-78.3815,22.246649],[-78.3815,22.219306],[-78.371205,22.224026],[-78.360504,22.216783],[-78.343902,22.18891],[-78.301422,22.163804],[-78.172353,22.143622],[-78.163645,22.13935],[-78.155588,22.109524],[-78.121693,22.107856],[-78.128285,22.102607],[-78.117787,22.093451],[-78.081817,22.08279],[-78.065053,22.086982],[-78.017812,22.027533],[-77.993235,21.979682],[-77.915395,21.914252],[-77.888051,21.869859],[-77.876047,21.871527],[-77.870351,21.881537],[-77.860097,21.966132],[-77.806142,21.966132],[-77.815012,21.955756],[-77.846995,21.950385],[-77.853912,21.94184],[-77.848541,21.91059],[-77.822011,21.880276],[-77.777943,21.870022],[-77.760894,21.8133],[-77.751576,21.804633],[-77.704457,21.789252],[-77.689768,21.795885],[-77.664662,21.781155],[-77.586415,21.787909],[-77.524973,21.753811],[-77.516591,21.774604],[-77.490834,21.781155],[-77.489247,21.771226],[-77.474233,21.765041],[-77.46288,21.766832],[-77.467519,21.777737],[-77.455637,21.776842],[-77.421986,21.746405],[-77.452545,21.750678],[-77.456044,21.733344],[-77.430287,21.65762],[-77.347157,21.638617],[-77.336903,21.655585],[-77.342885,21.667548],[-77.38915,21.703843],[-77.407094,21.756578],[-77.438303,21.774848],[-77.448801,21.801907],[-77.459137,21.809272],[-77.476552,21.800971],[-77.490834,21.815253],[-77.504384,21.803534],[-77.593658,21.888739],[-77.614329,21.884182],[-77.589915,21.919257],[-77.571645,21.930813],[-77.55602,21.928534],[-77.52123,21.90119],[-77.507558,21.862454],[-77.401357,21.790473],[-77.330068,21.766343],[-77.26773,21.717515],[-77.180653,21.664252],[-77.133941,21.664455],[-77.141713,21.645575],[-77.120269,21.616034],[-77.123769,21.596177],[-77.154408,21.554592],[-77.185414,21.581855],[-77.266021,21.614244],[-77.284779,21.616034],[-77.298818,21.60399],[-77.33316,21.62344],[-77.356191,21.621649],[-77.364247,21.611762],[-77.360951,21.600775],[-77.312734,21.5751],[-77.255116,21.56745],[-77.249989,21.550849],[-77.257232,21.534247],[-77.277577,21.518459],[-77.258046,21.476386],[-77.208485,21.47606],[-77.216461,21.458401],[-77.161855,21.480129],[-77.140736,21.548407],[-77.115468,21.593207],[-77.107249,21.602973],[-77.088287,21.606187],[-77.069936,21.595771],[-76.946767,21.459052],[-76.893707,21.431627],[-76.83845,21.4206],[-76.825429,21.4112],[-76.832265,21.397528],[-76.811757,21.397528],[-76.825551,21.366645],[-76.873158,21.36107],[-76.89745,21.346096],[-76.901194,21.332017],[-76.887278,21.307359],[-76.836171,21.332465],[-76.839101,21.307563],[-76.829457,21.314114],[-76.818593,21.348538],[-76.825429,21.348538],[-76.805572,21.390082],[-76.671498,21.355943],[-76.656077,21.349555],[-76.636586,21.321357],[-76.716176,21.287665],[-76.71231,21.302639],[-76.731435,21.311916],[-76.73469,21.285549],[-76.65331,21.251899],[-76.613149,21.246731],[-76.613149,21.252916],[-76.641469,21.264635],[-76.653554,21.294135],[-76.61677,21.301825],[-76.57079,21.282416],[-76.557932,21.266588],[-76.551666,21.266588],[-76.551666,21.287665],[-76.544911,21.287665],[-76.548411,21.247626],[-76.559885,21.234524],[-76.613149,21.232367],[-76.613149,21.225572],[-76.592681,21.225572],[-76.602366,21.220201],[-76.598256,21.205878],[-76.565338,21.211982],[-76.537465,21.184638],[-76.516957,21.202053],[-76.456125,21.225572],[-76.516957,21.239244],[-76.532379,21.268622],[-76.525543,21.28205],[-76.507314,21.287665],[-76.387563,21.284329],[-76.316518,21.254218],[-76.275868,21.225043],[-76.169667,21.187161],[-76.137807,21.167222],[-76.130727,21.114163],[-76.11677,21.091498],[-76.072662,21.112982],[-76.041005,21.096666],[-76.03718,21.074774],[-76.023549,21.089057],[-76.008168,21.070299],[-76.003041,21.095893],[-75.955312,21.095893],[-75.924875,21.115709],[-75.890248,21.107733],[-75.881947,21.090277],[-75.873525,21.088772],[-75.868276,21.093085],[-75.873362,21.102118],[-75.821767,21.136868],[-75.794016,21.119045],[-75.70401,21.118964],[-75.684316,21.103095],[-75.675364,21.06859],[-75.635894,21.076361],[-75.613149,21.062567],[-75.578481,21.013373],[-75.598948,20.972357],[-75.620107,20.951239],[-75.626332,20.923977],[-75.648752,20.8994],[-75.681549,20.890448],[-75.696401,20.924872],[-75.708852,20.917711],[-75.723622,20.923407],[-75.735504,20.917711],[-75.721425,20.914455],[-75.715688,20.90351],[-75.744008,20.901557],[-75.743398,20.88935],[-75.721832,20.855048],[-75.704498,20.870836],[-75.678131,20.878241],[-75.626332,20.876776],[-75.584869,20.856838],[-75.573313,20.827541],[-75.551137,20.821519],[-75.559071,20.797675],[-75.57315,20.797675],[-75.610178,20.816555],[-75.627431,20.841457],[-75.704742,20.828681],[-75.770253,20.835842],[-75.766347,20.811591],[-75.783925,20.746405],[-75.763051,20.71601],[-75.724517,20.695502],[-75.708852,20.690579],[-75.691029,20.722886],[-75.643178,20.760728],[-75.633127,20.780585],[-75.607737,20.75316],[-75.61262,20.718492],[-75.577504,20.718451],[-75.583567,20.698228],[-75.551137,20.684394],[-75.556711,20.706448],[-75.497792,20.693427],[-75.476064,20.711656],[-75.44811,20.691148],[-75.440663,20.711656],[-75.476064,20.718492],[-75.463612,20.734076],[-75.439687,20.740627],[-75.394154,20.738959],[-75.356028,20.719916],[-75.349233,20.708482],[-75.373036,20.70425],[-75.359364,20.677558],[-75.345774,20.691148],[-75.337229,20.669664],[-75.312815,20.66474],[-75.256337,20.670722],[-75.33141,20.70425],[-75.318715,20.717108],[-75.294301,20.723131],[-75.249501,20.718492],[-75.256337,20.725979],[-75.194325,20.715644],[-75.178578,20.702216],[-75.194895,20.697984],[-75.194895,20.691148],[-75.149078,20.683092],[-75.115346,20.686591],[-75.106109,20.663275],[-75.098704,20.684394],[-75.071929,20.673245],[-75.064565,20.677558],[-75.078765,20.691148],[-74.998362,20.700751],[-74.95108,20.68358],[-74.940745,20.668402],[-74.900054,20.670722],[-74.850901,20.634589],[-74.77184,20.6258],[-74.735585,20.60928],[-74.745717,20.603949],[-74.734934,20.567613],[-74.673492,20.540961],[-74.669993,20.527655],[-74.605214,20.485745],[-74.554799,20.414455],[-74.494985,20.35517],[-74.423411,20.327582],[-74.401112,20.307278],[-74.392974,20.286526],[-74.372182,20.300523],[-74.310414,20.293931],[-74.257192,20.319648],[-74.235951,20.321234],[-74.159657,20.273424],[-74.139638,20.242336],[-74.132883,20.204576],[-74.141957,20.182603],[-74.225087,20.135688],[-74.235951,20.094672],[-74.267405,20.068305],[-74.392974,20.081041],[-74.580477,20.047642],[-74.61865,20.05452],[-74.650184,20.042164],[-74.713124,20.051801],[-74.812978,20.037258],[-74.838002,20.026435],[-74.887807,19.984076],[-74.947334,19.975949],[-74.977868,19.923035],[-75.045668,19.907601],[-75.058231,19.922966],[-75.066333,19.904862],[-75.095006,19.897226]]],[[[-78.333119,20.554633],[-78.32608,20.535102],[-78.328359,20.521308],[-78.338979,20.518012],[-78.396596,20.546454],[-78.409779,20.573635],[-78.46345,20.602444],[-78.449208,20.612942],[-78.433502,20.609524],[-78.384185,20.562161],[-78.367258,20.554633],[-78.364491,20.570217],[-78.355295,20.573432],[-78.333119,20.554633]]],[[[-78.436147,20.725979],[-78.449127,20.711615],[-78.51183,20.691148],[-78.5454,20.70425],[-78.483957,20.732164],[-78.436147,20.725979]]],[[[-78.826568,20.753241],[-78.807037,20.757229],[-78.750844,20.725979],[-78.768056,20.712226],[-78.792348,20.719916],[-78.826568,20.753241]]],[[[-75.517079,20.794257],[-75.482167,20.737779],[-75.551829,20.74901],[-75.577748,20.769517],[-75.578481,20.787421],[-75.517079,20.794257]]],[[[-78.925852,20.807847],[-78.876617,20.809231],[-78.858551,20.799547],[-78.847035,20.773139],[-78.87149,20.784857],[-78.94164,20.792629],[-78.964345,20.814114],[-78.94225,20.839586],[-78.932729,20.838935],[-78.925852,20.807847]]],[[[-79.025217,20.886664],[-78.971181,20.873521],[-78.988881,20.839057],[-78.995107,20.849189],[-79.01891,20.855048],[-79.079823,20.897284],[-79.048818,20.898017],[-79.025217,20.886664]]],[[[-79.073598,20.917711],[-79.094065,20.917711],[-79.087229,20.897284],[-79.11559,20.910834],[-79.169179,20.964911],[-79.169179,20.972357],[-79.151763,20.966051],[-79.114573,20.930813],[-79.14981,20.976793],[-79.175038,20.997016],[-79.197092,20.999701],[-79.189605,20.979193],[-79.200999,20.982408],[-79.224436,21.005845],[-79.182118,21.008002],[-79.137685,20.982652],[-79.073598,20.917711]]],[[[-79.388905,21.123236],[-79.35733,21.12759],[-79.292633,21.074774],[-79.308013,21.068793],[-79.340728,21.072903],[-79.354115,21.082221],[-79.326812,21.082221],[-79.331166,21.093004],[-79.346791,21.101264],[-79.354115,21.095893],[-79.388905,21.123236]]],[[[-81.372304,21.70539],[-81.496693,21.618476],[-81.560658,21.602973],[-81.56078,21.622382],[-81.551381,21.62759],[-81.523508,21.62344],[-81.49352,21.65705],[-81.469065,21.648179],[-81.454498,21.651801],[-81.417307,21.697211],[-81.377675,21.71894],[-81.372304,21.70539]]],[[[-82.568023,21.636542],[-82.575185,21.624701],[-82.567128,21.612006],[-82.540761,21.595526],[-82.594635,21.541815],[-82.835561,21.444729],[-82.906239,21.437486],[-82.927235,21.450995],[-82.992584,21.452135],[-83.033559,21.465806],[-83.078521,21.469224],[-83.111155,21.509752],[-83.162099,21.549262],[-83.191803,21.630316],[-83.082021,21.551459],[-83.023915,21.548407],[-82.965932,21.59927],[-82.957631,21.592353],[-82.965932,21.568264],[-82.959096,21.561998],[-82.941029,21.593085],[-82.946116,21.604641],[-82.975901,21.609198],[-82.98766,21.619778],[-83.073476,21.760565],[-83.085601,21.800279],[-83.075185,21.843166],[-83.032826,21.874335],[-83.018666,21.897691],[-82.959096,21.925116],[-83.004709,21.937649],[-82.989491,21.948432],[-82.858998,21.933661],[-82.703725,21.892808],[-82.684722,21.866156],[-82.692535,21.824042],[-82.632965,21.773627],[-82.609609,21.769599],[-82.5926,21.736762],[-82.608998,21.698554],[-82.616444,21.698554],[-82.609527,21.681586],[-82.616444,21.664455],[-82.568023,21.643948],[-82.568023,21.636542]]],[[[-77.634185,22.054267],[-77.624379,22.029731],[-77.648671,21.971137],[-77.634185,21.945014],[-77.661529,21.940131],[-77.682607,21.925116],[-77.677887,21.94302],[-77.684316,21.951158],[-77.695058,21.948065],[-77.703114,21.931952],[-77.695424,21.915188],[-77.703114,21.910834],[-77.751536,21.966132],[-77.765777,21.959784],[-77.787262,21.964057],[-77.822581,21.98314],[-77.812367,22.024115],[-77.817128,22.031317],[-77.847076,22.041205],[-77.840077,22.023993],[-77.847076,22.007025],[-77.853912,22.027533],[-77.870229,22.013251],[-77.886586,22.009223],[-77.901845,22.015204],[-77.917226,22.043158],[-77.947133,22.072821],[-77.942047,22.095852],[-77.949452,22.102607],[-77.930165,22.102118],[-77.888051,22.075995],[-77.871693,22.075629],[-77.83967,22.095852],[-77.808502,22.099555],[-77.785024,22.089016],[-77.76769,22.068508],[-77.737213,22.08218],[-77.682607,22.054267],[-77.651723,22.070258],[-77.634185,22.054267]]],[[[-77.847076,22.260321],[-77.839589,22.273749],[-77.880686,22.308743],[-77.856109,22.312445],[-77.834218,22.295885],[-77.805735,22.228217],[-77.757721,22.178371],[-77.781728,22.177802],[-77.847076,22.260321]]],[[[-77.997304,22.147366],[-78.00414,22.162258],[-78.036041,22.183417],[-78.045725,22.198879],[-78.029449,22.204535],[-78.007924,22.233832],[-78.003326,22.286363],[-78.017812,22.314887],[-77.974924,22.298896],[-77.96996,22.284817],[-77.993398,22.253119],[-77.987416,22.236721],[-77.942047,22.232978],[-77.923411,22.206366],[-77.908559,22.205024],[-77.92162,22.21247],[-77.902333,22.232978],[-77.884877,22.214789],[-77.867584,22.226752],[-77.859609,22.209621],[-77.902333,22.192043],[-77.825999,22.157904],[-77.863433,22.099189],[-77.87442,22.109524],[-77.890492,22.104641],[-77.898101,22.110297],[-77.912831,22.143215],[-77.933949,22.150214],[-77.950754,22.142157],[-77.942047,22.116889],[-77.997304,22.147366]]],[[[-78.196523,22.329169],[-78.175364,22.34162],[-78.184885,22.358222],[-78.20519,22.367987],[-78.21642,22.359605],[-78.221547,22.339911],[-78.237457,22.336005],[-78.244211,22.359117],[-78.239613,22.366929],[-78.230702,22.363349],[-78.230458,22.380764],[-78.246327,22.400621],[-78.269765,22.410142],[-78.292144,22.396877],[-78.312611,22.404283],[-78.298736,22.420396],[-78.243723,22.42475],[-78.211578,22.436591],[-78.197621,22.437201],[-78.189687,22.42475],[-78.169749,22.435045],[-78.144195,22.428941],[-78.090728,22.384467],[-78.075551,22.354071],[-78.067047,22.310452],[-78.045725,22.288235],[-78.010976,22.281399],[-78.027659,22.266018],[-78.051584,22.272203],[-78.100331,22.301907],[-78.171539,22.310736],[-78.196523,22.329169]]],[[[-78.426178,22.462592],[-78.472768,22.451158],[-78.540842,22.458482],[-78.568227,22.476304],[-78.638417,22.492011],[-78.655995,22.503119],[-78.641591,22.514146],[-78.656972,22.529975],[-78.693593,22.507514],[-78.696197,22.541449],[-78.683176,22.534613],[-78.679758,22.554429],[-78.670644,22.556545],[-78.596913,22.544867],[-78.572581,22.530463],[-78.46642,22.529853],[-78.436838,22.555406],[-78.396352,22.559801],[-78.35204,22.543036],[-78.340566,22.528469],[-78.353586,22.534613],[-78.34911,22.521145],[-78.278472,22.448676],[-78.281484,22.438788],[-78.305776,22.445258],[-78.429921,22.418606],[-78.422475,22.442125],[-78.406077,22.444037],[-78.401112,22.454657],[-78.412831,22.468817],[-78.426178,22.462592]]],[[[-78.984202,22.637681],[-78.989858,22.651435],[-79.004506,22.656724],[-79.064443,22.660346],[-79.087229,22.67182],[-78.976552,22.668524],[-78.960846,22.660142],[-78.961171,22.649115],[-78.984202,22.637681]]],[[[-79.357533,22.637681],[-79.388905,22.651313],[-79.437367,22.698472],[-79.473744,22.694322],[-79.52009,22.720689],[-79.528879,22.740302],[-79.557973,22.760159],[-79.571767,22.788275],[-79.590647,22.794664],[-79.633656,22.78384],[-79.635325,22.802151],[-79.586537,22.811225],[-79.569976,22.804104],[-79.496327,22.73314],[-79.450266,22.719916],[-79.412913,22.691352],[-79.371978,22.676663],[-79.326812,22.616523],[-79.357533,22.637681]]],[[[-79.895375,22.959174],[-79.887115,22.959703],[-79.887847,22.946275],[-79.898549,22.936713],[-79.91983,22.949286],[-79.949696,22.928412],[-79.957428,22.95303],[-79.927235,22.966295],[-79.895375,22.959174]]],[[[-80.320546,22.986518],[-80.271881,23.008694],[-80.249745,23.010932],[-80.231801,23.000149],[-80.251617,22.986518],[-80.236073,22.976752],[-80.231801,22.959174],[-80.332509,22.975328],[-80.347808,22.986518],[-80.335764,22.993354],[-80.320546,22.986518]]],[[[-80.197011,23.124254],[-80.166493,23.092475],[-80.131256,23.086982],[-80.162424,23.067328],[-80.224965,23.089545],[-80.204457,23.124254],[-80.197011,23.124254]]],[[[-80.828236,23.1789],[-80.82079,23.1789],[-80.804799,23.157538],[-80.830637,23.135647],[-80.865549,23.144761],[-80.897817,23.14175],[-80.971669,23.110663],[-80.89981,23.159166],[-80.841298,23.157782],[-80.85497,23.1789],[-80.848134,23.185126],[-80.828236,23.165229],[-80.828236,23.1789]]],[[[-80.491851,23.192572],[-80.473378,23.196031],[-80.470774,23.18887],[-80.495229,23.168362],[-80.54308,23.182196],[-80.580637,23.1789],[-80.570424,23.200914],[-80.559682,23.205064],[-80.543365,23.206244],[-80.52599,23.192572],[-80.491851,23.192572]]],[[[-78.581695,20.661607],[-78.578277,20.648424],[-78.585683,20.643622],[-78.611724,20.653632],[-78.609039,20.660712],[-78.579945,20.653998],[-78.581695,20.661607]]],[[[-78.651519,20.664944],[-78.62975,20.65884],[-78.631174,20.653144],[-78.646474,20.652289],[-78.656158,20.658515],[-78.651519,20.664944]]],[[[-81.981191,21.647773],[-81.972768,21.622219],[-81.989817,21.608832],[-82.07433,21.572211],[-82.114247,21.570299],[-82.048329,21.610663],[-81.996653,21.626614],[-81.981191,21.647773]]],[[[-81.852528,21.66356],[-81.837799,21.661078],[-81.901357,21.615627],[-81.918853,21.615465],[-81.932362,21.628485],[-81.935699,21.641913],[-81.92219,21.62934],[-81.905629,21.631008],[-81.852528,21.66356]]],[[[-82.645172,21.954535],[-82.591176,21.926663],[-82.630116,21.920722],[-82.657867,21.932074],[-82.66808,21.949123],[-82.645172,21.954535]]],[[[-83.552846,21.961371],[-83.545318,21.961249],[-83.5926,21.96011],[-83.607818,21.966498],[-83.597808,21.971747],[-83.552846,21.961371]]],[[[-81.556264,22.065985],[-81.547027,22.044582],[-81.581858,22.050605],[-81.588857,22.072699],[-81.582509,22.076606],[-81.556264,22.065985]]],[[[-78.73766,22.548407],[-78.728261,22.547919],[-78.738759,22.524319],[-78.765981,22.518785],[-78.768137,22.541653],[-78.738881,22.541002],[-78.73766,22.548407]]],[[[-82.514475,22.625149],[-82.507721,22.590074],[-82.522857,22.559312],[-82.52831,22.640041],[-82.514475,22.625149]]],[[[-79.224517,22.639716],[-79.176869,22.64468],[-79.20641,22.624416],[-79.224517,22.639716]]],[[[-79.680084,22.859442],[-79.660797,22.84516],[-79.685292,22.833686],[-79.699086,22.852484],[-79.730865,22.866116],[-79.739858,22.8758],[-79.738759,22.88581],[-79.726186,22.888983],[-79.727528,22.903957],[-79.722157,22.907213],[-79.715443,22.896145],[-79.718332,22.880032],[-79.692006,22.873928],[-79.680084,22.859442]]],[[[-79.826283,22.964667],[-79.817047,22.947252],[-79.842152,22.931789],[-79.827382,22.919135],[-79.846506,22.910346],[-79.864491,22.925971],[-79.852935,22.941636],[-79.871165,22.947699],[-79.861073,22.962592],[-79.826283,22.964667]]],[[[-80.061391,23.049791],[-80.053578,23.029202],[-80.066558,23.038886],[-80.085357,23.038316],[-80.094797,23.048326],[-80.087636,23.06745],[-80.076772,23.069892],[-80.061391,23.049791]]],[[[-80.2447,23.107489],[-80.23941,23.09101],[-80.250315,23.084866],[-80.305735,23.134508],[-80.27245,23.140041],[-80.2447,23.107489]]],[[[-80.401438,23.154608],[-80.376291,23.152167],[-80.458079,23.126776],[-80.462229,23.135199],[-80.449452,23.136217],[-80.446116,23.150621],[-80.401438,23.154608]]],[[[-80.668528,23.212226],[-80.666127,23.194485],[-80.674672,23.186835],[-80.691314,23.18773],[-80.700836,23.177191],[-80.704945,23.193061],[-80.668528,23.212226]]],[[[-80.775014,23.20661],[-80.712473,23.199897],[-80.711903,23.190823],[-80.732289,23.193061],[-80.736806,23.186754],[-80.810048,23.196601],[-80.848256,23.208482],[-80.86144,23.220364],[-80.83788,23.223538],[-80.775014,23.20661]]],[[[-80.878774,23.250434],[-80.87092,23.240383],[-80.87857,23.232123],[-80.924469,23.243109],[-80.942698,23.25727],[-80.912994,23.26557],[-80.878774,23.250434]]]]}},{"type":"Feature","properties":{"iso3":"HND","name":"Honduras","continent":"Americas"},"geometry":{"type":"MultiPolygon","coordinates":[[[[-89.361621,14.415478],[-89.363791,14.446561],[-89.355497,14.475448],[-89.323044,14.487463],[-89.245685,14.572988],[-89.221087,14.580093],[-89.172149,14.570404],[-89.160393,14.581282],[-89.159411,14.665979],[-89.145226,14.683446],[-89.144502,14.708302],[-89.170547,14.738791],[-89.189409,14.783001],[-89.23243,14.8485],[-89.231448,14.867311],[-89.198814,14.899815],[-89.169152,14.95206],[-89.1691,14.978415],[-89.188582,14.996088],[-89.160806,15.060245],[-89.109827,15.091457],[-88.973427,15.140395],[-88.398992,15.572797],[-88.352561,15.616903],[-88.316672,15.6746],[-88.295588,15.675013],[-88.247761,15.695684],[-88.241586,15.688242],[-88.23262,15.721419],[-88.220937,15.725653],[-88.169749,15.691962],[-88.145253,15.684516],[-88.118886,15.695868],[-88.060902,15.755764],[-88.036285,15.770941],[-88.041615,15.786689],[-87.992258,15.784613],[-87.933909,15.818793],[-87.92455,15.84219],[-87.954579,15.864],[-87.908762,15.868069],[-87.846059,15.893866],[-87.760081,15.899563],[-87.742096,15.904486],[-87.736318,15.918606],[-87.722157,15.922919],[-87.626047,15.887681],[-87.636301,15.90351],[-87.591298,15.935492],[-87.617299,15.894599],[-87.509633,15.798651],[-87.4794,15.786038],[-87.447336,15.792141],[-87.426829,15.818793],[-87.391184,15.818427],[-87.379954,15.839504],[-87.345082,15.850328],[-87.24177,15.827379],[-87.151723,15.796861],[-86.91686,15.760403],[-86.799631,15.784613],[-86.77066,15.806545],[-86.741567,15.792141],[-86.699086,15.788642],[-86.47057,15.804185],[-86.414662,15.776435],[-86.374745,15.770941],[-86.338287,15.781399],[-86.243235,15.838609],[-86.207143,15.87401],[-86.172597,15.887519],[-86.137807,15.895657],[-85.994862,15.900702],[-85.933258,15.936672],[-85.91218,15.959296],[-85.903188,15.983466],[-85.919179,16.00373],[-86.012766,16.019965],[-86.007924,16.031073],[-85.981842,16.033149],[-85.813466,16.004543],[-85.703196,15.976467],[-85.692047,15.971503],[-85.687001,15.935492],[-85.679555,15.935492],[-85.675038,15.947089],[-85.656221,15.948768],[-85.608464,15.907072],[-85.488578,15.869567],[-85.25425,15.884085],[-85.196355,15.907448],[-85.07578,15.986247],[-84.999949,15.987942],[-84.854464,15.929751],[-84.676552,15.876203],[-84.662277,15.865637],[-84.680854,15.834917],[-84.68108,15.794267],[-84.660054,15.774494],[-84.615713,15.779518],[-84.609409,15.808983],[-84.59987,15.808278],[-84.575485,15.783895],[-84.550255,15.787693],[-84.477437,15.778756],[-84.452811,15.795648],[-84.577975,15.82258],[-84.633055,15.847125],[-84.64183,15.862907],[-84.464168,15.829792],[-84.294638,15.81101],[-83.894171,15.485181],[-83.799062,15.429348],[-83.745676,15.415839],[-83.72997,15.401557],[-83.735911,15.388617],[-83.750803,15.386786],[-83.862782,15.448879],[-83.906361,15.451972],[-83.91808,15.463121],[-83.904408,15.469387],[-83.945953,15.517768],[-83.963735,15.512519],[-84.004018,15.537584],[-84.024526,15.535102],[-84.055247,15.510932],[-84.089345,15.524604],[-84.068837,15.548163],[-84.103627,15.551215],[-84.100006,15.523261],[-84.075754,15.490424],[-84.089345,15.482978],[-84.13036,15.551215],[-84.171946,15.545071],[-84.21288,15.551215],[-84.19872,15.520738],[-84.180409,15.514472],[-84.185536,15.482978],[-84.1787,15.482978],[-84.175608,15.498277],[-84.155588,15.507392],[-84.146555,15.535102],[-84.127797,15.53262],[-84.092152,15.450914],[-84.124176,15.430243],[-84.099517,15.37759],[-84.082509,15.360093],[-84.03539,15.341864],[-84.025868,15.351223],[-84.03539,15.380561],[-84.010081,15.356757],[-84.00536,15.341295],[-84.01358,15.325344],[-83.999908,15.308824],[-83.931752,15.311672],[-83.931752,15.304877],[-83.958974,15.298041],[-83.938385,15.259223],[-83.90099,15.243394],[-83.859527,15.251288],[-83.821889,15.270697],[-83.877065,15.304877],[-83.891672,15.323391],[-84.0006,15.360093],[-84.03539,15.401068],[-84.026519,15.408677],[-83.994374,15.421536],[-83.905141,15.383531],[-83.871327,15.342841],[-83.814076,15.321682],[-83.795155,15.298041],[-83.815663,15.278144],[-83.799224,15.274604],[-83.774526,15.285712],[-83.767201,15.256415],[-83.769439,15.219224],[-83.759836,15.202094],[-83.747182,15.209703],[-83.747385,15.222886],[-83.739898,15.222886],[-83.731028,15.203437],[-83.7058,15.237209],[-83.690256,15.245917],[-83.633778,15.256415],[-83.630035,15.291815],[-83.623362,15.296088],[-83.544667,15.280992],[-83.527659,15.284369],[-83.533599,15.272162],[-83.527659,15.256415],[-83.532867,15.211249],[-83.544423,15.204983],[-83.555898,15.209296],[-83.564809,15.231391],[-83.592519,15.237209],[-83.622467,15.19595],[-83.621449,15.176174],[-83.603383,15.181952],[-83.609486,15.196926],[-83.603383,15.209296],[-83.595937,15.209296],[-83.587026,15.167182],[-83.574452,15.160468],[-83.554921,15.16828],[-83.526601,15.199897],[-83.481801,15.215562],[-83.502309,15.246283],[-83.517201,15.2897],[-83.529612,15.301011],[-83.548166,15.291815],[-83.592641,15.312242],[-83.610219,15.304877],[-83.616363,15.311672],[-83.610219,15.325344],[-83.669586,15.342922],[-83.688954,15.360582],[-83.725331,15.375881],[-83.71939,15.394232],[-83.702992,15.402004],[-83.661366,15.373765],[-83.542592,15.315741],[-83.40803,15.266425],[-83.356313,15.229722],[-83.310862,15.106431],[-83.284291,15.068345],[-83.253814,15.044623],[-83.130444,14.997012],[-83.177399,14.996812],[-83.217732,14.982497],[-83.262019,14.983195],[-83.285661,14.992109],[-83.272974,15.003039],[-83.334237,15.006449],[-83.349352,14.996812],[-83.354546,15.010067],[-83.390306,15.03097],[-83.415472,14.996941],[-83.45919,14.982497],[-83.485855,15.01048],[-83.509084,15.01154],[-83.513218,14.968855],[-83.523037,14.977692],[-83.528618,14.973402],[-83.526861,14.948365],[-83.54735,14.955212],[-83.542441,14.945084],[-83.604272,14.909194],[-83.615615,14.872685],[-83.649954,14.888498],[-83.691967,14.886974],[-83.710622,14.878344],[-83.714498,14.867233],[-83.705015,14.838527],[-83.723619,14.851575],[-83.746563,14.852195],[-83.744522,14.836667],[-83.765296,14.828786],[-83.821055,14.825479],[-83.801211,14.803775],[-83.839503,14.797418],[-83.869475,14.777109],[-83.889939,14.790726],[-83.885004,14.781347],[-83.896554,14.780443],[-83.924718,14.803775],[-83.929859,14.771658],[-83.924718,14.763441],[-84.040757,14.76034],[-84.047811,14.770805],[-84.075199,14.771632],[-84.11176,14.793413],[-84.122716,14.784525],[-84.095431,14.736104],[-84.128736,14.734192],[-84.168191,14.714969],[-84.195011,14.718715],[-84.226379,14.749773],[-84.261803,14.758532],[-84.267281,14.677736],[-84.287796,14.66722],[-84.338387,14.674687],[-84.362934,14.715615],[-84.408435,14.649417],[-84.482694,14.619471],[-84.519048,14.638281],[-84.534215,14.633733],[-84.52742,14.660398],[-84.600439,14.662517],[-84.680847,14.685461],[-84.699321,14.674687],[-84.72485,14.72564],[-84.745288,14.739101],[-84.747045,14.764475],[-84.76694,14.766903],[-84.758568,14.77866],[-84.77017,14.805144],[-84.792132,14.82106],[-84.8181,14.828657],[-84.904219,14.816978],[-85.015659,14.728172],[-85.033048,14.669571],[-85.053925,14.66306],[-85.020206,14.633733],[-85.048163,14.605776],[-85.022222,14.605802],[-85.029637,14.588956],[-85.065242,14.554255],[-85.086378,14.54454],[-85.119322,14.573969],[-85.137538,14.578491],[-85.14547,14.564254],[-85.151826,14.485964],[-85.178491,14.455605],[-85.178491,14.427648],[-85.205828,14.407158],[-85.171877,14.38101],[-85.159035,14.361063],[-85.158027,14.338273],[-85.169629,14.321763],[-85.215207,14.301583],[-85.277813,14.29732],[-85.321351,14.281326],[-85.340807,14.253369],[-85.358532,14.250888],[-85.384008,14.226445],[-85.409123,14.166165],[-85.431732,14.132834],[-85.474675,14.103404],[-85.510641,14.093792],[-85.527953,14.050901],[-85.593608,14.03346],[-85.612806,14.00974],[-85.647868,13.999302],[-85.644613,13.988786],[-85.651486,13.98199],[-85.666188,13.984471],[-85.699235,13.9615],[-85.727347,13.965014],[-85.747449,13.888275],[-85.723006,13.863418],[-85.740293,13.825639],[-85.758301,13.839286],[-85.824162,13.847683],[-85.861602,13.904424],[-85.883564,13.913855],[-85.9155,13.907447],[-85.929401,13.912098],[-85.957772,13.946101],[-86.028413,13.996072],[-86.031256,14.022582],[-86.020197,14.055164],[-86.09673,14.044079],[-86.121689,14.027207],[-86.138019,13.996175],[-86.184063,13.966875],[-86.218583,13.914371],[-86.284108,13.845719],[-86.313564,13.776602],[-86.340126,13.756655],[-86.410096,13.749033],[-86.426529,13.752986],[-86.448233,13.772959],[-86.490814,13.759497],[-86.541664,13.782131],[-86.66269,13.764691],[-86.727234,13.768256],[-86.766198,13.74526],[-86.774053,13.654594],[-86.751573,13.624415],[-86.756586,13.55938],[-86.724288,13.439413],[-86.740205,13.381923],[-86.709922,13.348902],[-86.704031,13.298828],[-86.725477,13.273299],[-86.7493,13.261285],[-86.816221,13.291929],[-86.8495,13.288828],[-86.910789,13.239581],[-86.933216,13.188188],[-86.925516,13.163642],[-86.932338,13.108529],[-86.920245,13.096178],[-86.922932,13.086386],[-86.948409,13.069694],[-86.983187,13.021868],[-87.029618,12.996081],[-87.035045,12.979777],[-87.084654,12.995926],[-87.314036,12.981553],[-87.293568,13.011054],[-87.269154,13.029446],[-87.31668,13.034206],[-87.331776,13.04267],[-87.352813,13.072537],[-87.351064,13.088406],[-87.303944,13.098334],[-87.361806,13.113349],[-87.419342,13.111355],[-87.422109,13.149929],[-87.43578,13.189399],[-87.484527,13.270087],[-87.501943,13.269599],[-87.512237,13.286689],[-87.501943,13.304389],[-87.467763,13.324897],[-87.440419,13.359036],[-87.42691,13.356024],[-87.379018,13.372016],[-87.379018,13.393134],[-87.400624,13.41116],[-87.42984,13.409369],[-87.447296,13.420478],[-87.469635,13.402981],[-87.47643,13.379706],[-87.472279,13.367011],[-87.482045,13.359036],[-87.547597,13.355007],[-87.557159,13.365871],[-87.542836,13.365871],[-87.542836,13.372016],[-87.581329,13.38288],[-87.598866,13.384345],[-87.61856,13.372016],[-87.60558,13.406806],[-87.619252,13.412014],[-87.624013,13.466254],[-87.636464,13.46369],[-87.660146,13.440945],[-87.65099,13.412543],[-87.665679,13.386013],[-87.692779,13.366482],[-87.738881,13.362372],[-87.781361,13.382595],[-87.782948,13.396267],[-87.817169,13.406562],[-87.738412,13.441687],[-87.721153,13.460833],[-87.720584,13.486982],[-87.733426,13.507704],[-87.779469,13.509978],[-87.789934,13.532819],[-87.760091,13.616948],[-87.755026,13.689915],[-87.731359,13.722213],[-87.737844,13.738775],[-87.703608,13.814998],[-87.790606,13.870472],[-87.817891,13.91587],[-87.832903,13.91525],[-87.860911,13.890187],[-87.900108,13.89414],[-87.925326,13.879619],[-87.952595,13.892029],[-88.015321,13.866364],[-88.023641,13.891169],[-88.072888,13.943414],[-88.087538,13.980543],[-88.099036,13.989819],[-88.177533,13.985194],[-88.235075,13.992868],[-88.244893,13.989251],[-88.244376,13.9661],[-88.233369,13.954498],[-88.236367,13.938143],[-88.2636,13.933104],[-88.285433,13.905974],[-88.319256,13.897602],[-88.326206,13.885071],[-88.355067,13.890962],[-88.358917,13.875278],[-88.392946,13.879774],[-88.433228,13.871067],[-88.470151,13.852489],[-88.496816,13.851197],[-88.488677,13.88135],[-88.502293,13.91711],[-88.49542,13.975143],[-88.504361,13.983695],[-88.558104,13.990904],[-88.633862,14.014469],[-88.690938,14.009999],[-88.692695,14.025295],[-88.704865,14.038033],[-88.746645,14.052477],[-88.73923,14.099942],[-88.746387,14.111336],[-88.777341,14.099735],[-88.838759,14.100407],[-88.860334,14.158517],[-88.881263,14.1842],[-88.906016,14.199574],[-88.957175,14.185182],[-88.965986,14.191383],[-88.98353,14.242129],[-89.018128,14.271688],[-89.032985,14.323675],[-89.083085,14.335328],[-89.09448,14.344862],[-89.091844,14.374834],[-89.107476,14.39597],[-89.122178,14.394678],[-89.153985,14.351296],[-89.200158,14.36468],[-89.225531,14.382147],[-89.361621,14.415478]]],[[[-87.615142,13.290107],[-87.613881,13.26732],[-87.624338,13.252916],[-87.646555,13.249172],[-87.667063,13.256008],[-87.660146,13.262193],[-87.673818,13.283881],[-87.615142,13.290107]]],[[[-87.622304,13.368883],[-87.57079,13.372016],[-87.588124,13.357978],[-87.576283,13.318549],[-87.591298,13.304389],[-87.659006,13.331692],[-87.643463,13.367743],[-87.634429,13.373481],[-87.622304,13.368883]]],[[[-86.878733,16.127265],[-86.872548,16.120998],[-86.878733,16.093166],[-86.913197,16.090155],[-86.963721,16.066388],[-86.997405,16.083959],[-86.988735,16.095466],[-86.944251,16.116508],[-86.878733,16.127265]]],[[[-86.606542,16.285029],[-86.599333,16.309298],[-86.570447,16.33244],[-86.44039,16.396545],[-86.332125,16.429448],[-86.181751,16.428225],[-86.22387,16.412101],[-86.243112,16.417881],[-86.312123,16.412502],[-86.453071,16.351511],[-86.491022,16.325488],[-86.548153,16.312853],[-86.600504,16.269449],[-86.606542,16.285029]]],[[[-85.911473,16.462043],[-85.884145,16.502834],[-85.851131,16.517218],[-85.81695,16.498309],[-85.822061,16.486163],[-85.844254,16.483779],[-85.86272,16.452221],[-85.882363,16.451047],[-85.947068,16.40319],[-85.950847,16.412308],[-85.926691,16.454782],[-85.911473,16.462043]]],[[[-83.941151,17.418647],[-83.912343,17.411119],[-83.930328,17.40941],[-83.941151,17.418647]]]]}},{"type":"Feature","properties":{"iso3":"ECU","name":"Ecuador","continent":"Americas"},"geometry":{"type":"MultiPolygon","coordinates":[[[[-78.828684,1.434312],[-78.664677,1.266642],[-78.611528,1.266435],[-78.57569,1.211968],[-78.485205,1.192642],[-78.349218,1.055802],[-78.120007,0.921237],[-77.918262,0.874418],[-77.903225,0.832095],[-77.847983,0.809254],[-77.703185,0.843102],[-77.645566,0.716288],[-77.54335,0.656447],[-77.468057,0.650866],[-77.434726,0.433825],[-77.397467,0.387626],[-77.206936,0.334193],[-77.082861,0.348869],[-76.896826,0.245309],[-76.7496,0.2327],[-76.736888,0.272904],[-76.641234,0.262776],[-76.565425,0.21606],[-76.408019,0.254508],[-76.415874,0.395378],[-76.290507,0.457183],[-76.223741,0.406746],[-76.136304,0.396721],[-76.124677,0.359617],[-76.053467,0.363545],[-75.962981,0.220091],[-75.817874,0.100098],[-75.626774,0.078911],[-75.464924,-0.039738],[-75.283488,-0.107021],[-75.4295,-0.163658],[-75.623002,-0.106607],[-75.643208,-0.128828],[-75.628635,-0.170479],[-75.484768,-0.247684],[-75.405625,-0.442401],[-75.260699,-0.54348],[-75.296614,-0.734476],[-75.227497,-0.963093],[-75.348729,-0.974978],[-75.4064,-0.915137],[-75.573031,-1.537321],[-76.091242,-2.128913],[-76.669662,-2.564589],[-77.867826,-2.990256],[-78.184603,-3.34951],[-78.163726,-3.477254],[-78.235866,-3.48883],[-78.269688,-3.399533],[-78.333974,-3.384547],[-78.361724,-3.408525],[-78.419679,-3.791034],[-78.480683,-3.849531],[-78.49771,-3.942652],[-78.562073,-3.979756],[-78.57662,-4.100059],[-78.682428,-4.326918],[-78.673152,-4.401539],[-78.637211,-4.435129],[-78.681678,-4.56711],[-78.898642,-4.694234],[-78.928614,-4.747461],[-78.900218,-4.843683],[-78.980342,-4.873965],[-79.009281,-4.96011],[-79.063929,-5.011373],[-79.104159,-4.980057],[-79.303217,-4.961246],[-79.450572,-4.810196],[-79.527854,-4.618063],[-79.507209,-4.531557],[-79.657975,-4.438746],[-79.832874,-4.47895],[-79.904084,-4.398645],[-79.982012,-4.38862],[-80.140246,-4.283097],[-80.205048,-4.298186],[-80.255407,-4.38676],[-80.373255,-4.467581],[-80.408498,-4.477503],[-80.492291,-4.413011],[-80.345272,-4.198451],[-80.469605,-4.21323],[-80.50906,-4.095821],[-80.491981,-4.014896],[-80.427463,-3.981306],[-80.304628,-4.005181],[-80.165257,-3.890046],[-80.226313,-3.749279],[-80.240291,-3.514048],[-80.279746,-3.415553],[-80.341054,-3.368585],[-80.306874,-3.320733],[-80.31432,-3.376072],[-80.296702,-3.335382],[-80.152496,-3.330824],[-80.070465,-3.218194],[-80.037506,-3.208266],[-80.039947,-3.27988],[-79.953196,-3.197442],[-79.834584,-2.806817],[-79.734975,-2.611586],[-79.745025,-2.490167],[-79.801625,-2.462579],[-79.841298,-2.362888],[-79.868642,-2.160903],[-79.861887,-2.108005],[-79.765614,-2.004978],[-79.891957,-2.115899],[-79.901845,-2.184828],[-79.863026,-2.297133],[-79.88915,-2.532485],[-79.983998,-2.605157],[-80.063588,-2.577244],[-80.00178,-2.480157],[-79.934193,-2.492608],[-79.93635,-2.462986],[-79.940826,-2.483982],[-80.039947,-2.459893],[-80.012685,-2.371189],[-79.950022,-2.307224],[-80.023997,-2.334161],[-80.144276,-2.553318],[-80.222564,-2.623224],[-80.270009,-2.605076],[-80.245432,-2.721124],[-80.278432,-2.727146],[-80.467885,-2.617934],[-80.656646,-2.415785],[-80.913645,-2.31878],[-81.01301,-2.166925],[-80.906343,-2.216258],[-80.870573,-2.203301],[-80.744979,-2.102915],[-80.737447,-2.043497],[-80.760572,-1.797548],[-80.85558,-1.588311],[-80.81649,-1.552255],[-80.820546,-1.499933],[-80.770862,-1.47783],[-80.744256,-1.343773],[-80.882151,-1.145766],[-80.909611,-1.044915],[-80.827186,-0.950673],[-80.569883,-0.912243],[-80.462473,-0.617934],[-80.434931,-0.603898],[-80.378798,-0.657885],[-80.299007,-0.662229],[-80.377701,-0.636284],[-80.437125,-0.557538],[-80.496464,-0.381374],[-80.432725,-0.339187],[-80.323695,-0.173173],[-80.30535,-0.189367],[-80.231848,-0.139699],[-80.051349,0.089992],[-80.048492,0.318305],[-79.993316,0.378119],[-80.043568,0.45893],[-80.016957,0.558905],[-80.036366,0.62523],[-80.10497,0.679674],[-80.075836,0.816148],[-79.862172,0.87641],[-79.655751,1.003607],[-79.670074,0.921617],[-79.621897,0.852932],[-79.648305,0.907416],[-79.63268,0.986029],[-79.571767,0.98371],[-79.435048,1.07803],[-79.165761,1.099799],[-79.071848,1.20954],[-79.013051,1.192776],[-78.991689,1.119696],[-78.954579,1.207343],[-78.871693,1.288967],[-78.812856,1.277289],[-78.881947,1.319281],[-78.828684,1.434312]]],[[[-80.059885,-2.662774],[-79.902821,-2.717462],[-79.911244,-2.738865],[-79.977935,-2.775811],[-80.131033,-3.020921],[-80.251576,-3.026056],[-80.262204,-2.840848],[-80.210683,-2.724867],[-80.059885,-2.662774]]],[[[-89.661285,-1.340102],[-89.613271,-1.391697],[-89.756907,-1.36061],[-89.661285,-1.340102]]],[[[-90.380686,-1.25449],[-90.375885,-1.292413],[-90.432118,-1.345961],[-90.524037,-1.305922],[-90.471913,-1.216729],[-90.380686,-1.25449]]],[[[-89.308095,-0.685642],[-89.257192,-0.681573],[-89.273183,-0.759942],[-89.434722,-0.929295],[-89.554311,-0.953709],[-89.621205,-0.930271],[-89.604604,-0.883071],[-89.426625,-0.728285],[-89.308095,-0.685642]]],[[[-90.191965,-0.538263],[-90.199208,-0.676365],[-90.259511,-0.743341],[-90.354807,-0.77988],[-90.428863,-0.762465],[-90.546254,-0.668878],[-90.527577,-0.56992],[-90.460561,-0.513849],[-90.263987,-0.483005],[-90.191965,-0.538263]]],[[[-91.401112,-0.452895],[-91.507558,-0.490411],[-91.611399,-0.452813],[-91.671376,-0.29754],[-91.455678,-0.257582],[-91.399526,-0.307875],[-91.401112,-0.452895]]],[[[-90.565012,-0.284926],[-90.586781,-0.363702],[-90.627512,-0.366876],[-90.818227,-0.339614],[-90.874135,-0.271254],[-90.810374,-0.1513],[-90.632476,-0.201267],[-90.565012,-0.284926]]],[[[-90.811431,-0.730645],[-90.796539,-0.759942],[-90.856557,-0.897149],[-90.917551,-0.954197],[-91.159779,-1.030206],[-91.435862,-0.997491],[-91.502309,-0.896254],[-91.465891,-0.807875],[-91.310455,-0.683282],[-91.157786,-0.678806],[-91.087514,-0.597426],[-91.208892,-0.484633],[-91.250844,-0.366876],[-91.374989,-0.281915],[-91.423329,-0.028578],[-91.47643,-0.011082],[-91.545522,-0.047947],[-91.603383,-0.014215],[-91.504465,0.066148],[-91.497304,0.106106],[-91.323638,0.139309],[-91.283518,0.033189],[-91.202219,-0.028253],[-91.173573,-0.228448],[-90.956044,-0.422133],[-90.949208,-0.521417],[-90.982045,-0.563409],[-90.811431,-0.730645]]],[[[-90.513783,0.283515],[-90.542307,0.333564],[-90.504465,0.361029],[-90.407948,0.310858],[-90.454579,0.267401],[-90.513783,0.283515]]],[[[-90.79776,0.65351],[-90.756988,0.630601],[-90.760569,0.553697],[-90.805247,0.571601],[-90.79776,0.65351]]],[[[-78.901682,1.374172],[-78.899281,1.27143],[-78.956899,1.236314],[-78.992096,1.268297],[-78.980784,1.308336],[-78.901682,1.374172]]],[[[-91.819163,1.38642],[-91.810943,1.377183],[-91.817738,1.368069],[-91.819163,1.38642]]],[[[-91.822011,1.394477],[-91.817535,1.394761],[-91.820465,1.391343],[-91.822011,1.394477]]],[[[-92.011586,1.658637],[-91.999827,1.65998],[-92.006663,1.649604],[-92.011586,1.658637]]],[[[-79.81964,-2.485911],[-79.772571,-2.541987],[-79.857511,-2.651186],[-79.881801,-2.62694],[-79.81964,-2.485911]]]]}},{"type":"Feature","properties":{"iso3":"COL","name":"Colombia","continent":"Americas"},"geometry":{"type":"MultiPolygon","coordinates":[[[[-78.828684,1.434312],[-78.867096,1.560289],[-78.899599,1.545328],[-78.99798,1.607937],[-79.016612,1.654965],[-78.846052,1.821585],[-78.571849,1.796212],[-78.5454,1.91474],[-78.59763,1.909885],[-78.608022,2.027981],[-78.647474,1.980641],[-78.667348,2.003648],[-78.703159,2.189805],[-78.574086,2.433173],[-78.55899,2.449164],[-78.55899,2.381537],[-78.525045,2.495507],[-78.346018,2.647986],[-78.25475,2.541897],[-78.270076,2.634952],[-78.246931,2.663601],[-78.193105,2.52143],[-78.122955,2.493638],[-78.086659,2.510565],[-78.105365,2.642204],[-77.969283,2.676372],[-77.884348,2.572089],[-77.760406,2.59162],[-77.812856,2.754096],[-77.733551,2.786119],[-77.785756,2.794827],[-77.770823,2.808743],[-77.696278,2.791734],[-77.723541,2.840155],[-77.644887,2.853746],[-77.657704,2.876899],[-77.70934,2.860663],[-77.710072,2.918118],[-77.643381,2.898139],[-77.625071,2.924465],[-77.642161,2.994289],[-77.713938,2.974758],[-77.539629,3.196845],[-77.479684,3.227464],[-77.538602,3.237124],[-77.464864,3.301626],[-77.457387,3.356147],[-77.380971,3.387641],[-77.318918,3.319973],[-77.367055,3.402086],[-77.353017,3.429836],[-77.342681,3.412055],[-77.33316,3.511786],[-77.264272,3.470852],[-77.29898,3.558987],[-77.209625,3.580634],[-77.189198,3.662584],[-77.124867,3.673733],[-77.170806,3.677191],[-77.126454,3.717231],[-77.185414,3.703599],[-77.195424,3.758205],[-77.130198,3.731513],[-77.174916,3.758205],[-77.126454,3.778713],[-77.151479,3.800442],[-77.133941,3.827094],[-77.1197,3.809516],[-77.031565,3.922065],[-77.116078,3.923814],[-77.123036,3.886135],[-77.253163,3.840806],[-77.311757,3.908433],[-77.300201,3.969143],[-77.223988,3.971991],[-77.243764,3.977281],[-77.189198,4.067328],[-77.264272,4.108222],[-77.264272,4.067328],[-77.318918,4.053046],[-77.362131,3.928046],[-77.43517,4.029364],[-77.408274,4.0456],[-77.426666,4.180365],[-77.348053,4.224677],[-77.29898,4.203192],[-77.236318,4.265326],[-77.320912,4.266343],[-77.387196,4.347235],[-77.312734,4.471381],[-77.33316,4.471381],[-77.318918,4.683661],[-77.306304,4.6612],[-77.291615,4.682074],[-77.32311,4.738756],[-77.258046,4.704088],[-77.348622,4.854193],[-77.359202,5.297309],[-77.380971,5.375067],[-77.404652,5.374701],[-77.402577,5.449652],[-77.462148,5.501044],[-77.559193,5.503079],[-77.481842,5.597602],[-77.419504,5.625678],[-77.33316,5.615302],[-77.243764,5.745673],[-77.353017,6.02619],[-77.360463,5.998928],[-77.480621,6.174058],[-77.483388,6.294338],[-77.41511,6.239081],[-77.380971,6.300523],[-77.399281,6.387641],[-77.359934,6.419176],[-77.380971,6.43769],[-77.345367,6.566107],[-77.404693,6.630113],[-77.411244,6.693793],[-77.486155,6.715074],[-77.531809,6.663642],[-77.593251,6.828111],[-77.662506,6.871772],[-77.687367,6.85399],[-77.701324,6.918362],[-77.65274,6.97663],[-77.665028,7.01557],[-77.696278,7.07453],[-77.688832,7.054633],[-77.888051,7.232815],[-77.820181,7.476547],[-77.75512,7.486107],[-77.731245,7.530343],[-77.764215,7.705732],[-77.740237,7.718858],[-77.679931,7.670954],[-77.61332,7.537474],[-77.579989,7.528379],[-77.339745,7.707231],[-77.379897,7.77441],[-77.300419,7.902103],[-77.169006,7.935072],[-77.260111,8.154025],[-77.374368,8.289314],[-77.405787,8.428453],[-77.479685,8.467856],[-77.435036,8.620638],[-77.351674,8.669338],[-77.274729,8.495795],[-77.133616,8.408393],[-77.031565,8.259996],[-76.970123,8.26675],[-76.970123,8.22134],[-76.921702,8.199205],[-76.942535,8.128852],[-76.832265,8.136542],[-76.846547,8.095526],[-76.825429,8.103013],[-76.860219,8.082506],[-76.837066,8.062486],[-76.866444,8.061998],[-76.832265,8.027289],[-76.907704,8.044094],[-76.933705,7.964586],[-76.853586,7.912746],[-76.767649,7.917426],[-76.730621,8.051337],[-76.759185,8.114691],[-76.77009,8.398017],[-76.838612,8.500434],[-76.935292,8.541815],[-76.930816,8.570705],[-76.893707,8.620347],[-76.673207,8.680406],[-76.640492,8.739814],[-76.560455,8.775377],[-76.426869,8.910549],[-76.315541,8.94774],[-76.264272,8.996324],[-76.174875,9.232856],[-76.112538,9.276353],[-76.096099,9.333197],[-75.921343,9.43837],[-75.818674,9.446194],[-75.798085,9.430365],[-75.852854,9.412055],[-75.812896,9.399848],[-75.739247,9.425727],[-75.672608,9.40999],[-75.620633,9.452853],[-75.576367,9.621086],[-75.618031,9.689276],[-75.702806,9.690717],[-75.639945,9.783263],[-75.576191,10.041847],[-75.583921,10.135911],[-75.53067,10.240668],[-75.68488,10.13152],[-75.688922,10.167966],[-75.637685,10.203681],[-75.597524,10.294379],[-75.527252,10.309556],[-75.523834,10.391506],[-75.569407,10.425279],[-75.512115,10.481676],[-75.5065,10.425605],[-75.487131,10.455878],[-75.524526,10.567084],[-75.373036,10.693101],[-75.222239,10.734687],[-75.270009,10.759101],[-75.267405,10.795315],[-75.04955,10.90119],[-75.01415,10.980414],[-74.86151,11.048834],[-74.848225,11.098001],[-74.819336,11.097919],[-74.522951,10.995924],[-74.29783,10.991499],[-74.502838,10.974311],[-74.517445,10.926663],[-74.48176,10.850816],[-74.589223,10.88467],[-74.598459,10.781928],[-74.56428,10.830959],[-74.543813,10.76203],[-74.512318,10.756008],[-74.495432,10.781928],[-74.523305,10.802965],[-74.489654,10.841051],[-74.465688,10.75967],[-74.402089,10.748033],[-74.218129,11.079088],[-74.233632,11.241156],[-74.153391,11.343655],[-74.139068,11.323717],[-74.004628,11.355292],[-73.826039,11.27676],[-73.705149,11.268256],[-73.292388,11.294013],[-72.741322,11.707953],[-72.452056,11.791327],[-72.263051,11.885972],[-72.145497,12.092515],[-72.170522,12.23428],[-72.138661,12.256049],[-71.969635,12.255113],[-72.015126,12.193996],[-71.984853,12.160956],[-71.937611,12.166449],[-71.867665,12.228095],[-71.905263,12.282701],[-71.946848,12.269029],[-71.914784,12.313625],[-71.820912,12.377875],[-71.840077,12.351711],[-71.802846,12.323676],[-71.732533,12.410224],[-71.699818,12.365302],[-71.640736,12.415961],[-71.69929,12.446275],[-71.725697,12.423489],[-71.675608,12.468329],[-71.511301,12.443264],[-71.26183,12.341864],[-71.113881,12.094387],[-71.126088,12.031195],[-71.409668,11.812303],[-71.990614,11.649058],[-72.256593,11.167795],[-72.499317,11.120795],[-72.57647,10.957368],[-72.682975,10.855618],[-72.754392,10.674853],[-72.914899,10.432904],[-72.935621,10.175194],[-72.987711,9.999417],[-72.98554,9.812167],[-73.107652,9.577995],[-73.163721,9.536344],[-73.391149,9.172775],[-73.212245,9.173446],[-73.009725,9.295377],[-72.95531,9.103993],[-72.861724,9.13704],[-72.785604,9.102443],[-72.67543,8.651514],[-72.393535,8.355383],[-72.390538,8.234331],[-72.335761,8.103899],[-72.350075,8.042585],[-72.388316,8.046177],[-72.487793,7.94918],[-72.451774,7.832805],[-72.478698,7.484454],[-72.414619,7.413812],[-72.206208,7.381876],[-72.098256,7.086752],[-72.00529,7.019108],[-71.848194,6.983864],[-71.774038,7.028926],[-71.620404,7.052129],[-71.4677,7.012441],[-71.307762,7.027376],[-71.262028,6.978697],[-71.193815,6.965312],[-71.011268,6.990892],[-70.903445,7.063188],[-70.703302,7.09993],[-70.571476,7.079362],[-70.52091,7.015594],[-70.319062,6.938286],[-70.129203,6.972547],[-69.443638,6.122237],[-69.331396,6.15637],[-69.246104,6.080664],[-69.061129,6.217839],[-68.635315,6.13588],[-68.449021,6.194998],[-68.304172,6.176988],[-68.146508,6.223781],[-67.977991,6.217839],[-67.818517,6.31375],[-67.573984,6.266234],[-67.450972,6.198035],[-67.491199,6.114486],[-67.418593,5.995346],[-67.625144,5.784506],[-67.64907,5.65609],[-67.622974,5.53341],[-67.647003,5.483362],[-67.834589,5.339313],[-67.827561,5.130696],[-67.796761,5.070157],[-67.822858,4.743588],[-67.875051,4.532644],[-67.793092,4.428981],[-67.786219,4.172976],[-67.714079,4.056498],[-67.631759,3.761865],[-67.499829,3.717914],[-67.403917,3.504464],[-67.304647,3.425709],[-67.309453,3.383929],[-67.395804,3.266572],[-67.838619,2.88613],[-67.855931,2.789753],[-67.751028,2.842102],[-67.608453,2.79859],[-67.575586,2.691103],[-67.485204,2.661906],[-67.325421,2.47463],[-67.197625,2.402025],[-67.17375,2.336448],[-67.217262,2.266064],[-67.177833,2.154495],[-67.120989,2.119097],[-67.135148,2.003341],[-67.066832,1.894123],[-66.93361,1.501692],[-66.936504,1.438518],[-66.883536,1.349945],[-66.900899,1.288966],[-66.875061,1.22251],[-67.086107,1.176002],[-67.073601,1.541199],[-67.117165,1.709793],[-67.340614,2.090106],[-67.424639,2.138114],[-67.59295,2.054811],[-67.820843,1.784001],[-67.928846,1.74129],[-68.031786,1.777515],[-68.111109,1.942415],[-68.187435,2.008251],[-68.280246,1.829398],[-68.163302,1.721291],[-69.352403,1.720206],[-69.541952,1.772709],[-69.841185,1.707579],[-69.852192,1.05942],[-69.762559,1.091097],[-69.726514,1.061022],[-69.478261,1.06066],[-69.428419,1.030481],[-69.338786,1.064122],[-69.288815,1.038439],[-69.204324,0.943664],[-69.209983,0.907543],[-69.152389,0.867803],[-69.18926,0.715151],[-69.141201,0.668177],[-69.143656,0.637533],[-69.278997,0.61924],[-69.32026,0.656343],[-69.362557,0.640944],[-69.47808,0.732825],[-69.594119,0.689313],[-69.619157,0.650659],[-69.679489,0.670038],[-69.805321,0.606941],[-70.054246,0.588131],[-70.068044,-0.160144],[-69.944356,-0.305458],[-69.619751,-0.524566],[-69.586962,-0.632467],[-69.618356,-0.756904],[-69.532599,-0.93405],[-69.449968,-0.996786],[-69.448289,-1.080398],[-69.399454,-1.182717],[-69.957198,-4.220878],[-70.030501,-4.131581],[-70.188398,-4.028952],[-70.216975,-3.924979],[-70.311104,-3.829274],[-70.377689,-3.818836],[-70.490886,-3.87847],[-70.734127,-3.782042],[-70.050629,-2.71513],[-70.094967,-2.632551],[-70.159718,-2.663971],[-70.183877,-2.619529],[-70.24731,-2.60723],[-70.273949,-2.546252],[-70.359602,-2.560618],[-70.375725,-2.541084],[-70.344926,-2.496642],[-70.456987,-2.492715],[-70.578607,-2.405485],[-70.647595,-2.450754],[-70.699065,-2.341096],[-70.904556,-2.211078],[-71.021448,-2.196712],[-71.020622,-2.258931],[-71.119969,-2.252109],[-71.20906,-2.339236],[-71.315461,-2.334068],[-71.42083,-2.37603],[-71.456486,-2.255107],[-71.514054,-2.307403],[-71.538394,-2.222964],[-71.654924,-2.173768],[-71.712026,-2.18679],[-71.738485,-2.137698],[-71.826128,-2.179039],[-71.936354,-2.311847],[-72.089419,-2.330968],[-72.161456,-2.405692],[-72.276695,-2.401558],[-72.280984,-2.426156],[-72.378032,-2.450754],[-72.644321,-2.334068],[-72.71243,-2.422125],[-72.72876,-2.374686],[-72.926164,-2.425226],[-72.987556,-2.337686],[-73.161395,-2.285389],[-73.195295,-2.187204],[-73.111062,-2.073412],[-73.172557,-1.943601],[-73.186252,-1.799631],[-73.247023,-1.742373],[-73.350531,-1.790639],[-73.510935,-1.698552],[-73.528815,-1.635093],[-73.484528,-1.572461],[-73.495277,-1.487918],[-73.574212,-1.416915],[-73.63656,-1.255168],[-73.769782,-1.188919],[-73.814482,-1.223335],[-73.857167,-1.210519],[-73.914114,-1.123083],[-73.982689,-1.099208],[-73.974472,-1.07337],[-74.037207,-1.079675],[-74.065449,-1.001436],[-74.119631,-1.02097],[-74.266754,-0.972291],[-74.338326,-0.867698],[-74.28913,-0.836279],[-74.302798,-0.785429],[-74.378194,-0.736543],[-74.367265,-0.683213],[-74.415815,-0.552678],[-74.632727,-0.34742],[-74.790701,-0.31259],[-74.755329,-0.278276],[-74.824653,-0.170479],[-74.882711,-0.222776],[-74.933458,-0.209443],[-75.141688,-0.043459],[-75.206748,-0.029093],[-75.268347,-0.10175],[-75.301962,-0.096065],[-75.464924,-0.039738],[-75.626774,0.078911],[-75.78971,0.084389],[-75.951974,0.203968],[-76.053467,0.363545],[-76.124677,0.359617],[-76.144676,0.400442],[-76.223741,0.406746],[-76.290507,0.457183],[-76.406934,0.400132],[-76.408019,0.254508],[-76.550801,0.217921],[-76.724537,0.277555],[-76.734355,0.233114],[-76.896826,0.245309],[-77.082861,0.348869],[-77.206936,0.334193],[-77.397467,0.387626],[-77.434726,0.433825],[-77.468057,0.650866],[-77.54335,0.656447],[-77.645566,0.716288],[-77.703185,0.843102],[-77.847983,0.809254],[-77.928184,0.872351],[-78.120007,0.921237],[-78.349218,1.055802],[-78.485205,1.192642],[-78.570057,1.195845],[-78.602148,1.263645],[-78.664677,1.266642],[-78.828684,1.434312]]],[[[-78.131418,2.627265],[-78.096181,2.540025],[-78.134429,2.504381],[-78.207021,2.575344],[-78.216696,2.67015],[-78.165919,2.685516],[-78.131418,2.627265]]],[[[-77.902333,2.696234],[-77.785024,2.593817],[-77.888051,2.593817],[-77.867177,2.627183],[-77.914052,2.658677],[-77.902333,2.696234]]],[[[-77.806142,2.662055],[-77.759104,2.603095],[-77.847076,2.648383],[-77.883901,2.707994],[-77.819203,2.696234],[-77.806142,2.662055]]],[[[-77.353017,4.265326],[-77.291168,4.262356],[-77.290028,4.229438],[-77.549143,4.218655],[-77.499664,4.260972],[-77.449534,4.258287],[-77.432973,4.334418],[-77.353017,4.265326]]],[[[-81.711497,12.522935],[-81.716949,12.563218],[-81.686391,12.580064],[-81.711497,12.522935]]],[[[-81.382639,13.319159],[-81.378733,13.362698],[-81.351389,13.366197],[-81.382639,13.319159]]],[[[-81.611724,3.95897],[-81.590566,3.990465],[-81.578725,3.978176],[-81.611724,3.95897]]],[[[-78.186612,2.990373],[-78.16427,3.001596],[-78.208155,2.929889],[-78.186612,2.990373]]],[[[-75.586801,10.367792],[-75.53532,10.350646],[-75.58229,10.319033],[-75.586801,10.367792]]],[[[-80.089915,13.578355],[-80.089426,13.57685],[-80.090891,13.577094],[-80.089915,13.578355]]]]}},{"type":"Feature","properties":{"iso3":"PRY","name":"Paraguay","continent":"Americas"},"geometry":{"type":"Polygon","coordinates":[[[-62.650357,-22.234456],[-62.275703,-21.066568],[-62.26883,-20.553111],[-61.94425,-20.104146],[-61.761213,-19.657765],[-60.006384,-19.298097],[-59.069646,-19.291483],[-58.161174,-19.847211],[-58.158797,-20.165125],[-58.118541,-20.214424],[-58.155283,-20.226413],[-58.156316,-20.261656],[-58.09508,-20.272198],[-58.090791,-20.359428],[-57.989401,-20.433119],[-58.008935,-20.525723],[-57.974415,-20.704006],[-57.918088,-20.669797],[-57.857678,-20.73987],[-57.940412,-20.793613],[-57.859642,-20.831647],[-57.914832,-20.905648],[-57.817577,-20.953604],[-57.852459,-21.037836],[-57.833959,-21.173849],[-57.90491,-21.287433],[-57.863311,-21.356886],[-57.949145,-21.508298],[-57.921602,-21.555427],[-57.934831,-21.640693],[-57.901138,-21.678934],[-57.948939,-21.83386],[-57.925374,-21.904967],[-57.986818,-22.035295],[-57.952453,-22.105988],[-57.848686,-22.140301],[-57.670816,-22.102371],[-57.596712,-22.181022],[-57.351249,-22.217196],[-57.227484,-22.191254],[-56.924944,-22.262361],[-56.90368,-22.236936],[-56.85606,-22.29316],[-56.720538,-22.21947],[-56.644135,-22.255436],[-56.5113,-22.091415],[-56.421797,-22.074465],[-56.347331,-22.180402],[-56.196798,-22.279311],[-55.998567,-22.277244],[-55.874388,-22.317345],[-55.86103,-22.289543],[-55.751579,-22.416253],[-55.723932,-22.569629],[-55.62368,-22.638669],[-55.659001,-22.818296],[-55.639984,-22.983764],[-55.535236,-23.229124],[-55.559007,-23.291342],[-55.513868,-23.379399],[-55.542471,-23.465802],[-55.530533,-23.603468],[-55.445319,-23.735449],[-55.420669,-23.954506],[-55.367184,-23.989646],[-55.165439,-24.016827],[-54.926746,-23.95988],[-54.827424,-23.887016],[-54.612553,-23.811155],[-54.24575,-24.050393],[-54.334637,-24.148912],[-54.262187,-24.358512],[-54.334534,-24.496695],[-54.321305,-24.628366],[-54.462278,-25.03723],[-54.435665,-25.167042],[-54.609814,-25.432762],[-54.583356,-25.644842],[-54.633715,-25.652077],[-54.643146,-25.68794],[-54.589557,-25.832944],[-54.61524,-25.961722],[-54.662266,-25.979912],[-54.644696,-26.208218],[-54.706475,-26.441796],[-54.789829,-26.528509],[-54.793059,-26.644987],[-54.919899,-26.674133],[-54.97527,-26.787821],[-55.060898,-26.805184],[-55.125778,-26.863579],[-55.138361,-26.953702],[-55.2806,-26.934272],[-55.414003,-26.979851],[-55.451313,-27.082067],[-55.598281,-27.16754],[-55.568671,-27.245984],[-55.591331,-27.328357],[-55.754732,-27.443698],[-55.842091,-27.407422],[-55.892837,-27.334868],[-56.124554,-27.298901],[-56.279842,-27.389645],[-56.296998,-27.480905],[-56.399731,-27.586842],[-56.54644,-27.455067],[-56.613,-27.446386],[-56.771155,-27.506744],[-56.904351,-27.418687],[-57.076227,-27.484006],[-57.180097,-27.487313],[-57.356466,-27.404343],[-57.513358,-27.41414],[-57.697791,-27.333524],[-58.003664,-27.263303],[-58.510765,-27.278437],[-58.600165,-27.312957],[-58.60156,-27.245674],[-58.653289,-27.156274],[-58.56549,-27.115966],[-58.54544,-27.041036],[-58.507561,-27.055092],[-58.47547,-26.937993],[-58.328916,-26.884146],[-58.340026,-26.808595],[-58.27481,-26.798363],[-58.235536,-26.649845],[-58.181379,-26.641577],[-58.179312,-26.57264],[-58.217346,-26.527579],[-58.18541,-26.451718],[-58.206184,-26.402728],[-58.161846,-26.263305],[-58.105983,-26.239534],[-58.148927,-26.19933],[-58.096682,-26.136698],[-57.872716,-26.010298],[-57.859694,-25.994278],[-57.905841,-25.968646],[-57.851374,-25.908392],[-57.875352,-25.890202],[-57.812823,-25.845243],[-57.805588,-25.769899],[-57.75107,-25.734862],[-57.753705,-25.672747],[-57.616298,-25.609185],[-57.570047,-25.546657],[-57.565293,-25.430385],[-57.640792,-25.37261],[-57.754067,-25.180891],[-57.890493,-25.078675],[-57.969764,-25.078468],[-58.224064,-24.941216],[-58.335995,-24.991858],[-58.473403,-24.851299],[-58.809196,-24.776781],[-59.000916,-24.644179],[-59.340973,-24.4876],[-59.459725,-24.358512],[-60.033669,-24.007009],[-60.328018,-24.017964],[-60.57175,-23.946031],[-60.621153,-23.895801],[-60.837625,-23.871823],[-61.006349,-23.805471],[-61.10965,-23.675608],[-61.109857,-23.606982],[-61.36178,-23.454743],[-61.491849,-23.413195],[-61.51606,-23.344982],[-61.732997,-23.243386],[-61.769274,-23.165562],[-61.956446,-23.034407],[-62.035821,-22.884855],[-62.184184,-22.713703],[-62.187646,-22.638565],[-62.239736,-22.613761],[-62.241183,-22.538416],[-62.287227,-22.483949],[-62.368256,-22.464416],[-62.61315,-22.311454],[-62.650357,-22.234456]]]}},{"type":"Feature","properties":{"iso3":"USA","name":"United States of America","continent":"Americas"},"geometry":{"type":"MultiPolygon","coordinates":[[[[-122.753017,48.992515],[-95.177106,48.99267],[-95.160569,49.369494],[-94.856195,49.318283],[-94.710907,48.807513],[-94.592852,48.726433],[-93.874885,48.636206],[-93.756779,48.516549],[-92.97972,48.61768],[-92.648604,48.536263],[-92.677129,48.441747],[-92.490629,48.433117],[-92.38464,48.232406],[-92.281598,48.33178],[-92.070499,48.346714],[-91.574845,48.048205],[-91.276362,48.064768],[-90.923153,48.227109],[-90.750347,48.083991],[-90.120386,48.115359],[-89.92045,47.98746],[-89.387097,47.980535],[-88.347264,48.298655],[-84.911169,46.912486],[-84.787456,46.657179],[-84.541295,46.452825],[-84.147676,46.541346],[-84.086801,46.201212],[-83.9473,46.0606],[-83.613884,46.115636],[-83.462808,46.007787],[-83.636867,45.773944],[-83.483974,45.771937],[-82.54829,45.334598],[-82.147565,43.611344],[-82.549246,42.590941],[-83.040353,42.331862],[-83.135929,42.200268],[-83.097378,41.875765],[-82.711122,41.680248],[-82.451319,41.671902],[-81.276662,42.208665],[-80.246596,42.365477],[-79.019384,42.802686],[-78.915256,42.947612],[-79.031967,43.013422],[-79.053775,43.260358],[-79.17431,43.464532],[-78.750821,43.617055],[-76.841532,43.625504],[-76.454631,44.084235],[-75.270233,44.863774],[-74.88651,45.009398],[-71.505848,45.013731],[-71.449045,45.226905],[-71.3521,45.278323],[-71.141725,45.252329],[-70.968118,45.34452],[-70.906908,45.246232],[-70.794873,45.430406],[-70.65359,45.395473],[-70.730329,45.507973],[-70.686792,45.572723],[-70.407351,45.731525],[-70.262528,45.923038],[-70.253407,46.251493],[-70.074323,46.419545],[-69.989961,46.721697],[-69.267628,47.439844],[-69.069655,47.431886],[-69.057486,47.269467],[-68.906229,47.190221],[-68.24645,47.360573],[-67.808699,47.075138],[-67.807045,45.71287],[-67.422107,45.568796],[-67.493214,45.493142],[-67.428825,45.38705],[-67.471303,45.266282],[-67.31922,45.153886],[-67.219071,45.192126],[-67.10029,45.069363],[-67.040069,44.973171],[-67.184763,44.916775],[-67.148671,44.815538],[-67.074737,44.870795],[-66.979482,44.818793],[-67.224395,44.644232],[-67.332021,44.709499],[-67.454335,44.6046],[-67.554392,44.64407],[-67.589792,44.533189],[-67.714141,44.500759],[-67.740468,44.588243],[-67.837148,44.577745],[-67.899607,44.422105],[-67.902211,44.486558],[-68.015818,44.472927],[-67.973988,44.41352],[-68.060536,44.328315],[-68.193634,44.520006],[-68.308136,44.529039],[-68.269805,44.48607],[-68.386464,44.424343],[-68.47822,44.493394],[-68.53364,44.256374],[-68.791778,44.316392],[-68.7353,44.414659],[-68.795847,44.561998],[-68.965443,44.431912],[-69.053578,44.089301],[-69.22704,43.935248],[-69.370147,44.021511],[-69.547637,43.834906],[-69.529042,44.004381],[-69.592397,43.807725],[-69.636423,44.003689],[-69.749705,43.900662],[-69.730743,43.775906],[-69.781239,44.036526],[-69.882802,43.97663],[-69.802235,43.860541],[-69.828155,43.698269],[-69.860219,43.856228],[-69.992665,43.725613],[-69.9263,43.828559],[-69.993438,43.751817],[-69.962636,43.821031],[-70.074656,43.814399],[-70.286855,43.650499],[-70.198232,43.59866],[-70.561879,43.301052],[-70.863759,42.826239],[-70.700063,42.640611],[-70.607859,42.667955],[-70.631744,42.612738],[-70.861399,42.546942],[-71.046783,42.321519],[-70.716298,42.211859],[-70.592193,42.020087],[-70.714833,42.002672],[-70.544993,41.940619],[-70.533111,41.81623],[-70.439198,41.75609],[-70.274729,41.715155],[-70.036448,41.785834],[-70.07979,41.995006],[-70.24009,42.059227],[-70.051123,42.039753],[-69.938873,41.674221],[-70.658682,41.521349],[-70.631907,41.711127],[-70.689809,41.739691],[-70.905385,41.640041],[-70.959706,41.531195],[-71.185902,41.468736],[-71.135569,41.75552],[-71.260406,41.651109],[-71.378814,41.804999],[-71.497711,41.366278],[-72.287953,41.282945],[-72.358225,41.357978],[-72.364573,41.297431],[-72.892427,41.244975],[-72.905832,41.300523],[-73.108485,41.148709],[-73.6417,41.001774],[-73.797685,40.813194],[-73.926829,40.804796],[-73.871571,41.115546],[-73.945139,41.291002],[-73.91808,40.931464],[-74.26955,40.483059],[-73.979156,40.449286],[-74.093013,39.776337],[-74.051325,40.035394],[-74.16114,39.720869],[-74.32971,39.562178],[-74.290191,39.523139],[-74.406484,39.520087],[-74.502838,39.318183],[-74.48176,39.364651],[-74.660471,39.289496],[-74.550649,39.289496],[-74.803293,38.987616],[-74.933095,38.926337],[-74.906321,39.179633],[-75.146474,39.187079],[-75.531606,39.477973],[-75.461822,39.748236],[-75.129384,39.883857],[-75.039418,40.002631],[-75.592152,39.649237],[-75.587938,39.462771],[-75.407704,39.27025],[-75.39379,39.055551],[-75.066123,38.678025],[-75.190053,38.606676],[-75.075185,38.586493],[-75.044749,38.425035],[-75.067009,38.35352],[-75.059234,38.422797],[-75.165368,38.416875],[-75.094228,38.335354],[-75.818707,37.454238],[-75.93504,37.158417],[-76.016957,37.257799],[-75.921742,37.610541],[-75.694569,37.802314],[-75.670969,37.892564],[-75.742991,37.905992],[-75.633127,37.960028],[-75.838124,37.94123],[-75.756581,38.092597],[-75.914296,38.151801],[-75.818674,38.23371],[-75.902415,38.293769],[-75.858062,38.358588],[-75.955678,38.257799],[-75.955312,38.35102],[-76.01891,38.334784],[-76.037913,38.232489],[-76.304026,38.463284],[-76.171986,38.56623],[-76.286041,38.562812],[-76.256256,38.604234],[-75.970204,38.606594],[-75.959381,38.655707],[-75.999927,38.602595],[-76.154449,38.652655],[-76.106068,38.679389],[-76.221878,38.750932],[-76.326516,38.718243],[-76.277252,38.840888],[-76.131459,38.772895],[-76.194376,38.813918],[-76.106068,38.877997],[-76.243276,38.950629],[-76.374748,38.841573],[-76.322092,39.006415],[-76.167877,38.996324],[-76.077219,39.128363],[-76.212461,39.051791],[-76.234092,39.230449],[-76.105362,39.372048],[-75.860093,39.361785],[-76.006597,39.380548],[-75.839182,39.460761],[-75.851308,39.538398],[-75.966052,39.481732],[-75.934722,39.604193],[-76.092397,39.550198],[-76.122426,39.411038],[-76.222768,39.440334],[-76.284169,39.310614],[-76.311513,39.402777],[-76.401479,39.392524],[-76.336659,39.369208],[-76.449178,39.194957],[-76.581166,39.26732],[-76.430227,39.106334],[-76.45557,38.988735],[-76.539591,39.064069],[-76.469929,38.95374],[-76.551666,38.77558],[-76.419359,38.321706],[-76.602456,38.444335],[-76.671783,38.654446],[-76.675917,38.509433],[-76.385783,38.306303],[-76.328048,38.076149],[-76.456125,38.207017],[-76.510121,38.140082],[-76.80421,38.253623],[-76.848988,38.382514],[-76.839216,38.257217],[-76.895726,38.282406],[-77.01402,38.441629],[-77.231931,38.374068],[-77.267041,38.49408],[-77.018422,38.743964],[-77.060084,38.899068],[-77.042527,38.728908],[-77.239369,38.62641],[-77.323379,38.390188],[-77.058461,38.394192],[-76.912868,38.199168],[-76.607168,38.143452],[-76.530629,38.025133],[-76.242453,37.881595],[-76.321116,37.62401],[-76.504994,37.656928],[-77.107167,38.174954],[-76.551982,37.626758],[-76.270062,37.517356],[-76.25764,37.33551],[-76.396596,37.429592],[-76.442494,37.390815],[-76.376861,37.301215],[-76.45743,37.261053],[-76.781077,37.535468],[-76.606224,37.295789],[-76.402984,37.233832],[-76.274526,37.048041],[-76.415435,36.972561],[-76.634023,37.220689],[-77.277943,37.329332],[-76.689117,37.188625],[-76.659743,37.04331],[-76.494722,36.953986],[-76.524403,36.870673],[-76.291656,36.849555],[-76.330426,36.949787],[-76.268901,36.961415],[-76.004592,36.932358],[-75.523834,35.794379],[-75.730784,36.074897],[-75.957834,36.719428],[-75.968251,36.551663],[-75.90807,36.521226],[-76.044586,36.589504],[-76.029042,36.480292],[-75.94872,36.37519],[-75.931304,36.428697],[-75.790354,36.09927],[-75.961741,36.306952],[-75.937164,36.185045],[-76.20226,36.3015],[-76.068512,36.17182],[-76.269887,36.199123],[-76.213857,36.123236],[-76.445424,36.196194],[-76.311513,36.096096],[-76.57726,36.012397],[-76.724517,36.155341],[-76.729848,36.322659],[-76.729848,35.952704],[-76.048329,35.98371],[-76.072743,35.666734],[-75.994862,35.730292],[-75.98998,35.886908],[-75.852854,35.979967],[-75.722035,35.810736],[-75.773346,35.602607],[-75.878041,35.614732],[-76.218129,35.348863],[-76.410268,35.364325],[-76.394032,35.44123],[-76.498362,35.391343],[-76.557932,35.548041],[-76.647328,35.520697],[-76.596303,35.421129],[-76.650014,35.415351],[-77.01415,35.507758],[-76.472646,35.277411],[-76.64859,35.187161],[-76.613149,35.096137],[-76.725942,35.000556],[-76.873647,35.008694],[-77.043365,35.143622],[-76.940256,34.979804],[-76.761952,34.912421],[-76.555328,34.936713],[-76.476959,35.041083],[-76.396108,34.950141],[-76.353139,35.027248],[-76.269887,34.965155],[-76.346262,34.883246],[-76.512766,34.734361],[-76.709788,34.796576],[-76.708079,34.738267],[-77.107249,34.732408],[-77.318023,34.564276],[-77.413726,34.73786],[-77.387196,34.53384],[-77.832672,34.207017],[-77.911122,33.958157],[-77.940663,34.14765],[-78.008941,33.90469],[-78.367258,33.950914],[-78.763336,33.778551],[-79.133127,33.417426],[-79.182607,33.241278],[-79.268463,33.306708],[-79.200999,33.422105],[-79.277089,33.359117],[-79.22289,33.157945],[-79.319895,33.153876],[-79.379791,33.029731],[-79.570139,33.019273],[-79.573842,32.936754],[-79.798655,32.773098],[-79.9381,32.854071],[-79.887318,32.688137],[-80.177113,32.567043],[-80.23233,32.612982],[-80.303456,32.497952],[-80.677968,32.511461],[-80.516103,32.495429],[-80.563547,32.465644],[-80.46349,32.40412],[-80.530385,32.373521],[-80.437245,32.409817],[-80.553293,32.278795],[-80.626047,32.2626],[-80.651194,32.445543],[-80.66747,32.305365],[-80.759348,32.360785],[-80.822499,32.518134],[-80.704701,32.19066],[-80.82079,32.10814],[-80.777211,32.207261],[-80.823476,32.165758],[-80.980458,31.865383],[-81.095326,31.916002],[-81.10554,31.742662],[-81.228627,31.75495],[-81.33523,31.366906],[-81.47997,31.374213],[-81.274648,31.235541],[-81.495839,31.126207],[-81.403676,31.121283],[-81.424143,31.025051],[-81.513539,31.093329],[-81.459137,31.038642],[-81.513539,30.805976],[-81.430531,30.66474],[-81.500315,30.551256],[-81.414947,30.465725],[-81.184641,29.603746],[-80.567616,28.557807],[-80.592193,28.207913],[-80.451894,27.90941],[-80.610666,28.164944],[-80.594309,28.58511],[-80.747792,28.604926],[-80.752349,28.741929],[-80.828928,28.783026],[-80.738271,28.373481],[-80.197825,27.19599],[-80.301015,27.243354],[-80.142405,27.122138],[-80.038238,26.811184],[-80.128774,25.775295],[-80.128774,25.862128],[-80.310414,25.598944],[-80.401967,25.195543],[-80.580637,25.241441],[-80.710927,25.14525],[-81.101959,25.124742],[-81.177113,25.227769],[-81.129954,25.344468],[-80.927235,25.224066],[-81.141347,25.384752],[-81.348459,25.81684],[-81.711497,25.906887],[-81.742543,25.957465],[-81.664377,25.98135],[-81.754384,26.04206],[-81.843861,26.414211],[-81.978383,26.482164],[-81.797678,26.686754],[-81.947743,26.548896],[-82.0631,26.560981],[-82.064565,26.874945],[-81.978383,26.996161],[-82.155181,26.927639],[-82.242014,26.99551],[-82.15095,26.81802],[-82.313832,26.849351],[-82.58788,27.408189],[-82.729156,27.514716],[-82.668365,27.471625],[-82.389963,27.811103],[-82.433746,27.929145],[-82.527089,27.824774],[-82.534535,27.917222],[-82.690989,28.037665],[-82.718861,27.927802],[-82.561879,27.886176],[-82.672475,27.695054],[-82.853912,27.870347],[-82.664215,28.447943],[-82.631093,28.872992],[-82.800852,29.17475],[-83.040679,29.180121],[-83.724477,29.950141],[-84.024037,30.106594],[-84.250396,30.097602],[-84.364369,30.048529],[-84.343861,29.974026],[-84.419057,29.989976],[-84.348988,29.902045],[-85.365834,29.686347],[-85.413482,29.851386],[-85.343984,29.689114],[-85.302154,29.797919],[-85.370839,29.906968],[-85.670888,30.122952],[-85.42634,30.028225],[-85.513499,30.13935],[-85.697377,30.173651],[-85.579213,30.286119],[-85.85436,30.264838],[-85.741363,30.178371],[-86.484975,30.392768],[-86.135121,30.391303],[-86.243316,30.490953],[-86.426259,30.463324],[-86.412668,30.517971],[-86.602284,30.41828],[-87.194081,30.360297],[-86.940175,30.456488],[-87.008453,30.596422],[-87.067535,30.460598],[-87.166127,30.586819],[-87.156809,30.474514],[-87.299916,30.349677],[-87.529205,30.277737],[-87.345611,30.42768],[-87.387074,30.463284],[-87.522532,30.335639],[-87.60558,30.360297],[-87.65453,30.252102],[-87.998402,30.223619],[-87.776235,30.313137],[-87.916575,30.423326],[-88.015981,30.735338],[-88.120107,30.338324],[-88.335439,30.403876],[-88.487701,30.329983],[-88.742055,30.354071],[-88.927642,30.442206],[-88.982289,30.428534],[-88.859364,30.408108],[-89.354807,30.358588],[-89.437815,30.205756],[-89.5655,30.163479],[-90.222401,30.38758],[-90.405019,30.22016],[-90.379994,30.08039],[-90.168365,30.024482],[-89.880442,30.154853],[-89.688466,30.13524],[-89.718617,30.042222],[-89.835113,30.026313],[-89.641591,29.875149],[-89.488271,30.057807],[-89.372548,30.054674],[-89.442209,29.983059],[-89.331695,29.879869],[-89.345326,29.791693],[-89.585561,29.7508],[-89.482533,29.640855],[-89.672515,29.701483],[-89.694814,29.572008],[-89.528798,29.411566],[-89.211049,29.335273],[-89.010162,29.17475],[-89.153432,29.029934],[-89.232411,29.099677],[-89.374013,28.947455],[-89.276194,29.160102],[-89.360992,29.091702],[-89.482533,29.243069],[-89.794998,29.312684],[-89.749787,29.355809],[-89.816314,29.474351],[-90.182037,29.579495],[-90.023752,29.428616],[-90.08023,29.174709],[-90.198476,29.098293],[-90.250356,29.236802],[-90.337514,29.293606],[-90.393707,29.243069],[-90.425038,29.346096],[-90.562001,29.300727],[-90.640736,29.140611],[-90.79308,29.126207],[-91.327992,29.294867],[-91.246571,29.378119],[-91.122222,29.263007],[-91.262563,29.469062],[-91.2412,29.612982],[-91.294423,29.49433],[-91.559316,29.538479],[-91.637929,29.742092],[-91.833079,29.723456],[-91.893951,29.837633],[-92.202382,29.76439],[-92.06017,29.636949],[-92.314307,29.534369],[-93.199593,29.772811],[-93.821376,29.709451],[-93.888238,29.807175],[-93.781941,29.856515],[-93.818646,29.986755],[-93.938112,29.805903],[-93.887318,29.674547],[-94.101959,29.6706],[-94.742421,29.374661],[-94.485951,29.566107],[-94.755235,29.524271],[-94.719494,29.776551],[-94.82649,29.768144],[-94.876076,29.665842],[-95.015502,29.7203],[-95.015981,29.568915],[-94.907798,29.49631],[-94.942942,29.422024],[-94.821116,29.373969],[-95.115875,29.17475],[-95.170522,29.20893],[-95.150014,29.089097],[-95.231516,28.99551],[-95.601918,28.763861],[-95.951975,28.688707],[-95.954945,28.636379],[-95.719228,28.715481],[-96.188222,28.501654],[-95.987782,28.644843],[-96.226471,28.587144],[-96.158925,28.615139],[-96.19225,28.680894],[-96.308095,28.651068],[-96.435048,28.755683],[-96.3697,28.626654],[-96.493235,28.578925],[-96.444814,28.597357],[-96.617502,28.722073],[-96.608632,28.578925],[-96.493235,28.510647],[-96.545522,28.487738],[-96.406809,28.458726],[-96.653717,28.319485],[-96.801666,28.475246],[-96.782338,28.241604],[-96.928212,28.133246],[-96.908803,28.248765],[-96.95934,28.153754],[-97.007436,28.194525],[-97.198598,28.096829],[-97.149078,28.00552],[-97.026275,28.047675],[-97.184071,27.836615],[-97.473378,27.861029],[-97.267201,27.708075],[-97.408315,27.357367],[-97.541575,27.290351],[-97.4912,27.381496],[-97.603017,27.317694],[-97.774281,27.468492],[-97.672231,27.321357],[-97.774281,27.297797],[-97.426096,27.263658],[-97.559967,26.950751],[-97.481313,26.877631],[-97.562489,26.851386],[-97.457631,26.667222],[-97.447987,26.433336],[-97.223866,26.095893],[-97.259836,26.02912],[-97.236236,25.984198],[-97.175364,26.070868],[-97.139272,25.965806],[-97.397823,25.865812],[-97.659874,26.03066],[-98.222656,26.075412],[-98.36934,26.19401],[-99.108907,26.434253],[-99.248278,26.827097],[-99.461728,27.056954],[-99.515006,27.588601],[-99.83292,27.776755],[-100.048901,28.115959],[-100.257932,28.260524],[-100.322631,28.510406],[-100.783172,29.243074],[-101.446103,29.771052],[-102.109344,29.80211],[-102.302175,29.889391],[-102.406096,29.777279],[-102.676054,29.74449],[-102.885498,29.314801],[-102.858781,29.229147],[-103.147989,28.985105],[-103.301545,29.002365],[-103.774229,29.267517],[-104.01915,29.32033],[-104.516639,29.654315],[-104.676526,29.93683],[-104.67867,30.170356],[-104.93434,30.610536],[-105.496682,30.95651],[-105.948515,31.361239],[-106.209249,31.477305],[-106.428951,31.758476],[-108.189283,31.7777],[-108.214863,31.334471],[-111.006269,31.327185],[-114.780147,32.487243],[-114.739477,32.669066],[-114.838076,32.704206],[-117.125121,32.531669],[-117.188385,32.682685],[-117.115089,32.600262],[-117.119892,32.652634],[-117.224244,32.718641],[-117.236562,32.669623],[-117.322161,33.108501],[-117.508844,33.335205],[-118.090536,33.730977],[-118.385001,33.740116],[-118.544057,34.038886],[-119.00808,34.06612],[-119.581791,34.412701],[-120.425201,34.451321],[-120.644437,34.574131],[-120.644887,35.13939],[-120.849793,35.202913],[-120.908184,35.448244],[-121.288313,35.66483],[-121.506678,36.00326],[-121.873606,36.290025],[-121.978002,36.574767],[-121.837929,36.635612],[-121.789812,36.806199],[-121.905601,36.969126],[-122.134991,36.965726],[-122.404457,37.194526],[-122.517565,37.545266],[-122.515172,37.781126],[-122.408637,37.810392],[-122.354142,37.613507],[-122.038645,37.451402],[-122.410173,37.931922],[-122.27557,38.039101],[-121.722971,38.011135],[-121.582054,38.092],[-121.627713,38.050833],[-121.459013,38.004781],[-121.627187,38.105618],[-121.778709,38.036019],[-121.702992,38.105618],[-121.882527,38.0569],[-122.055165,38.133734],[-122.13029,38.042142],[-122.39652,38.153231],[-122.502317,38.113521],[-122.459009,37.862485],[-122.522586,37.82197],[-122.948476,38.060736],[-123.027453,37.994489],[-122.949648,38.143991],[-122.996297,38.24273],[-122.843373,38.091986],[-123.124579,38.437479],[-123.742607,38.955624],[-123.691314,39.03856],[-123.824924,39.347296],[-123.769768,39.544646],[-123.854019,39.833514],[-124.36351,40.261481],[-124.409202,40.443818],[-124.252553,40.734768],[-124.22576,40.686123],[-124.087398,40.825156],[-124.223288,40.757096],[-124.067809,41.398921],[-124.159459,41.736675],[-124.232361,41.762363],[-124.202219,41.960395],[-124.430653,42.349555],[-124.408534,42.644964],[-124.532053,42.803941],[-124.385375,43.330158],[-124.316514,43.299832],[-124.232874,43.424081],[-124.151845,43.369452],[-124.208698,43.45219],[-124.325283,43.362537],[-124.215688,43.627387],[-124.072499,43.704739],[-124.171515,43.697603],[-124.176018,43.762477],[-124.063194,44.60952],[-124.01202,44.599835],[-124.073374,44.777653],[-123.918446,45.41767],[-123.944581,45.621341],[-123.871083,45.697903],[-123.963929,45.743869],[-123.990549,45.937934],[-123.923329,46.013983],[-123.990468,46.200507],[-123.798736,46.102444],[-123.860798,46.180942],[-123.497141,46.232815],[-123.325961,46.138886],[-123.20554,46.164614],[-123.701925,46.30335],[-124.052103,46.273612],[-124.062876,46.654941],[-123.977701,46.382444],[-123.87589,46.41912],[-123.95641,46.623114],[-123.776479,46.667182],[-124.070325,46.734813],[-124.130483,46.885972],[-124.028391,46.83397],[-124.046928,46.891136],[-123.813059,46.95897],[-124.11687,47.042917],[-124.153428,46.930124],[-124.42276,47.741889],[-124.671986,47.990709],[-124.722971,48.150092],[-124.661488,48.319525],[-124.718251,48.357367],[-123.943948,48.165543],[-123.287461,48.118217],[-123.108251,48.183838],[-123.161285,48.151923],[-123.007883,48.03856],[-122.94107,48.097886],[-122.857289,48.029527],[-122.770172,48.141099],[-122.62621,47.889553],[-122.789296,47.684516],[-122.805653,47.843451],[-123.158437,47.372056],[-122.839182,47.431952],[-123.113515,47.391018],[-122.528066,47.905504],[-122.484527,47.782131],[-122.579701,47.698188],[-122.651601,47.732571],[-122.592152,47.597073],[-122.681508,47.651679],[-122.690012,47.596625],[-122.675933,47.537665],[-122.553131,47.583401],[-122.560658,47.301337],[-122.661041,47.287909],[-122.633127,47.404608],[-122.727935,47.330634],[-122.742991,47.191718],[-122.798695,47.204983],[-122.798085,47.371487],[-123.078765,47.096137],[-122.930247,47.174465],[-122.979075,47.101508],[-122.925649,47.078315],[-122.852854,47.165025],[-122.685902,47.104397],[-122.537099,47.278551],[-122.433095,47.264879],[-122.323598,47.372545],[-122.399485,47.813951],[-122.207346,48.01439],[-122.41686,48.225531],[-122.448069,48.134182],[-122.348012,48.054267],[-122.489654,48.130439],[-122.53395,48.249677],[-122.375315,48.280748],[-122.683461,48.430162],[-122.633046,48.516262],[-122.527211,48.460354],[-122.488393,48.512926],[-122.567006,48.585354],[-122.444325,48.603258],[-122.554677,48.77733],[-122.65038,48.718166],[-122.808095,48.934516],[-122.753017,48.992515]]],[[[-141.005564,69.650946],[-141.001156,60.321074],[-140.01579,60.187387],[-139.679816,60.32681],[-139.101608,60.346602],[-139.183231,60.100157],[-139.112305,60.031376],[-138.692098,59.886888],[-138.59921,59.753822],[-137.611363,59.239331],[-137.453466,58.899145],[-136.840816,59.148174],[-136.613491,59.15422],[-136.484791,59.2538],[-136.467557,59.461643],[-136.244728,59.528202],[-136.350329,59.592384],[-135.482759,59.792475],[-135.259879,59.698218],[-135.032942,59.573109],[-135.078598,59.438337],[-134.979973,59.297415],[-134.477575,59.114946],[-134.22219,58.842714],[-133.87123,58.735899],[-133.392241,58.403878],[-133.41503,58.330549],[-132.230994,57.19682],[-132.34122,57.080393],[-132.031859,57.028406],[-132.107384,56.858753],[-131.871558,56.79346],[-131.832103,56.603368],[-131.536437,56.585229],[-130.760334,56.345192],[-130.427926,56.143964],[-130.071539,56.084123],[-130.019618,55.907952],[-130.173655,55.749498],[-129.989247,55.284003],[-130.365387,54.907294],[-130.671457,54.77204],[-130.74356,54.966295],[-130.734039,54.843085],[-130.831899,54.765367],[-130.918324,54.802924],[-130.986969,55.043524],[-130.744211,55.083157],[-130.473459,55.310126],[-130.759918,55.096991],[-131.038238,55.108385],[-131.065297,55.186225],[-130.938303,55.287095],[-130.632151,55.291002],[-130.873158,55.342027],[-130.889882,55.715277],[-131.176829,55.951972],[-131.009674,56.112616],[-131.341868,55.960924],[-131.900624,55.865465],[-131.765859,55.816881],[-131.887318,55.619208],[-132.004018,55.667629],[-131.934071,55.526597],[-132.134633,55.565172],[-132.261545,55.739651],[-132.073598,55.802802],[-131.955637,55.961859],[-131.963043,56.157375],[-131.529286,56.214016],[-131.87682,56.22309],[-131.971303,56.356431],[-132.337148,56.523749],[-132.305043,56.640204],[-132.520009,56.627672],[-132.369496,56.814114],[-132.537099,56.758124],[-132.761383,56.845771],[-132.896555,56.958075],[-132.786204,56.967597],[-132.809804,57.05565],[-133.538157,57.176459],[-133.485097,57.277004],[-133.05842,57.331855],[-133.442128,57.358954],[-133.344797,57.405422],[-133.497426,57.531562],[-133.348866,57.575914],[-133.59142,57.574612],[-133.646637,57.687201],[-133.008534,57.511868],[-133.52892,57.750922],[-133.558176,57.889635],[-133.142486,57.854722],[-133.554311,57.929429],[-133.68635,57.790717],[-133.861155,57.956732],[-133.701812,57.940009],[-133.755483,58.030097],[-133.685048,58.142808],[-133.864369,57.986965],[-134.059722,58.07217],[-134.005849,58.372382],[-133.920074,58.497545],[-133.771799,58.518459],[-133.959625,58.512641],[-134.144928,58.209906],[-134.767323,58.400336],[-134.975657,58.658922],[-134.920644,58.660346],[-134.93399,58.777411],[-135.026031,58.793158],[-135.025543,58.737535],[-135.149037,58.843695],[-135.367543,59.312934],[-135.331695,59.451565],[-135.401112,59.319892],[-135.527903,59.319729],[-135.306996,59.11107],[-135.519643,59.236518],[-135.168446,58.645738],[-135.226186,58.612291],[-135.057281,58.351549],[-135.135162,58.219428],[-135.30956,58.252143],[-135.467519,58.467353],[-135.507069,58.380683],[-135.886708,58.379381],[-135.950347,58.456366],[-135.847971,58.470038],[-135.889556,58.573065],[-135.820668,58.600328],[-136.057525,58.803697],[-135.758616,58.888373],[-136.013824,58.85871],[-136.141713,59.037095],[-136.202382,58.934068],[-136.097524,58.876858],[-136.209706,58.7508],[-136.382395,58.806464],[-136.259511,58.826321],[-136.475209,58.836575],[-136.492258,58.963446],[-136.574127,58.915717],[-136.693105,59.017971],[-136.608266,58.908271],[-136.657704,58.898749],[-137.063914,59.055406],[-136.929311,58.968329],[-137.129709,58.833157],[-136.895863,58.892401],[-136.587554,58.848334],[-136.484771,58.799628],[-136.649892,58.820054],[-136.515859,58.702379],[-136.3426,58.691555],[-136.519521,58.620836],[-136.29719,58.647121],[-136.082509,58.516425],[-136.076283,58.345608],[-136.272817,58.312974],[-136.327748,58.408596],[-136.50593,58.442694],[-136.561147,58.373765],[-136.410064,58.37934],[-136.370595,58.299547],[-136.656728,58.339667],[-136.574778,58.282131],[-136.65099,58.220526],[-136.860504,58.382392],[-137.131418,58.401313],[-137.620758,58.602607],[-137.451975,58.650092],[-137.642974,58.634508],[-138.184885,59.02558],[-138.610015,59.127997],[-138.446523,59.176093],[-138.688344,59.176988],[-139.857004,59.546291],[-139.644887,59.57274],[-139.480051,59.704413],[-139.621083,59.890286],[-139.473215,59.993598],[-139.305165,59.864691],[-139.289906,59.576158],[-139.226389,59.621405],[-139.279612,59.819729],[-138.920074,59.804999],[-139.218739,59.871039],[-139.507232,60.046536],[-139.849029,59.819403],[-140.322743,59.701239],[-141.428538,59.872138],[-141.46817,59.903062],[-141.260121,59.994208],[-141.443512,60.135688],[-141.399403,60.052802],[-141.673492,59.961127],[-142.798492,60.112372],[-143.918609,59.997016],[-144.249623,60.032294],[-144.031361,60.034084],[-144.187571,60.193671],[-144.601471,60.196438],[-144.916575,60.294745],[-144.790842,60.464911],[-144.853179,60.469875],[-144.818756,60.584133],[-144.746449,60.676581],[-144.633168,60.669745],[-144.705393,60.703803],[-145.235911,60.368109],[-145.938754,60.456066],[-145.62914,60.652737],[-146.003651,60.635647],[-145.914296,60.703925],[-146.256907,60.646186],[-146.032216,60.788398],[-146.482289,60.686957],[-146.695709,60.744818],[-146.093088,60.84101],[-146.223459,60.892646],[-146.61913,60.831041],[-146.753163,60.964301],[-146.60497,60.937161],[-146.685292,61.011664],[-146.590932,61.032904],[-146.647939,61.073798],[-146.283762,61.081448],[-146.30012,61.132514],[-146.585846,61.136461],[-146.94872,60.949652],[-147.207265,61.008694],[-147.364613,60.891262],[-147.429026,60.905585],[-147.380971,60.985663],[-147.468861,61.000474],[-147.509755,60.925727],[-147.543284,61.15705],[-147.658599,61.019477],[-147.596791,60.885688],[-147.664662,60.858303],[-147.703114,60.944729],[-147.870188,60.837714],[-148.019846,60.941636],[-147.723215,61.255927],[-148.049428,61.026597],[-148.139963,61.11286],[-148.390574,61.067288],[-148.449818,60.999335],[-148.177724,61.076606],[-148.207143,60.98192],[-148.313588,60.969794],[-148.332875,60.819403],[-148.703684,60.79267],[-148.476308,60.814276],[-148.677724,60.700344],[-148.621327,60.695136],[-148.374705,60.779608],[-148.429921,60.62873],[-148.264638,60.76081],[-148.20641,60.65351],[-148.315256,60.549709],[-148.462473,60.589301],[-148.68989,60.457221],[-148.470204,60.54621],[-148.237538,60.457465],[-148.093821,60.603583],[-147.944407,60.468899],[-148.379709,60.287421],[-148.415232,60.204413],[-148.189768,60.25141],[-148.264841,60.232164],[-148.210194,60.155829],[-148.105946,60.230862],[-148.216746,60.129096],[-148.322987,60.172593],[-148.451365,59.955024],[-148.54601,60.032294],[-148.645579,59.923163],[-149.074778,59.969468],[-149.103098,60.058092],[-149.285878,59.874661],[-149.408681,60.123725],[-149.448801,59.968085],[-149.60615,59.845526],[-149.54658,59.751776],[-149.635935,59.74494],[-149.724721,59.964057],[-149.76594,59.839667],[-149.829945,59.856676],[-149.789866,59.673245],[-150.018666,59.798529],[-149.957468,59.669827],[-150.119252,59.700344],[-150.087839,59.594672],[-150.198354,59.586982],[-150.177195,59.53205],[-150.389475,59.477444],[-150.224355,59.715399],[-150.465199,59.494452],[-150.541941,59.515286],[-150.505849,59.581855],[-150.616689,59.564399],[-150.636464,59.463121],[-150.917673,59.326565],[-150.958608,59.203681],[-151.034983,59.292467],[-151.228708,59.316352],[-151.146311,59.20954],[-151.39684,59.258287],[-151.741526,59.167141],[-151.986684,59.292792],[-151.689076,59.480292],[-151.423166,59.453925],[-151.41747,59.546291],[-151.194773,59.597602],[-150.992787,59.779039],[-151.430979,59.666205],[-151.42573,59.611518],[-151.871775,59.749457],[-151.706044,60.041693],[-151.465443,60.18769],[-151.300649,60.423326],[-151.396921,60.738023],[-151.071482,60.785346],[-150.387034,61.047268],[-150.043772,60.916815],[-149.752919,60.973822],[-149.025828,60.854682],[-150.067332,61.155748],[-149.65571,61.409003],[-149.261057,61.48664],[-149.41686,61.498969],[-149.757395,61.453355],[-149.983754,61.246324],[-150.450551,61.25259],[-150.541737,61.286566],[-150.540273,61.369289],[-151.177113,61.053941],[-151.746938,60.916815],[-151.795277,60.868964],[-151.717763,60.743069],[-151.910105,60.731106],[-152.232901,60.559881],[-152.343373,60.457424],[-152.24592,60.395982],[-152.467763,60.282294],[-152.596303,60.228461],[-153.082631,60.299791],[-152.706532,60.17121],[-152.597971,60.04267],[-152.856679,59.882066],[-153.229726,59.868476],[-153.279164,59.832343],[-153.005686,59.827053],[-153.055287,59.71015],[-153.199818,59.654202],[-153.391103,59.649359],[-153.358957,59.720771],[-153.452585,59.79267],[-153.513173,59.641791],[-153.695627,59.64468],[-153.570383,59.609117],[-153.621938,59.555243],[-153.855784,59.555609],[-153.751454,59.440253],[-154.145253,59.381171],[-153.994456,59.374945],[-154.24767,59.168891],[-154.16511,59.02558],[-153.711537,59.070746],[-153.415028,58.974026],[-153.270823,58.871405],[-153.438832,58.733588],[-154.110463,58.477484],[-154.061879,58.364569],[-154.364369,58.285102],[-154.121327,58.279731],[-154.329579,58.106879],[-154.47053,58.194241],[-154.460398,58.115058],[-154.577016,58.125718],[-154.583119,58.02497],[-155.040151,58.017239],[-155.137929,57.873114],[-155.32551,57.839545],[-155.351186,57.730536],[-155.605092,57.792222],[-155.588612,57.689643],[-155.76183,57.648261],[-155.793202,57.544582],[-156.020457,57.576809],[-156.060658,57.430243],[-156.221873,57.468329],[-156.544626,57.322699],[-156.339955,57.285305],[-156.447377,57.229926],[-156.346018,57.177802],[-156.542795,57.045396],[-156.625478,57.079047],[-156.565378,57.004543],[-156.776357,57.051744],[-156.824452,56.897284],[-156.94929,56.976223],[-157.215199,56.780341],[-157.419667,56.867377],[-157.448435,56.758938],[-157.60558,56.722154],[-157.473826,56.625434],[-157.804189,56.678127],[-158.127634,56.549506],[-157.881947,56.570624],[-157.877146,56.478217],[-158.126332,56.516669],[-158.41572,56.446479],[-158.632802,56.298245],[-158.208241,56.283922],[-158.386586,56.235989],[-158.326405,56.200385],[-158.147328,56.245795],[-158.393259,56.181545],[-158.407582,56.078437],[-158.487009,56.059638],[-158.434071,56.042914],[-158.53364,56.004462],[-158.601918,56.086737],[-158.479237,56.191474],[-158.639638,56.202053],[-158.564565,56.167914],[-158.742909,55.95539],[-158.888254,55.983832],[-158.928293,55.920844],[-159.380849,55.871405],[-159.416331,55.802151],[-159.544993,55.889635],[-159.510487,55.783026],[-159.626536,55.578274],[-159.741689,55.613267],[-159.623402,55.63288],[-159.693308,55.660346],[-159.650746,55.786811],[-159.830393,55.852729],[-160.142161,55.733791],[-160.133656,55.674465],[-160.419423,55.653876],[-160.366404,55.612982],[-160.495188,55.486151],[-160.598948,55.606106],[-160.74177,55.548651],[-160.68342,55.464667],[-160.92455,55.51911],[-161.279164,55.354885],[-161.479115,55.361029],[-161.481923,55.480373],[-161.388743,55.57217],[-161.182607,55.523627],[-161.408193,55.635932],[-161.620798,55.612982],[-161.894521,55.242418],[-162.018015,55.239814],[-162.001291,55.093207],[-162.192738,55.142564],[-162.202097,55.039862],[-162.472239,55.048977],[-162.526479,55.10224],[-162.360707,55.105292],[-162.645334,55.300035],[-162.705312,55.201361],[-162.599965,55.137112],[-162.641713,55.090969],[-162.559926,54.961249],[-162.662953,55.016547],[-162.850413,54.935045],[-163.183054,55.139146],[-163.205515,55.018988],[-163.06725,54.973293],[-163.32079,54.81387],[-163.376658,54.844957],[-163.279897,54.91352],[-163.345286,54.91942],[-163.281361,54.944648],[-163.334543,55.119534],[-163.024729,55.245592],[-163.066396,55.201483],[-162.895823,55.189643],[-162.51891,55.372789],[-162.556996,55.446926],[-162.621409,55.406928],[-161.826283,55.879869],[-161.155344,56.017035],[-161.367543,55.955634],[-160.874135,55.99315],[-160.860463,55.934516],[-161.014394,55.917711],[-160.820383,55.739163],[-160.664784,55.729804],[-160.756703,55.786119],[-160.717112,55.866278],[-160.24352,55.776842],[-160.309071,55.819281],[-160.237294,55.838324],[-160.572458,55.934516],[-160.403798,56.239691],[-160.18871,56.386908],[-159.231068,56.691962],[-158.889231,56.889594],[-159.025136,56.816718],[-158.655751,56.767646],[-158.688059,57.007025],[-158.312449,57.314887],[-158.058095,57.367092],[-157.78661,57.556098],[-157.395579,57.502427],[-157.454783,57.552069],[-157.419749,57.512641],[-157.569569,57.491197],[-157.600779,57.612982],[-157.70991,57.652533],[-157.610097,58.092353],[-157.384226,58.207099],[-157.139475,58.168402],[-157.568471,58.320746],[-157.457875,58.50788],[-156.940867,58.737535],[-157.077992,58.757392],[-156.783193,59.155219],[-157.084462,58.886664],[-158.153676,58.614],[-158.546132,58.799262],[-158.421132,58.977118],[-158.475779,58.983954],[-158.1728,59.013007],[-157.995351,58.902045],[-158.102122,59.014716],[-158.505564,59.145982],[-158.457265,59.075873],[-158.608998,58.933173],[-158.746409,58.877834],[-158.746409,58.994818],[-158.825266,58.977118],[-158.797312,58.757392],[-158.914622,58.775377],[-158.722849,58.504828],[-158.881734,58.39962],[-159.071645,58.442694],[-159.482737,58.816067],[-159.660918,58.839443],[-159.638148,58.935098],[-159.86636,58.779123],[-160.328931,58.941429],[-160.267539,58.977495],[-160.334723,59.053837],[-160.83372,58.812546],[-160.90775,58.876391],[-161.300404,58.814643],[-161.262953,58.77669],[-161.374501,58.672349],[-161.301285,58.681818],[-161.693105,58.569322],[-161.764841,58.559394],[-161.756418,58.643134],[-161.762885,58.590986],[-162.137766,58.633857],[-161.891103,58.653713],[-161.677398,58.773527],[-161.762126,58.772668],[-161.834706,59.002875],[-161.569163,59.115058],[-161.939443,59.098578],[-162.038686,59.289374],[-162.009023,59.237535],[-161.929433,59.393866],[-161.717234,59.495836],[-162.209828,60.025458],[-162.245554,60.19477],[-162.149037,60.245185],[-162.298085,60.235907],[-162.236519,60.162752],[-162.288355,60.121594],[-162.45858,60.295086],[-162.222157,60.577948],[-161.88154,60.703925],[-162.072255,60.665229],[-162.183176,60.731147],[-162.133168,60.647406],[-162.284128,60.593655],[-162.415964,60.382392],[-162.703318,60.265692],[-162.469187,60.204901],[-162.525828,59.997504],[-162.751698,60.00495],[-163.316477,59.830268],[-164.098337,59.833686],[-164.204783,59.915595],[-164.094919,59.977688],[-164.399648,60.087551],[-164.661122,60.266425],[-164.649159,60.33393],[-164.988962,60.341376],[-165.143259,60.450629],[-164.985585,60.54682],[-165.22175,60.49901],[-165.431223,60.553046],[-165.023386,60.696682],[-165.031361,60.787014],[-164.874949,60.848782],[-164.94225,60.889635],[-164.668406,60.92178],[-164.596384,60.818915],[-164.283559,60.79267],[-164.228627,60.701117],[-164.406077,60.586859],[-163.955637,60.779853],[-163.838694,60.769029],[-163.779897,60.58039],[-163.409006,60.752346],[-163.912831,60.849595],[-163.57844,60.884101],[-163.725087,60.932359],[-163.683054,60.978949],[-163.957509,60.86815],[-164.564443,60.854682],[-164.714955,60.937242],[-165.170766,60.941596],[-164.785756,61.104315],[-165.084828,61.070258],[-165.175242,61.121772],[-165.0985,61.20307],[-165.143259,61.259426],[-165.103586,61.223131],[-165.211497,61.149563],[-165.346873,61.197089],[-165.225453,61.259426],[-165.259877,61.328315],[-165.158762,61.418647],[-164.763376,61.541693],[-164.690745,61.601386],[-164.742258,61.628363],[-165.204661,61.410224],[-165.437449,61.081244],[-165.621693,61.1435],[-165.609975,61.287299],[-165.87678,61.336575],[-165.921254,61.399359],[-165.776967,61.515815],[-166.096018,61.519477],[-166.185374,61.656684],[-166.160512,61.713935],[-166.056223,61.642401],[-165.782419,61.684068],[-166.102773,61.821112],[-165.60908,61.851304],[-165.750356,61.984442],[-165.730946,62.076483],[-165.133046,62.515692],[-164.867869,62.538031],[-164.608835,62.437445],[-164.71349,62.386176],[-164.597605,62.423407],[-164.670277,62.461982],[-164.629954,62.51317],[-164.81074,62.486274],[-164.852488,62.560981],[-164.479075,62.745917],[-164.813222,62.620185],[-164.86266,62.773871],[-164.792104,62.786933],[-164.861765,62.819525],[-164.690745,63.027086],[-164.35497,63.014106],[-164.562449,63.122545],[-164.423533,63.20897],[-163.994578,63.256252],[-163.58849,63.135077],[-163.791941,63.021918],[-163.556956,63.104722],[-163.350535,63.030829],[-163.093984,63.057359],[-162.596506,63.276679],[-162.313547,63.534247],[-162.046091,63.49022],[-162.148997,63.444078],[-161.589589,63.458075],[-161.056508,63.574408],[-160.766957,63.824123],[-160.95165,64.206285],[-161.238026,64.398098],[-161.188832,64.411282],[-161.538889,64.390774],[-161.387522,64.54206],[-161.035024,64.507758],[-161.085927,64.552558],[-160.833974,64.617336],[-160.825429,64.748928],[-161.146474,64.918199],[-161.029612,64.931464],[-161.182566,64.939521],[-161.444081,64.770738],[-161.806386,64.82274],[-161.740915,64.798],[-161.949778,64.725898],[-161.79955,64.761298],[-161.895457,64.711737],[-162.080881,64.721096],[-162.51122,64.558661],[-162.781321,64.343695],[-162.827463,64.49315],[-163.148997,64.658271],[-163.358591,64.603746],[-163.039744,64.521145],[-163.134999,64.412543],[-163.678538,64.58633],[-164.921457,64.532416],[-164.965077,64.507473],[-164.766469,64.48017],[-165.035512,64.44831],[-166.189687,64.585191],[-166.483469,64.729641],[-166.390207,64.898505],[-166.961531,65.154359],[-166.852773,65.277899],[-166.932078,65.16885],[-166.754262,65.115627],[-166.579539,65.12995],[-166.356679,65.275214],[-166.056451,65.232976],[-166.14041,65.285693],[-167.398555,65.401082],[-168.127797,65.642157],[-167.924019,65.748608],[-167.866811,65.74901],[-168.056711,65.677232],[-167.5006,65.74079],[-167.559193,65.778713],[-167.345937,65.898586],[-167.059885,65.877631],[-166.893422,65.929389],[-166.973012,65.974189],[-166.310902,66.17536],[-165.754994,66.105292],[-165.500111,66.152289],[-165.848948,66.22012],[-165.838694,66.288967],[-164.274363,66.602281],[-163.628733,66.570014],[-163.908152,66.584133],[-163.7624,66.525824],[-163.864247,66.436469],[-163.868967,66.309312],[-164.17573,66.208157],[-163.933176,66.212348],[-163.680491,66.078599],[-162.784169,66.105373],[-162.692006,66.033108],[-162.210072,66.071682],[-161.820668,65.980292],[-161.50593,66.278876],[-161.128651,66.245795],[-161.106882,66.138617],[-161.182607,66.131171],[-161.024037,66.184231],[-161.113759,66.332913],[-161.510691,66.40766],[-161.874705,66.377631],[-161.928538,66.309394],[-161.888376,66.5244],[-162.209828,66.707221],[-162.495107,66.746527],[-162.625315,66.861477],[-162.484812,66.960395],[-162.284861,66.937079],[-162.03303,66.786282],[-162.083241,66.686754],[-161.915232,66.557196],[-161.633778,66.457994],[-161.204213,66.538642],[-160.784779,66.374498],[-160.249094,66.402289],[-160.219187,66.53205],[-160.317942,66.655585],[-160.634511,66.597968],[-161.136057,66.651923],[-161.271962,66.542955],[-161.518422,66.550116],[-161.868276,66.706285],[-161.806386,66.899604],[-161.49885,66.971096],[-161.687571,67.029283],[-162.248036,67.015041],[-162.275258,67.067816],[-162.435496,66.991034],[-162.354482,67.13231],[-162.416127,67.165595],[-162.558787,67.019965],[-163.688303,67.103217],[-163.765614,67.13996],[-163.823964,67.35456],[-164.151479,67.619615],[-166.29662,68.299628],[-166.789866,68.339586],[-166.338206,68.39997],[-166.23998,68.564276],[-166.227976,68.849595],[-166.085642,68.891425],[-164.346425,68.929389],[-163.622548,69.119208],[-163.195302,69.415229],[-163.23998,69.328315],[-163.155751,69.359361],[-163.07079,69.520413],[-163.148997,69.599555],[-163.025461,69.626288],[-163.066396,69.674058],[-162.938425,69.711249],[-162.993479,69.727973],[-162.949778,69.790473],[-161.90571,70.320624],[-161.723704,70.274848],[-162.121693,70.161322],[-160.9499,70.290432],[-160.172231,70.604926],[-159.947092,70.597235],[-160.201894,70.47663],[-159.948476,70.494452],[-160.114207,70.344143],[-159.948476,70.370429],[-159.80309,70.220282],[-159.88032,70.375678],[-159.825795,70.497056],[-159.305776,70.52619],[-159.732289,70.499905],[-159.947865,70.63642],[-160.119985,70.60635],[-159.644846,70.810004],[-159.161,70.886908],[-159.410878,70.787421],[-159.246449,70.706448],[-159.279042,70.764716],[-158.989735,70.777045],[-159.085317,70.804999],[-157.864939,70.866441],[-156.471506,71.412502],[-156.398264,71.3935],[-156.604441,71.353664],[-156.059193,71.220649],[-156.110951,71.182318],[-155.573435,71.150377],[-155.551503,71.100898],[-155.76537,70.999986],[-156.145009,70.932685],[-155.953196,70.865424],[-155.978261,70.767279],[-155.577138,70.845933],[-155.531077,70.941799],[-155.29601,71.031562],[-155.191721,70.995063],[-155.267323,71.072943],[-155.069692,71.153266],[-155.097401,71.017279],[-155.011098,71.115912],[-154.808176,71.095933],[-154.613271,70.981635],[-154.788686,70.896308],[-154.171742,70.781643],[-153.940134,70.881903],[-153.302439,70.928656],[-152.714915,70.821031],[-152.65746,70.845933],[-152.719106,70.880357],[-152.327504,70.856879],[-152.219228,70.81802],[-152.509145,70.663886],[-152.103831,70.598782],[-152.630116,70.558539],[-151.760365,70.566718],[-151.943308,70.480455],[-151.222279,70.375718],[-151.202952,70.440741],[-150.745107,70.47663],[-150.793528,70.503323],[-150.379384,70.497016],[-150.416737,70.421373],[-149.514353,70.522773],[-148.721018,70.422024],[-148.51183,70.318345],[-147.819936,70.300686],[-147.679596,70.212226],[-145.928578,70.167548],[-145.215403,70.044013],[-145.301381,69.999661],[-144.706451,69.97602],[-144.129547,70.067694],[-144.070424,70.004055],[-144.064036,70.085598],[-143.316762,70.05565],[-143.235666,70.118232],[-142.600819,70.013129],[-142.270904,69.856024],[-141.440338,69.661078],[-141.005564,69.650946]]],[[[-123.090506,48.992515],[-123.035308,48.992499],[-123.08849,48.972235],[-123.090506,48.992515]]],[[[-73.93338,40.797187],[-74.016916,40.699286],[-73.939158,40.854234],[-73.93338,40.797187]]],[[[-71.315094,41.580797],[-71.355458,41.660224],[-71.303375,41.62637],[-71.315094,41.580797]]],[[[-69.664052,43.78913],[-69.688791,43.828192],[-69.647125,43.837307],[-69.664052,43.78913]]],[[[-69.66926,43.955797],[-69.699781,43.870638],[-69.730458,43.890692],[-69.66926,43.955797]]],[[[-68.60676,44.088609],[-68.634104,44.018297],[-68.653635,44.052151],[-68.60676,44.088609]]],[[[-68.811187,44.148505],[-68.937489,44.105536],[-68.889312,44.16413],[-68.811187,44.148505]]],[[[-68.390614,44.162828],[-68.489573,44.140692],[-68.472646,44.177151],[-68.390614,44.162828]]],[[[-68.920562,44.237047],[-68.924469,44.307359],[-68.885406,44.299547],[-68.920562,44.237047]]],[[[-68.489573,44.347724],[-68.522125,44.322984],[-68.524729,44.359442],[-68.489573,44.347724]]],[[[-68.868479,44.381578],[-68.885406,44.330797],[-68.911448,44.365953],[-68.868479,44.381578]]],[[[-67.566396,44.461005],[-67.584625,44.444078],[-67.614573,44.51439],[-67.566396,44.461005]]],[[[-67.283844,44.619859],[-67.276031,44.602932],[-67.321604,44.602932],[-67.283844,44.619859]]],[[[-67.045115,44.927151],[-67.038157,44.954901],[-66.989573,44.89761],[-67.045115,44.927151]]],[[[-132.647694,54.817857],[-132.6162,54.760199],[-132.788808,54.911038],[-132.629303,54.903998],[-132.647694,54.817857]]],[[[-131.243723,54.934556],[-131.194692,54.907294],[-131.350087,54.860907],[-131.482167,54.925605],[-131.263824,54.996894],[-131.243723,54.934556]]],[[[-132.826487,55.054389],[-132.822662,55.190497],[-132.668202,55.050686],[-132.750722,54.995429],[-132.873647,55.036363],[-132.826487,55.054389]]],[[[-132.702952,54.701239],[-132.842885,54.693793],[-132.908355,54.838324],[-133.154775,54.981757],[-133.203236,55.133205],[-133.143463,55.248847],[-132.956166,55.064276],[-133.086537,55.092231],[-132.702952,54.701239]]],[[[-131.479563,55.006293],[-131.534495,55.087104],[-131.624501,55.017401],[-131.52359,55.119534],[-131.560862,55.263821],[-131.36913,55.163723],[-131.34553,55.058051],[-131.479563,55.006293]]],[[[-133.291371,55.262926],[-133.240142,55.220364],[-133.449859,55.25023],[-133.318105,55.339057],[-133.291371,55.262926]]],[[[-131.818471,55.413764],[-131.636098,55.299302],[-131.739491,55.250718],[-131.72289,55.140082],[-131.817779,55.197984],[-131.818471,55.413764]]],[[[-133.449615,55.406928],[-133.607289,55.235582],[-133.65567,55.276557],[-133.590443,55.417182],[-133.449615,55.406928]]],[[[-133.538401,55.482652],[-133.42809,55.446519],[-133.600453,55.447903],[-133.538401,55.482652]]],[[[-133.346588,55.447903],[-133.428538,55.544135],[-133.272084,55.530463],[-133.346588,55.447903]]],[[[-133.603871,55.489447],[-133.779408,55.449856],[-133.646311,55.542304],[-133.603871,55.489447]]],[[[-133.305653,55.797349],[-133.542104,55.694892],[-133.663238,55.760728],[-133.638905,55.817084],[-133.305653,55.797349]]],[[[-133.285146,55.907172],[-133.250803,55.775946],[-133.330556,55.868313],[-133.285146,55.907172]]],[[[-155.652333,55.886664],[-155.56904,55.868801],[-155.597264,55.760431],[-155.749849,55.81768],[-155.652333,55.886664]]],[[[-134.17927,55.914618],[-134.12206,55.923733],[-134.31843,55.833808],[-134.264556,55.873725],[-134.334788,55.895087],[-134.17927,55.914618]]],[[[-133.919504,55.920844],[-133.856028,55.942288],[-133.842519,55.86636],[-133.919504,55.920844]]],[[[-130.961903,55.58511],[-130.967152,55.423774],[-131.192006,55.185736],[-131.271718,55.225002],[-131.199534,55.399726],[-131.298329,55.276557],[-131.463206,55.293402],[-131.278188,55.430243],[-131.343577,55.630276],[-131.325429,55.446763],[-131.462148,55.331855],[-131.421254,55.530463],[-131.489003,55.511786],[-131.50886,55.311713],[-131.810292,55.47663],[-131.619781,55.595282],[-131.703928,55.661119],[-131.534983,55.72309],[-131.691762,55.705268],[-131.66393,55.761217],[-131.512847,55.774726],[-131.687734,55.831977],[-131.470367,55.831977],[-131.572133,55.893215],[-131.323598,55.95425],[-131.044423,55.790473],[-130.961903,55.58511]]],[[[-133.607289,56.078518],[-133.285308,56.147203],[-133.339752,55.996568],[-133.794911,55.94359],[-133.607289,56.078518]]],[[[-132.548411,56.304429],[-132.42748,56.3522],[-132.376943,56.271633],[-132.47053,56.204047],[-132.092193,56.106431],[-132.202016,56.09219],[-132.122629,55.945502],[-132.345082,55.924302],[-132.392405,56.005845],[-132.676625,56.097235],[-132.687367,56.19538],[-132.548411,56.304429]]],[[[-131.976715,54.831529],[-132.067535,54.699042],[-132.27774,54.71483],[-132.224517,54.791653],[-132.336497,54.803412],[-132.28303,54.831],[-132.380198,55.023383],[-132.428578,54.920315],[-132.485585,54.907375],[-132.490061,55.002875],[-132.579416,54.954413],[-132.553456,55.052436],[-132.483795,55.04385],[-132.511138,55.112738],[-132.602854,55.069525],[-132.558339,55.167914],[-132.640859,55.25609],[-132.63093,55.146877],[-132.696116,55.146877],[-132.826731,55.275458],[-133.030426,55.214097],[-132.913726,55.264716],[-133.212961,55.279202],[-133.218007,55.380316],[-132.872426,55.359076],[-133.125844,55.483588],[-132.922678,55.627631],[-133.357045,55.616197],[-133.381947,55.722846],[-133.236684,55.745063],[-133.144195,55.889838],[-133.248647,55.935981],[-133.285512,56.167385],[-133.56192,56.183783],[-133.614735,56.345404],[-133.312245,56.277248],[-133.182118,56.332343],[-133.035024,56.184963],[-133.12385,56.124498],[-133.092641,56.069159],[-132.842437,56.039049],[-132.531728,55.848538],[-132.462717,55.667629],[-132.157582,55.496731],[-132.552113,55.619208],[-132.65453,55.42121],[-132.401275,55.516791],[-132.302602,55.463568],[-132.478261,55.39057],[-132.250111,55.413764],[-132.090728,55.276801],[-132.250478,55.208319],[-131.994293,55.268134],[-131.991811,55.158271],[-132.208852,55.002631],[-131.963043,55.030219],[-132.033559,54.905585],[-131.976715,54.831529]]],[[[-132.612904,56.400621],[-132.634633,56.304429],[-132.819651,56.236151],[-133.038889,56.330512],[-132.946685,56.445787],[-132.612904,56.400621]]],[[[-132.004018,56.339179],[-131.940094,56.233059],[-132.072336,56.119452],[-132.352895,56.277777],[-132.375356,56.488471],[-132.004018,56.339179]]],[[[-154.055816,56.530341],[-153.877146,56.565131],[-154.120595,56.504136],[-154.055816,56.530341]]],[[[-157.060618,56.582221],[-157.008778,56.563951],[-157.308705,56.530666],[-157.060618,56.582221]]],[[[-154.42516,56.593044],[-154.767812,56.400621],[-154.731435,56.508205],[-154.42516,56.593044]]],[[[-154.08259,56.552069],[-154.333811,56.519599],[-154.24767,56.606106],[-154.103017,56.613186],[-154.08259,56.552069]]],[[[-132.959584,56.787991],[-132.816314,56.797349],[-132.558339,56.606106],[-132.918609,56.507025],[-132.959584,56.787991]]],[[[-133.884674,56.490058],[-133.916371,56.373358],[-133.847483,56.298245],[-133.956695,56.359687],[-133.891916,56.229804],[-133.941477,56.103095],[-134.039296,56.112616],[-134.032582,56.30683],[-134.167104,56.182115],[-134.086415,56.09219],[-134.14859,56.011664],[-134.255198,56.228461],[-134.164418,56.306098],[-134.282704,56.346625],[-134.228424,56.420233],[-134.060374,56.375922],[-134.059478,56.515286],[-134.276479,56.564032],[-134.106109,56.628974],[-134.357574,56.676581],[-134.408559,56.842922],[-134.125559,56.846015],[-134.264556,56.941881],[-134.051747,56.895209],[-133.912668,56.763739],[-134.025014,56.653876],[-133.964345,56.643256],[-133.858225,56.78026],[-133.750152,56.783759],[-133.705678,56.604153],[-133.9051,56.620347],[-133.884674,56.490058]]],[[[-133.912668,57.08275],[-133.236724,56.935045],[-133.293284,56.988349],[-133.052358,56.982856],[-132.955922,56.905097],[-132.933949,56.641588],[-133.024648,56.612738],[-133.331288,56.834377],[-133.234364,56.742011],[-133.24234,56.634101],[-133.132883,56.631659],[-133.079091,56.530341],[-133.199534,56.455268],[-133.435943,56.503648],[-133.621246,56.442206],[-133.670033,56.813422],[-133.877553,56.87641],[-133.73762,56.89411],[-134.018178,57.017564],[-133.912668,57.08275]]],[[[-152.907867,57.16474],[-153.272165,56.998521],[-153.391835,57.060736],[-153.244374,57.211005],[-153.212351,57.133694],[-152.907867,57.16474]]],[[[-135.601552,57.171576],[-135.546295,57.141099],[-135.601633,57.035549],[-135.841135,56.989691],[-135.727203,57.142524],[-135.833974,57.306342],[-135.615224,57.284491],[-135.601552,57.171576]]],[[[-134.62149,56.743842],[-134.689768,56.181545],[-135.035715,56.525458],[-134.847401,56.688666],[-135.119008,56.617133],[-135.014272,56.739407],[-135.187896,56.676744],[-135.121734,56.832017],[-135.367543,56.828925],[-135.305898,56.890692],[-135.356272,56.9383],[-135.203359,57.013495],[-135.348134,57.06391],[-135.334055,57.250393],[-135.542836,57.242987],[-135.674957,57.358629],[-135.485666,57.35102],[-135.567047,57.389472],[-135.436513,57.549994],[-135.279408,57.511054],[-135.381825,57.47134],[-135.008127,57.403469],[-134.852854,57.260321],[-134.62149,56.743842]]],[[[-153.301747,57.833197],[-153.506663,57.969794],[-153.228749,57.853909],[-153.301747,57.833197]]],[[[-152.160878,57.627143],[-152.330312,57.44595],[-152.973378,57.51789],[-152.917226,57.500881],[-153.028025,57.476264],[-152.832468,57.476264],[-152.606191,57.363593],[-152.863515,57.277655],[-153.165151,57.352769],[-152.976186,57.275539],[-153.376658,57.205797],[-153.455271,57.116848],[-153.531606,57.179755],[-153.498158,57.074286],[-153.761057,57.051744],[-153.607126,57.051744],[-153.65807,57.019843],[-153.603953,56.960354],[-154.015207,56.748481],[-154.137807,56.743842],[-153.810496,56.970893],[-153.973337,56.962958],[-153.739939,57.133694],[-154.099558,56.96483],[-154.137807,57.003974],[-153.959665,57.120063],[-154.468251,57.124457],[-154.412953,57.050198],[-154.121205,57.123725],[-154.281809,56.887274],[-154.514882,56.989691],[-154.535024,57.174628],[-154.810007,57.346584],[-154.523427,57.570014],[-154.239329,57.673285],[-154.000559,57.629706],[-153.973337,57.572496],[-154.110463,57.544582],[-153.974802,57.549954],[-153.777821,57.322333],[-153.630686,57.270901],[-153.753896,57.336371],[-153.843699,57.550971],[-153.70637,57.539049],[-153.868723,57.628607],[-153.630686,57.599799],[-153.925526,57.72956],[-153.924631,57.810492],[-153.702707,57.891262],[-153.596262,57.846869],[-153.529408,57.661322],[-153.446238,57.777411],[-153.333567,57.713853],[-153.458811,57.802802],[-153.424998,57.842719],[-153.212351,57.72956],[-153.240305,57.902086],[-153.075063,57.83747],[-153.301747,58.0008],[-152.808298,57.908271],[-152.903676,57.837592],[-152.885569,57.728705],[-152.843699,57.845282],[-152.506947,57.915107],[-152.363271,57.846869],[-152.535024,57.719794],[-152.420847,57.681952],[-152.438344,57.617174],[-152.160878,57.627143]]],[[[-136.389801,57.963568],[-136.451283,57.846869],[-136.541982,57.978095],[-136.514719,58.086737],[-136.361928,58.031195],[-136.389801,57.963568]]],[[[-153.418365,58.065985],[-153.260813,58.141059],[-152.890818,57.997707],[-153.418365,58.065985]]],[[[-151.866078,58.257758],[-151.809885,58.262926],[-151.846181,58.175198],[-151.866078,58.257758]]],[[[-135.847971,57.394355],[-136.012441,57.51789],[-135.779693,57.435289],[-135.836578,57.488715],[-136.389801,57.839423],[-136.31192,57.99551],[-136.058583,57.850409],[-136.405263,58.133938],[-136.295522,58.115302],[-136.272694,58.220933],[-136.101186,58.058539],[-136.136586,58.223049],[-135.982289,58.167629],[-135.813547,58.274359],[-135.484853,58.162095],[-135.793324,57.984036],[-135.656158,57.949286],[-135.40803,58.138577],[-134.924794,58.027493],[-134.915679,57.846869],[-135.197499,57.949286],[-134.930002,57.81269],[-135.203033,57.785102],[-135.845815,57.992174],[-135.403228,57.814195],[-135.363881,57.726223],[-134.936513,57.764309],[-134.813873,57.497463],[-135.028961,57.460517],[-135.768178,57.759711],[-135.703969,57.675523],[-135.806996,57.641425],[-135.584869,57.592963],[-135.64387,57.570543],[-135.553049,57.498684],[-135.66686,57.386664],[-135.847971,57.394355]]],[[[-134.597279,58.23725],[-134.67984,58.309272],[-134.481842,58.333482],[-134.279368,58.220649],[-134.597279,58.23725]]],[[[-134.353993,57.092719],[-134.614613,57.010199],[-134.624908,57.184882],[-134.457021,57.311835],[-134.56017,57.386176],[-134.319163,57.385077],[-134.533681,57.457709],[-134.353993,57.544582],[-134.541127,57.511054],[-134.653554,57.598212],[-134.806467,58.055406],[-134.756174,58.144924],[-134.797841,58.112779],[-134.944895,58.278632],[-134.94929,58.409491],[-134.696156,58.174018],[-134.186391,58.168402],[-133.803944,57.610012],[-133.962961,57.692328],[-134.306752,58.09809],[-134.224233,57.969713],[-134.299387,57.993964],[-134.289174,57.836656],[-133.951405,57.627875],[-133.854237,57.47602],[-134.100697,57.476264],[-133.877553,57.346584],[-134.156565,57.384711],[-134.072825,57.277655],[-134.353993,57.092719]]],[[[-151.966013,58.332831],[-152.116811,58.147895],[-152.282664,58.259833],[-152.282541,58.138739],[-152.522165,58.109605],[-152.562937,58.178778],[-152.777537,58.0008],[-153.229604,58.168891],[-153.188466,58.219875],[-152.9051,58.168402],[-153.071034,58.240139],[-153.059153,58.298814],[-152.795359,58.287258],[-152.86738,58.394355],[-152.650624,58.483629],[-152.414906,58.369615],[-152.091868,58.380683],[-152.143544,58.233832],[-151.966013,58.332831]]],[[[-152.644399,58.518459],[-152.369578,58.638088],[-152.502024,58.473456],[-152.644399,58.518459]]],[[[-160.947643,58.737648],[-160.687786,58.818724],[-160.966253,58.549508],[-161.074126,58.546924],[-161.171903,58.690754],[-161.07803,58.639275],[-160.947643,58.737648]]],[[[-152.249705,58.922512],[-152.334218,58.911933],[-152.329091,58.970893],[-152.157786,58.956692],[-152.249705,58.922512]]],[[[-150.704172,59.395453],[-150.608591,59.381171],[-150.779856,59.334052],[-150.704172,59.395453]]],[[[-153.524526,59.330268],[-153.476755,59.405422],[-153.357411,59.378119],[-153.524526,59.330268]]],[[[-150.334828,59.456977],[-150.294626,59.464586],[-150.443471,59.402289],[-150.334828,59.456977]]],[[[-144.341786,59.984524],[-144.245758,60.007554],[-144.605295,59.813178],[-144.341786,59.984524]]],[[[-148.005035,60.046576],[-148.081166,59.971666],[-148.244985,59.943549],[-148.005035,60.046576]]],[[[-147.82665,60.052802],[-148.035715,59.952582],[-147.891754,60.069037],[-147.82665,60.052802]]],[[[-147.963775,60.07392],[-148.093332,60.017768],[-147.975657,60.147895],[-147.914784,60.125474],[-147.963775,60.07392]]],[[[-148.159373,60.043158],[-148.313832,60.032294],[-148.060618,60.195136],[-148.159373,60.043158]]],[[[-147.107249,60.2862],[-146.922271,60.313463],[-147.328196,60.070258],[-147.49234,59.861802],[-147.915395,59.79267],[-147.197011,60.251207],[-147.189605,60.362209],[-147.011057,60.347602],[-147.107249,60.2862]]],[[[-147.977447,60.375556],[-148.104441,60.292873],[-148.075632,60.369371],[-147.977447,60.375556]]],[[[-145.174428,60.382392],[-145.119781,60.409817],[-145.136586,60.306627],[-145.261871,60.332668],[-145.174428,60.382392]]],[[[-146.188629,60.402167],[-146.093658,60.410346],[-146.621246,60.248684],[-146.67219,60.270941],[-146.490305,60.361274],[-146.700551,60.354804],[-146.588124,60.484036],[-146.151357,60.438788],[-146.188629,60.402167]]],[[[-147.771392,60.409654],[-147.821197,60.399482],[-147.723785,60.492906],[-147.614369,60.436957],[-147.710927,60.401801],[-147.66218,60.347602],[-147.798695,60.170111],[-147.79247,60.238349],[-147.908559,60.238349],[-147.757721,60.341376],[-147.860585,60.377387],[-147.771392,60.409654]]],[[[-151.869822,60.485419],[-152.08967,60.359117],[-151.943064,60.511623],[-151.869822,60.485419]]],[[[-145.757232,60.62873],[-146.29426,60.454779],[-146.305735,60.510159],[-145.757232,60.62873]]],[[[-147.49767,60.656684],[-147.428782,60.711371],[-147.338979,60.679348],[-147.49767,60.656684]]],[[[-147.929067,60.718166],[-147.865468,60.72012],[-148.012196,60.725002],[-147.929067,60.718166]]],[[[-148.16865,60.662909],[-148.211659,60.756049],[-148.111155,60.738105],[-148.16865,60.662909]]],[[[-148.087351,60.800116],[-148.13683,60.826361],[-148.032094,60.930406],[-147.915395,60.813137],[-148.087351,60.800116]]],[[[-162.34081,63.602484],[-162.359364,63.54621],[-162.678171,63.563666],[-162.556467,63.629828],[-162.34081,63.602484]]],[[[-163.185374,69.610256],[-163.152903,69.67829],[-163.176259,69.482245],[-163.185374,69.610256]]],[[[-141.423085,69.721869],[-141.385121,69.694525],[-141.857981,69.81509],[-141.423085,69.721869]]],[[[-163.055776,69.804511],[-162.841135,69.93476],[-163.095448,69.731391],[-163.055776,69.804511]]],[[[-162.701772,70.022325],[-162.559926,70.092434],[-162.806345,69.948391],[-162.701772,70.022325]]],[[[-162.484527,70.173163],[-162.162709,70.269924],[-162.539133,70.113715],[-162.484527,70.173163]]],[[[-161.551137,70.325995],[-161.977122,70.312161],[-161.888132,70.353949],[-161.551137,70.325995]]],[[[-148.819692,70.469794],[-149.313181,70.544867],[-149.236277,70.55329],[-148.819692,70.469794]]],[[[-81.746246,24.576117],[-81.732004,24.55622],[-81.814565,24.542548],[-81.746246,24.576117]]],[[[-81.705312,24.597805],[-81.65685,24.597805],[-81.725738,24.55622],[-81.705312,24.597805]]],[[[-81.506012,24.638821],[-81.636464,24.583564],[-81.52245,24.637926],[-81.567494,24.672309],[-81.506012,24.638821]]],[[[-81.087717,24.68594],[-81.136098,24.707017],[-81.061431,24.73135],[-81.087717,24.68594]]],[[[-81.430287,24.754828],[-81.355458,24.686184],[-81.36266,24.631334],[-81.430287,24.754828]]],[[[-80.923818,24.76911],[-81.03307,24.720689],[-80.955556,24.768744],[-80.923818,24.76911]]],[[[-80.800364,24.843573],[-80.793528,24.816881],[-80.85497,24.80329],[-80.800364,24.843573]]],[[[-80.320546,25.248277],[-80.555979,24.970933],[-80.273427,25.352607],[-80.320546,25.248277]]],[[[-80.190175,25.481024],[-80.231191,25.403388],[-80.188222,25.498358],[-80.190175,25.481024]]],[[[-80.162913,25.672838],[-80.181793,25.681301],[-80.166005,25.728176],[-80.162913,25.672838]]],[[[-82.129221,26.461127],[-82.026845,26.447455],[-82.200673,26.519599],[-82.129221,26.461127]]],[[[-82.260162,26.701321],[-82.245961,26.694525],[-82.225453,26.611274],[-82.260162,26.701321]]],[[[-82.136708,26.584662],[-82.177642,26.701321],[-82.080963,26.509019],[-82.136708,26.584662]]],[[[-82.273834,26.803127],[-82.266428,26.714993],[-82.287506,26.803127],[-82.273834,26.803127]]],[[[-97.198313,26.276109],[-97.164402,26.131495],[-97.397532,26.831],[-97.391591,27.193101],[-97.198313,26.276109]]],[[[-82.65746,27.396796],[-82.680979,27.434068],[-82.593088,27.33983],[-82.65746,27.396796]]],[[[-97.075429,27.814521],[-97.365912,27.224231],[-97.245107,27.623196],[-97.075429,27.814521]]],[[[-80.388783,27.718655],[-80.438466,27.830471],[-80.167226,27.197008],[-80.388783,27.718655]]],[[[-96.880238,28.130113],[-96.847157,28.080471],[-97.014638,27.890937],[-96.880238,28.130113]]],[[[-80.636464,28.181057],[-80.64859,28.222724],[-80.629018,28.181057],[-80.636464,28.181057]]],[[[-96.427724,28.393297],[-96.406728,28.344428],[-96.820872,28.088324],[-96.791127,28.195258],[-96.427724,28.393297]]],[[[-96.3697,28.406928],[-96.312896,28.458564],[-96.232533,28.489488],[-96.3697,28.406928]]],[[[-80.67748,28.578925],[-80.618479,28.537665],[-80.659006,28.256293],[-80.728342,28.469062],[-80.67748,28.578925]]],[[[-90.943715,29.060777],[-90.879628,29.051256],[-90.91511,29.051256],[-90.943715,29.060777]]],[[[-90.346547,29.058051],[-90.31078,29.082424],[-90.283844,29.086005],[-90.346547,29.058051]]],[[[-89.962961,29.270982],[-90.023752,29.216376],[-90.024281,29.238471],[-89.962961,29.270982]]],[[[-94.81428,29.352932],[-94.724409,29.333155],[-95.075955,29.114044],[-94.81428,29.352932]]],[[[-89.167836,29.50373],[-89.166249,29.482367],[-89.221832,29.469631],[-89.167836,29.50373]]],[[[-91.802073,29.490058],[-92.020497,29.568752],[-91.861399,29.637193],[-91.758534,29.586737],[-91.802073,29.490058]]],[[[-85.141754,29.640855],[-85.182281,29.673977],[-85.113678,29.691962],[-85.141754,29.640855]]],[[[-84.737375,29.736477],[-84.692698,29.76439],[-84.969472,29.611762],[-85.09732,29.627265],[-84.737375,29.736477]]],[[[-89.45519,29.791693],[-89.427317,29.743964],[-89.48998,29.736477],[-89.45519,29.791693]]],[[[-89.304351,29.805365],[-89.290679,29.771226],[-89.337026,29.806627],[-89.304351,29.805365]]],[[[-84.617014,29.805365],[-84.576405,29.81977],[-84.664703,29.778713],[-84.617014,29.805365]]],[[[-89.234364,29.948432],[-89.235504,29.931627],[-89.293935,29.920071],[-89.234364,29.948432]]],[[[-89.272939,29.982082],[-89.295806,29.942206],[-89.322581,29.917182],[-89.272939,29.982082]]],[[[-88.872426,30.058661],[-88.810943,29.915229],[-88.854563,29.769192],[-88.872426,30.058661]]],[[[-89.433013,30.145697],[-89.424916,30.142564],[-89.431264,30.133368],[-89.439361,30.136542],[-89.433013,30.145697]]],[[[-89.188344,30.079739],[-89.310699,30.054592],[-89.180816,30.168524],[-89.235463,30.120673],[-89.188344,30.079739]]],[[[-88.940785,30.217515],[-88.927846,30.217597],[-88.969309,30.210639],[-88.940785,30.217515]]],[[[-88.503041,30.216254],[-88.503041,30.223782],[-88.427358,30.216254],[-88.503041,30.216254]]],[[[-89.057973,30.257799],[-89.084625,30.195787],[-89.121409,30.230862],[-89.057973,30.257799]]],[[[-88.643056,30.240465],[-88.559682,30.231147],[-88.756337,30.244208],[-88.643056,30.240465]]],[[[-88.071116,30.250434],[-88.311269,30.236762],[-88.109039,30.276109],[-88.071116,30.250434]]],[[[-86.693756,30.408108],[-86.52184,30.401272],[-87.296498,30.332343],[-86.693756,30.408108]]],[[[-81.478749,30.805976],[-81.432688,30.938788],[-81.454213,30.734849],[-81.478749,30.805976]]],[[[-118.358766,32.827828],[-118.474263,32.838122],[-118.608245,33.014377],[-118.358766,32.827828]]],[[[-79.340443,33.060248],[-79.360951,33.005683],[-79.363108,33.043036],[-79.340443,33.060248]]],[[[-119.488604,33.267188],[-119.443391,33.24217],[-119.578926,33.276097],[-119.488604,33.267188]]],[[[-118.515654,33.423005],[-118.603913,33.476589],[-118.317255,33.343429],[-118.472771,33.332943],[-118.515654,33.423005]]],[[[-77.96996,33.889553],[-77.942047,33.916815],[-78.012278,33.865627],[-77.96996,33.889553]]],[[[-120.044139,34.037273],[-119.96883,33.941117],[-120.124206,33.895086],[-120.210244,33.972488],[-120.044139,34.037273]]],[[[-120.344582,34.046492],[-120.308301,34.0182],[-120.406226,34.031415],[-120.344582,34.046492]]],[[[-119.529426,34.025248],[-119.817205,33.959338],[-119.928468,34.0558],[-119.529426,34.025248]]],[[[-77.87442,34.088121],[-77.844228,34.166653],[-77.819203,34.177476],[-77.87442,34.088121]]],[[[-77.431874,34.499661],[-77.374135,34.523139],[-77.617787,34.377631],[-77.431874,34.499661]]],[[[-76.565338,34.670966],[-76.537709,34.642157],[-76.643219,34.678412],[-76.565338,34.670966]]],[[[-76.89745,34.698228],[-76.681467,34.705146],[-77.099762,34.649848],[-76.89745,34.698228]]],[[[-76.256256,34.913642],[-76.20226,34.944729],[-76.519643,34.61579],[-76.256256,34.913642]]],[[[-76.078114,35.071601],[-76.03718,35.061347],[-76.1256,35.011542],[-76.078114,35.071601]]],[[[-75.98998,35.12344],[-75.798899,35.184231],[-76.017323,35.075019],[-75.98998,35.12344]]],[[[-75.476064,35.69538],[-75.515614,35.260199],[-75.698313,35.197943],[-75.517079,35.321479],[-75.468617,35.56509],[-75.520009,35.756659],[-75.476064,35.69538]]],[[[-75.715688,35.92475],[-75.61262,35.863267],[-75.659291,35.836005],[-75.715688,35.92475]]],[[[-75.656127,37.461506],[-75.719214,37.368298],[-75.676477,37.455073],[-75.656127,37.461506]]],[[[-75.621981,37.57112],[-75.599806,37.575131],[-75.659575,37.482976],[-75.621981,37.57112]]],[[[-76.005365,38.026514],[-76.026368,37.913515],[-76.051422,37.994086],[-76.005365,38.026514]]],[[[-76.03323,38.148551],[-76.083608,38.160666],[-76.048608,38.200408],[-76.03323,38.148551]]],[[[-75.15331,38.207017],[-75.114369,38.280219],[-75.392913,37.864699],[-75.15331,38.207017]]],[[[-74.358795,39.44717],[-74.302113,39.464748],[-74.425526,39.393744],[-74.358795,39.44717]]],[[[-74.132883,39.714667],[-74.098134,39.755683],[-74.231632,39.552991],[-74.132883,39.714667]]],[[[-73.256144,40.639052],[-73.57412,40.575093],[-73.339384,40.644593],[-73.256144,40.639052]]],[[[-74.126088,40.63349],[-74.053569,40.602704],[-74.242984,40.499435],[-74.126088,40.63349]]],[[[-72.881511,40.7344],[-72.77923,40.766843],[-73.297459,40.622622],[-72.881511,40.7344]]],[[[-71.918935,41.064887],[-71.857411,41.071723],[-72.704442,40.776177],[-72.650516,40.797455],[-73.897118,40.554678],[-73.815411,40.645627],[-73.877761,40.582096],[-74.030021,40.605498],[-73.930233,40.773121],[-73.565273,40.914514],[-72.628326,40.983588],[-72.289459,41.16116],[-72.599562,40.930715],[-72.480847,40.897937],[-72.306683,41.035525],[-71.918935,41.064887]]],[[[-71.559474,41.201024],[-71.544473,41.162888],[-71.59955,41.145779],[-71.559474,41.201024]]],[[[-71.998734,41.251666],[-72.038798,41.249447],[-71.953888,41.286711],[-71.998734,41.251666]]],[[[-70.054149,41.392686],[-69.967149,41.249453],[-70.278112,41.307907],[-70.04601,41.307563],[-70.054149,41.392686]]],[[[-70.5006,41.393622],[-70.455719,41.429633],[-70.446685,41.367418],[-70.5006,41.393622]]],[[[-70.576405,41.427802],[-70.507436,41.362616],[-70.834055,41.339911],[-70.659901,41.456529],[-70.576405,41.427802]]],[[[-71.357818,41.558173],[-71.392649,41.463284],[-71.377675,41.577948],[-71.357818,41.558173]]],[[[-69.973012,41.653713],[-69.959381,41.632636],[-70.021474,41.550727],[-69.973012,41.653713]]],[[[-71.285512,41.581732],[-71.220611,41.660549],[-71.233632,41.530829],[-71.33495,41.459052],[-71.285512,41.581732]]],[[[-123.973997,46.49293],[-123.945531,46.417647],[-123.997763,46.453397],[-123.973997,46.49293]]],[[[-122.435129,47.425727],[-122.387359,47.393988],[-122.449534,47.347724],[-122.510243,47.455797],[-122.471018,47.495795],[-122.435129,47.425727]]],[[[-122.496938,47.607123],[-122.557607,47.597886],[-122.558013,47.695746],[-122.496938,47.607123]]],[[[-122.729319,48.096747],[-122.673207,48.023749],[-122.7176,48.023017],[-122.729319,48.096747]]],[[[-122.359364,47.97663],[-122.435414,47.910468],[-122.74413,48.205878],[-122.668446,48.36286],[-122.515981,48.321967],[-122.723704,48.233791],[-122.571034,48.166246],[-122.535512,48.005927],[-122.460032,48.053453],[-122.359364,47.97663]]],[[[-122.861928,48.489325],[-122.808339,48.458197],[-122.937611,48.458319],[-122.887074,48.563666],[-122.861928,48.489325]]],[[[-122.693715,48.585924],[-122.694081,48.543524],[-122.73705,48.577135],[-122.693715,48.585924]]],[[[-123.020172,48.499335],[-122.9829,48.463609],[-123.139312,48.495836],[-123.177561,48.598822],[-122.977651,48.531317],[-123.020172,48.499335]]],[[[-122.745839,48.664374],[-122.88679,48.696275],[-122.861928,48.601711],[-123.009633,48.605414],[-122.929311,48.708441],[-122.745839,48.664374]]],[[[-122.621409,48.668524],[-122.620473,48.645941],[-122.720286,48.724921],[-122.621409,48.668524]]],[[[-166.094553,53.980658],[-166.191274,53.964911],[-166.189158,53.989691],[-166.094553,53.980658]]],[[[-159.521474,54.792222],[-159.547109,54.753892],[-159.604197,54.812323],[-159.521474,54.792222]]],[[[-161.333567,55.191474],[-161.42219,55.185452],[-161.411448,55.219468],[-161.333567,55.191474]]],[[[-161.559031,55.254462],[-161.564076,55.207913],[-161.691721,55.211615],[-161.559031,55.254462]]],[[[-160.036244,55.326199],[-160.072947,55.308295],[-160.099355,55.340277],[-160.036244,55.326199]]],[[[-159.312734,55.811225],[-159.302113,55.759223],[-159.362294,55.786282],[-159.312734,55.811225]]],[[[-156.680409,56.039008],[-156.746165,56.034898],[-156.701283,56.066148],[-156.680409,56.039008]]],[[[-156.779897,56.189643],[-156.792063,56.153022],[-156.77831,56.226711],[-156.779897,56.189643]]],[[[-157.812327,56.342882],[-157.833323,56.313666],[-157.898386,56.339057],[-157.812327,56.342882]]],[[[-153.833811,57.502021],[-153.881459,57.476142],[-153.875722,57.533108],[-153.833811,57.502021]]],[[[-152.343902,57.923326],[-152.369374,57.88642],[-152.490305,57.956692],[-152.343902,57.923326]]],[[[-152.744374,57.983832],[-152.764109,57.93008],[-152.860707,57.954657],[-152.744374,57.983832]]],[[[-152.81135,58.290351],[-152.930613,58.328559],[-152.846059,58.337592],[-152.81135,58.290351]]],[[[-160.258738,58.678616],[-160.27718,58.636693],[-160.301242,58.729354],[-160.258738,58.678616]]],[[[-160.384592,58.730862],[-160.417185,58.681789],[-160.405998,58.751282],[-160.384592,58.730862]]],[[[-150.210846,61.173041],[-150.177724,61.161363],[-150.265248,61.12344],[-150.210846,61.173041]]],[[[-164.586903,63.064439],[-164.563303,63.05622],[-164.611806,63.046698],[-164.586903,63.064439]]],[[[-179.143503,51.275051],[-179.069447,51.262844],[-179.103098,51.226467],[-179.143503,51.275051]]],[[[-178.985829,51.384223],[-178.917551,51.377427],[-178.973622,51.312445],[-178.985829,51.384223]]],[[[-178.786529,51.829901],[-178.740183,51.783637],[-178.808298,51.747301],[-178.858144,51.788642],[-178.786529,51.829901]]],[[[-176.264719,51.810004],[-176.397043,51.741889],[-176.347157,51.86994],[-176.264719,51.810004]]],[[[-176.011464,51.829901],[-176.159006,51.791449],[-176.204539,51.881008],[-176.011464,51.829901]]],[[[-175.990956,51.884508],[-175.956858,51.85102],[-176.107737,51.884508],[-175.990956,51.884508]]],[[[-177.800282,51.795722],[-177.810374,51.69538],[-177.948842,51.610785],[-178.082509,51.662502],[-177.955393,51.763739],[-178.189565,51.854967],[-177.95226,51.92475],[-177.648183,51.847602],[-177.800282,51.795722]]],[[[-177.122182,51.932929],[-177.054677,51.909817],[-177.156687,51.700141],[-177.691762,51.693305],[-177.29247,51.782782],[-177.122182,51.932929]]],[[[-175.72411,51.973863],[-175.678456,51.966986],[-175.752024,51.939154],[-175.72411,51.973863]]],[[[-176.437245,51.788275],[-176.706899,51.638332],[-176.824778,51.624823],[-176.829701,51.690579],[-176.977895,51.600287],[-176.820261,51.7685],[-176.885569,51.819159],[-176.726552,51.781968],[-176.781809,51.936469],[-176.722361,51.960517],[-176.545888,51.980129],[-176.641469,51.864],[-176.437245,51.788275]]],[[[-175.867502,51.987494],[-175.80602,51.987494],[-175.950022,51.973863],[-175.867502,51.987494]]],[[[-176.138743,51.994371],[-176.175526,52.089667],[-176.105417,52.110745],[-175.963694,52.035346],[-176.04304,51.963365],[-176.138743,51.994371]]],[[[-173.123402,52.107978],[-172.9558,52.089911],[-173.500559,52.022854],[-174.033315,52.108466],[-173.123402,52.107978]]],[[[-172.407175,52.385443],[-172.325999,52.309475],[-172.633046,52.261298],[-172.407175,52.385443]]],[[[-174.051951,52.24079],[-174.180735,52.230699],[-174.100209,52.140937],[-174.429921,52.110053],[-174.398142,52.052639],[-174.510935,52.084377],[-174.490183,52.035346],[-175.323557,52.007758],[-174.339345,52.186184],[-174.236318,52.24372],[-174.442576,52.307522],[-174.190297,52.417873],[-174.010976,52.3581],[-174.051951,52.24079]]],[[[-171.256418,52.529446],[-171.207631,52.498725],[-171.276845,52.453681],[-171.256418,52.529446]]],[[[-170.604644,52.687079],[-170.621938,52.593899],[-170.846669,52.584377],[-170.604644,52.687079]]],[[[-170.1044,52.78266],[-170.056101,52.760321],[-170.194407,52.727444],[-170.1044,52.78266]]],[[[-169.686635,52.872016],[-169.737904,52.778306],[-170.011098,52.823635],[-169.686635,52.872016]]],[[[-170.070261,52.919176],[-170.014272,52.905829],[-170.056101,52.857082],[-170.070261,52.919176]]],[[[-169.693471,53.035875],[-169.71935,52.950141],[-169.758005,52.982733],[-169.693471,53.035875]]],[[[-167.857493,53.392768],[-168.287587,53.242987],[-168.466054,53.056627],[-168.780385,52.913642],[-169.111277,52.823635],[-168.863271,52.971584],[-168.686106,53.228339],[-168.379465,53.260972],[-168.373606,53.46015],[-168.270701,53.513861],[-167.837392,53.525458],[-167.857493,53.392768]]],[[[-166.136952,53.837836],[-166.121205,53.783637],[-166.290883,53.749091],[-166.136952,53.837836]]],[[[-166.294301,53.727973],[-166.593373,53.569566],[-166.66454,53.598212],[-166.667958,53.519436],[-166.771555,53.548163],[-166.800282,53.464748],[-167.66511,53.241929],[-167.850046,53.309638],[-166.980051,53.528062],[-167.162058,53.602362],[-166.99352,53.618109],[-167.028025,53.704779],[-166.801707,53.631781],[-166.827097,53.690863],[-166.705515,53.721137],[-167.151112,53.824164],[-167.031077,53.957668],[-166.668324,54.013577],[-166.605702,53.985785],[-166.609934,53.831],[-166.409861,53.98017],[-166.276723,53.974921],[-166.26655,53.874335],[-166.575144,53.714301],[-166.346181,53.782701],[-166.294301,53.727973]]],[[[-165.266713,54.091051],[-165.292836,54.04682],[-165.465281,54.073879],[-165.266713,54.091051]]],[[[-165.739084,54.12519],[-165.672109,54.128852],[-166.040761,54.036444],[-166.116444,54.139472],[-165.971384,54.219468],[-165.739084,54.12519]]],[[[-165.485829,54.173651],[-165.588816,54.110907],[-165.596018,54.21369],[-165.684438,54.235053],[-165.531199,54.294379],[-165.485829,54.173651]]],[[[-159.284535,54.940823],[-159.226877,54.93358],[-159.28661,54.871731],[-159.284535,54.940823]]],[[[-159.390085,55.023383],[-159.339182,54.975531],[-159.462717,54.948188],[-159.390085,55.023383]]],[[[-159.524159,55.071112],[-159.645375,55.112698],[-159.551381,55.142157],[-159.606068,55.167914],[-159.53364,55.251044],[-159.524159,55.071112]]],[[[-159.901479,55.140082],[-159.857533,55.190253],[-160.208445,54.873847],[-160.240224,54.927069],[-160.100819,55.034247],[-160.174631,55.058051],[-160.127431,55.153713],[-160.024037,55.111029],[-160.056101,55.181383],[-159.898671,55.285346],[-159.901479,55.140082]]],[[[-163.139027,55.40351],[-163.188181,55.425116],[-163.142771,55.441067],[-163.139027,55.40351]]],[[[-154.899622,19.567016],[-154.814064,19.506579],[-154.874736,19.412884],[-155.487782,19.142524],[-155.674756,18.906117],[-155.859133,19.023812],[-155.91993,19.138601],[-155.88553,19.334157],[-156.060164,19.731221],[-155.824083,20.020092],[-155.880483,20.252021],[-155.168043,19.946827],[-154.899622,19.567016]]],[[[-156.561774,20.598008],[-156.549768,20.541473],[-156.679261,20.504713],[-156.561774,20.598008]]],[[[-156.848378,20.876817],[-156.831257,20.763807],[-156.913738,20.734724],[-157.05081,20.871406],[-157.031551,20.922718],[-156.848378,20.876817]]],[[[-156.001698,20.800442],[-155.984696,20.717591],[-156.075404,20.650672],[-156.407653,20.587207],[-156.464319,20.781383],[-156.633256,20.823738],[-156.69226,20.936103],[-156.581386,21.01815],[-156.001698,20.800442]]],[[[-156.749013,21.170966],[-156.724843,21.123725],[-156.869578,21.053371],[-157.30427,21.128241],[-157.259036,21.214829],[-156.749013,21.170966]]],[[[-157.706824,21.351995],[-157.693212,21.262742],[-157.947003,21.302743],[-157.991332,21.391073],[-158.077952,21.298061],[-158.278933,21.575265],[-157.982646,21.70985],[-157.706824,21.351995]]],[[[-160.113759,22.000271],[-160.059964,22.000563],[-160.102534,21.886284],[-160.248036,21.82803],[-160.113759,22.000271]]],[[[-159.301259,22.151028],[-159.347862,21.93671],[-159.433717,21.874117],[-159.78722,22.033299],[-159.576594,22.225661],[-159.357866,22.222729],[-159.301259,22.151028]]],[[[179.400076,51.408433],[179.458507,51.381293],[179.23585,51.363471],[178.636404,51.637437],[178.88738,51.620551],[179.400076,51.408433]]],[[[178.252208,51.829901],[178.396169,51.7685],[178.224864,51.836737],[178.252208,51.829901]]],[[[178.533946,51.987494],[178.590505,51.968248],[178.516775,51.896186],[178.471934,51.976996],[178.533946,51.987494]]],[[[179.780935,51.967027],[179.6421,51.874172],[179.49936,51.95893],[179.621267,52.022162],[179.780935,51.967027]]],[[[177.642589,52.124701],[177.69044,52.089911],[177.567638,52.001858],[177.567638,51.911811],[177.413585,51.93065],[177.334483,51.839667],[177.237804,51.883124],[177.642589,52.124701]]],[[[175.881847,52.377997],[175.973318,52.364651],[175.928884,52.33926],[175.881847,52.377997]]],[[[173.79127,52.501532],[173.743419,52.361233],[173.401703,52.396674],[173.79127,52.501532]]],[[[174.09669,52.713772],[174.113943,52.741034],[174.164806,52.720933],[174.09669,52.713772]]],[[[173.376638,52.830471],[172.907481,52.754706],[172.640391,52.868801],[172.652843,52.924384],[172.491873,52.920111],[172.660411,53.008612],[173.127208,52.99494],[173.376638,52.830471]]],[[[-164.972524,54.12519],[-164.965077,54.07746],[-165.206776,54.085354],[-164.972524,54.12519]]],[[[-162.409128,54.406399],[-162.368113,54.385891],[-162.480173,54.401923],[-162.409128,54.406399]]],[[[-162.587229,54.441107],[-162.545359,54.402981],[-162.841135,54.461005],[-162.587229,54.441107]]],[[[-162.374949,54.954413],[-162.237782,54.968085],[-162.230946,54.907294],[-162.342152,54.839545],[-162.434153,54.914374],[-162.374949,54.954413]]],[[[-163.073842,54.687567],[-163.347768,54.752265],[-163.622548,54.611802],[-164.13268,54.623236],[-164.361318,54.458482],[-164.633046,54.395819],[-164.802317,54.404039],[-164.938303,54.598863],[-164.739207,54.652777],[-164.477528,54.918891],[-164.225087,54.894721],[-163.75654,55.06037],[-163.571645,55.057034],[-163.373036,54.79267],[-163.177113,54.778795],[-163.073842,54.687567]]],[[[-161.730662,55.160549],[-161.660837,55.130683],[-161.696523,55.071112],[-161.797434,55.077053],[-161.813222,55.160549],[-161.871938,55.121405],[-161.730662,55.160549]]],[[[-160.325429,55.358547],[-160.346913,55.250556],[-160.498484,55.302232],[-160.325429,55.358547]]],[[[-160.497385,55.194648],[-160.733347,55.191962],[-160.818918,55.119534],[-160.853627,55.331855],[-160.695994,55.406928],[-160.650136,55.321601],[-160.559275,55.393134],[-160.497385,55.194648]]],[[[-160.147939,55.38642],[-160.346547,55.417467],[-160.171132,55.453762],[-160.147939,55.38642]]],[[[-158.708567,55.831488],[-158.887318,55.831488],[-158.853749,55.890937],[-158.708567,55.831488]]],[[[-169.580881,56.609524],[-169.474355,56.593004],[-169.63268,56.544664],[-169.766225,56.606879],[-169.580881,56.609524]]],[[[-170.241567,57.216254],[-170.14741,57.234076],[-170.255238,57.141099],[-170.385203,57.153551],[-170.241567,57.216254]]],[[[-165.582102,59.950995],[-166.246693,59.853909],[-166.094675,59.7956],[-166.199045,59.761664],[-167.121938,60.000718],[-167.436147,60.19538],[-166.820424,60.217597],[-166.760854,60.304429],[-166.136952,60.388577],[-166.157419,60.436957],[-165.98823,60.320624],[-165.705556,60.313463],[-165.693715,60.093207],[-165.582102,59.950995]]],[[[-172.297312,60.351345],[-172.225779,60.323635],[-172.599965,60.32982],[-173.057607,60.49844],[-172.952341,60.600979],[-172.811838,60.477973],[-172.297312,60.351345]]],[[[-169.809967,63.064643],[-169.777089,63.035061],[-169.931874,63.139146],[-169.809967,63.064643]]],[[[-169.440943,63.36354],[-169.489329,63.367825],[-169.529001,63.383368],[-169.440943,63.36354]]],[[[-170.296213,63.239407],[-170.707834,63.395209],[-170.485463,63.344672],[-170.296213,63.239407]]],[[[-170.975209,63.43122],[-171.058542,63.430121],[-170.784047,63.408515],[-170.975209,63.43122]]],[[[-171.090037,63.603909],[-171.07079,63.602484],[-171.0749,63.60224],[-171.090037,63.603909]]],[[[-171.090037,63.603909],[-171.157656,63.609737],[-171.144032,63.611762],[-171.090037,63.603909]]],[[[-168.740712,63.280992],[-168.850819,63.162828],[-169.351145,63.176215],[-169.649403,62.948432],[-169.817454,63.126776],[-170.236033,63.197455],[-170.261342,63.28913],[-170.596425,63.399156],[-171.083852,63.444892],[-171.557444,63.335028],[-171.759145,63.390326],[-171.845448,63.554755],[-171.672597,63.796332],[-171.646189,63.712348],[-171.446523,63.658637],[-171.543772,63.616767],[-171.487172,63.608954],[-170.888743,63.585395],[-170.337758,63.699286],[-170.067006,63.594143],[-170.073232,63.499335],[-169.521555,63.352973],[-168.740712,63.280992]]],[[[-68.848134,44.095526],[-68.807118,44.037543],[-68.910186,44.095526],[-68.848134,44.095526]]],[[[-68.642079,44.260037],[-68.60851,44.212836],[-68.716339,44.167344],[-68.642079,44.260037]]],[[[-68.244822,44.424506],[-68.198923,44.308621],[-68.414052,44.258612],[-68.410105,44.360053],[-68.244822,44.424506]]],[[[-161.947865,23.038031],[-161.944773,23.04621],[-161.940419,23.0456],[-161.947865,23.038031]]],[[[-164.704335,23.579332],[-164.699086,23.570543],[-164.707265,23.572577],[-164.704335,23.579332]]],[[[-167.996775,25.001125],[-168.002797,25.014797],[-167.995554,25.011664],[-167.996775,25.001125]]],[[[-171.722849,25.773017],[-171.72936,25.751939],[-171.740671,25.769029],[-171.722849,25.773017]]],[[[-173.964996,26.071357],[-173.959177,26.059638],[-173.965647,26.05858],[-173.964996,26.071357]]],[[[-178.290381,28.401679],[-178.287905,28.392989],[-178.298397,28.387372],[-178.290381,28.401679]]],[[[-122.705393,47.181952],[-122.677073,47.139553],[-122.737904,47.14232],[-122.705393,47.181952]]],[[[-122.868153,47.268297],[-122.87385,47.167873],[-122.914866,47.255561],[-122.868153,47.268297]]],[[[-82.118398,24.556464],[-82.113759,24.557318],[-82.128774,24.550849],[-82.118398,24.556464]]],[[[-82.119618,24.58511],[-82.139963,24.593329],[-82.110463,24.565497],[-82.119618,24.58511]]],[[[-81.424469,24.654975],[-81.410634,24.655422],[-81.414784,24.647691],[-81.424469,24.654975]]],[[[-81.265207,24.671291],[-81.258372,24.667629],[-81.276031,24.655585],[-81.265207,24.671291]]],[[[-81.448069,24.680569],[-81.43932,24.660386],[-81.460683,24.664374],[-81.448069,24.680569]]],[[[-81.482411,24.683254],[-81.511138,24.661322],[-81.515004,24.69774],[-81.482411,24.683254]]],[[[-81.329457,24.703315],[-81.315541,24.679633],[-81.340891,24.7001],[-81.329457,24.703315]]],[[[-80.700836,24.881008],[-80.733551,24.850328],[-80.735992,24.857367],[-80.700836,24.881008]]],[[[-80.625478,24.936225],[-80.61852,24.941555],[-80.657135,24.901109],[-80.625478,24.936225]]],[[[-81.047475,25.309394],[-81.051747,25.278306],[-81.078359,25.301703],[-81.047475,25.309394]]],[[[-81.089019,25.338853],[-81.090728,25.312812],[-81.122222,25.336575],[-81.089019,25.338853]]],[[[-81.380483,25.82095],[-81.439565,25.8039],[-81.4405,25.842434],[-81.380483,25.82095]]],[[[-81.453359,25.825507],[-81.512034,25.836127],[-81.494456,25.867621],[-81.453359,25.825507]]],[[[-81.676137,25.901272],[-81.672027,25.867255],[-81.701568,25.877509],[-81.676137,25.901272]]],[[[-81.541005,25.890123],[-81.545766,25.853664],[-81.558339,25.903388],[-81.541005,25.890123]]],[[[-82.666005,28.734442],[-82.672271,28.715237],[-82.696034,28.725572],[-82.666005,28.734442]]],[[[-82.696401,28.763983],[-82.694936,28.787584],[-82.673492,28.777086],[-82.696401,28.763983]]],[[[-90.652089,29.067206],[-90.765207,29.040961],[-90.714101,29.065416],[-90.652089,29.067206]]],[[[-90.417388,29.055487],[-90.413401,29.04857],[-90.512359,29.074856],[-90.417388,29.055487]]],[[[-83.038197,29.145209],[-83.049957,29.131985],[-83.057525,29.150092],[-83.038197,29.145209]]],[[[-90.450022,29.235093],[-90.446278,29.260321],[-90.433827,29.255113],[-90.450022,29.235093]]],[[[-89.927846,29.288153],[-89.913157,29.290229],[-89.92927,29.276597],[-89.927846,29.288153]]],[[[-89.994944,29.45661],[-90.101796,29.478339],[-90.081776,29.511298],[-89.994944,29.45661]]],[[[-89.057037,29.562079],[-89.049916,29.565009],[-89.0985,29.520941],[-89.057037,29.562079]]],[[[-88.979604,29.63288],[-88.964508,29.642768],[-88.978261,29.631659],[-88.979604,29.63288]]],[[[-88.925404,29.683092],[-88.938832,29.673285],[-88.874094,29.747463],[-88.925404,29.683092]]],[[[-81.251289,31.504578],[-81.202909,31.534334],[-81.261718,31.387792],[-81.251289,31.504578]]],[[[-81.160555,31.669889],[-81.136435,31.69841],[-81.16096,31.567314],[-81.160555,31.669889]]],[[[-118.234676,33.763153],[-118.257629,33.716554],[-118.24432,33.734291],[-118.267506,33.747029],[-118.234676,33.763153]]],[[[-75.903773,37.129214],[-75.895603,37.25297],[-75.823227,37.196323],[-75.903773,37.129214]]],[[[-72.341559,41.090652],[-72.27566,41.039271],[-72.371306,41.054992],[-72.341559,41.090652]]],[[[-72.131022,41.120472],[-72.091354,41.1019],[-72.100823,41.054246],[-72.131022,41.120472]]],[[[-70.830471,41.260366],[-70.801798,41.256785],[-70.810903,41.248046],[-70.830471,41.260366]]],[[[-70.871176,41.43867],[-70.848598,41.434332],[-70.938665,41.41122],[-70.871176,41.43867]]],[[[-70.724354,41.5111],[-70.679194,41.51045],[-70.839861,41.450531],[-70.724354,41.5111]]],[[[-123.417085,46.204842],[-123.324327,46.154662],[-123.396638,46.168933],[-123.417085,46.204842]]],[[[-123.480747,46.255944],[-123.436684,46.220399],[-123.468439,46.225003],[-123.480747,46.255944]]],[[[-133.520334,54.814114],[-133.543975,54.779446],[-133.544749,54.831692],[-133.520334,54.814114]]],[[[-131.18915,55.103431],[-131.189992,55.048337],[-131.254895,55.069237],[-131.18915,55.103431]]],[[[-133.307277,55.432187],[-133.236057,55.44022],[-133.274493,55.40428],[-133.307277,55.432187]]],[[[-152.288189,57.396985],[-152.255922,57.384243],[-152.298183,57.363155],[-152.288189,57.396985]]],[[[-136.137573,58.265089],[-136.045053,58.318596],[-136.059997,58.267785],[-136.137573,58.265089]]],[[[-135.718503,58.346144],[-135.654904,58.379797],[-135.543345,58.334832],[-135.718503,58.346144]]],[[[-152.035227,58.951687],[-152.013132,58.939846],[-152.065094,58.911282],[-152.035227,58.951687]]],[[[-151.687859,59.129656],[-151.64372,59.115749],[-151.713647,59.105835],[-151.687859,59.129656]]],[[[-151.465133,59.138191],[-151.428281,59.117302],[-151.508501,59.128566],[-151.465133,59.138191]]],[[[-151.858987,59.163867],[-151.816822,59.170664],[-151.89319,59.144364],[-151.858987,59.163867]]],[[[-146.323598,59.452135],[-146.322418,59.425849],[-146.358632,59.422431],[-146.323598,59.452135]]],[[[-152.563181,60.14997],[-152.580149,60.107245],[-152.628285,60.148627],[-152.563181,60.14997]]],[[[-147.360422,60.300727],[-147.472727,60.22956],[-147.500966,60.258368],[-147.360422,60.300727]]],[[[-173.06432,60.642524],[-173.113596,60.653022],[-173.071726,60.686225],[-173.06432,60.642524]]],[[[-146.820306,60.841694],[-146.712851,60.853252],[-146.76558,60.801956],[-146.820306,60.841694]]],[[[-147.094146,60.897935],[-147.139638,60.855618],[-147.310536,60.874457],[-147.094146,60.897935]]],[[[-165.948923,62.029527],[-165.99828,62.0185],[-165.9829,62.065904],[-165.948923,62.029527]]],[[[-168.035512,64.985297],[-168.048411,64.95893],[-168.087595,64.978827],[-168.035512,64.985297]]],[[[-168.907908,65.768297],[-168.899607,65.747626],[-168.951731,65.75316],[-168.907908,65.768297]]],[[[-167.777008,65.773017],[-167.738271,65.777167],[-167.827219,65.738593],[-167.777008,65.773017]]],[[[-167.670969,65.793687],[-167.566477,65.816636],[-167.695424,65.740912],[-167.670969,65.793687]]],[[[-166.859486,66.03974],[-166.835805,66.041815],[-167.239491,65.909247],[-166.859486,66.03974]]],[[[-166.283518,66.200629],[-166.187082,66.210273],[-166.800526,66.0515],[-166.283518,66.200629]]],[[[-166.088531,66.256171],[-166.041819,66.259996],[-166.14741,66.220364],[-166.088531,66.256171]]],[[[-165.864329,66.316881],[-165.814646,66.326361],[-166.010365,66.257717],[-165.864329,66.316881]]],[[[-165.488718,66.409003],[-165.697743,66.356838],[-165.690867,66.370754],[-165.488718,66.409003]]],[[[-165.488718,66.409003],[-165.448313,66.418769],[-165.42394,66.421332],[-165.488718,66.409003]]],[[[-165.342641,66.436713],[-165.381663,66.425686],[-165.423039,66.421449],[-165.342641,66.436713]]],[[[-165.342641,66.436713],[-165.326405,66.440253],[-165.322703,66.440416],[-165.342641,66.436713]]],[[[-164.763336,66.546454],[-164.866567,66.507025],[-165.32085,66.440582],[-164.763336,66.546454]]]]}},{"type":"Feature","properties":{"iso3":"CAN","name":"Canada","continent":"Americas"},"geometry":{"type":"MultiPolygon","coordinates":[[[[-95.160569,49.369494],[-95.159329,49.01179],[-122.753017,48.992515],[-122.881744,49.086493],[-123.090506,48.992515],[-123.040679,49.151028],[-123.211985,49.12995],[-123.156972,49.205308],[-123.246897,49.274644],[-122.960846,49.281887],[-122.86266,49.40644],[-122.869049,49.456366],[-123.02066,49.30683],[-123.270009,49.335354],[-123.169993,49.674994],[-123.489491,49.515041],[-123.516184,49.391669],[-123.865224,49.473334],[-124.06607,49.644029],[-123.954945,49.746894],[-123.805084,49.528632],[-123.550201,49.674872],[-123.794545,49.644029],[-123.927602,49.763617],[-123.883616,49.901109],[-123.953603,49.989691],[-123.771962,50.072943],[-123.814809,50.149156],[-123.970611,50.214423],[-123.813344,50.107815],[-123.981109,50.021389],[-123.938222,49.828803],[-124.020416,49.907782],[-124.081614,49.808295],[-124.30427,49.752672],[-124.525543,49.814846],[-124.822092,50.040107],[-124.703765,49.996894],[-124.605214,50.232856],[-124.687327,50.312567],[-124.631825,50.401801],[-124.35676,50.486151],[-124.671986,50.430854],[-124.80842,50.322252],[-124.941274,50.325995],[-125.006988,50.432115],[-125.088979,50.350165],[-125.060658,50.469794],[-124.885813,50.559312],[-124.828928,50.719713],[-124.896108,50.773586],[-124.803456,50.915513],[-124.971303,50.82038],[-124.900014,50.735256],[-124.933705,50.601508],[-125.127838,50.436998],[-125.347564,50.52025],[-125.577056,50.470689],[-125.452707,50.685289],[-125.503814,50.688137],[-125.670237,50.439439],[-125.814076,50.533149],[-126.242258,50.501044],[-125.977528,50.613227],[-126.243764,50.596625],[-125.699127,50.689399],[-125.512115,50.960842],[-125.637034,51.103705],[-125.557444,50.919827],[-125.67927,50.870307],[-125.650461,50.804511],[-125.743479,50.717231],[-126.186635,50.671861],[-126.055328,50.774726],[-126.196441,50.798],[-126.178863,50.853217],[-126.559397,50.853258],[-126.498931,50.922349],[-126.173085,50.938788],[-126.459462,50.951728],[-126.514882,51.062323],[-126.526845,50.955878],[-126.674224,50.87816],[-127.136138,50.930813],[-126.953481,50.884589],[-127.067372,50.830756],[-127.429026,50.943101],[-127.499582,51.095364],[-127.777008,51.167222],[-127.736399,51.25788],[-127.571441,51.300605],[-127.145863,51.319281],[-127.114125,51.382148],[-127.255767,51.308824],[-127.779652,51.330552],[-127.559926,51.467434],[-127.492014,51.620592],[-126.616526,51.697577],[-126.637563,51.761623],[-126.69933,51.665432],[-127.446929,51.685858],[-127.337066,51.857164],[-127.476715,51.713446],[-127.616038,51.707831],[-127.498931,51.676907],[-127.571604,51.528144],[-127.713857,51.45775],[-127.756988,51.487982],[-127.680653,51.505194],[-127.791371,51.526923],[-127.873687,51.673407],[-127.860178,51.90648],[-127.711781,51.948879],[-127.547353,52.143256],[-127.475453,52.106635],[-127.62442,52.02851],[-127.405344,52.104234],[-127.398346,52.196438],[-127.186431,52.309312],[-126.957428,52.268622],[-126.68102,52.000149],[-126.930043,52.293402],[-126.733754,52.371161],[-127.11734,52.350653],[-127.232737,52.50788],[-126.925526,52.73428],[-126.991689,52.843817],[-127.042307,52.864569],[-127.053822,52.653022],[-127.495107,52.358832],[-127.730336,52.276272],[-127.735748,52.328925],[-127.84732,52.224758],[-127.929433,52.304999],[-127.847483,52.371324],[-127.872629,52.504136],[-127.967681,52.322699],[-128.066558,52.449652],[-127.877675,52.584052],[-128.071197,52.517808],[-128.28303,52.283922],[-128.392242,52.296047],[-128.238108,52.443183],[-128.132232,52.873114],[-128.028798,52.916653],[-128.275502,52.79975],[-128.433013,52.823676],[-128.556752,53.12873],[-128.498362,53.141099],[-128.84911,53.278551],[-128.844228,53.470893],[-128.974477,53.556627],[-128.775543,53.555609],[-128.493886,53.344062],[-128.379506,53.447496],[-128.148915,53.453599],[-127.87149,53.228339],[-128.112375,53.465155],[-128.502675,53.444566],[-128.779286,53.594713],[-128.75536,53.810492],[-128.479482,53.836859],[-128.67516,53.887274],[-128.617909,54.020168],[-128.932851,53.776353],[-128.965891,53.89053],[-129.00178,53.762112],[-129.048004,53.812323],[-129.033274,53.749498],[-129.228342,53.632717],[-129.289784,53.385403],[-130.104726,53.947089],[-130.05663,54.139553],[-129.979888,54.161119],[-129.750885,53.985663],[-129.932281,54.16828],[-129.886586,54.2119],[-129.475331,54.235053],[-130.112172,54.159329],[-130.277252,54.20775],[-130.246449,54.387193],[-130.473948,54.35871],[-130.362701,54.61225],[-130.006093,54.319973],[-130.07315,54.377021],[-130.016591,54.488267],[-130.101145,54.426337],[-130.191314,54.482123],[-130.359771,54.632148],[-130.338124,54.693793],[-129.923655,54.609198],[-130.201527,54.728502],[-130.059682,54.878852],[-130.173655,54.84455],[-129.996734,54.976955],[-129.989247,54.920315],[-129.663319,54.984361],[-129.975657,55.058051],[-129.647084,55.433173],[-129.486562,55.459947],[-129.68635,55.419582],[-129.790517,55.598334],[-129.790883,55.347886],[-130.037099,55.036363],[-130.13268,55.019924],[-130.167388,55.085395],[-129.957916,55.273505],[-130.128814,55.759223],[-129.984731,55.905463],[-130.071539,56.084123],[-130.403974,56.121898],[-130.760334,56.345192],[-131.536437,56.585229],[-131.799108,56.587658],[-131.872411,56.77297],[-132.107384,56.858753],[-132.031859,57.028406],[-132.34122,57.080393],[-132.230994,57.19682],[-133.41503,58.330549],[-133.392241,58.403878],[-133.87123,58.735899],[-134.22219,58.842714],[-134.692084,59.235249],[-134.979973,59.297415],[-135.095754,59.418855],[-135.016198,59.543447],[-135.087874,59.606544],[-135.465137,59.789685],[-136.2585,59.621582],[-136.350329,59.592384],[-136.275036,59.486448],[-136.467557,59.461643],[-136.466549,59.287803],[-136.569489,59.172152],[-136.840816,59.148174],[-137.486875,58.900075],[-137.582088,59.206568],[-138.59921,59.753822],[-138.692098,59.886888],[-139.182146,60.073389],[-139.101608,60.346602],[-139.679816,60.32681],[-139.967757,60.188369],[-140.424111,60.293168],[-140.506664,60.236324],[-140.979555,60.295804],[-141.005564,69.650946],[-139.917958,69.621324],[-139.143788,69.513658],[-138.60851,69.248603],[-138.39037,69.309027],[-138.09553,69.140123],[-137.223744,68.950914],[-136.067616,68.885321],[-135.186757,68.662421],[-135.480336,68.811428],[-135.340891,68.838609],[-136.004994,68.947903],[-135.923085,68.962144],[-135.954172,69.048407],[-135.519032,69.029771],[-135.919423,69.093492],[-135.969106,69.207221],[-135.933827,69.254136],[-135.415924,69.0987],[-135.836293,69.260932],[-135.701527,69.332831],[-135.583852,69.235419],[-135.569325,69.344672],[-135.175893,69.262152],[-135.27599,69.400336],[-135.155385,69.479722],[-134.476308,69.443793],[-134.450307,69.51675],[-134.58731,69.495917],[-134.405507,69.636868],[-134.497955,69.72248],[-134.319895,69.723578],[-134.353993,69.681545],[-134.149159,69.64057],[-134.242421,69.577216],[-134.004506,69.558051],[-134.052317,69.530707],[-133.778554,69.577867],[-133.818105,69.467353],[-134.283437,69.185614],[-133.631907,69.399156],[-133.089426,69.445054],[-132.887278,69.661078],[-132.385081,69.646674],[-132.332997,69.684638],[-132.603505,69.669094],[-132.277415,69.774319],[-132.449208,69.744208],[-132.167633,69.687812],[-131.426422,69.950629],[-131.24059,69.933051],[-131.188466,69.824897],[-130.893625,70.106024],[-130.691233,70.086371],[-130.461578,70.174954],[-130.541412,70.114691],[-129.931711,70.076117],[-129.67394,70.269924],[-129.436431,70.1258],[-129.542144,70.049872],[-129.495229,70.030341],[-130.527089,69.783881],[-130.897776,69.587226],[-131.057607,69.642646],[-132.013051,69.527533],[-132.078521,69.386054],[-132.334625,69.315741],[-132.315338,69.267279],[-132.434804,69.304145],[-132.48648,69.174018],[-132.544667,69.290473],[-132.827016,69.223578],[-132.881093,68.992255],[-132.928863,69.08161],[-133.100738,69.072008],[-133.335439,68.867621],[-133.470123,68.893256],[-133.451039,68.791164],[-132.957875,68.699449],[-133.388173,68.845445],[-132.514231,68.805325],[-132.414215,68.842963],[-132.550201,68.920111],[-132.483795,68.88581],[-132.767934,68.847113],[-132.725331,68.874579],[-132.832631,68.921129],[-132.675649,68.927395],[-132.864654,69.009223],[-132.431304,69.228258],[-132.457265,69.13227],[-132.342926,69.225653],[-132.235097,69.159084],[-131.715443,69.400336],[-131.955556,69.399482],[-131.911244,69.428127],[-131.427561,69.435126],[-131.507883,69.346137],[-131.335072,69.478217],[-131.260854,69.421088],[-131.270904,69.485663],[-131.211171,69.398424],[-131.394114,69.323391],[-131.325592,69.325263],[-131.171051,69.387641],[-131.232493,69.541897],[-131.115142,69.51675],[-131.119374,69.409491],[-131.080556,69.446438],[-131.068837,69.51439],[-131.188385,69.579739],[-131.127797,69.621039],[-131.030181,69.461819],[-131.082021,69.355943],[-130.947743,69.538886],[-130.957631,69.410631],[-131.051259,69.338935],[-130.907297,69.34512],[-131.017974,69.216742],[-130.958485,69.145697],[-130.950917,69.247545],[-130.646596,69.461819],[-130.750234,69.454332],[-130.338124,69.68773],[-129.122914,69.856106],[-128.925364,69.977607],[-128.858388,69.955268],[-129.173695,69.832343],[-129.158559,69.71483],[-128.941518,69.68244],[-128.967641,69.732408],[-128.336293,69.950385],[-128.370229,70.097398],[-128.269928,70.140815],[-127.515207,70.222113],[-128.032379,70.293687],[-128.079905,70.331448],[-127.928293,70.385728],[-128.20051,70.400865],[-128.009267,70.579047],[-127.230824,70.309882],[-126.77477,69.975735],[-126.678375,69.753811],[-126.227366,69.517524],[-125.448842,69.319159],[-125.378977,69.342922],[-125.454498,69.386908],[-125.116851,69.420844],[-125.594309,69.425238],[-125.468658,69.51496],[-125.116851,69.489691],[-125.286773,69.550849],[-125.219309,69.585354],[-125.415883,69.603217],[-125.381988,69.68476],[-124.861562,69.713202],[-125.221262,69.768052],[-125.219309,69.845404],[-125.075307,69.797593],[-124.931223,69.925279],[-124.639312,69.973944],[-124.902943,70.016099],[-125.197906,69.936428],[-125.129872,70.037177],[-124.671254,70.078803],[-124.545562,70.018948],[-124.417348,70.051459],[-124.753245,70.120103],[-124.441558,70.155666],[-124.370269,70.041693],[-124.524403,69.973538],[-124.435374,69.955268],[-124.481191,69.759182],[-124.039418,69.682807],[-124.498362,69.415107],[-124.438466,69.369615],[-123.38268,69.414008],[-123.443227,69.476874],[-123.177561,69.495917],[-123.100453,69.67536],[-123.157338,69.77025],[-122.950999,69.838568],[-121.64387,69.789049],[-120.807362,69.623521],[-120.085805,69.363593],[-118.666371,69.225491],[-118.040883,69.024604],[-117.165395,68.893948],[-116.973622,68.946275],[-115.971181,68.809272],[-116.311106,68.947699],[-115.587758,68.975165],[-114.522572,68.717231],[-114.10554,68.506008],[-114.059438,68.397406],[-113.905385,68.399807],[-114.081207,68.240668],[-114.968617,68.283149],[-114.755116,68.194322],[-115.241689,68.186916],[-115.242787,68.054755],[-115.128651,68.022854],[-115.533803,67.934394],[-114.99649,67.792711],[-113.858754,67.696234],[-112.42101,67.68244],[-112.02774,67.748684],[-111.870758,67.694037],[-111.87975,67.764065],[-111.545644,67.721381],[-111.167388,67.846096],[-111.156321,67.767727],[-111.037506,67.766832],[-110.420806,67.948391],[-110.158193,67.918402],[-110.203033,67.974066],[-110.081654,68.009426],[-109.971181,67.967271],[-109.966908,67.833808],[-109.832021,67.873603],[-109.538726,67.689032],[-109.434234,67.752143],[-109.074574,67.721991],[-108.933665,67.546332],[-108.996938,67.449042],[-108.841176,67.367662],[-108.744456,67.45425],[-108.738393,67.593207],[-108.639882,67.629462],[-108.471262,67.351467],[-108.386301,67.449286],[-107.992543,67.282457],[-107.88561,67.092515],[-108.302968,67.040351],[-108.62206,67.159654],[-108.506012,67.036811],[-108.119456,66.939399],[-108.231679,66.851142],[-107.995229,66.832221],[-107.911936,66.688422],[-107.765736,66.691352],[-107.209869,66.359117],[-107.767405,66.739407],[-107.697255,66.802802],[-107.765859,66.996324],[-107.634836,66.967108],[-107.666493,67.063422],[-107.512318,67.00141],[-107.484364,66.91942],[-107.697255,66.953559],[-107.541249,66.884589],[-107.57372,66.844957],[-107.431467,66.807847],[-107.441396,66.962958],[-107.37678,66.969713],[-107.114329,66.824897],[-107.368276,67.03441],[-107.203196,67.124905],[-107.527008,67.212348],[-107.71642,67.404608],[-107.583648,67.478013],[-108.018788,67.735053],[-107.687327,67.9112],[-107.909535,67.995103],[-107.861724,68.104967],[-107.731435,68.088202],[-107.813954,68.057196],[-107.751861,67.995103],[-107.191558,68.117865],[-106.758168,68.104967],[-106.813385,68.207994],[-106.753,68.228827],[-106.443471,68.152777],[-106.346588,68.186916],[-106.48412,68.228664],[-106.470774,68.331529],[-105.776519,68.421942],[-105.692738,68.622626],[-106.522043,68.526679],[-106.422353,68.515855],[-106.617747,68.472113],[-106.516103,68.415839],[-106.592885,68.300727],[-106.786733,68.414944],[-107.246205,68.267279],[-107.806264,68.34516],[-107.889027,68.269477],[-107.620432,68.183295],[-108.389231,68.111029],[-108.436269,68.136786],[-108.32787,68.204576],[-108.457265,68.197414],[-108.416615,68.304185],[-108.807037,68.262641],[-108.280832,68.621568],[-107.292592,68.701402],[-106.244211,68.940375],[-105.812245,68.88581],[-105.52245,68.75373],[-105.469594,68.721991],[-105.521067,68.634711],[-105.326243,68.474921],[-105.535959,68.449897],[-105.095123,68.269517],[-104.880686,68.340237],[-104.839589,68.31037],[-104.944976,68.260565],[-104.884633,68.229478],[-104.634145,68.249579],[-104.675689,68.139716],[-104.483876,68.033922],[-103.792592,68.026272],[-103.386586,68.159613],[-103.366078,68.0185],[-103.256174,67.973131],[-102.218902,67.69184],[-101.988759,67.789659],[-101.415924,67.690253],[-101.447662,67.734361],[-100.956858,67.749213],[-100.923085,67.820746],[-100.71703,67.846991],[-99.767812,67.826483],[-98.936431,67.696845],[-98.356557,67.8039],[-98.712758,67.944932],[-98.733876,68.036689],[-98.596995,68.094306],[-98.092112,67.760321],[-97.415028,67.610663],[-97.061147,67.680406],[-97.203847,67.710883],[-97.120107,67.779405],[-97.249582,67.924628],[-97.363515,67.876939],[-97.693227,68.02265],[-98.131215,67.858507],[-98.572581,68.138129],[-98.4794,68.190375],[-98.363596,68.09398],[-98.340688,68.180732],[-98.686106,68.351386],[-98.477406,68.352484],[-98.520985,68.399766],[-98.192372,68.307685],[-97.781565,68.371161],[-98.003651,68.531928],[-97.874013,68.541734],[-97.548695,68.424018],[-97.577748,68.499945],[-97.260365,68.468695],[-97.009918,68.350043],[-96.993479,68.296739],[-97.05606,68.306627],[-96.971588,68.253852],[-96.690012,68.286444],[-96.641469,68.189032],[-96.403798,68.317857],[-96.814768,68.05036],[-96.764516,68.017157],[-96.444814,68.05036],[-96.548451,68.085069],[-95.896718,68.296739],[-96.081654,68.145941],[-96.024403,68.115709],[-96.212026,67.831244],[-96.181874,67.64289],[-96.30724,67.696357],[-96.46524,67.478013],[-96.068023,67.440863],[-96.248647,67.26317],[-96.110748,67.221869],[-95.734975,67.376451],[-95.53661,67.357123],[-95.811676,67.192857],[-95.387115,67.160631],[-95.347727,66.973822],[-95.881988,66.946763],[-95.94872,67.062323],[-96.127065,66.956977],[-96.280344,67.070258],[-96.454254,67.068834],[-95.864166,66.766466],[-95.79247,66.622992],[-95.630442,66.679389],[-95.655019,66.731024],[-95.754384,66.683051],[-96.076405,66.903144],[-95.976145,66.953925],[-95.316314,66.900214],[-95.218332,66.974066],[-95.342681,67.136827],[-95.172841,67.278632],[-95.341868,67.368516],[-95.355458,67.567125],[-95.680328,67.702501],[-95.545481,67.808295],[-95.456166,68.056871],[-94.798248,68.038072],[-94.193267,68.288682],[-94.122385,68.422349],[-93.374867,68.638739],[-93.730458,68.611802],[-93.581654,68.831488],[-93.656077,68.940375],[-93.909291,68.995673],[-93.800038,69.064561],[-93.936594,69.029771],[-94.064849,68.867499],[-93.8131,68.899482],[-94.109853,68.759101],[-94.636098,68.756049],[-94.559926,68.863145],[-94.60497,68.958238],[-94.402699,68.962144],[-94.052317,69.143256],[-94.300893,69.1435],[-94.313954,69.297919],[-93.525706,69.441352],[-93.881947,69.249498],[-93.796783,69.187323],[-93.361887,69.372992],[-93.555653,69.36994],[-93.505849,69.51557],[-94.322174,69.452989],[-94.629872,69.68773],[-94.875111,69.571641],[-95.650299,69.783881],[-96.003896,69.798041],[-96.2058,69.865831],[-96.0985,69.866929],[-96.128285,69.960679],[-96.53189,70.136176],[-96.561513,70.315253],[-96.259674,70.54682],[-95.79894,70.531236],[-96.053944,70.607042],[-95.830556,70.709581],[-96.190338,70.624742],[-96.573354,70.774034],[-96.616444,70.825751],[-96.382924,71.09101],[-96.535268,71.117906],[-96.390004,71.147773],[-96.488678,71.273993],[-96.133534,71.414171],[-95.535227,71.315741],[-95.577016,71.346015],[-95.472157,71.36046],[-95.546213,71.42772],[-95.375966,71.510688],[-95.924428,71.547593],[-95.492055,71.722968],[-95.301991,71.720526],[-95.238759,71.81977],[-94.650258,71.849311],[-95.246693,71.862982],[-95.211497,71.929023],[-94.886932,71.975836],[-94.404368,71.945868],[-94.649159,71.81977],[-94.552846,71.761461],[-94.388051,71.811591],[-94.410512,71.683051],[-94.180735,71.792548],[-93.76122,71.779283],[-93.703847,71.733466],[-93.820546,71.655341],[-92.990631,71.357123],[-92.854115,71.045152],[-92.938222,70.846055],[-93.052724,70.880683],[-92.178293,70.5963],[-92.285553,70.48961],[-91.998158,70.39411],[-92.086293,70.31212],[-91.96345,70.269884],[-91.744293,70.35932],[-91.696523,70.202257],[-91.510976,70.161322],[-91.995473,70.123033],[-92.263905,70.239488],[-92.484202,70.18122],[-92.430653,70.171373],[-92.473948,70.098578],[-92.587229,70.078803],[-91.942942,70.024115],[-92.841379,69.710028],[-92.538808,69.715033],[-92.923004,69.681505],[-92.340199,69.701972],[-92.114573,69.63227],[-92.299224,69.646715],[-92.237782,69.60578],[-91.819407,69.49079],[-91.426015,69.668402],[-91.195058,69.655707],[-91.093251,69.64057],[-91.541086,69.533759],[-90.654408,69.536851],[-90.32608,69.452989],[-90.702789,69.454332],[-90.633901,69.42829],[-90.79776,69.366197],[-90.805247,69.256334],[-91.070058,69.268134],[-90.956044,69.352525],[-91.156117,69.293321],[-91.449534,69.359361],[-90.670644,69.088202],[-90.621083,68.916327],[-90.446523,68.886298],[-90.561147,68.82807],[-90.457102,68.777045],[-90.526235,68.733385],[-90.486684,68.543769],[-90.600087,68.461249],[-90.318593,68.379259],[-90.475657,68.337714],[-90.151519,68.247748],[-89.849762,68.523301],[-89.909983,68.633246],[-89.809478,68.712714],[-89.715932,68.646186],[-89.726064,68.994859],[-89.19872,69.278062],[-88.941965,69.233588],[-88.022613,68.808661],[-87.800364,68.404283],[-87.814605,68.294135],[-87.91161,68.222724],[-88.146148,68.235907],[-88.180002,68.358588],[-88.398427,68.290798],[-88.282867,68.113837],[-88.373647,67.975816],[-88.152984,67.680406],[-87.483795,67.363105],[-87.399526,67.275702],[-87.51122,67.134223],[-87.327789,67.173285],[-87.310902,67.118272],[-87.228139,67.228095],[-86.960683,67.255235],[-87.06371,67.324164],[-86.882192,67.406073],[-86.501943,67.379381],[-86.452952,67.605943],[-86.529286,67.687201],[-86.138254,68.009385],[-85.901723,68.054389],[-85.844065,68.324042],[-85.68399,68.447089],[-85.734202,68.638739],[-85.668121,68.726996],[-85.485585,68.743109],[-85.562856,68.784003],[-84.80724,68.734239],[-84.759267,68.758246],[-84.840891,68.823106],[-85.192942,68.86933],[-85.042714,68.865912],[-85.012929,68.915717],[-85.145131,68.947862],[-85.080719,68.964301],[-84.804311,68.933417],[-84.945912,69.003119],[-84.561269,69.0008],[-85.095041,69.119981],[-85.024403,69.163642],[-85.270253,69.137885],[-85.224843,69.174058],[-85.484975,69.293891],[-85.360666,69.309638],[-85.50829,69.407782],[-85.34439,69.441352],[-85.534047,69.463324],[-85.531565,69.525987],[-85.385365,69.564195],[-85.544097,69.65351],[-85.449615,69.741197],[-85.514475,69.77025],[-85.342681,69.80622],[-85.590199,69.832343],[-85.095611,69.779405],[-84.339833,69.859687],[-83.754058,69.711737],[-82.253407,69.64057],[-82.616444,69.646715],[-82.554351,69.599555],[-82.753651,69.577867],[-82.479319,69.502753],[-83.253285,69.558051],[-82.281565,69.41942],[-82.225453,69.393541],[-82.389963,69.407782],[-82.165883,69.315538],[-82.294301,69.256334],[-82.237294,69.235216],[-81.753041,69.26789],[-81.358632,69.196723],[-81.273305,69.0987],[-82.061594,68.878974],[-81.396148,68.872748],[-81.252512,68.787095],[-81.255035,68.65644],[-81.399281,68.590928],[-81.973744,68.428534],[-82.226674,68.532701],[-82.22175,68.458116],[-82.636952,68.50963],[-82.496938,68.463935],[-82.629791,68.448676],[-82.602528,68.405992],[-82.3697,68.356269],[-82.467437,68.32453],[-82.4051,68.273383],[-82.260162,68.262641],[-82.344797,68.175523],[-82.206532,68.124701],[-81.993642,68.215033],[-82.177642,68.009385],[-82.112416,67.923082],[-81.237945,67.460517],[-81.502919,67.001044],[-81.954905,66.976793],[-82.158355,66.726142],[-82.373158,66.727647],[-82.633453,66.5633],[-82.998647,66.555162],[-83.369374,66.350287],[-83.560536,66.349351],[-83.678131,66.525336],[-84.01358,66.632066],[-84.004506,66.697008],[-83.865834,66.673448],[-83.951161,66.743354],[-83.91808,66.885932],[-84.269399,66.727851],[-84.411936,66.807318],[-84.240142,66.830675],[-84.566274,66.970649],[-84.370513,66.974066],[-84.910064,67.061876],[-84.637441,66.981513],[-85.004628,66.968085],[-85.204579,66.878485],[-84.603342,66.939927],[-84.747304,66.899604],[-84.343373,66.783189],[-84.421946,66.728827],[-84.315297,66.679877],[-84.166005,66.692084],[-84.216298,66.601386],[-83.931752,66.46015],[-83.70165,66.227973],[-83.83137,66.158393],[-83.800893,66.198228],[-84.177561,66.319159],[-84.348744,66.277777],[-84.537465,66.405219],[-84.58316,66.309312],[-84.381744,66.19005],[-85.136098,66.326402],[-85.241567,66.270087],[-85.346479,66.50113],[-85.465479,66.574425],[-85.840321,66.504828],[-86.740346,66.531562],[-86.631703,66.440253],[-86.789377,66.453925],[-86.648793,66.327012],[-85.892021,66.193411],[-86.063344,65.999091],[-86.426259,65.898383],[-86.559153,65.669867],[-87.380767,65.329698],[-88.063873,65.359483],[-88.83141,65.645209],[-88.420888,65.624986],[-89.109364,65.728461],[-89.687978,65.946845],[-89.967397,65.955797],[-89.767079,65.892646],[-89.732655,65.841539],[-89.801096,65.824042],[-91.46345,65.958116],[-91.062856,65.816107],[-91.004465,65.815863],[-91.10851,65.897569],[-90.955068,65.920356],[-89.958119,65.794298],[-89.491444,65.61579],[-89.06786,65.340074],[-87.372792,65.275214],[-87.046946,65.237982],[-86.938222,65.141954],[-87.315297,64.758897],[-87.523061,64.721422],[-87.577626,64.569525],[-87.810414,64.496894],[-88.092885,64.15058],[-88.707753,63.972724],[-88.96703,63.988511],[-89.249623,64.155748],[-89.049387,63.960883],[-89.147369,63.952582],[-89.545562,64.079779],[-89.482533,63.952582],[-89.540354,63.972113],[-89.825795,64.109565],[-89.759877,64.13642],[-89.773915,64.243354],[-90.127431,64.130072],[-89.91393,64.10338],[-89.819936,63.933417],[-90.252512,64.012152],[-89.969146,63.791205],[-90.119985,63.781236],[-90.068756,63.763658],[-90.22057,63.613227],[-90.606801,63.703192],[-90.656728,63.674994],[-90.557769,63.598253],[-90.910146,63.5692],[-91.681549,63.77501],[-91.898915,63.746039],[-91.9829,63.821723],[-92.064036,63.748887],[-92.373769,63.77912],[-93.44815,64.023139],[-93.748402,64.189643],[-93.555572,64.033637],[-93.76594,63.993476],[-93.647288,63.881456],[-93.217193,63.842719],[-93.450592,63.932074],[-93.400624,63.977362],[-92.127512,63.711168],[-92.529693,63.564399],[-92.467437,63.528388],[-91.778432,63.714423],[-91.371083,63.485053],[-90.784739,63.39765],[-90.951975,63.422187],[-90.708363,63.364691],[-90.658803,63.034247],[-91.441965,62.786933],[-92.134755,62.876899],[-92.09732,62.829169],[-92.159983,62.804755],[-92.428578,62.833564],[-92.22411,62.691962],[-92.275624,62.691352],[-91.894643,62.588853],[-92.398915,62.53852],[-92.57665,62.606024],[-92.566721,62.502631],[-92.503651,62.516547],[-92.790924,62.362738],[-92.602203,62.311143],[-92.63561,62.259955],[-92.496653,62.169989],[-93.252024,62.369818],[-92.781321,62.239569],[-92.793284,62.187934],[-93.073557,62.178046],[-93.120839,62.150377],[-92.955068,62.124091],[-93.158193,61.995592],[-93.416493,62.034003],[-93.217193,61.958319],[-93.367299,61.954901],[-93.279286,61.896837],[-93.597483,61.953843],[-93.271392,61.736314],[-93.436187,61.771918],[-93.334788,61.734565],[-93.984975,61.457994],[-93.827626,61.362738],[-94.074615,61.326117],[-94.001536,61.230902],[-94.101064,61.163194],[-93.998647,61.114732],[-94.357777,60.834459],[-94.514556,60.553453],[-94.738515,60.539374],[-94.665354,60.521674],[-94.761708,60.505194],[-94.632883,60.361151],[-94.817006,59.962877],[-94.807444,59.617987],[-94.738515,59.347724],[-94.68342,59.356676],[-94.791168,59.100043],[-94.967275,59.085924],[-94.723704,59.004218],[-94.745961,58.833116],[-94.608144,58.881537],[-94.399485,58.71247],[-94.204091,58.806464],[-94.36856,58.230414],[-94.237945,58.391669],[-94.177398,58.77912],[-93.170033,58.744371],[-93.098012,58.476264],[-92.807769,58.075751],[-92.785797,57.839423],[-92.423573,57.354438],[-92.597157,57.048326],[-92.842641,56.920518],[-92.218129,57.062812],[-92.454335,56.947699],[-92.337392,56.95954],[-91.031117,57.264635],[-90.435211,57.192613],[-89.827016,56.97602],[-88.891184,56.861274],[-88.31135,56.538031],[-87.989654,56.449449],[-87.626047,56.030707],[-85.904273,55.662049],[-85.152008,55.360419],[-85.126617,55.302558],[-85.389027,55.112128],[-85.419097,55.009711],[-85.053944,55.294135],[-84.613149,55.245185],[-83.904408,55.321275],[-83.623647,55.231513],[-83.58316,55.147895],[-83.674672,55.25377],[-82.975697,55.239081],[-82.897613,55.17414],[-82.95165,55.112738],[-82.61734,55.168809],[-82.353749,55.080308],[-82.355824,55.167914],[-82.248769,55.099595],[-82.270172,54.932563],[-82.198557,54.85578],[-82.43871,54.371446],[-82.430898,54.228217],[-82.256337,54.079454],[-82.142445,53.835883],[-82.209706,53.559027],[-82.11559,53.309638],[-82.238149,53.221422],[-82.303456,53.032701],[-81.563832,52.456244],[-81.490224,52.314439],[-81.882802,52.19359],[-81.512034,52.239325],[-81.390614,52.127794],[-81.002512,52.014838],[-80.605092,51.723456],[-80.427561,51.374091],[-81.012603,51.035386],[-80.385121,51.341376],[-79.784088,51.147406],[-79.354115,50.770982],[-79.725657,51.121772],[-79.696767,51.398505],[-79.346018,51.661811],[-79.029124,51.479926],[-78.960601,51.257921],[-78.847035,51.164496],[-78.919057,51.250596],[-78.88801,51.387641],[-78.690012,51.487291],[-79.009104,51.753526],[-78.573313,52.124701],[-78.552968,52.236396],[-78.408193,52.24079],[-78.512278,52.277574],[-78.586334,52.542426],[-78.765126,52.57038],[-78.724192,52.652289],[-78.830556,52.749335],[-78.690012,52.885077],[-78.842356,52.877997],[-78.844146,53.002021],[-78.984202,53.028428],[-78.895416,53.268622],[-78.985666,53.445746],[-79.087758,53.480414],[-78.978424,53.505479],[-78.954701,53.600084],[-79.130483,53.706],[-79.013499,53.845893],[-78.940297,53.821967],[-79.107737,53.906114],[-78.991689,53.912909],[-79.100901,53.981798],[-78.964345,54.002305],[-79.269358,54.083564],[-79.083485,54.159288],[-79.382069,54.194078],[-79.326812,54.228217],[-79.463979,54.310167],[-79.450307,54.413804],[-79.601186,54.557196],[-79.550404,54.569688],[-79.765614,54.652777],[-79.642934,54.738227],[-78.392242,55.027533],[-77.800526,55.264106],[-77.112904,55.67536],[-77.169993,55.682969],[-76.681549,56.042914],[-76.518422,56.413642],[-76.532867,57.087226],[-76.808705,57.675523],[-77.201812,58.05622],[-78.012034,58.384833],[-78.371897,58.614],[-78.429921,58.620836],[-78.320058,58.546373],[-78.570953,58.638658],[-78.48705,58.697374],[-78.565745,58.95775],[-78.316396,58.925523],[-78.106557,59.209906],[-77.67516,59.402289],[-77.90803,59.404731],[-77.737213,59.539496],[-77.716176,59.621405],[-77.798695,59.682847],[-77.577748,59.695176],[-77.312734,59.566759],[-77.545481,59.74494],[-77.321685,59.790473],[-77.395823,59.908515],[-77.189198,60.060248],[-77.634185,60.066474],[-77.408274,60.129096],[-77.743153,60.404242],[-77.55602,60.543158],[-77.41511,60.54682],[-77.829254,60.643256],[-77.625559,60.754381],[-77.744049,60.766547],[-77.51065,60.834825],[-77.894887,60.752305],[-77.860097,60.79267],[-77.96996,60.79267],[-77.880686,60.827379],[-78.196523,60.79267],[-77.703114,61.191107],[-77.785268,61.454698],[-77.545481,61.485338],[-77.641265,61.560248],[-77.476552,61.539984],[-77.792714,61.701361],[-77.989735,61.71483],[-78.136952,62.013495],[-78.154897,62.297309],[-77.404856,62.588324],[-75.592152,62.273017],[-75.893788,62.163764],[-75.327748,62.31745],[-74.598256,62.110663],[-74.741078,62.185126],[-74.723541,62.246405],[-74.41686,62.252509],[-73.696034,62.481024],[-72.824615,62.117051],[-72.62914,62.116889],[-72.603342,62.006781],[-72.795969,61.835395],[-72.666168,61.883165],[-72.631581,61.82099],[-72.605214,61.943671],[-72.23233,61.881293],[-72.143544,61.80976],[-72.206288,61.738593],[-71.995229,61.67711],[-72.277333,61.603095],[-71.979482,61.603827],[-71.969838,61.701239],[-71.580963,61.613837],[-71.548655,61.574652],[-71.857411,61.533759],[-71.761301,61.479722],[-71.891591,61.436957],[-71.61852,61.418036],[-71.822662,61.375474],[-71.685699,61.334662],[-71.727122,61.293524],[-71.596791,61.259385],[-71.57433,61.173082],[-71.521067,61.224595],[-70.554433,61.013861],[-70.144032,61.083564],[-70.0926,60.91474],[-70.151194,60.889472],[-69.932362,60.814521],[-69.820546,60.904283],[-69.702626,60.874335],[-69.601186,61.084906],[-69.36974,60.916815],[-69.381337,60.799872],[-69.70519,60.690741],[-69.657704,60.584093],[-69.808095,60.53559],[-69.753285,60.332953],[-69.616933,60.235175],[-69.628041,60.076728],[-70.571929,59.994981],[-70.996205,60.076239],[-70.577707,59.97724],[-69.769765,59.971055],[-69.589833,59.876085],[-69.622385,59.727403],[-69.537262,59.622748],[-69.748525,59.516099],[-69.656484,59.440131],[-69.749501,59.34276],[-69.297678,59.334296],[-69.232533,59.241278],[-69.528066,59.185981],[-69.379262,59.119737],[-69.537994,58.835883],[-69.642079,58.791205],[-69.839426,59.04564],[-69.801747,58.82628],[-69.91161,58.874091],[-70.211903,58.789537],[-69.943471,58.775621],[-69.928131,58.702989],[-69.80012,58.704901],[-69.849517,58.614],[-69.795725,58.598456],[-69.608225,58.760362],[-69.256337,58.899156],[-68.786936,58.922471],[-68.371205,58.790391],[-68.350209,58.621527],[-68.211781,58.548285],[-68.2058,58.434027],[-68.345326,58.131903],[-69.36974,57.770494],[-68.949696,57.941026],[-68.417592,58.038642],[-68.319244,58.108832],[-68.176666,58.48192],[-67.974436,58.56981],[-67.882436,58.271308],[-68.123525,58.098375],[-67.862701,58.23725],[-67.738515,58.469184],[-67.649037,58.251776],[-67.724355,57.931383],[-67.573232,58.226386],[-66.909983,58.500434],[-66.852203,58.425035],[-66.661122,58.491075],[-66.553619,58.710191],[-66.37442,58.852769],[-65.957509,58.626288],[-66.065094,58.32982],[-65.843577,58.574449],[-66.094594,58.772528],[-66.039703,58.847398],[-65.809641,58.847602],[-65.983062,58.904853],[-65.886138,58.993232],[-65.704823,58.94831],[-65.793324,59.005072],[-65.683461,59.052802],[-65.507069,58.988105],[-65.594106,59.046007],[-65.349436,59.039781],[-65.625396,59.069932],[-65.710805,59.151068],[-65.742665,59.26789],[-65.594106,59.189399],[-65.612131,59.249376],[-65.510121,59.253892],[-65.578684,59.348334],[-65.371816,59.280097],[-65.443227,59.388617],[-65.381825,59.402289],[-65.545318,59.474351],[-65.191151,59.463487],[-65.003082,59.375678],[-65.39269,59.512071],[-65.519399,59.702582],[-65.484731,59.760484],[-65.33609,59.845689],[-64.983957,59.764757],[-65.226389,59.875556],[-64.894154,60.195746],[-64.957265,60.258857],[-64.848785,60.365709],[-64.464223,60.291083],[-64.416615,60.259711],[-64.758656,60.238349],[-64.557362,60.269843],[-64.485341,60.24018],[-64.542958,60.19359],[-64.392161,60.179023],[-64.812489,60.008246],[-64.398346,60.120836],[-64.373769,60.040107],[-64.53954,60.010932],[-64.416615,59.985093],[-64.501943,59.912095],[-64.245432,59.994981],[-64.326039,60.060248],[-64.170888,60.022406],[-64.274403,59.963731],[-64.182607,59.915595],[-64.234486,59.882799],[-64.137929,59.915595],[-64.175852,59.796129],[-64.259389,59.788398],[-64.21227,59.716132],[-63.921986,59.655504],[-64.059722,59.621405],[-64.120595,59.518378],[-63.973378,59.623725],[-63.889556,59.617255],[-63.983388,59.525824],[-63.874135,59.572984],[-63.728139,59.509141],[-64.065989,59.395453],[-63.7506,59.388617],[-63.825754,59.252061],[-63.553538,59.353583],[-63.609771,59.227281],[-63.417836,59.290961],[-63.463246,59.193101],[-63.363026,59.18773],[-63.581776,59.075059],[-64.002838,59.048936],[-63.894643,59.059678],[-63.860463,58.963446],[-63.832143,59.03856],[-63.158355,59.063096],[-63.339752,59.032335],[-63.167836,58.963446],[-63.32608,58.861029],[-62.989654,58.881537],[-63.047434,58.870795],[-62.914622,58.764838],[-63.033315,58.719184],[-62.844594,58.685167],[-63.167836,58.504828],[-63.442209,58.524644],[-63.499867,58.481431],[-63.341949,58.478827],[-63.582143,58.31745],[-63.264027,58.470038],[-63.085846,58.456366],[-63.16161,58.367621],[-62.804433,58.494818],[-62.558258,58.477484],[-62.65392,58.414781],[-62.620351,58.320665],[-62.899037,58.226142],[-62.578765,58.223009],[-63.079091,58.155341],[-63.028066,58.144843],[-63.315256,57.99726],[-63.138254,57.999864],[-62.852528,58.14704],[-62.450999,58.167792],[-62.517323,58.058539],[-62.395985,58.114814],[-62.305043,58.031195],[-62.655629,57.948676],[-62.103627,57.955919],[-62.118723,57.797471],[-61.898101,57.62169],[-62.328684,57.466051],[-62.516103,57.508979],[-62.469553,57.462633],[-61.90038,57.415473],[-61.817047,57.377387],[-61.927642,57.367051],[-61.880483,57.277655],[-62.023915,57.257148],[-61.865102,57.17064],[-61.649241,57.2331],[-61.67748,57.183905],[-61.365712,57.106879],[-61.338694,56.962958],[-61.519032,56.972968],[-61.68635,56.80919],[-61.898183,56.761217],[-61.898305,56.710395],[-61.694936,56.7296],[-61.814076,56.71247],[-61.67162,56.655463],[-61.743316,56.633979],[-62.483876,56.77558],[-62.044423,56.825792],[-62.569895,56.803941],[-61.934682,56.633043],[-62.242991,56.626532],[-61.723704,56.580552],[-61.713979,56.50141],[-62.103424,56.45893],[-61.605621,56.30683],[-62.078481,56.298204],[-61.935292,56.217353],[-61.372792,56.228827],[-61.339263,56.144599],[-61.426015,56.082017],[-61.234975,56.043769],[-61.468129,56.029731],[-61.40274,55.959906],[-61.138987,55.972154],[-61.071156,55.92829],[-61.194,55.89289],[-61.119537,55.859442],[-60.728505,55.825263],[-60.94929,55.755072],[-60.771799,55.735541],[-60.601959,55.819566],[-60.677113,55.589301],[-60.507924,55.804023],[-60.343902,55.782579],[-60.52538,55.616767],[-60.399526,55.612982],[-60.454742,55.503119],[-60.321604,55.53498],[-60.451161,55.384833],[-60.279449,55.501207],[-60.206695,55.449408],[-60.612416,55.167914],[-60.396637,55.258734],[-60.687571,54.995429],[-60.287099,55.233385],[-60.022817,55.276557],[-60.297109,55.023383],[-59.799672,55.33039],[-59.735422,55.201483],[-59.963979,55.117133],[-59.440053,55.151842],[-59.947662,54.756415],[-59.398183,55.039862],[-59.2329,55.219916],[-59.125315,55.194648],[-59.38622,55.004584],[-59.027415,55.161973],[-59.02595,55.019884],[-58.907948,54.965277],[-59.015452,54.899766],[-58.90567,54.922471],[-58.744293,54.804389],[-57.864817,54.74494],[-57.349477,54.584825],[-57.41161,54.491319],[-57.659779,54.488634],[-57.419016,54.461005],[-57.651723,54.379096],[-58.186147,54.358588],[-58.242299,54.324937],[-58.137196,54.331488],[-58.179351,54.297187],[-58.681223,54.15705],[-59.579661,54.05036],[-59.302846,54.018378],[-58.412465,54.230699],[-58.652943,54.036444],[-59.042714,54.030219],[-58.919789,54.015977],[-59.474517,53.828111],[-60.13268,53.783149],[-60.016591,53.714301],[-60.130035,53.532538],[-60.845286,53.820787],[-60.923207,53.739122],[-60.049794,53.497789],[-60.037099,53.439927],[-60.397084,53.370103],[-60.204742,53.35456],[-60.420644,53.275458],[-60.131947,53.279161],[-60.142649,53.333686],[-59.783803,53.481513],[-59.860707,53.499701],[-59.489735,53.568793],[-59.295155,53.687445],[-59.076812,53.686998],[-58.853139,53.941962],[-58.155873,54.093817],[-57.81843,54.066107],[-58.150624,54.14057],[-58.328969,54.097724],[-58.39684,54.12755],[-58.330149,54.214545],[-57.466176,54.200303],[-57.075795,53.824164],[-57.13036,53.831],[-57.124135,53.741645],[-57.51769,53.6258],[-57.339345,53.59044],[-57.377431,53.433702],[-56.983469,53.727484],[-56.510406,53.779731],[-56.436513,53.767524],[-56.726918,53.686998],[-55.979604,53.549791],[-56.263499,53.553656],[-55.816518,53.340399],[-55.895334,53.315741],[-55.863596,53.248155],[-55.757436,53.261786],[-55.746897,53.145738],[-55.915679,53.116319],[-55.931386,53.025824],[-56.165191,53.035875],[-55.884023,52.96015],[-55.833241,52.828681],[-56.137278,52.816759],[-55.759023,52.656195],[-55.791005,52.604438],[-56.124257,52.645453],[-55.990142,52.628404],[-55.98644,52.556708],[-56.500356,52.597724],[-55.768707,52.499213],[-55.644887,52.39289],[-55.847279,52.349677],[-56.169097,52.443712],[-55.616526,52.220323],[-55.761342,52.222235],[-55.701324,52.132676],[-55.785268,52.03498],[-55.93578,52.020453],[-55.934193,51.925238],[-56.668568,51.651719],[-56.966542,51.425238],[-57.189809,51.418809],[-57.281117,51.506781],[-57.71227,51.472602],[-58.040151,51.313666],[-58.62267,51.27733],[-58.639556,51.146308],[-58.830434,51.090033],[-58.885976,50.998358],[-58.895497,51.054999],[-58.998362,51.022325],[-58.940297,50.884589],[-59.03775,50.752427],[-59.070709,50.850653],[-59.409901,50.666612],[-59.454106,50.533749],[-59.791005,50.440416],[-59.944325,50.261094],[-60.10851,50.228827],[-60.152984,50.284857],[-60.838368,50.219794],[-60.795969,50.256334],[-61.784291,50.103135],[-61.612416,50.156684],[-62.326975,50.289171],[-62.750722,50.287462],[-62.709137,50.315416],[-63.442209,50.222886],[-64.470041,50.322252],[-65.964223,50.293199],[-66.161855,50.195787],[-66.498931,50.252509],[-66.512074,50.164618],[-66.445139,50.175889],[-66.618072,50.179511],[-67.131459,49.831285],[-67.245107,49.458848],[-67.376332,49.339219],[-68.054555,49.294379],[-68.283681,49.194322],[-68.183583,49.150987],[-68.219635,49.112006],[-68.376617,49.069037],[-68.444325,49.061632],[-68.382069,49.099921],[-68.444325,49.198188],[-68.409495,49.133979],[-68.634592,49.017035],[-68.698801,48.944892],[-68.643544,48.91767],[-69.055735,48.773505],[-69.117909,48.630561],[-69.65453,48.162909],[-70.369211,48.374132],[-71.047963,48.449042],[-70.832631,48.414781],[-70.792063,48.379747],[-70.891672,48.362738],[-70.843251,48.321723],[-70.477528,48.356431],[-69.950307,48.230821],[-69.760487,48.12995],[-69.792836,48.006293],[-70.236887,47.495592],[-70.49706,47.429267],[-70.75064,47.091783],[-71.30248,46.758857],[-71.84024,46.686998],[-72.212473,46.561021],[-72.602528,46.301337],[-72.994496,46.210801],[-73.420277,45.765123],[-73.755442,45.676378],[-74.001088,45.491278],[-74.359527,45.559475],[-73.961537,45.354234],[-74.712961,44.999254],[-75.270233,44.863774],[-75.870325,44.408608],[-76.430033,44.103304],[-76.797194,43.64527],[-78.750821,43.617055],[-79.17431,43.464532],[-79.058425,43.277799],[-79.031967,43.013422],[-78.915256,42.947612],[-79.019384,42.802686],[-80.246596,42.365477],[-81.276662,42.208665],[-82.424861,41.676811],[-82.865222,41.752491],[-83.068413,41.847731],[-83.157012,42.000435],[-83.109832,42.272279],[-82.526224,42.619906],[-82.153611,43.549591],[-82.532141,45.293516],[-83.483974,45.771937],[-83.636867,45.773944],[-83.492031,46.037088],[-83.613884,46.115636],[-83.995824,46.101166],[-84.158812,46.433343],[-84.110443,46.526464],[-84.566565,46.461196],[-84.773322,46.633434],[-84.894943,46.905148],[-88.347264,48.298655],[-89.340382,47.984152],[-89.902441,47.985909],[-90.120386,48.115359],[-90.701307,48.08456],[-90.923153,48.227109],[-91.276362,48.064768],[-91.574845,48.048205],[-92.070499,48.346714],[-92.259118,48.339635],[-92.353815,48.222897],[-92.526932,48.445623],[-92.718909,48.459782],[-92.646743,48.497428],[-92.955588,48.612228],[-93.25774,48.630314],[-93.756779,48.516549],[-93.835741,48.617137],[-94.592852,48.726433],[-94.713284,48.823843],[-94.827256,49.292858],[-95.160569,49.369494]]],[[[-67.176015,45.178656],[-67.356272,45.165926],[-67.471303,45.266282],[-67.449961,45.610809],[-67.807045,45.71287],[-67.757849,45.919472],[-67.854742,47.09785],[-68.299728,47.367833],[-68.889718,47.190609],[-69.0402,47.249055],[-69.054333,47.389253],[-69.221972,47.459688],[-69.989961,46.721697],[-70.061817,46.445409],[-70.280899,46.211857],[-70.283173,45.890482],[-70.419315,45.716901],[-70.686792,45.572723],[-70.730329,45.507973],[-70.650257,45.427461],[-70.812986,45.42343],[-70.872491,45.274189],[-71.016539,45.343125],[-71.160329,45.245767],[-71.3521,45.278323],[-71.449045,45.226905],[-71.50408,45.013739],[-74.695875,44.99803],[-73.73469,45.418606],[-73.54304,45.416327],[-73.448842,45.704495],[-73.217275,45.89883],[-73.156117,46.049709],[-72.669423,46.215155],[-72.189931,46.526231],[-70.534901,47.010565],[-69.445465,47.991889],[-68.463287,48.528917],[-66.62206,49.122626],[-65.615142,49.26024],[-64.96349,49.219306],[-64.552561,49.097357],[-64.221181,48.894355],[-64.174875,48.784491],[-64.529652,48.882392],[-64.477447,48.841905],[-64.539215,48.830024],[-64.397206,48.821357],[-64.429067,48.780463],[-64.189687,48.657579],[-64.282135,48.569037],[-64.221547,48.533677],[-65.285553,48.012641],[-65.783844,48.115587],[-65.890981,48.208197],[-66.09557,48.097154],[-66.473297,48.120103],[-66.817738,48.006334],[-66.385894,48.075141],[-65.772206,47.882921],[-65.628814,47.67064],[-65.20934,47.819688],[-64.800038,47.809272],[-64.860463,47.759385],[-64.680165,47.741319],[-64.908844,47.519843],[-64.908844,47.355333],[-65.331451,47.100572],[-64.825429,47.089097],[-64.904368,46.858751],[-64.613393,46.419298],[-64.663564,46.336737],[-64.536529,46.351467],[-64.559397,46.223782],[-63.813059,46.140286],[-63.905588,46.05801],[-64.063791,46.061754],[-64.052317,46.00137],[-63.690297,45.853095],[-63.229848,45.806057],[-63.380727,45.771959],[-63.312408,45.737169],[-63.083363,45.763495],[-63.120676,45.806057],[-62.699574,45.772447],[-62.756947,45.758897],[-62.647532,45.726711],[-62.747548,45.627102],[-62.577463,45.685858],[-62.475738,45.662706],[-62.509145,45.614976],[-61.924306,45.889146],[-61.794911,45.652899],[-61.492543,45.69066],[-61.236806,45.468004],[-61.482655,45.374742],[-60.972564,45.288235],[-61.11974,45.213446],[-61.174794,45.258043],[-61.174794,45.202786],[-61.702382,45.169257],[-61.677235,45.088487],[-62.475738,44.901109],[-62.552724,44.800116],[-62.807362,44.733018],[-63.058583,44.778225],[-63.058583,44.675198],[-63.099517,44.774807],[-63.285146,44.627427],[-63.4558,44.668362],[-63.45637,44.600735],[-63.632639,44.712958],[-63.523793,44.503241],[-63.625885,44.445868],[-63.942494,44.534044],[-63.890859,44.679796],[-64.056956,44.638821],[-64.024973,44.550686],[-64.097076,44.474718],[-64.144846,44.570217],[-64.280832,44.558173],[-64.353912,44.456122],[-64.210561,44.367336],[-64.347157,44.367336],[-64.269032,44.267076],[-64.408925,44.328518],[-64.363881,44.29914],[-64.497914,44.140774],[-64.606191,44.158596],[-64.560943,44.079983],[-64.71703,44.058824],[-64.696685,43.990139],[-64.833323,43.913886],[-64.785959,43.874498],[-64.937652,43.849026],[-64.948964,43.775255],[-65.020416,43.816962],[-65.052846,43.720526],[-65.169545,43.709377],[-65.237864,43.805569],[-65.240102,43.694688],[-65.367543,43.743557],[-65.346059,43.587388],[-65.442209,43.592922],[-65.474843,43.470933],[-65.565989,43.574042],[-65.719309,43.508897],[-65.861643,43.805569],[-65.987213,43.839219],[-65.991322,43.703192],[-66.121693,43.743557],[-66.194651,44.142727],[-66.113678,44.34337],[-65.840484,44.573391],[-66.187245,44.394599],[-65.998769,44.579657],[-65.785878,44.696357],[-65.710194,44.613756],[-65.450917,44.770616],[-65.74177,44.667833],[-65.723459,44.727444],[-64.863189,45.139553],[-64.441151,45.255764],[-64.395334,45.301622],[-64.45934,45.329169],[-64.348704,45.319444],[-64.356597,45.10399],[-64.223459,45.108385],[-64.155344,44.98371],[-64.130767,45.206529],[-63.360219,45.36107],[-64.576161,45.415635],[-64.745107,45.306138],[-64.929311,45.326321],[-64.902008,45.429999],[-64.380605,45.792385],[-64.305531,45.826565],[-64.264556,45.765123],[-64.321604,45.877834],[-64.513905,45.720608],[-64.531484,45.902248],[-64.748687,46.089911],[-64.578684,45.872707],[-64.756256,45.627794],[-64.882802,45.633612],[-65.752349,45.244371],[-65.909413,45.210273],[-66.135976,45.312649],[-66.005279,45.459377],[-66.164133,45.351874],[-66.060211,45.258043],[-66.189361,45.177802],[-66.310048,45.20482],[-66.248606,45.185289],[-66.440663,45.079901],[-66.490956,45.155626],[-66.872141,45.065579],[-66.957021,45.189073],[-67.045522,45.117174],[-67.177195,45.22899],[-67.176015,45.178656]]],[[[-66.901031,44.88939],[-66.97525,44.860745],[-66.904937,44.955797],[-66.901031,44.88939]]],[[[-66.963531,44.961005],[-67.014312,44.963609],[-66.973948,45.018297],[-66.963531,44.961005]]],[[[-55.877187,47.266018],[-55.949941,47.268134],[-55.888051,47.294908],[-55.877187,47.266018]]],[[[-54.122548,47.642727],[-54.244049,47.407701],[-54.351064,47.403022],[-54.122548,47.642727]]],[[[-55.925038,47.677476],[-55.957183,47.605902],[-56.097646,47.629788],[-55.925038,47.677476]]],[[[-54.095123,47.619127],[-54.079498,47.669013],[-54.073801,47.508287],[-54.095123,47.619127]]],[[[-53.567698,48.190823],[-53.514027,48.186754],[-53.618804,48.082099],[-53.875234,48.106513],[-53.931386,48.208441],[-53.567698,48.190823]]],[[[-54.65689,49.465725],[-54.730377,49.411282],[-54.740387,49.458889],[-54.65689,49.465725]]],[[[-55.725738,49.561916],[-55.65746,49.561916],[-55.708485,49.50849],[-55.725738,49.561916]]],[[[-55.578969,49.609687],[-55.693105,49.568345],[-55.702545,49.622545],[-55.578969,49.609687]]],[[[-54.883453,49.55508],[-54.537506,49.60635],[-54.828481,49.489203],[-54.883453,49.55508]]],[[[-54.276763,49.575588],[-54.269846,49.72724],[-54.110219,49.754462],[-53.978505,49.664293],[-54.276763,49.575588]]],[[[-59.350575,50.603461],[-59.376291,50.65233],[-59.327463,50.54621],[-59.350575,50.603461]]],[[[-55.510365,50.805121],[-55.452301,50.79621],[-55.64273,50.723334],[-55.510365,50.805121]]],[[[-55.527821,50.972724],[-55.623362,50.911933],[-55.63915,50.961493],[-55.527821,50.972724]]],[[[-58.398427,51.254543],[-58.562896,51.233385],[-58.502105,51.275051],[-58.398427,51.254543]]],[[[-52.628814,47.526679],[-52.920318,47.094062],[-52.882192,46.951117],[-53.066884,46.665595],[-53.211334,46.635321],[-53.265981,46.739],[-53.389475,46.683783],[-53.355336,46.739],[-53.589996,46.626166],[-53.608551,46.797065],[-53.498606,46.886786],[-53.611562,46.814276],[-53.556264,47.157945],[-53.956939,46.852769],[-54.081654,46.80565],[-54.19579,46.864407],[-54.010406,47.233873],[-53.951243,47.231879],[-53.995961,47.272162],[-53.807851,47.423651],[-53.902008,47.431545],[-53.891835,47.57746],[-54.007965,47.794827],[-54.26651,47.903469],[-54.224273,47.772691],[-54.417307,47.459459],[-54.579457,47.359361],[-54.411204,47.601752],[-54.602935,47.40998],[-54.879954,47.366685],[-55.017079,47.184475],[-55.136098,47.169745],[-55.071767,47.094957],[-55.180084,47.075019],[-55.250885,46.91885],[-55.417836,46.866604],[-55.524159,46.921698],[-55.851308,46.870998],[-55.97997,46.970364],[-55.761138,47.108344],[-55.468984,47.16352],[-55.18399,47.460354],[-54.722524,47.662299],[-55.072174,47.597357],[-54.952545,47.75137],[-55.15038,47.601752],[-55.129872,47.663804],[-55.404205,47.700751],[-55.422353,47.482652],[-55.5985,47.399319],[-55.638417,47.545315],[-55.907826,47.447577],[-55.771637,47.572699],[-56.161936,47.491929],[-55.629547,47.677476],[-55.914418,47.659247],[-55.759999,47.912909],[-56.049387,47.705064],[-56.137807,47.825507],[-56.175364,47.666002],[-56.301747,47.629096],[-56.308583,47.75259],[-56.319163,47.634426],[-56.744211,47.625881],[-56.705881,47.574449],[-56.777455,47.533393],[-57.120717,47.567613],[-57.171986,47.636542],[-57.767812,47.616034],[-57.918609,47.650133],[-57.884511,47.697333],[-58.340728,47.642727],[-58.261301,47.75259],[-58.40095,47.654527],[-59.111643,47.560777],[-59.308461,47.622504],[-59.282867,47.759426],[-59.398834,47.880316],[-58.570424,48.440334],[-58.494618,48.458319],[-58.604482,48.403713],[-58.289174,48.513577],[-58.703236,48.554511],[-59.23648,48.472846],[-59.235178,48.523179],[-58.803456,48.77143],[-58.960805,48.629625],[-58.732533,48.563951],[-58.36856,49.149319],[-57.920725,48.962063],[-58.132558,49.086859],[-57.850413,49.184516],[-58.079986,49.146796],[-57.926096,49.246568],[-58.19343,49.243069],[-58.228668,49.370998],[-58.022572,49.554389],[-57.909413,49.459133],[-57.703603,49.458889],[-57.823069,49.561916],[-57.871449,49.527167],[-57.94811,49.679511],[-57.374135,50.581],[-57.162017,50.613674],[-57.350738,50.690985],[-56.995107,50.867255],[-56.960317,50.966539],[-57.057729,51.01439],[-56.91686,51.008857],[-56.962514,51.046576],[-56.664866,51.350084],[-55.892812,51.627753],[-55.839345,51.621527],[-55.890248,51.500922],[-55.60969,51.480414],[-55.737864,51.554999],[-55.659291,51.599799],[-55.426991,51.586982],[-55.433339,51.528062],[-55.515696,51.368557],[-55.640248,51.314765],[-56.089508,51.370551],[-55.981068,51.169176],[-55.729482,51.195868],[-55.733144,51.083075],[-55.877187,50.863471],[-56.103749,50.726955],[-56.112538,50.880072],[-56.172027,50.856635],[-56.095611,50.679267],[-56.41161,50.376899],[-56.500356,50.391099],[-56.444163,50.304389],[-56.657541,50.136298],[-56.767079,49.848456],[-56.881825,49.770819],[-56.781809,49.696601],[-56.856679,49.548245],[-56.116811,50.158393],[-56.098866,50.046332],[-56.191884,49.924994],[-55.959137,50.041083],[-55.746409,49.931952],[-55.492991,50.01439],[-55.465077,49.962551],[-56.069,49.698432],[-56.165435,49.574652],[-55.968495,49.702826],[-55.835601,49.691636],[-56.120513,49.441799],[-55.774159,49.513495],[-55.65746,49.383734],[-55.582387,49.472357],[-55.520904,49.493598],[-55.568593,49.3994],[-55.370107,49.506659],[-55.445221,49.355862],[-55.332509,49.403144],[-55.33373,49.349311],[-55.266265,49.361151],[-55.314849,49.534613],[-55.129994,49.513739],[-55.368398,49.060126],[-55.184478,49.123033],[-55.282297,49.150336],[-55.054189,49.294379],[-55.080434,49.347154],[-54.992747,49.28384],[-55.047963,49.232896],[-54.911977,49.283515],[-54.867787,49.397162],[-54.816965,49.275621],[-54.469309,49.546088],[-54.534047,49.445217],[-54.43102,49.472561],[-54.484771,49.278632],[-54.348948,49.429104],[-54.21935,49.417304],[-54.23233,49.362698],[-54.08552,49.46369],[-53.679107,49.366848],[-53.469553,49.262356],[-53.61677,49.126166],[-53.608957,49.043687],[-53.793568,49.027533],[-53.742299,49.016018],[-53.874664,48.992377],[-53.811676,48.935248],[-54.184641,48.800971],[-53.990631,48.768378],[-53.844472,48.839057],[-53.800404,48.814602],[-53.994496,48.753079],[-53.951243,48.6706],[-53.793568,48.678046],[-53.873158,48.673041],[-53.835194,48.750393],[-53.601715,48.687974],[-53.933665,48.571194],[-53.711008,48.560736],[-53.787668,48.502427],[-54.164133,48.390692],[-53.814036,48.465155],[-53.835113,48.37641],[-53.622874,48.540229],[-53.700266,48.455471],[-53.588124,48.526597],[-53.615387,48.409898],[-53.423573,48.62287],[-53.27481,48.539618],[-53.084543,48.699856],[-52.9829,48.604193],[-53.058461,48.435858],[-53.334869,48.379788],[-53.664174,48.166571],[-53.903879,48.236762],[-53.905181,48.08511],[-53.663197,48.061103],[-53.907623,48.038398],[-53.62914,48.049628],[-53.697336,47.896633],[-53.787343,47.903469],[-53.72525,47.889797],[-53.780426,47.785956],[-53.917714,47.862454],[-53.763173,47.625678],[-53.705719,47.676093],[-53.670033,47.526679],[-53.553863,47.539252],[-53.498687,47.746405],[-53.276479,48.016425],[-52.900461,48.161282],[-53.252309,47.581244],[-53.1704,47.609198],[-53.234853,47.565619],[-53.121938,47.437242],[-52.861155,47.608385],[-52.772532,47.801011],[-52.628814,47.526679]]],[[[-127.918691,51.52204],[-127.91808,51.421291],[-128.050282,51.459947],[-128.139027,51.658026],[-128.026194,51.719794],[-127.918691,51.52204]]],[[[-55.352691,51.884508],[-55.409657,51.882066],[-55.383127,51.959621],[-55.287262,52.000637],[-55.352691,51.884508]]],[[[-128.138336,51.864],[-128.251047,51.875922],[-128.218984,51.962714],[-127.99885,52.06566],[-128.009592,51.795478],[-128.135243,51.747301],[-128.138336,51.864]]],[[[-130.996653,52.111721],[-130.955068,52.07689],[-131.07136,52.060981],[-131.044423,51.973863],[-131.112701,52.001858],[-131.098704,52.156073],[-130.996653,52.111721]]],[[[-127.946604,52.165717],[-127.89623,52.166409],[-127.961497,52.082831],[-128.111155,52.127875],[-127.946604,52.165717]]],[[[-128.248199,52.021674],[-128.277496,52.1435],[-128.180247,52.199897],[-128.155141,52.094306],[-128.248199,52.021674]]],[[[-128.227773,52.212836],[-128.339757,52.079336],[-128.477369,52.151383],[-128.409081,52.236391],[-128.227773,52.212836]]],[[[-128.097401,52.24079],[-128.156077,52.246975],[-127.98526,52.302069],[-127.907704,52.200873],[-128.097401,52.24079]]],[[[-127.240834,52.426418],[-127.238026,52.312934],[-127.584828,52.177232],[-127.69811,52.004055],[-127.872874,51.954739],[-127.820221,52.195705],[-127.240834,52.426418]]],[[[-128.618235,52.453681],[-128.648305,52.2897],[-128.716664,52.307807],[-128.75536,52.467353],[-128.618235,52.453681]]],[[[-128.562978,52.611396],[-128.550649,52.6647],[-128.497874,52.436347],[-128.796986,52.513739],[-128.562978,52.611396]]],[[[-131.564565,52.727444],[-131.65689,52.721625],[-131.452992,52.717353],[-131.578847,52.597724],[-131.695627,52.700181],[-131.564565,52.727444]]],[[[-128.310374,52.429429],[-128.438629,52.374335],[-128.414622,52.782416],[-128.33316,52.697089],[-128.310374,52.429429]]],[[[-128.930084,52.614447],[-128.949574,52.473293],[-129.009185,52.48786],[-129.268666,52.789496],[-128.930084,52.614447]]],[[[-128.310374,52.727444],[-128.190053,52.830146],[-128.25121,52.624213],[-128.310374,52.727444]]],[[[-128.532826,52.727444],[-128.510365,52.862779],[-128.455556,52.789049],[-128.509877,52.653876],[-128.532826,52.727444]]],[[[-129.557281,53.001166],[-129.529775,52.964911],[-129.620513,52.958197],[-129.647288,53.010443],[-129.557281,53.001166]]],[[[-129.564076,53.056342],[-129.515736,53.035875],[-129.687611,53.06387],[-129.564076,53.056342]]],[[[-129.653472,53.132066],[-129.598948,53.093573],[-129.719594,53.103909],[-129.653472,53.132066]]],[[[-129.304067,53.035875],[-129.291127,52.982327],[-129.372629,52.992662],[-129.551747,53.14289],[-129.456614,53.169501],[-129.304067,53.035875]]],[[[-131.112701,52.171942],[-131.207916,52.153469],[-131.277211,52.24079],[-131.262929,52.124701],[-131.409413,52.223863],[-131.583608,52.384996],[-131.520985,52.397691],[-132.086008,52.73428],[-131.969309,52.727444],[-131.962554,52.786933],[-132.065012,52.850002],[-132.11026,52.757148],[-132.33434,52.922593],[-132.147532,52.971259],[-132.469553,53.028469],[-132.542104,53.152045],[-132.0655,53.161282],[-131.903961,53.240709],[-131.765452,53.198798],[-131.605051,53.049384],[-132.004018,53.06387],[-131.93106,52.997952],[-131.836659,53.050279],[-131.62621,52.998114],[-131.627309,52.940334],[-131.983551,52.885077],[-131.702382,52.803168],[-131.839508,52.713772],[-131.729644,52.70067],[-131.623606,52.5362],[-131.468984,52.507717],[-131.387196,52.378119],[-131.289174,52.43773],[-131.249908,52.371161],[-131.359731,52.344428],[-131.332183,52.297187],[-131.142568,52.31623],[-131.154937,52.247748],[-131.027089,52.180365],[-131.112701,52.171942]]],[[[-128.803782,52.70067],[-129.017242,52.715766],[-129.125396,52.867865],[-129.029693,52.857733],[-129.070668,52.892524],[-128.837961,53.035875],[-128.877349,53.072008],[-129.015452,53.145738],[-128.881663,53.04682],[-129.057362,52.917955],[-129.177113,52.936835],[-129.042104,53.310614],[-128.634674,53.163153],[-128.538726,53.019721],[-128.589101,52.623033],[-128.75536,52.603909],[-128.646108,52.96015],[-128.732981,52.918036],[-128.756703,52.676825],[-128.803782,52.70067]]],[[[-129.293528,53.107896],[-129.323883,53.220893],[-129.213043,53.326972],[-129.134185,53.120185],[-129.293528,53.107896]]],[[[-128.913645,53.40644],[-128.995513,53.337592],[-129.148183,53.363715],[-128.997222,53.543931],[-128.913645,53.40644]]],[[[-129.74295,53.235297],[-129.748362,53.169908],[-129.912953,53.15941],[-130.525624,53.608954],[-129.973988,53.457994],[-129.74295,53.235297]]],[[[-129.166249,53.385403],[-129.136138,53.6494],[-128.842193,53.715969],[-128.879791,53.592108],[-129.069447,53.520453],[-129.166249,53.385403]]],[[[-130.406361,53.686998],[-130.233388,53.78441],[-130.105784,53.603949],[-130.406361,53.686998]]],[[[-130.252797,53.892483],[-129.777496,53.689032],[-129.534576,53.508124],[-129.616322,53.499091],[-129.368776,53.38387],[-129.328718,53.263449],[-129.406478,53.33222],[-129.59203,53.245063],[-129.822255,53.405341],[-129.938588,53.620429],[-130.049631,53.587795],[-129.91808,53.643134],[-130.058339,53.640204],[-130.214589,53.755276],[-130.290924,53.837836],[-130.252797,53.892483]]],[[[-130.447377,53.981838],[-130.471547,53.910224],[-130.629506,53.964423],[-130.684234,53.947821],[-130.627797,53.872219],[-130.708404,53.905829],[-130.392486,54.095404],[-130.241811,53.937405],[-130.396596,53.836249],[-130.491444,53.877509],[-130.331288,53.967597],[-130.447377,53.981838]]],[[[-132.579416,53.207221],[-132.709788,53.261786],[-132.566233,53.319566],[-132.757558,53.317084],[-132.713612,53.369778],[-132.427602,53.315497],[-132.661041,53.483059],[-132.928863,53.522528],[-132.977284,53.556627],[-132.884185,53.594468],[-132.983876,53.667182],[-132.930776,53.690131],[-133.0985,53.779202],[-133.135813,53.914984],[-133.044749,54.148017],[-132.601959,54.122626],[-132.580149,54.02265],[-132.681304,53.950832],[-132.296742,54.112291],[-132.161041,54.00849],[-132.143951,53.841254],[-132.240631,53.777045],[-132.657948,53.690741],[-132.391103,53.671129],[-132.459299,53.6164],[-132.40803,53.613023],[-132.159169,53.699897],[-132.173085,53.798041],[-132.078521,53.892483],[-132.1822,54.043891],[-131.916371,54.040107],[-131.681549,54.141506],[-131.693267,53.991889],[-131.921986,53.640204],[-131.963043,53.282945],[-132.27774,53.214667],[-132.126943,53.200995],[-132.227528,53.156806],[-132.579416,53.207221]]],[[[-130.229156,54.118354],[-130.242014,54.195787],[-130.185902,54.179877],[-130.229156,54.118354]]],[[[-130.654042,54.118354],[-130.789947,54.16177],[-130.776031,54.214097],[-130.654042,54.118354]]],[[[-130.353261,54.267646],[-130.444081,54.291205],[-130.420644,54.331855],[-130.353261,54.267646]]],[[[-130.352122,54.267727],[-130.277252,54.331855],[-130.265045,54.278795],[-130.352122,54.267727]]],[[[-130.760162,54.362006],[-130.698638,54.409125],[-130.69107,54.367092],[-130.760162,54.362006]]],[[[-130.742787,54.605618],[-130.961903,54.454779],[-130.897328,54.633734],[-130.742787,54.605618]]],[[[-130.591949,54.742174],[-130.452138,54.793891],[-130.452626,54.735053],[-130.591949,54.742174]]],[[[-130.208363,54.811103],[-130.23998,54.730536],[-130.338124,54.707994],[-130.208363,54.811103]]],[[[-57.871449,54.817857],[-58.053293,54.753079],[-58.22525,54.853013],[-57.982411,54.917548],[-57.987945,54.849555],[-57.871449,54.817857]]],[[[-130.431223,54.789984],[-130.461578,54.831529],[-130.20401,55.021308],[-130.153472,54.991441],[-130.258534,54.843085],[-130.431223,54.789984]]],[[[-60.749013,55.934516],[-60.687571,55.92829],[-60.865142,55.865871],[-60.85204,55.961859],[-60.749013,55.934516]]],[[[-61.009674,56.043769],[-60.957509,56.026109],[-61.231313,56.080146],[-61.082875,56.170071],[-60.961415,56.104804],[-61.009674,56.043769]]],[[[-61.413726,56.373358],[-61.462148,56.318752],[-61.756418,56.400621],[-61.413726,56.373358]]],[[[-61.228831,56.455268],[-61.166005,56.454779],[-61.512278,56.445258],[-61.633453,56.46955],[-61.450917,56.478217],[-61.633453,56.510484],[-61.46231,56.550035],[-61.167348,56.475735],[-61.228831,56.455268]]],[[[-61.215728,56.585639],[-61.200063,56.644273],[-61.057485,56.633979],[-61.215728,56.585639]]],[[[-61.62975,56.84634],[-61.478831,56.957668],[-61.379018,56.936957],[-61.352284,56.859931],[-61.560658,56.789781],[-61.401357,56.780219],[-61.388417,56.623236],[-61.612375,56.725816],[-61.62975,56.84634]]],[[[-61.612945,57.415473],[-61.90038,57.448961],[-61.679351,57.537543],[-61.633453,57.511054],[-61.825266,57.435289],[-61.612945,57.415473]]],[[[-61.85261,57.586127],[-61.817983,57.494696],[-62.017079,57.51789],[-61.85261,57.586127]]],[[[-61.90038,57.764309],[-61.800404,57.844916],[-61.654124,57.789984],[-61.745188,57.713039],[-61.90038,57.764309]]],[[[-61.931386,57.795356],[-62.105784,57.838568],[-61.931386,57.915107],[-61.931386,57.795356]]],[[[-69.101971,59.131323],[-69.124109,59.046726],[-69.343617,58.949408],[-69.294586,59.151842],[-69.101971,59.131323]]],[[[-64.078969,59.799547],[-63.985707,59.770941],[-64.169057,59.71015],[-64.079701,59.866441],[-64.078969,59.799547]]],[[[-107.875356,66.943061],[-107.839101,67.000678],[-107.819081,66.919094],[-107.95051,66.857978],[-107.875356,66.943061]]],[[[-108.046702,66.981513],[-107.936838,66.953559],[-108.036773,66.90233],[-108.11498,67.036811],[-108.046702,66.981513]]],[[[-107.416656,67.11872],[-107.342519,67.110745],[-107.517486,67.081977],[-107.614654,67.165839],[-107.416656,67.11872]]],[[[-108.005727,67.371975],[-108.149078,67.412909],[-108.039866,67.392401],[-108.080881,67.4265],[-107.919667,67.487698],[-107.907338,67.31684],[-108.005727,67.371975]]],[[[-108.286936,67.535793],[-108.382476,67.467475],[-108.499176,67.535793],[-108.286936,67.535793]]],[[[-108.128651,67.645697],[-108.025502,67.667629],[-107.925689,67.557807],[-108.11498,67.484931],[-108.128651,67.645697]]],[[[-97.431711,67.707709],[-97.333363,67.694648],[-97.518137,67.624254],[-97.544789,67.668036],[-97.431711,67.707709]]],[[[-109.211741,67.7897],[-109.039784,67.7897],[-109.136057,67.768134],[-109.211741,67.7897]]],[[[-114.137278,67.887641],[-113.974517,67.891791],[-114.296457,67.892727],[-114.137278,67.887641]]],[[[-113.446034,67.926825],[-113.284332,67.938544],[-113.603749,67.906317],[-113.446034,67.926825]]],[[[-111.089345,67.865424],[-110.844472,67.955552],[-110.859364,67.902899],[-111.089345,67.865424]]],[[[-108.053538,67.954779],[-108.247874,67.882961],[-108.177073,67.961005],[-108.053538,67.954779]]],[[[-108.910715,67.919989],[-108.910064,67.872219],[-109.184682,67.957343],[-108.910715,67.919989]]],[[[-98.966664,68.070868],[-98.9735,68.016181],[-99.077789,68.049791],[-98.966664,68.070868]]],[[[-109.355702,68.057196],[-109.308217,68.008368],[-109.524485,68.043769],[-109.355702,68.057196]]],[[[-110.061431,68.098131],[-109.875844,68.13227],[-110.259429,68.042914],[-110.061431,68.098131]]],[[[-109.856028,68.159613],[-109.567983,68.249579],[-109.781972,68.142646],[-109.856028,68.159613]]],[[[-111.657867,68.304185],[-111.528676,68.314032],[-111.781361,68.255805],[-111.657867,68.304185]]],[[[-100.090688,68.372504],[-100.088368,68.299872],[-100.234039,68.324042],[-100.090688,68.372504]]],[[[-110.836049,68.550686],[-110.698883,68.488593],[-111.082183,68.474921],[-110.836049,68.550686]]],[[[-110.644276,68.550686],[-110.520741,68.550686],[-110.73762,68.543647],[-110.644276,68.550686]]],[[[-104.490142,68.515855],[-104.429433,68.444973],[-104.655181,68.398017],[-105.062164,68.549506],[-104.681304,68.578559],[-104.490142,68.515855]]],[[[-113.967437,68.612128],[-113.762034,68.597805],[-113.795766,68.581732],[-113.967437,68.612128]]],[[[-114.14623,68.67414],[-114.071767,68.644599],[-114.192738,68.680976],[-114.14623,68.67414]]],[[[-101.693959,68.770331],[-101.694,68.653876],[-101.824941,68.653022],[-101.8662,68.572455],[-102.351918,68.687201],[-102.024648,68.823798],[-101.693959,68.770331]]],[[[-114.473948,68.893256],[-114.330474,68.886176],[-114.382192,68.869208],[-114.473948,68.893256]]],[[[-100.206776,68.8039],[-100.392405,68.715074],[-100.603342,68.755561],[-100.631337,68.995673],[-100.323476,69.003119],[-100.154205,68.923407],[-100.206776,68.8039]]],[[[-100.042307,69.085028],[-100.000966,68.960639],[-100.255198,69.050279],[-100.12267,69.129218],[-100.042307,69.085028]]],[[[-101.529449,69.188056],[-101.524648,69.131781],[-101.701405,69.0987],[-101.618479,69.132514],[-101.69164,69.167141],[-101.627756,69.223538],[-101.529449,69.188056]]],[[[-135.566762,69.386054],[-135.280995,69.361762],[-135.291575,69.315904],[-135.566762,69.386054]]],[[[-100.981435,69.482245],[-101.228424,69.372992],[-101.291615,69.435981],[-101.186838,69.482245],[-101.37564,69.537177],[-101.276845,69.585354],[-100.981435,69.482245]]],[[[-96.554921,69.479193],[-96.740224,69.577867],[-96.148346,69.56269],[-96.110015,69.449652],[-96.232045,69.362698],[-96.554921,69.479193]]],[[[-133.929433,69.577867],[-134.018178,69.577867],[-133.850575,69.60578],[-133.929433,69.577867]]],[[[-95.944488,69.420844],[-95.999257,69.448961],[-95.923248,69.591498],[-95.801137,69.633124],[-95.380767,69.523261],[-95.403228,69.396918],[-95.501943,69.345038],[-95.711659,69.321763],[-95.663401,69.400336],[-95.72175,69.55565],[-95.80427,69.565619],[-95.780019,69.468655],[-95.884592,69.343899],[-95.96288,69.350491],[-95.944488,69.420844]]],[[[-139.113393,69.654202],[-138.891754,69.606269],[-139.11026,69.536851],[-139.287831,69.575629],[-139.113393,69.654202]]],[[[-135.574208,69.577867],[-135.536366,69.636868],[-135.402943,69.654202],[-135.574208,69.577867]]],[[[-102.125966,69.715033],[-102.159332,69.654242],[-102.236928,69.704413],[-102.125966,69.715033]]],[[[-95.214915,68.862209],[-95.530385,68.678412],[-95.595082,68.756049],[-95.796295,68.736762],[-95.842112,68.619534],[-96.520497,68.447577],[-97.144276,68.591539],[-97.096181,68.53913],[-97.445668,68.539455],[-98.119252,68.674994],[-98.363759,68.857571],[-98.522369,68.750312],[-98.863352,68.834418],[-98.815338,68.912584],[-98.981557,68.955756],[-99.18224,68.831448],[-99.59081,69.014838],[-99.419097,69.139635],[-99.006703,69.139065],[-98.745717,69.187079],[-98.653228,69.301011],[-98.439076,69.304145],[-98.39269,69.333401],[-98.6079,69.442694],[-98.418568,69.47606],[-98.590566,69.52025],[-98.575429,69.577379],[-98.023834,69.434638],[-98.355377,69.599555],[-98.312489,69.730414],[-97.974599,69.89643],[-97.47525,69.777167],[-97.342275,69.708808],[-97.458323,69.689154],[-97.376576,69.597642],[-97.284006,69.696967],[-96.893422,69.497748],[-96.219797,69.313951],[-96.171051,69.263129],[-96.239369,69.072008],[-96.123402,69.033352],[-96.067738,69.235256],[-95.828196,68.875881],[-95.214915,68.862209]]],[[[-97.46581,69.900621],[-97.434234,69.965969],[-97.254791,69.894721],[-97.46581,69.900621]]],[[[-124.959218,70.167548],[-125.105336,70.121812],[-125.10497,70.15705],[-124.959218,70.167548]]],[[[-113.165517,70.312161],[-112.976877,70.301663],[-113.207102,70.297838],[-113.165517,70.312161]]],[[[-100.7412,70.312161],[-100.794342,70.256049],[-100.872182,70.297838],[-100.7412,70.312161]]],[[[-111.952707,70.325141],[-111.671498,70.312161],[-112.311513,70.34691],[-111.952707,70.325141]]],[[[-116.664052,70.497056],[-116.610911,70.493354],[-116.815175,70.49372],[-116.664052,70.497056]]],[[[-116.263417,70.551703],[-116.156646,70.548529],[-116.453114,70.511949],[-116.263417,70.551703]]],[[[-116.722076,70.558539],[-116.509755,70.551703],[-116.777333,70.551703],[-116.722076,70.558539]]],[[[-115.885976,70.58218],[-115.834788,70.58161],[-116.064117,70.551703],[-115.885976,70.58218]]],[[[-117.05724,70.571601],[-116.917551,70.566474],[-117.275787,70.550279],[-117.05724,70.571601]]],[[[-128.234609,70.660956],[-128.08373,70.613186],[-128.344472,70.544867],[-128.234609,70.660956]]],[[[-100.351389,70.489651],[-100.655629,70.551581],[-100.714508,70.681464],[-100.193756,70.579047],[-100.392405,70.585273],[-100.25414,70.489691],[-100.351389,70.489651]]],[[[-125.948883,71.963202],[-125.988433,71.970404],[-125.909088,71.964342],[-125.948883,71.963202]]],[[[-110.507069,72.593817],[-110.47232,72.57331],[-110.595855,72.600653],[-110.507069,72.593817]]],[[[-110.397206,72.62051],[-110.348866,72.607489],[-110.493479,72.62051],[-110.397206,72.62051]]],[[[-110.314687,72.655219],[-110.279897,72.648424],[-110.410878,72.642239],[-110.314687,72.655219]]],[[[-100.872182,69.807807],[-100.964345,69.664455],[-101.255116,69.667873],[-101.430165,69.766832],[-101.474843,69.893785],[-101.673451,69.646715],[-102.253,69.912502],[-102.348785,69.763414],[-102.384267,69.813544],[-102.643951,69.760484],[-102.487172,69.69066],[-102.516998,69.585354],[-102.783844,69.536851],[-103.489613,69.694525],[-103.510081,69.619452],[-103.220774,69.555487],[-103.136098,69.449856],[-103.041127,69.515326],[-103.038319,69.257392],[-103.194936,69.20954],[-103.183461,69.115871],[-102.866444,69.366197],[-102.303822,69.501654],[-101.968332,69.441352],[-102.173166,69.352525],[-102.071604,69.302395],[-102.075592,69.24726],[-102.235829,69.263129],[-102.17984,69.21662],[-101.92748,69.261542],[-101.771555,69.193793],[-101.865875,69.044094],[-101.818227,69.01911],[-102.382436,68.957831],[-102.523061,68.865546],[-102.749135,68.899482],[-102.701975,68.852281],[-102.917063,68.804267],[-103.383168,68.782294],[-104.305247,68.940375],[-104.593617,68.864488],[-105.123036,68.89643],[-105.254791,68.951117],[-104.917063,69.047919],[-106.412099,69.188056],[-106.294545,69.271715],[-106.319936,69.386054],[-106.583892,69.503607],[-106.990875,69.34512],[-106.964223,69.201117],[-107.334828,69.02558],[-108.539459,68.946967],[-109.028554,68.726752],[-110.347035,68.580227],[-111.418284,68.578559],[-111.205393,68.550686],[-111.251047,68.51968],[-113.244008,68.454413],[-113.30309,68.474921],[-113.062815,68.488593],[-113.655507,68.800482],[-113.576527,69.016995],[-113.637847,69.029771],[-113.549713,69.044094],[-113.700551,69.16352],[-113.508778,69.174465],[-114.254791,69.283677],[-115.974843,69.300198],[-116.527699,69.413886],[-116.63268,69.461819],[-116.557607,69.495917],[-116.619618,69.571682],[-116.905629,69.592597],[-116.848134,69.632799],[-117.265126,69.782538],[-117.414418,70.015937],[-116.965077,70.129055],[-114.509429,70.315253],[-112.586252,70.200019],[-112.169789,70.267401],[-112.270904,70.284369],[-111.468129,70.282294],[-111.560943,70.295111],[-111.511586,70.323879],[-111.964263,70.374579],[-112.172434,70.503323],[-113.988393,70.716213],[-115.545888,70.582221],[-117.585439,70.60635],[-118.411041,70.974555],[-117.798004,71.170396],[-115.764638,71.367662],[-116.2058,71.426215],[-115.742014,71.510688],[-115.419016,71.45185],[-115.056752,71.52497],[-115.823598,71.548163],[-117.367828,71.388332],[-117.536692,71.502021],[-117.612782,71.476549],[-117.483022,71.421332],[-117.534088,71.379381],[-118.161977,71.378974],[-118.308827,71.432196],[-118.127309,71.538642],[-117.692209,71.553941],[-117.956125,71.603461],[-117.695302,71.668362],[-118.409332,71.579779],[-118.461293,71.653062],[-118.832997,71.662909],[-118.927154,71.589342],[-119.093088,71.668362],[-119.129384,71.797919],[-119.054311,71.935289],[-118.678212,72.142279],[-118.127838,72.22724],[-118.174469,72.338365],[-118.565582,72.388007],[-118.568674,72.477769],[-118.169586,72.641832],[-117.400461,72.905951],[-114.584299,73.384589],[-114.196645,73.308051],[-113.961985,73.12287],[-114.046498,72.972724],[-114.023101,72.797797],[-114.2412,72.792426],[-114.336659,72.755601],[-114.26773,72.696234],[-114.604237,72.607489],[-114.339467,72.563788],[-113.508778,72.70303],[-113.734039,72.614244],[-113.659576,72.613105],[-113.439849,72.709906],[-113.603993,72.777533],[-113.39094,72.911566],[-113.015004,73.016018],[-111.219635,72.724107],[-111.266835,72.579535],[-111.904286,72.346747],[-111.688832,72.355902],[-111.788197,72.223212],[-111.734364,72.213284],[-111.418284,72.346747],[-111.576812,72.343492],[-111.531565,72.400092],[-111.295237,72.470689],[-111.241851,72.471422],[-111.357493,72.371487],[-111.046986,72.290351],[-111.086293,72.408271],[-110.787668,72.477118],[-110.82787,72.509955],[-110.678334,72.579169],[-110.334299,72.427314],[-110.534413,72.504381],[-110.326568,72.554877],[-109.808258,72.430243],[-110.259429,72.559027],[-109.816396,72.493069],[-109.956939,72.607815],[-110.29426,72.675727],[-109.773427,72.716702],[-110.254506,72.738959],[-110.230336,72.824286],[-110.567942,72.867499],[-110.745432,72.965562],[-110.703725,73.009101],[-109.622629,72.915961],[-109.727447,72.89643],[-108.946034,72.673774],[-109.034291,72.596584],[-108.615875,72.548774],[-108.65685,72.340522],[-108.540151,72.148749],[-108.428334,72.160793],[-108.416615,71.990465],[-108.293121,71.976264],[-108.340932,71.935858],[-108.191518,71.962958],[-108.277211,71.890855],[-108.286936,71.798733],[-108.183909,71.764594],[-108.245961,71.722968],[-107.789947,71.616889],[-107.724517,71.634833],[-107.838735,71.692328],[-107.801137,71.734361],[-107.251576,71.806138],[-107.442616,71.862128],[-107.271596,71.884467],[-107.779164,72.141303],[-107.841949,72.278266],[-107.717763,72.30268],[-107.848053,72.360419],[-107.808665,72.442776],[-107.985219,72.518052],[-107.875356,72.524888],[-108.013173,72.62051],[-107.957916,72.642239],[-108.083648,72.760077],[-108.258941,73.175971],[-107.867909,73.189643],[-108.148346,73.301744],[-108.013336,73.354885],[-107.073232,73.178046],[-107.011383,73.197089],[-107.128733,73.244289],[-106.873443,73.315579],[-106.233998,73.087226],[-105.850087,73.059963],[-105.388987,72.797919],[-105.354482,72.759914],[-105.510569,72.778754],[-105.30016,72.661933],[-105.346669,72.62051],[-105.195872,72.483954],[-105.305084,72.45661],[-104.979807,72.205024],[-105.006215,72.069159],[-104.380279,71.600043],[-104.407582,71.510688],[-104.318837,71.469713],[-104.30016,71.380072],[-104.463124,71.3605],[-104.440541,71.249091],[-104.647817,71.119696],[-104.603139,71.082465],[-103.537709,70.599514],[-102.9204,70.517646],[-103.133372,70.596137],[-103.086903,70.677476],[-102.841949,70.580634],[-102.851064,70.516343],[-101.952789,70.269721],[-101.692779,70.308743],[-101.529449,70.11286],[-100.995717,70.174954],[-100.872182,69.807807]]],[[[-72.948964,66.734565],[-73.005483,66.779202],[-72.828359,67.018134],[-72.350901,67.119452],[-72.193349,67.275702],[-72.369822,67.330797],[-72.508005,67.502265],[-72.436106,67.53148],[-72.496449,67.630439],[-72.643503,67.67182],[-72.618886,67.795478],[-72.924631,67.931627],[-72.991404,68.225735],[-73.494944,68.276923],[-73.213735,68.379299],[-73.611562,68.276923],[-73.831288,68.34394],[-73.947377,68.413479],[-73.762278,68.510484],[-73.817006,68.571112],[-73.721506,68.61579],[-73.888295,68.714016],[-74.13915,68.735582],[-73.885976,68.564276],[-73.940297,68.508124],[-74.504628,68.599514],[-74.720774,68.735541],[-74.55073,68.824937],[-74.825022,68.776557],[-74.95934,68.810981],[-74.682485,68.896064],[-75.044138,68.906928],[-74.869985,68.932685],[-75.001088,68.927965],[-74.859202,68.968329],[-75.003367,68.947455],[-74.940663,68.997748],[-74.65746,69.011461],[-74.783437,69.078192],[-75.036,69.01496],[-75.106191,68.910346],[-75.486399,69.02204],[-75.570424,68.986518],[-75.496653,68.934231],[-75.606516,68.88581],[-76.624989,68.682359],[-76.681508,68.729397],[-76.533803,68.881415],[-76.644643,68.916938],[-76.623484,69.023627],[-75.989858,69.010891],[-75.59557,69.102118],[-75.598582,69.219224],[-75.94404,69.363471],[-76.359731,69.400336],[-76.634348,69.571682],[-76.181874,69.667873],[-76.584543,69.694648],[-76.640574,69.674058],[-76.543446,69.675482],[-76.575266,69.623481],[-76.681508,69.571682],[-77.20287,69.646715],[-76.794789,69.72248],[-76.901235,69.777086],[-76.795237,69.808173],[-77.292917,69.836005],[-77.013661,69.919745],[-77.066477,69.936225],[-77.634267,69.824897],[-77.461008,69.801907],[-77.614369,69.742987],[-77.741038,70.214911],[-78.408274,70.215888],[-78.539255,70.312161],[-78.427195,70.33039],[-78.486195,70.354926],[-79.073679,70.47663],[-78.881785,70.600775],[-78.717356,70.551703],[-78.818349,70.62401],[-79.12385,70.646633],[-79.022776,70.630439],[-79.188547,70.432196],[-79.326975,70.442694],[-79.246693,70.516059],[-79.313222,70.544867],[-79.406443,70.439846],[-79.587595,70.428209],[-78.970652,70.325141],[-78.766916,70.191392],[-78.66511,70.013821],[-78.82665,69.879543],[-79.680857,69.848578],[-80.068349,70.004136],[-81.756703,70.129706],[-81.193227,70.0008],[-80.778188,69.793158],[-80.929311,69.71483],[-81.600046,69.977444],[-83.005564,70.309963],[-81.711537,69.93476],[-82.255564,69.806952],[-83.051625,70.010484],[-83.6728,69.946357],[-84.694773,70.006578],[-84.87092,70.078803],[-84.816355,70.089097],[-85.856638,70.089545],[-85.234609,69.996243],[-85.733225,69.994859],[-86.521108,70.230658],[-86.59081,70.366767],[-86.296986,70.477444],[-86.341257,70.519843],[-86.66454,70.356024],[-86.858225,70.325141],[-86.898671,70.35932],[-86.778513,70.375881],[-87.031443,70.468492],[-87.248728,70.39411],[-87.047434,70.384467],[-86.988026,70.297838],[-87.779734,70.331977],[-87.640981,70.298896],[-87.852528,70.237982],[-88.241567,70.32392],[-87.879384,70.318345],[-88.141306,70.395901],[-88.907216,70.544867],[-89.415476,70.878852],[-89.208852,70.942125],[-89.538035,71.086615],[-88.642405,71.054592],[-87.893015,70.935289],[-87.002309,70.996772],[-87.749013,71.140774],[-87.920644,71.270006],[-88.066965,71.212836],[-89.813425,71.329006],[-89.980824,71.445299],[-90.044911,71.596666],[-89.797922,71.757758],[-90.104685,71.916327],[-89.969228,72.038886],[-89.598256,72.151109],[-89.90095,72.189765],[-89.953318,72.306464],[-89.852732,72.386664],[-89.899526,72.417304],[-89.787506,72.424262],[-89.870798,72.430365],[-89.753245,72.610826],[-89.493113,72.664008],[-89.564524,72.756415],[-89.269399,72.783189],[-89.39391,72.811591],[-89.298289,72.936428],[-89.355662,72.967108],[-89.253855,73.02265],[-89.311879,73.046291],[-89.114329,73.191962],[-88.886708,73.216986],[-89.033437,73.241034],[-88.961863,73.28974],[-88.648752,73.280707],[-88.833241,73.323554],[-88.413767,73.525458],[-87.764475,73.716742],[-86.714182,73.847398],[-85.105702,73.811998],[-84.882761,73.748236],[-86.030344,73.302436],[-86.672719,72.846991],[-86.735422,72.716702],[-86.266347,72.466254],[-86.435862,72.267483],[-86.447458,72.127631],[-86.419504,72.021186],[-86.127553,71.794257],[-85.371816,71.487372],[-84.959665,71.428778],[-84.837636,71.286566],[-85.193186,71.299302],[-85.515981,71.179511],[-85.945302,71.180894],[-86.803171,71.000434],[-84.972605,71.196194],[-84.87092,71.113471],[-85.145212,71.092963],[-84.959665,71.078681],[-85.008046,71.051988],[-84.950632,70.968248],[-84.799184,70.927883],[-84.797109,71.184882],[-84.691843,71.212307],[-84.788319,71.318915],[-84.739003,71.424465],[-84.528269,71.473131],[-84.65803,71.613105],[-84.603383,71.647895],[-85.257883,71.668362],[-85.583445,71.791815],[-85.453969,71.801744],[-85.547841,71.886786],[-86.021352,71.984117],[-85.510203,72.077541],[-85.54247,72.120795],[-85.416249,72.138821],[-85.514353,72.226996],[-85.437489,72.265082],[-84.957021,72.241034],[-84.354563,72.056627],[-84.206614,71.938544],[-84.180002,72.027737],[-84.911244,72.280911],[-84.814076,72.357611],[-84.432078,72.381537],[-84.87621,72.381822],[-84.777211,72.447414],[-85.131907,72.353909],[-85.514516,72.463446],[-85.602732,72.532904],[-85.496775,72.566148],[-85.702463,72.634711],[-85.659657,72.885199],[-85.570627,72.972317],[-85.317942,72.96308],[-83.991404,72.748969],[-85.118031,73.033149],[-85.535634,73.025784],[-85.463572,73.111884],[-85.124745,73.052476],[-85.213816,73.110297],[-85.175404,73.148993],[-83.637563,72.984809],[-85.192983,73.231269],[-85.113352,73.321845],[-84.836659,73.389065],[-84.342641,73.231269],[-84.65803,73.395087],[-84.1822,73.477688],[-83.780955,73.436103],[-83.594431,73.310248],[-83.665232,73.456122],[-84.007517,73.50495],[-82.831125,73.736721],[-81.528391,73.716213],[-81.216624,73.517279],[-81.218129,73.29267],[-80.642771,73.169827],[-80.571726,73.069078],[-80.64033,72.927924],[-80.273264,72.760647],[-80.558461,72.62759],[-80.526072,72.579535],[-81.382639,72.24433],[-80.506215,72.497626],[-80.517934,72.389228],[-80.97175,72.203355],[-80.572011,72.091376],[-81.026316,72.093492],[-81.087758,72.052558],[-80.800404,72.017768],[-80.961252,71.908677],[-80.396677,72.050116],[-80.365305,72.110907],[-80.482859,72.180732],[-80.261342,72.20482],[-80.306956,72.257392],[-80.245229,72.299872],[-79.676381,72.127631],[-80.155507,72.310858],[-79.818837,72.506415],[-79.613108,72.346625],[-79.780019,72.236884],[-79.714915,72.218248],[-79.587595,72.277899],[-79.450388,72.19595],[-79.533315,72.284735],[-79.283396,72.394436],[-78.971547,72.285305],[-78.943308,72.19595],[-79.209462,71.989325],[-79.152455,71.955715],[-78.504465,71.874457],[-78.897206,72.003485],[-78.830434,72.172675],[-78.504465,72.100328],[-78.208974,71.823798],[-77.952138,71.772854],[-78.298818,71.917182],[-78.176707,71.97248],[-77.770823,71.778225],[-77.714915,71.806708],[-78.326365,71.990465],[-78.461008,72.128241],[-78.849436,72.217719],[-78.750925,72.285305],[-78.798451,72.306383],[-78.569569,72.355658],[-78.397165,72.176337],[-78.476552,72.24433],[-78.408803,72.329047],[-77.691355,72.21662],[-77.660959,72.107815],[-77.620595,72.175442],[-77.298451,72.189765],[-76.997426,72.134467],[-78.532094,72.425605],[-78.409983,72.594428],[-77.601023,72.755805],[-76.783518,72.729478],[-76.651967,72.638739],[-76.196848,72.59927],[-76.126658,72.4914],[-75.93989,72.592231],[-75.198354,72.497626],[-74.966746,72.277411],[-75.063303,72.186469],[-76.028757,72.08869],[-76.414622,71.860785],[-76.02363,72.052558],[-75.657704,72.124335],[-75.242055,72.083441],[-75.607737,71.990424],[-75.873647,71.726752],[-76.099924,71.703111],[-75.866444,71.707953],[-75.501943,72.002509],[-75.243479,72.011379],[-75.063181,72.128241],[-74.254099,72.081529],[-74.136423,71.992825],[-74.214955,71.837144],[-75.351796,71.700141],[-74.941721,71.675198],[-75.414052,71.52497],[-74.664296,71.690172],[-74.720408,71.590806],[-75.133738,71.492418],[-74.843699,71.523261],[-74.905019,71.459621],[-74.711008,71.403876],[-75.078562,71.204576],[-74.67158,71.365058],[-74.629506,71.418199],[-74.742502,71.514106],[-74.537343,71.644843],[-74.136057,71.743476],[-74.249013,71.582994],[-74.145985,71.538642],[-74.199656,71.589667],[-73.996042,71.754218],[-73.620961,71.772528],[-74.000356,71.501614],[-74.317942,71.415107],[-74.029978,71.442369],[-74.216176,71.217841],[-74.002878,71.326321],[-73.817006,71.552232],[-73.563791,71.558498],[-73.638905,71.3605],[-73.409291,71.409003],[-73.687937,71.243801],[-73.747507,71.089748],[-73.855906,71.076565],[-73.694163,71.086127],[-73.626576,71.22606],[-73.438669,71.313544],[-73.06489,71.282701],[-73.276438,71.223334],[-73.268992,71.127102],[-73.427683,71.054877],[-73.386301,70.990546],[-73.187082,71.206244],[-72.995351,71.254218],[-72.994618,71.40766],[-72.755076,71.435614],[-72.837595,71.510688],[-72.638987,71.545478],[-72.58434,71.655341],[-71.581899,71.515082],[-71.145212,71.294176],[-71.47053,71.06566],[-72.045115,71.084784],[-72.356272,70.87873],[-72.748484,70.827338],[-72.172068,70.844672],[-72.364613,70.68891],[-72.582509,70.646186],[-72.531687,70.617092],[-71.590647,70.873236],[-71.215037,70.855292],[-71.201853,71.006985],[-70.861643,71.109076],[-70.586374,71.034613],[-70.544016,70.897447],[-70.805531,70.724351],[-71.163645,70.590766],[-71.576365,70.613186],[-71.747996,70.448879],[-71.967356,70.421373],[-71.741444,70.428209],[-71.805979,70.30976],[-71.753529,70.314643],[-71.451609,70.586615],[-71.183176,70.543118],[-71.32311,70.318345],[-71.274648,70.269924],[-71.535105,70.039618],[-71.247996,70.222113],[-70.985341,70.633694],[-69.914988,70.879869],[-69.777699,70.847724],[-69.956532,70.734524],[-70.480214,70.613186],[-70.405344,70.540839],[-70.494496,70.489651],[-70.309519,70.503323],[-70.411977,70.60635],[-70.102488,70.611721],[-69.473459,70.791327],[-68.362253,70.584296],[-68.286814,70.506537],[-68.487375,70.369208],[-68.591298,70.466986],[-68.68456,70.331977],[-69.808339,70.166693],[-70.156606,70.045478],[-69.82905,70.011908],[-70.435536,69.865871],[-69.758494,69.972886],[-69.792551,70.085028],[-69.719838,70.126614],[-68.655995,70.171942],[-68.790598,70.041164],[-69.444285,69.821234],[-69.788157,69.832343],[-70.000437,69.661078],[-69.949452,69.661322],[-69.763173,69.800198],[-69.390614,69.783881],[-69.102895,69.920478],[-68.649159,69.942857],[-68.191111,70.126614],[-68.348744,70.188666],[-68.078359,70.327053],[-67.808542,70.263739],[-67.249501,69.963446],[-67.138783,69.762112],[-68.013051,69.776068],[-68.349192,69.633124],[-70.006663,69.543036],[-69.290517,69.508734],[-68.587473,69.59101],[-68.005116,69.461982],[-67.22761,69.464342],[-66.788035,69.340033],[-66.656077,69.242011],[-66.742258,69.136868],[-67.678049,69.177191],[-68.197947,69.310981],[-69.013539,69.359361],[-69.260569,69.276801],[-68.999216,69.334703],[-68.10436,69.238471],[-68.96406,69.223456],[-68.531931,69.210598],[-69.096059,69.091864],[-68.924753,69.105536],[-69.018259,68.968411],[-68.864084,69.09162],[-68.373362,69.179592],[-67.735463,69.040107],[-68.000803,68.971991],[-68.533762,68.988837],[-68.013621,68.893256],[-68.492787,68.899482],[-67.795969,68.790513],[-69.363474,68.88109],[-68.988759,68.803412],[-68.999867,68.748603],[-68.047719,68.687201],[-68.880116,68.612738],[-67.917429,68.550686],[-67.946482,68.416002],[-67.858957,68.550238],[-67.643056,68.564276],[-67.534413,68.550727],[-67.622548,68.399807],[-67.568918,68.476386],[-67.354929,68.5008],[-67.208119,68.443793],[-67.34142,68.413479],[-66.663564,68.440823],[-67.02245,68.361558],[-67.403147,68.396959],[-67.793894,68.337714],[-67.851389,68.261623],[-67.567942,68.337714],[-67.697703,68.249579],[-67.578847,68.252102],[-67.356516,68.357367],[-67.032541,68.326646],[-67.238962,68.29678],[-67.385081,68.154202],[-67.602122,68.16706],[-67.399729,68.12759],[-67.003733,68.293647],[-66.788157,68.249416],[-66.951121,68.019232],[-66.714304,68.147528],[-66.722239,67.999661],[-66.58141,68.148383],[-66.346018,68.136217],[-66.478017,68.08511],[-66.218617,68.033596],[-66.409739,67.899563],[-66.745554,67.879096],[-66.388661,67.78148],[-66.279408,67.961005],[-65.968129,68.033149],[-65.907419,68.154446],[-65.892405,68.053778],[-66.032338,67.961005],[-65.961008,67.915269],[-66.026194,67.653144],[-65.946034,67.828803],[-65.697133,67.988959],[-65.451894,67.998603],[-65.613637,67.799547],[-65.372996,67.607367],[-65.364735,67.690172],[-65.51769,67.766262],[-65.375071,67.934272],[-65.0537,68.052436],[-64.719553,67.985175],[-65.066599,67.934272],[-64.972361,67.924791],[-65.141835,67.809719],[-65.019154,67.818061],[-65.039255,67.762356],[-65.203114,67.656195],[-64.895253,67.796454],[-64.795644,67.698065],[-64.752024,67.801744],[-64.503489,67.806545],[-64.394846,67.719916],[-64.641428,67.666734],[-64.329416,67.729804],[-64.052439,67.541327],[-64.44343,67.481147],[-64.044871,67.466864],[-63.941599,67.361029],[-64.004587,67.331],[-63.920888,67.318305],[-64.762278,67.362738],[-64.257273,67.305487],[-64.788564,67.221625],[-64.727488,67.203315],[-64.011708,67.282457],[-63.999623,67.228949],[-64.60912,67.140286],[-64.695302,67.019599],[-64.496531,67.138617],[-63.449086,67.227973],[-63.800404,66.992987],[-63.439443,67.121283],[-63.285227,67.310492],[-63.22057,67.257148],[-63.117055,67.330268],[-62.981272,67.25495],[-63.250437,67.13231],[-63.227488,66.986029],[-63.772898,66.832099],[-63.502634,66.826239],[-63.455881,66.912584],[-63.455881,66.707221],[-63.349599,66.790351],[-63.34907,66.890692],[-62.865305,66.969143],[-62.822743,66.801459],[-62.911814,66.654771],[-62.695627,66.947455],[-62.555247,66.938463],[-62.328603,66.736151],[-62.441721,66.899604],[-62.284006,66.946112],[-62.249094,67.049221],[-62.090037,67.05976],[-62.017161,66.912584],[-61.776926,66.953559],[-61.797109,66.893744],[-61.989491,66.895901],[-61.60558,66.871649],[-61.729726,66.830715],[-61.50593,66.804999],[-61.267527,66.631578],[-61.576283,66.550482],[-61.953318,66.687445],[-62.188425,66.632066],[-61.821523,66.628648],[-61.605092,66.505561],[-61.989817,66.419176],[-61.477528,66.379381],[-61.541697,66.34927],[-61.93456,66.289455],[-62.607371,66.442206],[-62.716013,66.41234],[-62.354604,66.32099],[-62.639719,66.222968],[-62.894154,66.337226],[-62.699045,66.198147],[-62.137441,66.154527],[-62.154286,66.103909],[-61.992747,66.050198],[-62.302317,65.980902],[-62.785227,66.037665],[-62.923655,66.15119],[-63.0655,66.124335],[-62.409373,65.967963],[-62.456003,65.925727],[-62.306386,65.828925],[-62.644602,65.810777],[-62.870798,65.908149],[-62.611684,65.776068],[-62.582102,65.733629],[-62.82665,65.768012],[-62.594187,65.664008],[-62.63561,65.599555],[-62.785105,65.595201],[-62.963083,65.755072],[-62.907786,65.672512],[-62.959665,65.589993],[-63.216176,65.649604],[-63.501251,65.938747],[-63.531606,65.877916],[-63.354685,65.684882],[-63.710805,65.682522],[-63.384226,65.638373],[-63.353342,65.54682],[-63.607371,65.596747],[-63.291371,65.439765],[-63.62739,65.480292],[-63.406239,65.403022],[-63.524159,65.391913],[-63.373362,65.32982],[-63.43342,65.250149],[-63.346913,65.226874],[-63.494578,65.201483],[-63.373484,65.153795],[-63.376658,65.072333],[-63.590769,64.903144],[-63.825795,64.98664],[-63.6551,65.041897],[-63.844106,65.03144],[-63.885121,65.086127],[-63.802073,65.164455],[-63.853871,65.18358],[-64.091624,65.06151],[-64.278269,65.103949],[-64.109731,65.189643],[-64.374338,65.179267],[-64.40864,65.288275],[-64.251658,65.391913],[-64.298044,65.423],[-64.467722,65.291734],[-64.557118,65.093207],[-64.687856,65.170111],[-64.66218,65.246772],[-64.902089,65.28205],[-64.40864,65.480699],[-65.010203,65.369371],[-65.131825,65.424994],[-64.734731,65.645331],[-65.027089,65.5456],[-65.340891,65.583157],[-64.792226,65.727729],[-65.453847,65.679348],[-65.401723,65.748236],[-65.466298,65.744818],[-65.450754,65.843207],[-65.283152,65.927883],[-64.756825,65.968451],[-64.854319,66.03559],[-64.740671,66.199693],[-64.387156,66.32746],[-64.435292,66.341946],[-64.765614,66.255683],[-64.871449,66.107489],[-65.899403,65.953681],[-65.930002,66.065172],[-65.559926,66.234687],[-65.469919,66.353013],[-65.681874,66.191352],[-66.147776,66.140692],[-66.257314,66.223578],[-66.149648,66.289455],[-66.443837,66.268378],[-66.387522,66.242011],[-66.476267,66.204779],[-66.54011,66.244778],[-66.471791,66.350287],[-66.540883,66.346503],[-66.444407,66.401801],[-66.765981,66.385077],[-66.677235,66.46015],[-66.808298,66.452826],[-66.861562,66.542711],[-66.745432,66.572659],[-67.060251,66.645738],[-66.88268,66.570014],[-67.166331,66.488674],[-67.509104,66.617499],[-67.723744,66.582424],[-67.176381,66.454413],[-67.199086,66.370998],[-67.410268,66.432807],[-67.143137,66.327053],[-67.280344,66.288886],[-67.984568,66.513088],[-67.759104,66.360826],[-67.752919,66.254706],[-67.163279,66.042426],[-67.314158,66.001451],[-67.208485,65.942613],[-67.9228,65.903225],[-68.025746,65.994859],[-67.972646,66.083441],[-68.306223,66.226874],[-68.399241,66.186835],[-68.475413,66.290107],[-68.512929,66.208482],[-68.826731,66.200995],[-68.045155,66.083075],[-68.082509,65.980943],[-68.325185,66.045844],[-68.218007,65.966295],[-68.331248,65.949449],[-68.13679,65.926581],[-68.094472,65.836859],[-68.205393,65.802232],[-67.81432,65.782375],[-67.974355,65.709621],[-67.881663,65.654242],[-68.06074,65.569403],[-67.956899,65.572659],[-68.014353,65.506252],[-67.755198,65.631781],[-67.273142,65.645209],[-67.34142,65.583157],[-67.283681,65.562649],[-67.433054,65.503648],[-67.059885,65.424058],[-67.417104,65.35102],[-67.164296,65.319322],[-67.114369,65.263251],[-67.170115,65.226874],[-66.937327,65.241156],[-66.95165,65.129055],[-67.091013,65.075629],[-66.906239,65.071234],[-66.751658,65.181586],[-66.89094,65.065863],[-66.759226,65.069159],[-66.743398,64.968207],[-66.834299,64.945624],[-66.751169,64.931708],[-66.705393,64.789374],[-66.635691,64.781195],[-66.697743,65.035061],[-66.149648,64.870551],[-66.341501,64.774359],[-66.21052,64.761298],[-66.21288,64.704332],[-66.018666,64.857571],[-66.048411,64.741604],[-65.799631,64.651435],[-65.93342,64.860663],[-65.716786,64.844224],[-65.710276,64.69245],[-65.702952,64.754584],[-65.582834,64.756822],[-65.586497,64.649115],[-65.71345,64.603583],[-65.706858,64.490058],[-65.340891,64.527981],[-65.40095,64.472113],[-65.286936,64.471015],[-65.211374,64.541409],[-65.079335,64.429267],[-65.238596,64.405585],[-65.196278,64.315009],[-65.26891,64.29564],[-65.657948,64.30923],[-65.416005,64.288398],[-65.535268,64.262112],[-65.357533,64.254055],[-65.2447,64.198961],[-65.376902,64.162584],[-65.052927,64.068671],[-65.224233,64.041938],[-64.639353,63.991034],[-64.991444,63.828437],[-64.504832,63.64411],[-64.566599,63.616034],[-64.504832,63.443183],[-64.609568,63.422553],[-64.505564,63.32453],[-64.627756,63.321357],[-64.517893,63.298774],[-64.552602,63.253079],[-64.706125,63.277411],[-64.936838,63.622992],[-65.28779,63.8133],[-64.994374,63.612494],[-65.132761,63.444525],[-64.908925,63.287787],[-65.11677,63.285102],[-64.778554,63.108588],[-64.840403,63.101386],[-64.778269,63.074368],[-64.82844,62.977281],[-64.627756,62.911078],[-64.887074,62.869371],[-65.272043,63.006659],[-64.962473,62.662665],[-65.139027,62.570624],[-65.354563,62.684516],[-65.2447,62.780097],[-65.342478,62.775133],[-65.336537,62.907538],[-65.39863,62.829169],[-65.603831,62.825141],[-65.752431,62.92475],[-65.710642,63.041815],[-65.790354,62.904242],[-65.92988,62.923245],[-65.868642,63.008857],[-66.029368,62.986151],[-66.257395,63.131537],[-66.104237,62.996772],[-66.12914,62.943345],[-66.418406,63.007514],[-66.671254,63.27147],[-66.648183,63.340033],[-66.728586,63.30858],[-66.559926,63.081732],[-66.684071,63.10224],[-66.569569,63.030219],[-66.656199,63.040758],[-66.758778,63.081855],[-66.803578,63.235297],[-66.860666,63.151435],[-67.003407,63.226996],[-66.979197,63.377387],[-67.012441,63.287787],[-67.239817,63.321357],[-67.924184,63.767564],[-67.697703,63.369696],[-68.230458,63.596625],[-68.270579,63.690985],[-68.286977,63.636664],[-68.540598,63.746527],[-68.993031,63.760728],[-68.827748,63.650702],[-68.863352,63.609931],[-68.444407,63.444892],[-68.499582,63.43122],[-68.146921,63.160631],[-67.945749,63.143744],[-67.985666,63.075507],[-67.611318,63.097113],[-67.78718,63.023627],[-67.557688,63.052965],[-67.50593,63.02025],[-67.672556,62.947211],[-67.423818,62.979438],[-67.245188,62.883734],[-67.368723,62.863227],[-67.197987,62.876899],[-67.122304,62.759589],[-67.039744,62.773871],[-67.060251,62.698188],[-66.759714,62.683905],[-66.495961,62.463202],[-66.358225,62.451728],[-66.32783,62.390326],[-66.445058,62.356391],[-66.343821,62.270697],[-66.301951,62.35106],[-66.157826,62.273383],[-66.265126,62.266791],[-65.930002,62.204739],[-66.031077,62.098456],[-66.158396,62.124579],[-66.142201,62.012885],[-65.954172,61.919501],[-66.274485,61.8581],[-66.773549,62.017239],[-67.317454,62.073228],[-67.400624,62.149807],[-68.611073,62.26557],[-69.197499,62.444525],[-69.288279,62.493638],[-69.275828,62.617377],[-69.483388,62.588324],[-69.589467,62.666978],[-69.431874,62.71247],[-69.550893,62.708686],[-69.417592,62.745917],[-69.479197,62.76317],[-69.849599,62.822252],[-69.767323,62.738715],[-69.938954,62.801215],[-70.240305,62.754096],[-71.025502,62.953315],[-70.932729,63.02025],[-71.112538,62.9831],[-70.834584,63.12873],[-70.943349,63.138007],[-70.898549,63.164944],[-71.237131,63.007229],[-71.426137,63.075507],[-71.391794,63.116441],[-71.617909,63.143215],[-71.822743,63.34927],[-71.761342,63.402655],[-72.125193,63.437486],[-71.614451,63.426907],[-71.226918,63.602484],[-71.583201,63.592515],[-71.516347,63.626288],[-71.556386,63.698147],[-71.754506,63.69184],[-71.957753,63.80683],[-72.008372,63.753974],[-71.867502,63.766506],[-71.914744,63.662543],[-72.176259,63.75731],[-72.317576,63.67886],[-72.220652,63.869371],[-72.090321,63.910956],[-72.24177,63.959418],[-72.364613,63.798326],[-72.535959,63.801703],[-72.473215,63.809882],[-72.643015,63.854682],[-72.658803,64.079169],[-72.71406,63.965562],[-72.919016,64.050727],[-72.939768,64.186916],[-73.078236,64.183295],[-73.054311,64.22842],[-73.274485,64.313056],[-73.386301,64.28148],[-73.282908,64.362454],[-73.481882,64.405097],[-73.174672,64.616116],[-73.296091,64.653388],[-73.313954,64.538153],[-73.424875,64.517524],[-73.669016,64.663967],[-73.748158,64.555854],[-73.933176,64.603258],[-73.809763,64.49787],[-73.961659,64.48017],[-74.015126,64.327216],[-74.077748,64.329332],[-74.146474,64.451117],[-74.043568,64.44599],[-74.126169,64.541571],[-73.999623,64.516669],[-74.152821,64.564154],[-74.002634,64.582587],[-74.081736,64.748481],[-74.214182,64.619452],[-74.31078,64.685614],[-74.417917,64.590481],[-74.708363,64.74022],[-74.511586,64.837063],[-74.646311,64.904731],[-74.709828,64.803046],[-74.97114,64.804511],[-74.468739,64.562079],[-74.646311,64.534735],[-74.536448,64.507473],[-74.586008,64.516181],[-74.559885,64.427395],[-74.851389,64.396308],[-75.156809,64.494371],[-75.229726,64.438544],[-75.79304,64.617011],[-75.839223,64.562079],[-75.647165,64.470526],[-75.921824,64.487006],[-75.715769,64.383979],[-76.35261,64.362372],[-76.188059,64.301418],[-76.605214,64.311225],[-76.707834,64.193915],[-77.133249,64.301093],[-77.350819,64.241116],[-77.436228,64.289984],[-77.381052,64.315009],[-77.545522,64.315009],[-77.490915,64.349799],[-77.853993,64.370307],[-78.144399,64.557318],[-78.155629,64.699286],[-78.299021,64.706732],[-78.065623,64.850084],[-78.143381,64.947089],[-78.021921,65.018215],[-77.330027,65.187201],[-77.5006,65.315172],[-77.469838,65.374945],[-77.314036,65.362494],[-77.406809,65.438625],[-77.236399,65.473863],[-75.797922,65.232327],[-75.452341,65.078559],[-75.414052,64.980414],[-75.633046,64.953518],[-75.478871,64.775946],[-75.296986,64.734076],[-75.370229,64.923896],[-75.571726,64.884223],[-75.262563,64.957017],[-75.194936,65.072659],[-75.253896,65.108629],[-75.339223,65.017727],[-75.939524,65.300116],[-75.603505,65.334621],[-75.215443,65.254136],[-75.083974,65.30272],[-75.098744,65.377631],[-74.736318,65.433295],[-74.551218,65.333401],[-74.077748,65.535346],[-73.474436,65.459621],[-73.701609,65.699856],[-73.653188,65.720282],[-74.473704,66.131415],[-73.364817,66.647528],[-72.948964,66.734565]]],[[[-115.323638,73.508694],[-115.753774,73.357489],[-116.459055,73.261176],[-119.123199,72.63703],[-119.436594,72.318183],[-119.830393,72.222846],[-120.25475,72.26081],[-120.154652,72.151435],[-120.457387,71.929023],[-120.406077,71.663275],[-120.635243,71.491441],[-121.423166,71.380316],[-121.700551,71.468085],[-122.753285,71.099799],[-123.255279,71.130439],[-123.669179,71.494818],[-124.064565,71.700385],[-125.232289,71.941311],[-124.967885,71.942694],[-125.006703,71.97899],[-125.877553,71.964016],[-125.76061,72.003852],[-125.752065,72.147691],[-125.569407,72.175442],[-125.671498,72.217231],[-125.502349,72.274888],[-125.438385,72.415676],[-124.97289,72.565863],[-125.10261,72.634711],[-124.945546,72.70303],[-125.02066,72.70303],[-124.973866,72.745185],[-125.082753,72.840237],[-124.497467,72.973538],[-124.850697,73.063544],[-124.821116,73.10635],[-124.666412,73.154486],[-124.417795,73.363837],[-124.445302,73.419257],[-124.090077,73.526679],[-124.081614,73.635321],[-123.773752,73.765611],[-124.213246,73.879218],[-124.44579,74.064846],[-124.545644,74.265123],[-124.664418,74.265937],[-124.602935,74.313707],[-124.751373,74.316311],[-124.683217,74.351711],[-121.5808,74.555854],[-120.156565,74.278998],[-119.565582,74.238959],[-119.817983,74.104315],[-119.736724,74.033149],[-119.746938,74.097317],[-119.479888,74.226142],[-119.144358,74.209052],[-119.076772,74.11994],[-119.161977,74.033149],[-118.996449,74.009101],[-118.725413,74.220771],[-118.065989,74.280707],[-117.416493,74.232489],[-115.646352,73.6765],[-115.323638,73.508694]]],[[[-123.286936,48.612698],[-123.302887,48.596991],[-123.338612,48.64647],[-123.286936,48.612698]]],[[[-123.369008,48.774237],[-123.520416,48.728664],[-123.59557,48.951809],[-123.369008,48.774237]]],[[[-123.65392,49.033677],[-123.697987,49.082099],[-123.334462,48.902981],[-123.369293,48.861884],[-123.65392,49.033677]]],[[[-123.721262,49.160793],[-123.749501,49.128852],[-123.866078,49.179429],[-123.721262,49.160793]]],[[[-125.949941,49.200751],[-126.011708,49.159125],[-126.024322,49.211982],[-125.949941,49.200751]]],[[[-126.083323,49.314887],[-126.048492,49.267035],[-126.240346,49.301825],[-126.150217,49.396226],[-126.083323,49.314887]]],[[[-123.330678,49.37287],[-123.426178,49.340074],[-123.326324,49.420478],[-123.330678,49.37287]]],[[[-124.232167,49.499335],[-124.171742,49.46426],[-124.352284,49.474921],[-124.232167,49.499335]]],[[[-123.451568,49.445217],[-123.452626,49.508124],[-123.342356,49.506659],[-123.342681,49.442939],[-123.451568,49.445217]]],[[[-124.607411,49.530911],[-124.691274,49.509345],[-124.683746,49.549262],[-124.607411,49.530911]]],[[[-124.70873,49.497016],[-124.825429,49.540107],[-124.827219,49.602973],[-124.70873,49.497016]]],[[[-124.109486,49.677965],[-124.205068,49.705268],[-124.047475,49.779242],[-124.109486,49.677965]]],[[[-124.664418,49.746894],[-124.657582,49.8015],[-124.391265,49.720038],[-124.123158,49.499823],[-124.664418,49.746894]]],[[[-126.658681,49.787828],[-126.638824,49.595038],[-126.912506,49.691636],[-126.973988,49.735989],[-126.864084,49.773342],[-126.98705,49.815131],[-126.800933,49.880764],[-126.658681,49.787828]]],[[[-127.240631,50.021715],[-127.308013,49.991848],[-127.31135,50.02619],[-127.240631,50.021715]]],[[[-125.027496,50.14411],[-125.006988,50.232856],[-124.890981,50.069037],[-124.98648,50.01439],[-125.027496,50.14411]]],[[[-125.198842,50.041083],[-125.329172,50.15469],[-125.336008,50.274482],[-125.171457,50.21898],[-125.198842,50.041083]]],[[[-124.890981,50.192532],[-124.928334,50.29267],[-124.765859,50.189154],[-124.832346,50.117377],[-124.890981,50.192532]]],[[[-124.802642,50.228583],[-124.725087,50.304511],[-124.661448,50.262844],[-124.715566,50.162177],[-124.708608,50.260443],[-124.802642,50.228583]]],[[[-125.336008,50.301744],[-125.398061,50.307847],[-125.234486,50.414374],[-125.04898,50.219143],[-125.134267,50.127916],[-125.211497,50.318101],[-125.336008,50.301744]]],[[[-125.502268,50.413804],[-125.780832,50.385728],[-125.546864,50.443427],[-125.502268,50.413804]]],[[[-125.367991,50.461127],[-125.37857,50.375556],[-125.514068,50.368232],[-125.367991,50.461127]]],[[[-125.749135,50.42182],[-125.948638,50.424994],[-125.805816,50.475043],[-125.749135,50.42182]]],[[[-126.537709,50.583808],[-126.614898,50.55268],[-126.670888,50.589586],[-126.537709,50.583808]]],[[[-126.336537,50.603461],[-126.261464,50.580878],[-126.624501,50.534573],[-126.336537,50.603461]]],[[[-126.403798,50.629828],[-126.363515,50.618842],[-126.52953,50.592231],[-126.403798,50.629828]]],[[[-126.859283,50.645738],[-127.122141,50.62995],[-127.107493,50.671088],[-126.859283,50.645738]]],[[[-126.617665,50.672309],[-126.379547,50.81151],[-126.185292,50.759711],[-126.350209,50.651842],[-126.617665,50.672309]]],[[[-126.782135,50.774726],[-126.9051,50.821926],[-126.588124,50.822252],[-126.782135,50.774726]]],[[[-123.321197,48.495836],[-123.330393,48.404771],[-123.437327,48.444648],[-123.550608,48.313056],[-123.667795,48.317613],[-125.093984,48.730048],[-125.110015,48.841946],[-124.846995,49.020453],[-124.80842,49.246568],[-124.88801,49.013983],[-125.221262,48.954779],[-125.333404,49.041815],[-125.489369,48.918647],[-125.606557,48.961859],[-125.836252,49.069037],[-125.612945,49.206366],[-125.746693,49.148139],[-125.77477,49.370103],[-125.836903,49.273139],[-125.994374,49.242336],[-125.898997,49.422187],[-126.046457,49.337836],[-126.054351,49.438381],[-126.572662,49.414293],[-126.548818,49.596015],[-126.089508,49.660875],[-126.453236,49.674302],[-126.412017,49.771715],[-126.467356,49.792304],[-126.545318,49.704413],[-126.644399,49.873481],[-126.802235,49.954576],[-126.871653,49.882473],[-126.910227,49.957424],[-126.92984,49.883124],[-127.141916,49.866645],[-127.229075,49.946479],[-127.096913,50.150946],[-127.270497,50.145209],[-127.384836,50.034491],[-127.487904,50.130439],[-127.426422,50.17886],[-127.898101,50.114081],[-127.775299,50.232856],[-127.800282,50.314399],[-127.968088,50.342231],[-127.931304,50.440985],[-127.591176,50.485745],[-127.446929,50.376899],[-127.557851,50.492987],[-127.423695,50.581244],[-127.877675,50.630113],[-127.5926,50.543606],[-128.104319,50.47663],[-128.405873,50.761054],[-127.918365,50.870795],[-126.595326,50.480211],[-125.454457,50.328803],[-125.178334,49.924994],[-124.882069,49.724921],[-124.973256,49.684963],[-124.799631,49.48078],[-123.954945,49.229193],[-123.756907,49.042141],[-123.787343,48.965399],[-123.593821,48.836982],[-123.540924,48.554511],[-123.405385,48.686347],[-123.321197,48.495836]]],[[[-127.84557,50.922919],[-127.864166,50.892524],[-127.983022,50.916734],[-127.84557,50.922919]]],[[[-127.545318,51.089789],[-127.541982,51.052151],[-127.610178,51.070624],[-127.545318,51.089789]]],[[[-131.681264,52.842108],[-131.655181,52.830512],[-131.74352,52.811347],[-131.837636,52.840969],[-131.681264,52.842108]]],[[[-132.229644,52.995185],[-132.30309,52.966702],[-132.382558,53.004096],[-132.229644,52.995185]]],[[[-132.978505,54.245998],[-132.984934,54.193305],[-133.081776,54.231757],[-132.978505,54.245998]]],[[[-64.477447,60.33393],[-64.434153,60.301703],[-64.861562,60.465522],[-64.60143,60.468817],[-64.432485,60.402167],[-64.477447,60.33393]]],[[[-67.880798,60.496805],[-67.847044,60.416408],[-67.972847,60.290296],[-68.320967,60.197129],[-68.439034,60.259333],[-68.241306,60.585606],[-67.880798,60.496805]]],[[[-64.61026,60.690172],[-64.59732,60.650214],[-64.689768,60.587836],[-64.61026,60.690172]]],[[[-78.243723,60.834866],[-78.336293,60.758694],[-78.679433,60.711371],[-78.243723,60.834866]]],[[[-64.840566,61.351549],[-64.955434,61.347602],[-64.922475,61.402777],[-65.470611,61.644355],[-64.71703,61.663479],[-64.773834,61.634833],[-64.668609,61.615668],[-64.691029,61.468899],[-64.840566,61.351549]]],[[[-65.703277,61.793158],[-65.929433,61.787014],[-65.791493,61.872504],[-65.703277,61.793158]]],[[[-93.025461,61.916693],[-93.020131,61.844672],[-93.195383,61.877183],[-93.025461,61.916693]]],[[[-65.2412,61.920396],[-65.113189,61.944037],[-64.840443,61.781399],[-64.929921,61.727118],[-65.147328,61.783922],[-65.2412,61.920396]]],[[[-92.271881,62.407375],[-92.14151,62.403957],[-92.349843,62.393785],[-92.271881,62.407375]]],[[[-79.28246,62.269924],[-79.33373,62.036078],[-79.651235,61.653632],[-79.810292,61.574042],[-80.261091,61.856298],[-80.158275,62.19936],[-79.867276,62.400923],[-79.558583,62.420396],[-79.28246,62.269924]]],[[[-92.57665,62.403957],[-92.402211,62.410793],[-92.538808,62.38288],[-92.57665,62.403957]]],[[[-64.380605,62.527493],[-64.624379,62.375434],[-64.957143,62.464179],[-64.792144,62.492743],[-64.851715,62.514635],[-64.80134,62.568508],[-64.380605,62.527493]]],[[[-77.853912,62.588324],[-77.860585,62.550482],[-78.087026,62.560981],[-77.853912,62.588324]]],[[[-77.722971,62.588324],[-77.639516,62.59219],[-77.744049,62.541083],[-77.833485,62.602607],[-77.722971,62.588324]]],[[[-64.966908,62.533677],[-65.11441,62.538479],[-64.888336,62.595771],[-64.966908,62.533677]]],[[[-91.592885,62.650946],[-91.575103,62.624416],[-91.669667,62.654242],[-91.592885,62.650946]]],[[[-91.134145,62.684516],[-90.983998,62.664008],[-91.254221,62.676459],[-91.134145,62.684516]]],[[[-74.016225,62.670844],[-73.967519,62.618109],[-74.118642,62.602607],[-74.653066,62.719306],[-74.016225,62.670844]]],[[[-70.24059,62.615627],[-70.17705,62.589988],[-70.361982,62.526865],[-70.740549,62.557563],[-70.92516,62.745917],[-70.814565,62.744086],[-71.157297,62.803453],[-71.068674,62.820258],[-71.235951,62.88642],[-70.492493,62.766957],[-70.24059,62.615627]]],[[[-82.191314,62.986151],[-81.862375,62.92475],[-81.951731,62.835354],[-81.927561,62.729315],[-83.066151,62.187161],[-83.417795,62.239447],[-83.673004,62.145087],[-83.939117,62.459174],[-83.296457,62.930894],[-83.060414,62.841986],[-82.191314,62.986151]]],[[[-90.620229,63.47956],[-90.702219,63.444892],[-90.756825,63.500067],[-90.620229,63.47956]]],[[[-77.537994,63.287787],[-77.644839,63.14317],[-77.940764,63.087149],[-78.509185,63.374986],[-78.518503,63.485019],[-77.844309,63.47248],[-77.682607,63.438666],[-77.537994,63.287787]]],[[[-90.674875,63.521186],[-90.850575,63.506903],[-90.969716,63.548529],[-90.674875,63.521186]]],[[[-91.463124,63.616767],[-91.298655,63.567776],[-91.466542,63.564927],[-91.463124,63.616767]]],[[[-64.086415,63.335028],[-64.059722,63.274807],[-64.279205,63.341132],[-64.497914,63.616767],[-64.338002,63.656928],[-64.305531,63.485826],[-64.086415,63.335028]]],[[[-76.688873,63.485826],[-76.58019,63.475531],[-76.701975,63.369696],[-76.831044,63.385932],[-77.435618,63.595649],[-77.33316,63.622992],[-77.413442,63.632717],[-77.396962,63.693427],[-77.196034,63.685045],[-76.70934,63.567776],[-76.647613,63.529202],[-76.688873,63.485826]]],[[[-72.474436,63.705512],[-72.599721,63.646674],[-72.782867,63.664537],[-72.474436,63.705512]]],[[[-92.977651,63.904202],[-92.971669,63.874661],[-93.093658,63.910956],[-92.977651,63.904202]]],[[[-64.888336,63.794908],[-64.812611,63.883694],[-64.562571,63.908596],[-64.595815,63.857978],[-64.527211,63.85106],[-64.613393,63.787502],[-64.388051,63.732856],[-64.429067,63.677639],[-64.888336,63.794908]]],[[[-77.973378,63.965562],[-77.545481,64.027655],[-77.710317,63.942328],[-77.973378,63.965562]]],[[[-81.468821,64.191555],[-81.538808,64.206366],[-81.382558,64.213202],[-81.468821,64.191555]]],[[[-73.276357,64.219428],[-73.197987,64.21369],[-73.391184,64.196234],[-73.276357,64.219428]]],[[[-73.529612,64.504055],[-73.515289,64.370307],[-73.646474,64.318793],[-73.65331,64.444281],[-73.590972,64.44595],[-73.657135,64.502753],[-73.534006,64.566148],[-73.529612,64.504055]]],[[[-65.546254,64.548407],[-65.450673,64.534735],[-65.659576,64.508857],[-65.411936,64.739814],[-65.409088,64.658271],[-65.251454,64.712877],[-65.286122,64.619818],[-65.546254,64.548407]]],[[[-62.257232,65.748236],[-62.298207,65.713446],[-62.14387,65.68769],[-62.219309,65.613593],[-62.485707,65.7237],[-62.257232,65.748236]]],[[[-83.503407,65.809719],[-83.572418,65.840399],[-83.306549,65.856431],[-83.503407,65.809719]]],[[[-80.183339,63.767564],[-80.46642,63.727281],[-80.985585,63.455715],[-81.124908,63.463813],[-81.763661,63.641059],[-82.48176,63.685207],[-82.531117,63.784247],[-82.361195,63.851996],[-82.37092,63.913031],[-83.084543,63.958197],[-83.130442,63.979234],[-82.979604,64.117092],[-83.084299,64.189846],[-83.653472,64.032904],[-83.628,63.77912],[-84.063873,63.620673],[-84.260854,63.630032],[-84.59024,63.315131],[-85.273915,63.123358],[-85.509755,63.129218],[-85.635162,63.243109],[-85.601674,63.644192],[-85.711578,63.753363],[-86.213979,63.650865],[-86.632314,63.664537],[-86.868153,63.561754],[-87.214508,63.622992],[-86.895904,63.930243],[-86.19286,64.10342],[-86.364817,64.308824],[-86.419423,64.596869],[-86.184071,64.819485],[-86.220693,65.023627],[-86.138254,65.113511],[-86.104726,65.514228],[-85.938935,65.763198],[-85.486511,65.924136],[-85.488271,65.796617],[-85.325063,65.837592],[-85.166127,65.77147],[-85.079945,65.593085],[-85.301422,65.55683],[-85.019439,65.425442],[-84.918324,65.213813],[-84.788238,65.241156],[-84.593373,65.484117],[-84.450266,65.462307],[-84.160024,65.346991],[-84.225738,65.287543],[-84.098459,65.20954],[-83.397694,65.136623],[-83.222279,64.969916],[-82.746205,64.788642],[-82.336741,64.761542],[-81.797597,64.524075],[-81.780385,64.325873],[-81.60204,64.157538],[-81.994211,64.019477],[-81.501332,64.03262],[-81.398834,64.101508],[-80.973704,63.993598],[-80.903717,64.01081],[-80.930653,64.10342],[-80.82372,64.102688],[-80.496897,63.91767],[-80.704701,63.918402],[-80.64387,63.881659],[-80.183339,63.767564]]],[[[-85.001129,66.007636],[-84.857167,65.966702],[-84.592275,65.662177],[-84.690663,65.560045],[-85.096791,65.750393],[-85.186147,65.946845],[-85.15567,66.011217],[-85.001129,66.007636]]],[[[-84.473541,66.090237],[-84.457834,66.146145],[-84.021352,66.087714],[-83.712514,65.942776],[-83.682485,65.881537],[-83.801991,65.822699],[-83.531077,65.713446],[-83.239329,65.721584],[-83.367055,65.618598],[-83.814443,65.653022],[-83.685292,65.748236],[-84.125966,65.761623],[-84.194569,65.971869],[-84.473541,66.090237]]],[[[-83.273793,66.309312],[-82.927846,66.280992],[-83.03954,66.19477],[-83.273793,66.309312]]],[[[-62.40746,67.186957],[-62.770863,67.015041],[-62.901519,67.063422],[-62.40746,67.186957]]],[[[-63.517893,67.324164],[-63.386138,67.311713],[-63.83316,67.289984],[-63.517893,67.324164]]],[[[-63.757476,67.522773],[-64.037994,67.529608],[-63.972727,67.652411],[-63.757476,67.522773]]],[[[-73.358266,67.83808],[-73.389027,67.784329],[-74.402333,67.778876],[-74.597971,67.830227],[-74.775217,68.029364],[-74.477162,68.06981],[-74.338368,68.180732],[-74.250844,68.14647],[-74.272125,68.088446],[-73.446156,67.992987],[-73.358266,67.83808]]],[[[-66.296376,68.269477],[-66.183095,68.262641],[-66.31664,68.159491],[-66.637563,68.188707],[-66.296376,68.269477]]],[[[-86.577138,68.290595],[-86.429677,68.219062],[-86.373769,67.959174],[-86.464508,67.791897],[-86.638783,67.729153],[-86.886098,67.822943],[-86.943918,67.90705],[-86.84789,68.022162],[-86.985707,68.06745],[-86.716908,68.302314],[-86.577138,68.290595]]],[[[-75.033518,68.173285],[-75.003529,68.123277],[-75.143056,67.978339],[-75.0537,67.584215],[-75.387929,67.361477],[-75.889272,67.258002],[-76.981557,67.243313],[-77.226552,67.443427],[-77.318227,67.687934],[-77.244944,67.836005],[-76.730784,68.243109],[-75.911204,68.34455],[-75.033518,68.173285]]],[[[-78.909047,68.324042],[-78.831207,68.300767],[-78.871246,68.230373],[-79.04426,68.166205],[-79.186838,68.246324],[-79.18224,68.316636],[-78.909047,68.324042]]],[[[-82.08141,68.307318],[-82.348948,68.365058],[-82.021962,68.354193],[-82.08141,68.307318]]],[[[-74.368764,68.389228],[-74.39977,68.440823],[-74.320221,68.468817],[-74.09439,68.314154],[-74.257314,68.268948],[-74.214915,68.317857],[-74.368764,68.389228]]],[[[-78.614247,68.506293],[-78.97057,68.474921],[-78.668853,68.584784],[-78.901682,68.653022],[-78.842519,68.667304],[-78.489858,68.627387],[-78.530995,68.544379],[-78.709462,68.525621],[-78.614247,68.506293]]],[[[-74.844838,68.578559],[-74.893219,68.625718],[-74.683013,68.663275],[-74.517079,68.564276],[-74.844838,68.578559]]],[[[-74.838002,68.420233],[-74.78425,68.417914],[-74.8485,68.386542],[-74.811269,68.324042],[-74.976308,68.33515],[-75.378977,68.498847],[-75.40038,68.60871],[-75.238922,68.724799],[-75.019887,68.680976],[-74.773752,68.4855],[-74.838002,68.420233]]],[[[-68.006093,68.770331],[-67.696278,68.719468],[-68.442006,68.784573],[-68.006093,68.770331]]],[[[-90.182037,69.119208],[-90.129994,69.065009],[-90.26887,69.098578],[-90.182037,69.119208]]],[[[-90.497385,69.242662],[-90.685414,69.229071],[-90.660308,69.332343],[-90.777252,69.276801],[-90.777008,69.328681],[-90.579823,69.361965],[-90.497385,69.242662]]],[[[-79.079823,68.878974],[-79.268178,68.832261],[-79.413442,68.918647],[-79.176015,69.091864],[-78.658274,69.25788],[-78.710927,69.303412],[-78.607411,69.372992],[-78.24059,69.328315],[-78.739898,68.96426],[-79.079823,68.878974]]],[[[-90.250356,69.297919],[-90.355092,69.246487],[-90.510365,69.331448],[-90.201894,69.448147],[-90.175364,69.341702],[-90.250356,69.297919]]],[[[-76.692291,69.410875],[-76.673451,69.330715],[-76.930287,69.222846],[-76.860219,69.153957],[-76.921702,69.126654],[-77.264963,69.146715],[-77.380849,69.284003],[-77.250111,69.435126],[-76.692291,69.410875]]],[[[-67.444325,69.592108],[-67.322621,69.562812],[-67.729563,69.515367],[-67.444325,69.592108]]],[[[-67.909901,69.533759],[-68.307729,69.592108],[-67.827952,69.661078],[-67.94811,69.679836],[-67.891469,69.712104],[-67.731068,69.658759],[-67.909901,69.533759]]],[[[-78.394521,69.646715],[-78.155426,69.753852],[-77.958404,69.633246],[-78.517242,69.484768],[-78.877309,69.472602],[-78.566477,69.646715],[-78.394521,69.646715]]],[[[-79.971059,69.633124],[-80.077504,69.636868],[-79.970123,69.55386],[-79.998647,69.500149],[-80.814036,69.694525],[-80.649526,69.749823],[-80.425364,69.66828],[-80.387766,69.710273],[-80.504018,69.775824],[-80.446889,69.80036],[-79.97411,69.730618],[-79.454701,69.800971],[-79.366078,69.736558],[-79.532867,69.633124],[-79.971059,69.633124]]],[[[-83.83609,69.749823],[-83.90217,69.77383],[-83.85558,69.831732],[-83.569325,69.804267],[-83.700673,69.768541],[-83.65803,69.728664],[-83.83609,69.749823]]],[[[-91.853586,69.859687],[-91.641265,69.859687],[-91.822581,69.826321],[-91.853586,69.859687]]],[[[-91.463124,69.777086],[-91.737457,69.790758],[-91.408518,69.879543],[-91.504058,69.818671],[-91.463124,69.777086]]],[[[-87.084218,69.989407],[-87.36262,70.09276],[-86.650746,70.120917],[-86.501943,70.037177],[-86.503529,69.985907],[-87.084218,69.989407]]],[[[-71.507965,71.017279],[-71.366322,71.016059],[-71.43871,70.909898],[-72.002065,70.811916],[-72.228017,70.921698],[-72.067494,70.931627],[-72.011586,71.052151],[-71.859731,71.078559],[-71.507965,71.017279]]],[[[-72.953603,71.517524],[-72.835561,71.459662],[-73.011545,71.419501],[-72.991526,71.308987],[-73.053578,71.296373],[-73.266835,71.364407],[-73.371938,71.49018],[-73.100901,71.55329],[-73.139312,71.420844],[-72.953603,71.517524]]],[[[-72.737904,71.661526],[-72.658762,71.600043],[-72.726796,71.547431],[-73.043568,71.586412],[-72.737904,71.661526]]],[[[-95.327545,71.847113],[-95.273915,71.843492],[-95.340199,71.73725],[-95.492055,71.743476],[-95.327545,71.847113]]],[[[-95.766347,72.874986],[-95.749501,72.803168],[-95.855784,72.860663],[-95.766347,72.874986]]],[[[-96.917714,72.737779],[-97.013987,72.778754],[-96.726959,72.89765],[-96.670237,72.814195],[-96.753285,72.724107],[-96.917714,72.737779]]],[[[-97.072011,73.138129],[-96.809193,73.192084],[-96.578969,73.083441],[-96.710113,72.941718],[-96.934153,72.924465],[-97.100331,72.992011],[-97.135569,73.095201],[-97.072011,73.138129]]],[[[-108.087636,73.590644],[-107.579945,73.600531],[-107.993967,73.546576],[-108.087636,73.590644]]],[[[-104.680898,73.629828],[-104.500844,73.567206],[-104.59317,73.313178],[-105.015777,73.013861],[-105.329457,72.959906],[-105.22057,72.8758],[-105.268056,72.857123],[-106.446034,73.395819],[-107.039296,73.484442],[-106.599599,73.710639],[-105.381418,73.770657],[-104.680898,73.629828]]],[[[-80.903391,73.607367],[-80.802602,73.670722],[-80.861806,73.745185],[-80.56017,73.772528],[-79.450307,73.635321],[-78.138539,73.66885],[-77.21349,73.51081],[-76.904286,73.325019],[-76.706451,73.317043],[-76.634267,73.169827],[-76.271637,73.102118],[-76.332631,72.970526],[-76.058258,72.901679],[-76.318959,72.816718],[-78.170888,72.898627],[-79.56843,72.759833],[-80.00182,72.871243],[-80.156077,73.025784],[-80.142405,73.223822],[-80.869252,73.326239],[-80.849762,73.475328],[-80.716705,73.478909],[-80.903391,73.607367]]],[[[-96.32127,72.466864],[-96.664409,72.318264],[-96.876812,72.326321],[-96.581931,72.285305],[-96.489808,72.145575],[-96.869284,72.045111],[-96.515768,72.042182],[-96.514995,71.971015],[-96.766948,71.922268],[-96.501323,71.931464],[-96.559673,71.83983],[-97.685283,71.618394],[-98.219829,71.658637],[-98.336081,71.71308],[-98.221253,71.872789],[-98.295025,71.901679],[-98.496481,71.719672],[-98.060405,71.536444],[-98.215191,71.40941],[-98.717876,71.271674],[-98.94627,71.373928],[-99.21336,71.346829],[-99.412253,71.545478],[-99.371319,71.575873],[-100.636537,72.186469],[-100.980571,72.179023],[-101.200786,72.329657],[-101.44863,72.242133],[-101.770407,72.306708],[-101.879497,72.357611],[-101.792298,72.393541],[-102.000713,72.502672],[-102.392803,72.579535],[-102.755962,72.778754],[-102.484763,73.041246],[-101.947816,73.093451],[-101.296245,72.718573],[-100.457622,72.739732],[-100.329245,72.786933],[-100.447002,72.922105],[-100.392396,72.9501],[-100.48521,72.953803],[-100.447002,73.004706],[-100.342022,73.050971],[-100.416566,72.978339],[-100.200542,72.881171],[-100.035462,72.936428],[-100.289206,73.092231],[-100.244365,73.128892],[-100.529522,73.093451],[-100.611472,73.148098],[-100.506817,73.196234],[-100.556255,73.223822],[-100.381328,73.290351],[-99.811138,73.195136],[-100.343893,73.395087],[-100.39793,73.370185],[-100.347881,73.331366],[-100.857891,73.262844],[-101.625632,73.49136],[-100.91856,73.602973],[-100.440044,73.408108],[-100.589214,73.483791],[-100.543194,73.567043],[-101.104107,73.724189],[-100.968161,73.812486],[-100.414938,73.843655],[-100.023296,73.737779],[-99.846091,73.872301],[-100.08604,73.831773],[-100.278667,73.889553],[-99.802715,73.936957],[-99.800274,73.878323],[-99.191224,73.690253],[-97.773906,73.918891],[-97.81183,73.881049],[-97.193706,73.84748],[-96.945049,73.713813],[-97.220033,73.555976],[-97.424785,73.584662],[-97.663555,73.490465],[-97.220195,73.477484],[-97.17271,73.358954],[-97.828268,73.278266],[-98.49404,73.01789],[-98.452739,72.884914],[-98.013897,73.039496],[-97.255962,72.962063],[-97.262676,72.888495],[-97.4186,72.867499],[-97.034893,72.741278],[-97.19391,72.615058],[-96.537578,72.752021],[-96.570537,72.704657],[-96.32127,72.466864]]],[[[-99.247426,73.855048],[-99.411366,73.882717],[-98.769928,74.031073],[-97.657582,74.101386],[-98.143422,73.878404],[-98.951283,73.807115],[-99.143381,73.821601],[-98.826243,73.832099],[-99.247426,73.855048]]],[[[-90.291005,73.923285],[-90.195709,73.902248],[-90.786366,73.55683],[-90.995961,73.551215],[-90.921254,73.498114],[-91.278879,73.262681],[-91.59557,73.243598],[-91.377309,73.213446],[-92.072987,72.755194],[-92.384877,72.709906],[-93.279286,72.812323],[-94.32079,72.765082],[-93.823964,72.734076],[-93.816803,72.64525],[-93.464223,72.463446],[-93.847808,72.292141],[-94.087758,72.063544],[-94.218373,72.052558],[-94.056793,72.062649],[-94.088287,71.979397],[-95.197377,71.992377],[-95.088612,72.100328],[-95.193918,72.099921],[-94.790435,72.159939],[-95.176747,72.154975],[-95.229115,72.418118],[-95.135732,72.463446],[-95.588246,72.724107],[-95.513092,72.737779],[-95.647857,72.790961],[-95.717397,72.997138],[-95.634674,73.12641],[-95.53189,73.12637],[-95.704945,73.559556],[-95.540435,73.580715],[-95.725413,73.641506],[-95.702952,73.694322],[-95.391998,73.774237],[-94.622426,73.655748],[-95.115875,73.814032],[-94.957631,73.83393],[-95.023427,73.858385],[-95.317616,73.891995],[-95.293365,73.992174],[-94.73884,74.097724],[-93.919016,74.140082],[-93.757232,74.077135],[-93.667551,74.172838],[-93.272572,74.177965],[-92.430165,74.062405],[-92.271311,73.992174],[-92.333974,73.950019],[-91.572377,74.033149],[-90.291005,73.923285]]],[[[-97.736806,74.471381],[-97.786488,74.482001],[-97.503041,74.623033],[-97.275624,74.604885],[-97.377065,74.512356],[-97.736806,74.471381]]],[[[-95.362294,74.590806],[-95.266754,74.543606],[-95.841868,74.564887],[-95.656646,74.641099],[-95.362294,74.590806]]],[[[-103.638417,75.19953],[-103.585805,75.177151],[-103.762685,75.090644],[-104.229482,75.018866],[-104.906484,75.124091],[-104.676869,75.346015],[-104.403228,75.432603],[-103.820546,75.366685],[-103.638417,75.19953]]],[[[-93.43692,74.944322],[-93.440419,74.788642],[-93.56664,74.745103],[-93.457387,74.71776],[-93.533111,74.6706],[-94.724192,74.631781],[-95.305409,74.805487],[-95.540151,74.751207],[-95.492055,74.79975],[-95.897572,74.825873],[-96.136871,74.936916],[-96.033274,74.950588],[-96.098012,74.960842],[-96.054351,75.012641],[-96.3485,74.90998],[-96.403798,74.936916],[-96.355458,74.977444],[-96.589833,74.984809],[-96.59968,75.050279],[-96.354115,75.224677],[-95.986073,75.252183],[-96.071441,75.252183],[-95.944936,75.283677],[-96.171051,75.287014],[-95.802968,75.370103],[-96.129954,75.378607],[-96.033274,75.42414],[-95.704945,75.403022],[-95.824696,75.446763],[-95.791493,75.501044],[-94.922597,75.641303],[-94.39391,75.604234],[-93.690175,75.364976],[-93.649241,75.327867],[-93.800038,75.314276],[-93.499379,75.268012],[-93.580312,75.205024],[-93.484731,75.153225],[-93.512034,75.09516],[-93.607777,75.055325],[-93.43692,74.944322]]],[[[-96.575103,75.43773],[-96.843821,75.358588],[-97.054921,75.499213],[-96.436187,75.587795],[-96.375111,75.65998],[-95.936147,75.58039],[-96.164215,75.465074],[-96.424306,75.581204],[-96.575103,75.43773]]],[[[-120.997955,75.930609],[-120.868276,75.916938],[-120.991119,75.763007],[-121.256825,75.745836],[-121.053456,75.814521],[-120.997955,75.930609]]],[[[-102.87328,75.766099],[-103.386586,75.766099],[-103.051381,75.834418],[-103.112416,75.844224],[-103.078236,75.898179],[-102.000152,75.955756],[-102.388661,75.890367],[-102.604807,75.77261],[-102.87328,75.766099]]],[[[-94.48526,75.97842],[-94.294586,75.775702],[-94.743804,75.761542],[-94.900136,75.918036],[-94.48526,75.97842]]],[[[-102.571645,75.992662],[-103.931508,75.927191],[-102.443837,76.089911],[-102.326812,76.022773],[-102.571645,75.992662]]],[[[-117.784739,75.89647],[-117.932485,75.739814],[-118.613922,75.50373],[-119.409047,75.60163],[-118.621205,75.922065],[-117.798695,76.11164],[-117.462514,76.088284],[-117.784739,75.89647]]],[[[-78.895416,76.122992],[-78.812571,76.100043],[-79.148061,75.924954],[-78.874989,75.855536],[-79.279164,75.876532],[-79.425201,75.796291],[-79.752024,75.882799],[-78.895416,76.122992]]],[[[-81.327952,76.149726],[-81.436147,76.154731],[-81.204416,76.184475],[-81.327952,76.149726]]],[[[-103.811431,76.033637],[-104.452301,76.126166],[-104.202545,76.225409],[-102.726633,76.315619],[-102.541575,76.23135],[-102.585276,76.184475],[-102.530629,76.157172],[-103.811431,76.033637]]],[[[-89.380116,76.445136],[-89.596425,76.443671],[-89.524973,76.480414],[-89.380116,76.445136]]],[[[-83.992258,76.42536],[-84.131012,76.503892],[-83.911244,76.471869],[-83.992258,76.42536]]],[[[-104.39802,76.468736],[-104.67394,76.594794],[-104.024648,76.670478],[-103.935618,76.622016],[-104.058176,76.568061],[-103.767323,76.616278],[-103.020741,76.4501],[-103.336252,76.331732],[-103.88036,76.316962],[-104.377675,76.324856],[-104.333119,76.369452],[-104.462229,76.396715],[-104.39802,76.468736]]],[[[-97.424875,75.519721],[-97.280873,75.403022],[-97.724233,75.572211],[-97.856272,75.547675],[-97.750722,75.488674],[-97.809641,75.460028],[-98.021067,75.491929],[-97.804433,75.433824],[-98.164703,75.334174],[-97.890981,75.327867],[-98.000844,75.279527],[-97.897776,75.305487],[-97.759999,75.237942],[-97.802235,75.197577],[-97.614491,75.15412],[-97.812856,75.113105],[-98.103261,75.225531],[-98.151031,75.183295],[-97.944325,75.052558],[-98.035024,75.026272],[-98.750234,74.98843],[-98.860422,75.065253],[-99.374257,74.989203],[-99.295766,75.097317],[-99.645416,74.97602],[-100.392405,75.039944],[-100.515045,75.187079],[-100.017486,75.229315],[-100.748525,75.344713],[-100.426503,75.382514],[-100.721344,75.430365],[-100.041168,75.457221],[-100.310414,75.478746],[-99.703684,75.595201],[-99.864125,75.615912],[-99.80956,75.63581],[-98.894195,75.699652],[-102.633412,75.498114],[-102.846832,75.59984],[-102.633046,75.615912],[-102.684682,75.630032],[-102.619862,75.691067],[-102.009267,75.704657],[-102.205434,75.737128],[-102.091176,75.787258],[-102.374135,75.810492],[-102.281402,75.865424],[-101.832997,75.905829],[-101.275787,75.745673],[-100.913157,75.814521],[-101.358754,75.779731],[-101.348704,75.8369],[-101.553212,75.897366],[-101.314361,76.011664],[-101.70995,75.989691],[-101.896311,76.064683],[-101.756663,76.178534],[-101.385487,76.253363],[-102.167551,76.239081],[-102.057688,76.280015],[-102.194814,76.294338],[-101.846547,76.454779],[-101.321645,76.414537],[-101.086171,76.341986],[-101.127675,76.260321],[-100.634145,76.136664],[-100.715077,76.10635],[-100.420277,76.122992],[-100.625111,76.088284],[-100.353912,76.065579],[-99.919423,75.882799],[-99.440256,75.972235],[-99.876617,75.951606],[-100.199615,76.126776],[-99.460805,76.150133],[-100.478749,76.233832],[-99.843658,76.286851],[-100.963043,76.480292],[-100.33259,76.644721],[-99.64094,76.637437],[-99.138539,76.499742],[-99.221791,76.483222],[-99.070302,76.404202],[-99.129709,76.441718],[-98.850575,76.43769],[-99.05602,76.581732],[-98.548207,76.615465],[-98.487457,76.650621],[-98.828847,76.658433],[-98.455312,76.682074],[-98.177642,76.590644],[-98.404897,76.596015],[-98.321645,76.564276],[-97.66511,76.486151],[-97.788564,76.322252],[-97.506744,76.19066],[-97.645131,75.941474],[-97.575063,75.882799],[-97.898101,75.759955],[-97.377512,75.679836],[-97.424875,75.519721]]],[[[-101.159739,76.581732],[-101.687123,76.588568],[-100.972483,76.735541],[-100.247711,76.739407],[-101.159739,76.581732]]],[[[-89.674957,76.732611],[-89.859283,76.616441],[-89.712514,76.520941],[-90.064768,76.486151],[-90.571848,76.773505],[-89.982167,76.842353],[-89.674957,76.732611]]],[[[-105.395131,75.674262],[-105.750803,75.492377],[-105.619862,75.481269],[-105.70873,75.410386],[-105.655344,75.37759],[-105.939443,75.214667],[-105.839508,75.183295],[-106.059804,75.116889],[-106.003326,75.073676],[-107.231028,74.920111],[-107.686269,74.982245],[-107.74352,75.100002],[-107.773915,75.03441],[-107.991444,75.012641],[-107.962148,74.943264],[-108.416615,74.91706],[-108.807037,74.985297],[-108.512196,74.978461],[-108.824208,75.071519],[-109.532338,74.867011],[-110.307851,74.8522],[-110.666127,74.791327],[-110.634023,74.744818],[-111.000966,74.61636],[-112.437408,74.41352],[-113.693023,74.444485],[-114.440663,74.668769],[-113.971913,74.807603],[-113.257965,74.847886],[-113.19286,74.862372],[-113.329986,74.88288],[-112.958892,74.966702],[-111.585805,75.006415],[-110.936757,75.222846],[-111.24352,75.266506],[-111.624338,75.163398],[-111.561635,75.149807],[-112.346059,75.121527],[-112.473459,75.149807],[-112.336903,75.225531],[-112.589508,75.183295],[-112.654856,75.275702],[-112.730092,75.141547],[-112.857086,75.109849],[-113.138173,75.149807],[-113.886627,75.058173],[-113.957631,75.074449],[-113.93932,75.13817],[-113.645334,75.190741],[-113.939524,75.183295],[-113.784291,75.339667],[-113.32315,75.416693],[-113.873931,75.373765],[-114.035512,75.465766],[-114.19579,75.225165],[-114.615142,75.283271],[-114.323476,75.193915],[-114.440826,75.067939],[-115.057688,74.966742],[-115.20637,75.016995],[-115.173411,75.099514],[-115.262807,75.183295],[-115.405751,75.102932],[-115.653432,75.151435],[-115.557525,75.06151],[-115.715443,74.970364],[-116.25593,75.06037],[-116.043691,75.12873],[-116.33849,75.115627],[-116.246002,75.180243],[-116.767242,75.122219],[-117.510081,75.201117],[-117.674875,75.293158],[-117.202219,75.48078],[-116.0419,75.484809],[-115.023915,75.69359],[-116.10143,75.585761],[-117.249013,75.609076],[-116.885365,75.789008],[-114.805979,75.892279],[-116.202545,75.868069],[-116.708119,75.899563],[-116.728505,75.954169],[-116.484975,75.972113],[-116.707102,76.05036],[-116.541086,76.150824],[-116.162709,76.203843],[-114.711049,76.154202],[-115.926991,76.286851],[-115.512318,76.456204],[-114.904897,76.51675],[-114.132639,76.445705],[-114.141021,76.354804],[-113.994618,76.199286],[-112.994211,76.273261],[-112.46467,76.18065],[-112.502797,76.14468],[-112.364613,76.033637],[-111.726796,75.916938],[-112.207753,75.822414],[-111.459055,75.841864],[-111.573883,75.819078],[-111.369862,75.732611],[-111.410797,75.615912],[-111.274281,75.527167],[-110.51358,75.57331],[-108.937489,75.477444],[-109.010976,75.547675],[-108.855458,75.560696],[-108.908274,75.666083],[-108.849924,75.683417],[-110.054596,75.89647],[-109.297353,76.03913],[-109.360585,76.067043],[-109.307973,76.102525],[-110.383616,76.300523],[-110.383616,76.430854],[-109.808258,76.491645],[-109.70519,76.527086],[-109.849192,76.533352],[-109.440663,76.739895],[-108.775624,76.864163],[-108.667388,76.824856],[-108.690012,76.771145],[-108.450795,76.732611],[-108.731923,76.643215],[-108.561594,76.570054],[-108.591054,76.482408],[-108.509592,76.469387],[-108.587229,76.443183],[-108.080881,76.286851],[-108.499176,76.040473],[-107.889027,76.067776],[-107.650258,76.005764],[-108.046702,75.807074],[-107.978627,75.780707],[-107.72057,75.88581],[-107.075999,75.8994],[-107.101715,75.847886],[-106.956776,75.794094],[-107.023508,75.784654],[-106.896637,75.650784],[-106.861195,75.759955],[-106.614817,75.80093],[-106.862294,75.825629],[-106.841298,75.982123],[-106.339833,76.061591],[-105.606801,75.937445],[-105.466542,75.857733],[-105.395131,75.674262]]],[[[-114.837026,76.759833],[-114.631581,76.86164],[-113.846059,76.898871],[-113.453481,76.773505],[-113.636098,76.710842],[-114.837026,76.759833]]],[[[-79.56017,74.991523],[-79.334299,74.903388],[-79.947581,74.817532],[-80.31314,74.941555],[-80.399403,74.914252],[-80.100819,74.827623],[-80.215484,74.775051],[-80.153147,74.732856],[-80.231801,74.601752],[-81.320221,74.561835],[-81.788686,74.458401],[-82.450917,74.571357],[-82.574127,74.515326],[-82.919993,74.5515],[-83.130442,74.707831],[-83.037506,74.776109],[-83.078481,74.815823],[-83.491689,74.909491],[-83.554596,74.899644],[-83.523915,74.844428],[-83.331166,74.747219],[-83.514638,74.571112],[-84.25829,74.506496],[-84.914866,74.512356],[-84.974762,74.696967],[-85.076243,74.642646],[-85.035268,74.539008],[-85.184926,74.493109],[-85.332834,74.495998],[-85.533681,74.69009],[-85.484934,74.5539],[-85.603871,74.498033],[-86.124623,74.484361],[-86.08259,74.537421],[-86.200592,74.62108],[-86.289906,74.508043],[-86.440826,74.489814],[-86.803049,74.622219],[-86.801015,74.549384],[-86.650136,74.485297],[-87.259267,74.468166],[-87.368642,74.544867],[-87.643625,74.458319],[-88.517812,74.501207],[-88.544179,74.616034],[-88.296986,74.773017],[-88.48884,74.793524],[-88.447825,74.834418],[-88.52831,74.898912],[-88.869293,74.663153],[-88.90982,74.766018],[-89.077382,74.836575],[-89.060292,74.722235],[-89.244211,74.756659],[-89.117787,74.642971],[-89.421742,74.555732],[-89.918528,74.527289],[-90.563791,74.608588],[-90.701324,74.646145],[-90.723297,74.738267],[-91.024973,74.704088],[-90.756825,74.834418],[-90.771311,74.887926],[-91.221099,74.744696],[-91.119049,74.648749],[-91.285634,74.635891],[-91.295277,74.705227],[-91.513499,74.644721],[-92.062734,74.803412],[-92.011627,74.897203],[-92.227122,75.068549],[-92.053863,75.087836],[-92.472076,75.215318],[-92.352406,75.365424],[-92.432525,75.371772],[-92.380767,75.456122],[-92.004384,75.60163],[-92.153066,75.729397],[-92.116444,75.862372],[-92.61974,76.014594],[-92.666127,76.135077],[-93.128326,76.370185],[-93.753285,76.291083],[-93.664418,76.270209],[-94.749094,76.314846],[-95.060658,76.225409],[-95.390248,76.239081],[-95.374501,76.298326],[-94.825836,76.309149],[-95.823313,76.399115],[-96.108998,76.499742],[-95.603912,76.594794],[-96.027008,76.554999],[-96.499623,76.695746],[-96.92516,76.716132],[-96.904124,76.801459],[-96.816029,76.806342],[-96.350494,76.74608],[-96.564931,76.773017],[-96.343007,76.798651],[-96.850087,76.890815],[-96.657704,76.952297],[-96.828359,76.972805],[-95.770741,77.076728],[-94.113596,76.887763],[-93.700917,76.920966],[-93.185129,76.739976],[-93.33727,76.537502],[-93.631825,76.456692],[-93.560699,76.395168],[-92.950307,76.630072],[-92.333974,76.6022],[-91.44107,76.693671],[-90.921132,76.643297],[-90.571685,76.564032],[-90.492747,76.468329],[-91.565541,76.506578],[-89.217844,76.266059],[-89.380116,76.184475],[-90.45641,76.17768],[-90.09789,76.150092],[-90.142974,76.127834],[-91.613352,76.267035],[-91.273671,76.211737],[-91.408518,76.157172],[-90.690745,76.123358],[-90.866689,76.075263],[-90.188222,76.067776],[-91.104644,76.034613],[-91.161488,76.020657],[-90.978342,75.972235],[-91.120513,75.869818],[-90.809234,75.99079],[-90.113759,75.937445],[-90.007069,76.017971],[-89.687978,75.903266],[-89.777333,75.794094],[-89.514801,75.85932],[-89.197662,75.796291],[-89.167714,75.750556],[-89.306142,75.636298],[-89.763051,75.581204],[-89.208485,75.586005],[-88.940012,75.431871],[-88.763783,75.43773],[-88.900299,75.609076],[-88.68456,75.682807],[-88.222646,75.544989],[-88.287424,75.500678],[-88.228139,75.47134],[-87.750844,75.580878],[-87.466908,75.456],[-87.446523,75.572414],[-87.265736,75.623033],[-86.39509,75.431342],[-86.618031,75.368883],[-85.521881,75.403022],[-86.110951,75.484931],[-85.591949,75.597113],[-84.500885,75.63581],[-84.664703,75.691067],[-83.933258,75.803127],[-83.984364,75.821194],[-83.119537,75.740058],[-82.331044,75.843573],[-81.113149,75.77912],[-81.286285,75.663723],[-80.503407,75.661566],[-79.978668,75.549872],[-80.341786,75.482856],[-79.594594,75.459215],[-79.659739,75.450019],[-79.501047,75.391913],[-79.60025,75.318752],[-79.443512,75.287014],[-79.605865,75.197821],[-80.44343,75.039944],[-80.197011,74.957994],[-79.504994,74.998969],[-79.56017,74.991523]]],[[[-119.317494,76.199897],[-119.480824,76.35517],[-119.671457,76.338853],[-119.710683,76.267035],[-119.597157,76.20246],[-119.675282,76.165961],[-119.552398,76.122992],[-119.805653,76.115627],[-119.523346,76.052558],[-119.511138,75.967231],[-120.387441,75.806708],[-120.489003,75.847073],[-120.388499,75.972235],[-120.717437,76.026801],[-120.649159,76.102525],[-120.847157,76.198147],[-121.01122,76.138861],[-120.991119,75.944281],[-121.117787,76.000149],[-121.283844,75.920885],[-122.098704,76.040961],[-122.132232,75.9831],[-122.618886,75.941962],[-122.731557,75.97842],[-122.482981,76.102362],[-122.704905,76.115627],[-122.492584,76.1435],[-122.670155,76.17768],[-123.040679,76.088284],[-122.403228,76.404202],[-121.553578,76.436998],[-121.162709,76.691596],[-120.367991,76.814521],[-120.36974,76.892768],[-119.162709,77.324897],[-117.852366,77.390448],[-117.93456,77.371405],[-117.039215,77.292792],[-117.158193,77.336656],[-116.682525,77.370592],[-117.154042,77.458726],[-116.406728,77.562405],[-115.392568,77.307929],[-116.37149,77.145494],[-116.25768,77.055894],[-115.732045,76.948554],[-115.907094,76.89704],[-116.325795,76.945543],[-115.905588,76.712795],[-116.324818,76.581732],[-117.074778,76.526068],[-116.934316,76.35578],[-117.136342,76.290229],[-117.571401,76.271633],[-118.05842,76.410386],[-117.907582,76.533352],[-117.92809,76.677924],[-117.764231,76.757066],[-117.865793,76.82331],[-118.496653,76.718899],[-118.325999,76.589789],[-118.534901,76.503811],[-118.946278,76.522854],[-118.568959,76.345201],[-118.928578,76.253363],[-118.914459,76.188951],[-119.083852,76.089586],[-119.285512,76.129218],[-119.317494,76.199897]]],[[[-85.162221,77.458726],[-85.244374,77.532457],[-85.542388,77.540717],[-85.018381,77.583482],[-84.816233,77.499701],[-85.162221,77.458726]]],[[[-89.661285,77.35635],[-89.790883,77.270697],[-90.362538,77.19892],[-91.179514,77.394192],[-91.209299,77.575385],[-90.881703,77.657701],[-90.304107,77.629381],[-89.775746,77.486396],[-89.661285,77.35635]]],[[[-104.394521,77.192532],[-104.754018,77.111233],[-105.26415,77.178168],[-106.093658,77.729641],[-105.503041,77.721096],[-104.996083,77.537095],[-104.952016,77.487006],[-105.006215,77.460842],[-104.437164,77.314887],[-104.394521,77.192532]]],[[[-93.252024,77.644355],[-93.409006,77.609565],[-93.545522,77.44481],[-95.98762,77.479071],[-96.30248,77.593329],[-96.260406,77.691474],[-95.5065,77.810736],[-95.355458,77.739936],[-93.608022,77.78148],[-93.101145,77.664211],[-93.252024,77.644355]]],[[[-77.572743,77.856635],[-77.671783,77.796617],[-77.920318,77.808295],[-77.572743,77.856635]]],[[[-102.44872,77.739936],[-102.530629,77.836127],[-102.448476,77.881293],[-101.725209,77.90648],[-100.95816,77.760321],[-101.790598,77.679389],[-102.44872,77.739936]]],[[[-113.686269,77.866604],[-113.600942,77.832424],[-114.300689,77.713284],[-114.621327,77.756822],[-114.516103,77.760443],[-115.118235,77.959662],[-114.32726,78.080797],[-114.350982,78.034735],[-113.686269,77.866604]]],[[[-109.603668,78.07392],[-109.786855,77.949774],[-110.903717,77.853217],[-110.71996,77.766181],[-110.129506,77.78148],[-110.086822,77.571479],[-110.235422,77.504218],[-111.990834,77.329291],[-113.165883,77.515082],[-113.241282,77.582261],[-113.123525,77.614407],[-113.32315,77.808173],[-113.141103,77.922512],[-111.824127,78.052639],[-109.603668,78.07392]]],[[[-102.900543,78.274359],[-102.783844,78.237047],[-103.047231,78.127021],[-103.284169,78.161363],[-102.900543,78.274359]]],[[[-88.057444,78.45246],[-88.246205,78.260932],[-88.405588,78.258979],[-88.201405,78.356879],[-88.221913,78.432603],[-88.057444,78.45246]]],[[[-109.259511,78.459296],[-109.404164,78.32274],[-109.823232,78.295396],[-110.840321,78.315172],[-111.154612,78.39053],[-111.420562,78.276516],[-111.778472,78.270209],[-112.175526,78.377387],[-113.061513,78.274359],[-113.295277,78.315334],[-113.101796,78.42768],[-111.816029,78.548896],[-110.740956,78.757961],[-109.887278,78.67593],[-109.259511,78.459296]]],[[[-74.558095,78.78144],[-74.167063,78.726793],[-74.692291,78.721666],[-74.558095,78.78144]]],[[[-96.910308,77.795152],[-97.092885,77.805813],[-96.993479,77.924872],[-97.774281,78.041571],[-96.937611,78.081041],[-96.856313,78.10928],[-96.897043,78.146796],[-97.88976,78.21894],[-97.766835,78.247016],[-98.407297,78.488186],[-98.024973,78.552558],[-98.31607,78.646226],[-98.361887,78.766181],[-97.451039,78.797105],[-96.164215,78.623765],[-96.249176,78.551825],[-95.906972,78.48725],[-95.46109,78.511135],[-94.82787,78.363715],[-95.369944,78.246772],[-94.889312,78.10928],[-95.113108,77.960679],[-96.496165,77.906073],[-96.910308,77.795152]]],[[[-105.606801,79.103583],[-105.456899,79.329291],[-103.721588,79.363349],[-102.908437,79.239691],[-102.903432,79.180487],[-102.626943,79.102729],[-102.664906,78.985989],[-102.749989,78.968248],[-102.53718,78.877631],[-102.40274,78.934801],[-102.411977,78.999661],[-101.648427,79.081],[-101.014231,78.950507],[-101.162587,78.837795],[-100.906361,78.773749],[-100.398549,78.829901],[-99.892079,78.69892],[-100.034332,78.656968],[-99.936431,78.623765],[-99.557932,78.5987],[-99.833648,78.457587],[-99.748118,78.380805],[-99.789215,78.320217],[-99.570627,78.295315],[-98.96581,78.020087],[-99.072377,77.976996],[-99.024729,77.898505],[-99.158437,77.849799],[-99.938588,77.782904],[-100.610015,77.863959],[-101.059722,78.205512],[-102.160756,78.288316],[-102.542877,78.24258],[-102.817983,78.311916],[-102.667144,78.363715],[-102.74413,78.380561],[-103.946523,78.242825],[-104.465688,78.274644],[-105.043324,78.495347],[-104.640981,78.583441],[-103.497182,78.506537],[-103.428131,78.583441],[-104.01065,78.620185],[-103.347971,78.721747],[-103.498443,78.788275],[-104.188059,78.776679],[-103.856272,78.882554],[-104.247222,78.997056],[-104.955434,78.798163],[-105.005605,78.807115],[-104.678538,79.011135],[-105.563466,79.025946],[-105.606801,79.103583]]],[[[-100.15217,79.997992],[-100.193715,80.032294],[-100.096913,80.083645],[-99.779368,80.150784],[-99.1197,80.133734],[-98.705963,79.966986],[-98.758616,79.939927],[-98.651357,79.792222],[-98.877919,79.678941],[-99.583608,79.898668],[-100.070221,79.87816],[-100.153798,79.906806],[-100.15217,79.997992]]],[[[-95.852366,80.652777],[-96.150543,80.665839],[-95.477691,80.708441],[-94.982289,80.648017],[-95.852366,80.652777]]],[[[-96.623118,80.044338],[-96.77302,80.072699],[-96.761342,80.12934],[-94.422841,79.982245],[-94.807444,80.090481],[-94.087473,80.179877],[-94.617096,80.222602],[-95.401519,80.126654],[-95.655873,80.176947],[-95.232004,80.241278],[-95.969146,80.201361],[-96.684967,80.343695],[-95.437408,80.343695],[-96.058705,80.48192],[-95.921946,80.542426],[-96.027008,80.58393],[-93.785756,80.529283],[-94.655995,80.652045],[-94.073801,80.707424],[-94.128774,80.728217],[-95.499745,80.80801],[-95.19225,80.872382],[-95.485219,80.906073],[-94.902984,81.063707],[-94.447092,80.967515],[-93.909291,81.042629],[-94.344228,81.098131],[-93.155751,81.097846],[-93.124379,81.149604],[-93.217356,81.19066],[-94.395863,81.261705],[-94.188466,81.366645],[-93.522939,81.315741],[-93.552073,81.364325],[-93.25768,81.37344],[-91.829091,81.161933],[-91.915028,81.084174],[-91.088857,80.748603],[-90.709788,80.703315],[-90.613637,80.655829],[-90.750315,80.594184],[-90.677724,80.564521],[-90.006663,80.541938],[-89.774322,80.464097],[-89.811025,80.515041],[-89.324859,80.53677],[-89.057973,80.467841],[-89.22936,80.415188],[-89.120839,80.409613],[-89.130198,80.355618],[-89.260487,80.303656],[-88.538442,80.099107],[-88.146148,80.097317],[-88.399322,80.175238],[-88.274403,80.174058],[-88.310211,80.211982],[-88.708567,80.28974],[-88.596344,80.412746],[-87.700551,80.412584],[-87.564768,80.190416],[-88.024648,80.138495],[-87.994008,80.098334],[-87.239369,80.07038],[-87.035797,79.96662],[-87.488271,79.837226],[-86.962026,79.908759],[-87.131337,79.672797],[-87.410715,79.590399],[-87.401723,79.517076],[-86.309071,79.648098],[-86.080963,79.583686],[-86.042063,79.54857],[-86.138254,79.528754],[-86.037424,79.48192],[-86.136057,79.471747],[-86.01061,79.439154],[-85.861806,79.593004],[-85.69872,79.617987],[-84.936025,79.307074],[-85.295562,79.196357],[-86.503896,79.068671],[-86.746653,78.959052],[-86.943593,79.058905],[-86.950917,78.927436],[-87.036122,78.874498],[-87.621571,78.645738],[-87.984527,78.792873],[-87.989125,78.95954],[-87.745229,79.061347],[-88.1256,79.005601],[-88.208323,78.973212],[-88.218251,78.8487],[-88.144276,78.706773],[-88.322581,78.673245],[-87.898671,78.574164],[-88.228505,78.463568],[-88.767405,78.617987],[-88.551178,78.432807],[-88.811269,78.165432],[-89.049957,78.181708],[-90.006174,78.613756],[-90.099477,78.561713],[-89.976308,78.439439],[-89.472035,78.186184],[-90.332021,78.336371],[-90.705434,78.335435],[-90.372548,78.287502],[-90.319203,78.151923],[-92.024526,78.210679],[-92.969065,78.489569],[-91.653961,78.529853],[-92.81135,78.638088],[-93.281728,78.594713],[-93.8131,78.767768],[-93.064809,78.741848],[-93.874582,78.83397],[-94.271555,78.968207],[-93.627065,79.054104],[-93.330474,79.170966],[-90.387766,79.239569],[-92.627349,79.245429],[-92.695872,79.267401],[-91.127553,79.388658],[-92.495351,79.365424],[-92.54776,79.368598],[-92.279775,79.429999],[-92.923818,79.416002],[-93.117909,79.485907],[-93.025461,79.408433],[-93.388539,79.343166],[-93.263254,79.408149],[-93.298004,79.454413],[-93.929799,79.259182],[-94.210927,79.274888],[-93.874013,79.39175],[-94.480092,79.426663],[-94.432281,79.389716],[-94.529775,79.342475],[-95.211008,79.280951],[-95.32136,79.336982],[-95.196645,79.335639],[-95.352203,79.406684],[-95.75536,79.406236],[-95.696929,79.44009],[-95.766469,79.475002],[-95.61148,79.559027],[-94.727691,79.6105],[-94.309885,79.747789],[-95.853749,79.652411],[-96.589833,79.871283],[-96.1704,79.903713],[-96.677561,80.015367],[-96.390207,80.048896],[-96.623118,80.044338]]],[[[-61.085479,82.331163],[-61.312408,82.197211],[-62.031321,82.13939],[-61.910797,82.124254],[-63.920196,81.798692],[-64.286041,81.831163],[-64.120636,81.769477],[-64.372589,81.724962],[-65.37503,81.762681],[-66.04662,81.694403],[-65.34085,81.694403],[-65.858144,81.627265],[-68.213206,81.563218],[-69.308339,81.721666],[-68.389394,81.566636],[-68.855865,81.55036],[-68.580556,81.516099],[-67.268829,81.571397],[-66.608306,81.516221],[-70.213287,81.179877],[-69.637278,81.179877],[-69.999786,81.116156],[-65.735748,81.493272],[-64.546051,81.55036],[-64.447011,81.49669],[-64.692128,81.390815],[-65.988922,81.228258],[-66.672109,81.039862],[-67.563018,80.94599],[-67.605784,80.871202],[-68.972564,80.617499],[-68.890614,80.604478],[-69.374176,80.397406],[-70.309478,80.358018],[-70.269521,80.453477],[-70.788238,80.570502],[-70.370351,80.412665],[-70.46463,80.348741],[-69.959462,80.261827],[-70.159088,80.192491],[-71.734609,80.117865],[-72.41983,80.213446],[-71.929433,80.12169],[-72.391876,80.090522],[-72.167877,80.056464],[-70.648223,80.14289],[-70.496978,80.07274],[-71.448761,79.916083],[-70.91161,79.892564],[-71.142405,79.789496],[-72.231679,79.662584],[-72.920196,79.709581],[-73.063507,79.801866],[-72.943023,79.808458],[-74.227773,79.895697],[-74.844879,79.850328],[-73.383331,79.775621],[-73.132395,79.580024],[-73.462961,79.499864],[-73.96581,79.563585],[-73.992218,79.458686],[-74.282012,79.439927],[-74.958241,79.515326],[-75.034576,79.505235],[-74.922637,79.435655],[-75.027984,79.373277],[-77.10969,79.544501],[-77.165028,79.540758],[-76.193593,79.470282],[-76.152333,79.395006],[-75.909983,79.365953],[-76.886464,79.352891],[-77.352935,79.464219],[-77.161895,79.330186],[-78.059397,79.356879],[-77.365061,79.281358],[-77.456614,79.259874],[-74.468739,79.227159],[-74.783355,79.193183],[-74.49234,79.036729],[-75.757151,79.084215],[-76.088775,79.204698],[-78.257395,79.171942],[-76.085601,79.103624],[-76.168691,79.077338],[-78.895497,79.069444],[-77.703155,79.008043],[-78.281239,78.806627],[-78.226837,78.772203],[-77.718007,78.969713],[-76.732818,79.036729],[-75.780751,78.982001],[-75.721913,78.967027],[-76.441192,78.871283],[-74.915069,78.854356],[-74.756093,78.819322],[-74.877105,78.794786],[-74.7471,78.715399],[-74.865875,78.687567],[-74.842315,78.632676],[-74.632598,78.589667],[-76.687571,78.519721],[-75.055938,78.340318],[-75.62621,78.199815],[-76.888336,78.223334],[-75.617584,78.130968],[-75.901357,77.967882],[-76.232411,78.021104],[-76.880686,77.905015],[-78.271718,77.987047],[-78.201934,77.977525],[-78.429962,77.911322],[-77.980702,77.816718],[-77.942128,77.760484],[-78.058095,77.689073],[-77.756418,77.627305],[-78.289133,77.37755],[-78.765777,77.310899],[-78.84085,77.315416],[-78.752105,77.359198],[-78.819814,77.383653],[-79.133209,77.291327],[-80.391387,77.295152],[-81.296864,77.43651],[-81.916412,77.690497],[-81.926178,77.629869],[-81.692901,77.539537],[-81.746327,77.449164],[-81.170929,77.332506],[-82.151926,77.315904],[-81.857696,77.170478],[-81.103017,77.287462],[-80.145416,77.211127],[-80.375478,77.100694],[-80.321319,77.081244],[-80.026397,77.189032],[-79.432403,77.238593],[-79.0065,77.104722],[-79.392893,76.952867],[-78.903066,76.93419],[-78.955963,76.857123],[-78.720367,76.827582],[-78.53421,76.953966],[-78.131744,77.025255],[-77.716217,76.821967],[-77.812408,76.705308],[-77.770782,76.664293],[-78.088368,76.614569],[-78.141347,76.527167],[-78.499786,76.459337],[-78.743194,76.57689],[-79.293243,76.302354],[-81.072499,76.129136],[-80.958038,76.190741],[-81.064971,76.207953],[-81.039947,76.25963],[-80.776438,76.386542],[-80.825103,76.436387],[-81.247711,76.550645],[-81.538116,76.473009],[-82.055694,76.516466],[-82.061594,76.616523],[-81.784413,76.674425],[-82.276275,76.634874],[-82.729766,76.82099],[-82.511871,76.662299],[-82.082102,76.568101],[-82.209462,76.542182],[-82.133046,76.455146],[-82.282012,76.400499],[-83.001047,76.436265],[-83.421661,76.754991],[-83.516672,76.722276],[-83.24588,76.566881],[-83.185089,76.430894],[-83.69461,76.431464],[-84.292958,76.663804],[-84.212677,76.622748],[-84.215891,76.450792],[-84.633372,76.439032],[-85.040761,76.563666],[-84.960601,76.428209],[-84.399932,76.339342],[-85.203399,76.284288],[-86.347401,76.388536],[-86.419464,76.459947],[-86.237213,76.50788],[-86.577952,76.641669],[-86.631744,76.63703],[-86.308258,76.535264],[-86.64273,76.477159],[-86.792388,76.357042],[-87.401031,76.455675],[-87.525624,76.614691],[-87.585113,76.55504],[-87.451812,76.373277],[-88.403554,76.393663],[-88.358957,76.489976],[-88.509307,76.61522],[-88.506988,76.823717],[-88.689239,76.733507],[-88.585032,76.63703],[-88.660186,76.60224],[-88.496327,76.547593],[-88.598704,76.410468],[-88.667795,76.402452],[-88.612945,76.486192],[-88.68338,76.593573],[-88.797353,76.55504],[-88.787262,76.474107],[-88.995188,76.412177],[-89.416534,76.492174],[-89.461578,76.575507],[-89.656728,76.565416],[-89.404124,76.73253],[-89.53718,76.856757],[-88.393219,77.102525],[-88.544097,77.102525],[-88.494618,77.114122],[-86.60379,77.178209],[-87.181304,77.200181],[-86.935536,77.260484],[-87.248687,77.307969],[-86.830963,77.356391],[-87.681223,77.35338],[-87.77595,77.421007],[-87.669586,77.468004],[-87.693023,77.52086],[-88.188303,77.640367],[-88.206044,77.761583],[-88.123565,77.809434],[-88.221954,77.856676],[-87.192047,77.904527],[-86.452179,77.836412],[-85.974395,77.713324],[-85.742421,77.491767],[-85.795684,77.425279],[-85.528798,77.466254],[-84.466135,77.301744],[-84.597564,77.380601],[-83.466217,77.348944],[-83.799835,77.429023],[-82.972971,77.683946],[-82.540802,77.924913],[-82.596018,78.021186],[-82.321075,78.082587],[-82.764882,78.027696],[-82.758941,77.916205],[-83.391143,77.623277],[-83.918243,77.493516],[-84.761016,77.52025],[-84.845448,77.543199],[-84.433583,77.725165],[-84.943023,77.602729],[-85.28246,77.659654],[-85.338165,77.730333],[-84.969635,77.818793],[-85.379913,77.8133],[-85.250518,77.885443],[-84.35676,77.888292],[-85.652333,77.919053],[-85.062774,78.06269],[-84.288604,78.082587],[-85.097401,78.103095],[-84.994415,78.158311],[-84.027984,78.178819],[-84.948516,78.201239],[-84.808827,78.326524],[-84.588165,78.343736],[-84.842681,78.365343],[-84.658925,78.572618],[-85.491485,78.106065],[-86.289377,78.08336],[-85.939198,78.237372],[-85.850331,78.369981],[-86.23648,78.205064],[-86.506256,78.215196],[-86.725006,78.12873],[-87.536692,78.144639],[-87.091054,78.206773],[-87.488433,78.21898],[-87.511301,78.43537],[-87.157257,78.549302],[-86.858306,78.548774],[-87.122345,78.582872],[-86.609853,78.809272],[-85.031077,78.921861],[-83.745636,78.838853],[-82.37678,78.571357],[-82.264312,78.587144],[-82.596018,78.706407],[-82.247304,78.719916],[-83.260162,78.836737],[-81.710032,78.849107],[-81.65689,78.890733],[-81.759999,78.918647],[-81.47879,79.049018],[-82.534576,78.885118],[-84.279286,78.955308],[-84.752105,79.038926],[-84.452911,79.148301],[-83.363189,79.055243],[-83.961212,79.127631],[-84.016591,79.154283],[-83.931793,79.192369],[-84.000274,79.223009],[-84.32962,79.192369],[-84.485829,79.408759],[-84.879303,79.487413],[-85.174346,79.650255],[-86.449859,79.754218],[-86.468739,79.823717],[-86.378489,79.823594],[-86.467763,79.88227],[-86.39627,79.962999],[-85.253814,79.926011],[-86.534657,80.03087],[-86.643096,80.153184],[-86.473419,80.31037],[-83.787872,80.250922],[-82.170888,79.868883],[-81.911448,79.702989],[-81.670562,79.693305],[-81.615956,79.624376],[-81.750722,79.626329],[-81.651641,79.594224],[-81.378,79.64293],[-80.587473,79.569159],[-80.64273,79.590806],[-79.752024,79.706977],[-80.881012,79.653917],[-81.503245,79.71483],[-81.628977,79.768378],[-81.565582,79.806627],[-81.658966,79.889268],[-81.442291,79.926744],[-82.168731,80.018297],[-83.205556,80.317084],[-80.051178,80.527574],[-78.052317,80.569078],[-79.964345,80.611274],[-78.53189,80.780748],[-76.515289,80.856065],[-78.936431,80.87877],[-78.899078,80.970811],[-78.380035,81.178575],[-76.759104,81.433092],[-78.191721,81.305162],[-78.682891,81.191759],[-78.690012,81.12523],[-79.505035,81.200303],[-79.094512,81.099107],[-79.323964,81.025865],[-79.182769,80.995714],[-79.279368,80.929551],[-79.614491,80.827623],[-80.875559,80.66295],[-82.913116,80.539415],[-83.168284,80.587714],[-81.759999,80.816718],[-83.548166,80.714301],[-83.149892,80.817735],[-83.273712,80.846503],[-83.862823,80.762071],[-83.730702,80.650743],[-83.846018,80.544053],[-85.121368,80.504096],[-85.864532,80.542955],[-85.562896,80.624945],[-86.050201,80.537828],[-86.749054,80.604478],[-85.622467,80.980292],[-82.363271,81.179877],[-85.780995,81.034044],[-87.276031,80.631781],[-87.706532,80.645453],[-89.451202,80.906928],[-88.413157,80.998765],[-86.699208,81.005439],[-84.768341,81.279161],[-85.245025,81.299058],[-87.388499,81.069444],[-89.826161,81.013048],[-90.318918,81.141669],[-89.983632,81.249864],[-88.933868,81.248725],[-89.955556,81.330634],[-88.990875,81.469346],[-87.940745,81.536119],[-87.283966,81.48607],[-88.342681,81.590522],[-90.49234,81.370836],[-90.859893,81.447333],[-89.585601,81.63231],[-90.092071,81.626085],[-90.04247,81.641832],[-90.298655,81.704088],[-90.356475,81.69066],[-90.29129,81.645982],[-90.682769,81.67711],[-90.992096,81.618842],[-90.96231,81.563463],[-91.470001,81.529893],[-91.417063,81.543931],[-91.48172,81.596177],[-91.956614,81.660224],[-90.242909,81.899848],[-89.764638,81.921983],[-89.369903,81.819648],[-89.179026,81.878282],[-89.37914,81.906846],[-89.344472,81.946479],[-89.079254,81.91413],[-88.989084,81.92772],[-89.058013,81.988593],[-89.007395,82.006822],[-87.999094,82.105292],[-87.372833,82.077379],[-87.193593,82.030626],[-87.317616,81.975572],[-86.727935,81.893012],[-87.089752,81.956041],[-86.628936,82.058702],[-85.978831,82.016466],[-85.429351,81.860093],[-85.371124,81.865098],[-85.734202,81.988593],[-85.267893,82.008002],[-84.795725,81.885565],[-85.069488,81.988593],[-84.865875,81.993516],[-84.603342,81.893012],[-84.713206,81.968126],[-86.859405,82.190253],[-85.350616,82.290269],[-85.500885,82.400133],[-85.89566,82.426703],[-85.761871,82.467475],[-84.708404,82.483018],[-84.623525,82.452501],[-84.900299,82.438341],[-83.674875,82.348985],[-82.969024,82.132554],[-83.130442,82.077379],[-81.876617,82.043809],[-82.584259,82.094835],[-83.008697,82.230536],[-82.969879,82.298448],[-79.230621,81.817857],[-79.92337,81.988593],[-79.855621,82.008246],[-82.711578,82.381456],[-82.497304,82.509385],[-81.499989,82.497748],[-82.396759,82.619208],[-82.328033,82.659166],[-80.580637,82.543443],[-81.576161,82.791246],[-81.473948,82.830308],[-80.315419,82.786444],[-80.152008,82.680772],[-79.846954,82.643785],[-79.942169,82.679185],[-78.547922,82.676011],[-79.895009,82.765245],[-79.998443,82.803575],[-79.67634,82.824652],[-80.401194,82.879584],[-80.158111,82.939276],[-79.340484,82.975531],[-79.009023,82.874742],[-78.605987,82.94359],[-78.524444,82.927436],[-78.559071,82.866278],[-78.175445,82.831488],[-78.106597,82.831488],[-78.243723,82.866278],[-77.852203,82.926011],[-77.138661,82.866889],[-76.556915,82.675482],[-75.893829,82.598741],[-76.230784,82.493883],[-76.173573,82.456],[-75.400421,82.619208],[-76.272369,82.726426],[-75.975738,82.790513],[-76.373606,82.790513],[-77.387237,82.989732],[-77.134023,83.036973],[-74.200022,83.002143],[-73.828399,82.865709],[-72.591135,82.701158],[-72.501739,82.721625],[-73.653147,82.92711],[-72.702056,83.096544],[-71.627594,83.103339],[-71.766672,83.042467],[-70.837066,82.886094],[-71.454742,82.99962],[-71.012929,83.101549],[-69.68753,83.116523],[-69.757354,83.063463],[-69.483388,83.04564],[-69.657745,83.002794],[-69.039296,83.045762],[-68.171783,82.999132],[-68.131866,82.933173],[-66.321197,82.937364],[-67.246653,82.770209],[-68.637278,82.653306],[-68.225819,82.63977],[-66.667633,82.711859],[-65.851593,82.842353],[-65.155304,82.770006],[-65.307281,82.788194],[-65.100657,82.851996],[-65.257639,82.863267],[-65.132395,82.8994],[-64.696685,82.909776],[-64.903147,82.88288],[-64.489044,82.767564],[-63.447092,82.826728],[-63.380767,82.803575],[-63.43399,82.751451],[-63.853057,82.721625],[-62.962677,82.593492],[-63.373321,82.441026],[-62.174713,82.529853],[-62.352284,82.482042],[-61.578887,82.488878],[-61.085479,82.331163]]],[[[-79.841379,53.145738],[-79.796864,53.111314],[-79.912099,53.088935],[-79.930898,53.149482],[-79.841379,53.145738]]],[[[-79.950022,53.351793],[-79.917348,53.297431],[-79.984202,53.265123],[-80.070709,53.354926],[-79.950022,53.351793]]],[[[-79.861887,53.912909],[-79.90689,53.917711],[-79.930084,53.940863],[-79.861887,53.912909]]],[[[-79.977935,56.202053],[-80.087758,56.191474],[-80.030995,56.319729],[-79.699941,56.37816],[-79.577056,56.510159],[-79.678782,56.331285],[-79.977935,56.202053]]],[[[-79.593739,56.771186],[-79.525502,56.78441],[-79.487701,56.663642],[-79.548573,56.634101],[-79.593739,56.771186]]],[[[-79.902821,56.89411],[-79.807281,56.950629],[-79.730865,56.801907],[-79.902821,56.89411]]],[[[-79.792958,57.428534],[-79.846547,57.473456],[-79.755116,57.607327],[-79.703603,57.511054],[-79.792958,57.428534]]],[[[-80.470774,59.491034],[-80.527211,59.375393],[-80.553293,59.4501],[-80.470774,59.491034]]],[[[-80.224965,59.731269],[-80.168324,59.71601],[-80.306508,59.615465],[-80.224965,59.731269]]],[[[-80.108266,59.764797],[-80.07315,59.802069],[-80.162913,59.74494],[-80.012318,59.887885],[-79.909779,59.862047],[-80.108266,59.764797]]],[[[-65.607777,43.483466],[-65.559926,43.51081],[-65.628814,43.422065],[-65.607777,43.483466]]],[[[-59.793511,43.964571],[-59.740829,43.996438],[-59.858371,43.923598],[-60.130161,43.960473],[-59.793511,43.964571]]],[[[-66.231557,44.387193],[-66.20344,44.392239],[-66.313466,44.250678],[-66.231557,44.387193]]],[[[-66.86148,44.726752],[-66.769453,44.795657],[-66.691784,44.642992],[-66.905986,44.606169],[-66.86148,44.726752]]],[[[-73.995188,45.320136],[-73.920644,45.333808],[-74.139394,45.251166],[-73.995188,45.320136]]],[[[-73.889027,45.396715],[-73.858062,45.381781],[-73.975209,45.391262],[-73.889027,45.396715]]],[[[-73.931793,45.488837],[-73.943186,45.507554],[-73.896311,45.524482],[-73.931793,45.488837]]],[[[-60.914133,45.566555],[-60.985707,45.47016],[-61.089345,45.523342],[-60.914133,45.566555]]],[[[-73.857289,45.549384],[-73.585357,45.700629],[-73.731353,45.556952],[-73.857289,45.549384]]],[[[-73.499257,45.709947],[-73.56786,45.469387],[-73.973622,45.444648],[-73.499257,45.709947]]],[[[-70.843251,47.033189],[-70.861928,46.94595],[-71.114003,46.859442],[-70.843251,47.033189]]],[[[-60.080881,45.792426],[-60.704254,45.57331],[-60.871083,45.645657],[-61.321889,45.559068],[-61.455312,45.709906],[-61.541127,46.040473],[-60.603261,47.033637],[-60.420318,47.022162],[-60.490387,46.905219],[-60.338735,46.875556],[-60.324452,46.745185],[-60.605784,46.21133],[-60.418853,46.329779],[-60.441965,46.270575],[-60.612416,46.128241],[-61.101877,45.958157],[-60.747467,46.06623],[-60.857777,45.924872],[-61.055735,45.89765],[-61.098459,45.854478],[-60.914133,45.854478],[-61.112782,45.727607],[-60.873199,45.752387],[-60.807362,45.720771],[-60.844879,45.655341],[-60.732493,45.684394],[-60.725453,45.784735],[-60.399526,45.997952],[-60.699127,45.890937],[-60.791168,45.940172],[-60.314605,46.208808],[-60.607045,46.076483],[-60.283518,46.327541],[-60.204661,46.241848],[-60.290273,46.156195],[-60.204986,46.142279],[-60.152089,46.245673],[-59.810536,46.169867],[-59.954213,46.035793],[-59.806956,45.960435],[-60.127349,45.869452],[-60.080881,45.792426]]],[[[-62.004018,46.464057],[-62.165639,46.358385],[-62.339426,46.359442],[-62.466176,46.214911],[-62.555002,46.234198],[-62.455922,46.080471],[-62.554555,46.043931],[-62.455922,46.025214],[-62.545237,45.971829],[-62.829457,45.972724],[-62.996653,46.061957],[-62.886952,46.129625],[-62.928212,46.176663],[-63.106272,46.21015],[-62.980336,46.305487],[-63.195709,46.272284],[-63.270863,46.204576],[-63.147694,46.206285],[-63.257192,46.141913],[-63.627756,46.223822],[-63.784779,46.320014],[-63.766835,46.399359],[-64.134267,46.415595],[-64.078928,46.618883],[-64.416819,46.682766],[-63.99706,47.067328],[-64.071929,46.757758],[-63.83316,46.587592],[-63.942047,46.500312],[-63.729563,46.443345],[-63.710805,46.558417],[-63.638905,46.567043],[-63.257192,46.423082],[-62.004018,46.464057]]],[[[-61.67101,47.546536],[-61.835683,47.432807],[-61.592519,47.560777],[-61.956288,47.296291],[-61.810658,47.24433],[-61.98884,47.217231],[-61.901235,47.422065],[-61.562123,47.627143],[-61.386342,47.643988],[-61.67101,47.546536]]],[[[-64.50475,47.889797],[-64.477447,47.944403],[-64.593495,47.765367],[-64.696604,47.759426],[-64.668691,47.871283],[-64.50475,47.889797]]],[[[-64.545766,47.971666],[-64.480051,47.998358],[-64.568267,47.906968],[-64.545766,47.971666]]],[[[-64.319203,49.791246],[-64.424713,49.808498],[-64.451283,49.909491],[-64.132802,49.950141],[-63.124094,49.783881],[-61.904164,49.354193],[-61.684682,49.165839],[-61.811635,49.069037],[-62.248199,49.067939],[-63.093332,49.232896],[-63.586781,49.38996],[-63.764231,49.601996],[-64.319203,49.791246]]],[[[-63.884674,50.199368],[-63.926991,50.221422],[-63.901479,50.253974],[-63.884674,50.199368]]],[[[-79.39509,52.083726],[-79.283681,52.096503],[-79.373402,51.945258],[-79.655751,51.987494],[-79.39509,52.083726]]],[[[-80.759348,52.919176],[-80.704701,52.721259],[-81.951731,52.974433],[-82.013173,53.070014],[-81.882802,53.179877],[-81.174224,53.212348],[-80.759348,52.919176]]],[[[-79.758168,53.522528],[-79.765614,53.546698],[-79.703603,53.516303],[-79.758168,53.522528]]],[[[-79.285878,54.91352],[-79.01891,54.940823],[-79.757924,54.780178],[-79.285878,54.91352]]],[[[-77.312082,55.619208],[-77.244985,55.644843],[-77.647857,55.427436],[-77.312082,55.619208]]],[[[-79.005279,56.017035],[-78.952707,56.030707],[-79.142445,55.797349],[-78.965688,56.083645],[-79.005279,56.017035]]],[[[-78.757639,56.167914],[-78.936391,56.119452],[-78.825022,56.358344],[-78.670766,56.443061],[-78.655263,56.236151],[-78.757639,56.167914]]],[[[-79.545888,56.043769],[-79.474517,56.102729],[-79.523915,56.135321],[-79.867055,55.843492],[-80.025706,55.900336],[-79.551015,56.266303],[-79.468495,56.529608],[-79.42984,56.431383],[-79.60733,56.134467],[-79.4287,56.21015],[-79.284931,56.661041],[-79.203959,56.684984],[-79.134263,56.634404],[-79.247638,56.631747],[-79.246991,56.562066],[-78.957753,56.434719],[-78.926625,56.297675],[-79.195465,55.904771],[-78.980214,56.392035],[-79.285878,55.866278],[-79.140981,56.226793],[-79.46935,55.879381],[-79.786122,55.790473],[-79.545888,56.043769]]],[[[-79.905914,56.866848],[-79.824208,56.847968],[-79.87975,56.752753],[-79.952382,56.814683],[-79.905914,56.866848]]],[[[-77.92162,58.332831],[-77.668324,58.250922],[-77.949452,58.326606],[-77.92162,58.332831]]],[[[-78.641591,58.628323],[-78.483062,58.552802],[-78.695058,58.676663],[-78.641591,58.628323]]],[[[-123.287221,48.812812],[-123.20226,48.758979],[-123.306996,48.764635],[-123.287221,48.812812]]],[[[-123.089019,48.767524],[-123.2235,48.832668],[-123.042307,48.784491],[-123.089019,48.767524]]],[[[-62.544962,45.826666],[-62.506908,45.828065],[-62.594546,45.803815],[-62.544962,45.826666]]],[[[-59.708079,45.994696],[-59.760406,46.000067],[-59.688629,46.03026],[-59.708079,45.994696]]],[[[-54.794227,47.279388],[-54.798379,47.242599],[-54.830051,47.267133],[-54.794227,47.279388]]],[[[-54.195604,47.393208],[-54.158678,47.41467],[-54.153354,47.368356],[-54.195604,47.393208]]],[[[-70.369781,47.426825],[-70.323883,47.427436],[-70.427602,47.372016],[-70.369781,47.426825]]],[[[-52.956475,47.654806],[-52.916443,47.634456],[-53.030336,47.599156],[-52.956475,47.654806]]],[[[-68.864333,48.407598],[-68.838064,48.413809],[-68.891065,48.388033],[-68.864333,48.407598]]],[[[-125.861625,49.237385],[-125.801352,49.143888],[-125.923406,49.196981],[-125.861625,49.237385]]],[[[-55.854271,50.205033],[-55.823887,50.204144],[-55.886002,50.197461],[-55.854271,50.205033]]],[[[-55.762971,50.231935],[-55.712812,50.21998],[-55.802679,50.220174],[-55.762971,50.231935]]],[[[-128.639076,50.80467],[-128.574073,50.808533],[-128.615888,50.782817],[-128.639076,50.80467]]],[[[-58.861186,50.833051],[-58.846323,50.789443],[-58.885608,50.794251],[-58.861186,50.833051]]],[[[-128.70214,50.836559],[-128.662177,50.825032],[-128.691551,50.801543],[-128.70214,50.836559]]],[[[-57.250265,50.840641],[-57.202935,50.834422],[-57.240205,50.795649],[-57.250265,50.840641]]],[[[-127.77912,50.901524],[-127.669204,50.880354],[-127.83436,50.878723],[-127.77912,50.901524]]],[[[-58.462634,51.176264],[-58.427357,51.167123],[-58.621209,51.091776],[-58.462634,51.176264]]],[[[-58.307577,51.25227],[-58.41101,51.201632],[-58.388163,51.238934],[-58.307577,51.25227]]],[[[-128.438216,51.980797],[-128.423227,51.925932],[-128.478828,51.906844],[-128.438216,51.980797]]],[[[-79.027455,52.113593],[-79.001861,52.107571],[-79.086659,52.09748],[-79.027455,52.113593]]],[[[-79.40567,52.260972],[-79.381256,52.244778],[-79.474965,52.237494],[-79.40567,52.260972]]],[[[-78.734242,52.445136],[-78.749827,52.406195],[-78.82079,52.423814],[-78.734242,52.445136]]],[[[-79.584625,52.555162],[-79.639394,52.53262],[-79.601552,52.577826],[-79.584625,52.555162]]],[[[-129.432788,52.68312],[-129.402445,52.646643],[-129.449572,52.643997],[-129.432788,52.68312]]],[[[-55.85233,52.77247],[-55.808092,52.761708],[-55.89536,52.763314],[-55.85233,52.77247]]],[[[-129.354662,52.86251],[-129.312018,52.839333],[-129.328924,52.799611],[-129.354662,52.86251]]],[[[-55.808466,53.006564],[-55.787036,52.962164],[-55.833971,52.976745],[-55.808466,53.006564]]],[[[-55.827319,53.079284],[-55.758767,53.034088],[-55.870688,53.026485],[-55.827319,53.079284]]],[[[-55.927587,53.492236],[-55.742891,53.445437],[-55.96554,53.432367],[-55.927587,53.492236]]],[[[-130.592115,53.496183],[-130.586966,53.466192],[-130.624653,53.48152],[-130.592115,53.496183]]],[[[-57.152729,53.693121],[-57.044938,53.715084],[-57.113763,53.642994],[-57.152729,53.693121]]],[[[-56.922484,53.797559],[-56.836105,53.80648],[-57.008855,53.788548],[-56.922484,53.797559]]],[[[-130.609117,53.797011],[-130.509821,53.826307],[-130.437885,53.756889],[-130.609117,53.797011]]],[[[-57.327952,54.287564],[-57.298974,54.248811],[-57.367639,54.259035],[-57.327952,54.287564]]],[[[-81.105214,54.332913],[-81.101796,54.374091],[-81.090077,54.337551],[-81.105214,54.332913]]],[[[-57.244476,54.484173],[-57.197644,54.449325],[-57.293337,54.468605],[-57.244476,54.484173]]],[[[-130.817562,54.486324],[-130.728455,54.437835],[-130.784743,54.412253],[-130.817562,54.486324]]],[[[-57.303677,54.574723],[-57.254727,54.537708],[-57.362203,54.507263],[-57.303677,54.574723]]],[[[-131.09876,54.627962],[-131.05684,54.625717],[-131.090905,54.58224],[-131.09876,54.627962]]],[[[-76.730458,56.160834],[-76.77481,56.103664],[-76.765492,56.175971],[-76.730458,56.160834]]],[[[-77.849843,56.315253],[-77.97232,56.286607],[-77.940541,56.311428],[-77.849843,56.315253]]],[[[-77.48705,56.442125],[-77.502553,56.386461],[-77.53539,56.379543],[-77.48705,56.442125]]],[[[-78.811147,56.65766],[-78.850942,56.672675],[-78.739898,56.666978],[-78.811147,56.65766]]],[[[-76.623443,56.681464],[-76.646352,56.550482],[-76.634185,56.715277],[-76.623443,56.681464]]],[[[-76.651967,57.071357],[-76.731435,57.186469],[-76.655995,57.139797],[-76.651967,57.071357]]],[[[-78.268381,57.198635],[-78.381947,57.174465],[-78.325551,57.207668],[-78.268381,57.198635]]],[[[-78.336497,57.305162],[-78.468414,57.287014],[-78.381012,57.328803],[-78.336497,57.305162]]],[[[-76.791127,57.336086],[-76.835439,57.425767],[-76.732981,57.293524],[-76.791127,57.336086]]],[[[-67.55829,58.411003],[-67.530842,58.296897],[-67.635937,58.291037],[-67.657824,58.364079],[-67.55829,58.411003]]],[[[-78.628814,58.779527],[-78.707631,58.786038],[-78.650868,58.802069],[-78.628814,58.779527]]],[[[-78.901112,58.832465],[-78.886057,58.808051],[-78.942128,58.837836],[-78.927073,58.865546],[-78.901112,58.832465]]],[[[-68.995487,59.016345],[-68.974561,58.989633],[-69.120279,58.957302],[-68.995487,59.016345]]],[[[-80.552398,59.110053],[-80.538564,59.094672],[-80.578603,59.092963],[-80.552398,59.110053]]],[[[-80.518544,59.694729],[-80.57433,59.652086],[-80.580556,59.669257],[-80.518544,59.694729]]],[[[-80.387278,59.711737],[-80.429677,59.652655],[-80.43871,59.677436],[-80.387278,59.711737]]],[[[-69.921941,61.013124],[-70.003856,60.935066],[-70.011946,60.996764],[-69.921941,61.013124]]],[[[-71.560975,61.333436],[-71.487818,61.337112],[-71.556856,61.295836],[-71.560975,61.333436]]],[[[-72.091425,61.894741],[-71.97344,61.858942],[-72.058945,61.850503],[-72.091425,61.894741]]],[[[-92.798413,61.948019],[-92.771875,61.935055],[-92.863299,61.930472],[-92.798413,61.948019]]],[[[-72.41214,62.039061],[-72.328116,62.016038],[-72.462401,62.036652],[-72.41214,62.039061]]],[[[-92.6417,62.060656],[-92.652846,62.026539],[-92.700898,62.074635],[-92.6417,62.060656]]],[[[-66.43846,62.895262],[-66.363253,62.870608],[-66.569044,62.914832],[-66.43846,62.895262]]],[[[-66.924694,63.065198],[-66.770799,62.944913],[-67.038246,63.071166],[-66.924694,63.065198]]],[[[-68.145251,63.272466],[-68.058483,63.222676],[-68.187891,63.250287],[-68.145251,63.272466]]],[[[-68.023387,63.300869],[-67.894994,63.189448],[-68.091999,63.320381],[-68.023387,63.300869]]],[[[-67.852667,63.345993],[-67.818293,63.291333],[-67.951502,63.380524],[-67.852667,63.345993]]],[[[-64.04343,63.563147],[-64.091172,63.48647],[-64.168668,63.604577],[-64.04343,63.563147]]],[[[-64.217244,63.842613],[-64.174201,63.805676],[-64.314973,63.73937],[-64.34177,63.820074],[-64.217244,63.842613]]],[[[-76.484202,64.181342],[-76.568512,64.206122],[-76.529652,64.245836],[-76.484202,64.181342]]],[[[-76.664418,64.241685],[-76.690053,64.264065],[-76.565256,64.254096],[-76.664418,64.241685]]],[[[-64.965364,64.309707],[-64.878303,64.229578],[-64.991296,64.193192],[-65.075487,64.306968],[-64.965364,64.309707]]],[[[-66.934274,65.317014],[-66.997076,65.29773],[-66.924565,65.364898],[-66.934274,65.317014]]],[[[-89.046753,65.406358],[-88.988851,65.392579],[-89.104454,65.40887],[-89.046753,65.406358]]],[[[-88.4308,65.48699],[-88.371277,65.46199],[-88.484618,65.464777],[-88.4308,65.48699]]],[[[-67.432516,65.742713],[-67.389158,65.736176],[-67.682481,65.689282],[-67.432516,65.742713]]],[[[-65.786418,65.701988],[-65.858819,65.749489],[-65.807341,65.776929],[-65.786418,65.701988]]],[[[-66.929467,65.949834],[-67.148557,65.99589],[-66.963871,65.996973],[-66.929467,65.949834]]],[[[-85.021725,66.08307],[-84.997474,66.057324],[-85.104005,66.059024],[-85.021725,66.08307]]],[[[-83.595204,66.040107],[-83.593129,66.076606],[-83.557769,66.051418],[-83.595204,66.040107]]],[[[-83.61144,66.084621],[-83.652455,66.090725],[-83.572418,66.106431],[-83.61144,66.084621]]],[[[-85.955642,66.463178],[-85.911232,66.461991],[-85.982292,66.463884],[-85.955642,66.463178]]],[[[-113.008308,67.947294],[-112.761341,67.964081],[-113.121476,67.9154],[-113.008308,67.947294]]],[[[-112.836925,68.17025],[-112.74613,68.167627],[-112.879153,68.141596],[-112.836925,68.17025]]],[[[-136.211942,69.179309],[-136.006267,69.090281],[-136.22191,69.105685],[-136.211942,69.179309]]],[[[-80.146578,69.400506],[-80.071006,69.383583],[-80.201038,69.427705],[-80.146578,69.400506]]],[[[-81.643279,69.414378],[-81.499122,69.372091],[-81.830309,69.344332],[-81.896757,69.416961],[-81.643279,69.414378]]],[[[-135.705953,69.508751],[-135.591182,69.467105],[-135.840928,69.48138],[-135.705953,69.508751]]],[[[-82.506235,69.790626],[-82.558868,69.743349],[-82.815708,69.781861],[-82.506235,69.790626]]]]}},{"type":"Feature","properties":{"iso3":"MEX","name":"Mexico","continent":"Americas"},"geometry":{"type":"MultiPolygon","coordinates":[[[[-97.139272,25.965806],[-97.165151,25.723334],[-97.319447,25.38996],[-97.458974,25.179389],[-97.651438,24.515855],[-97.725209,23.80565],[-97.822092,23.788398],[-97.772857,23.780097],[-97.753814,23.74372],[-97.76061,23.651923],[-97.733306,23.774807],[-97.722239,23.739325],[-97.768544,23.260077],[-97.74234,22.972073],[-97.753814,22.849311],[-97.752675,22.90705],[-97.838246,22.739691],[-97.876698,22.739447],[-97.855051,22.698554],[-97.890981,22.596096],[-97.850006,22.602932],[-97.839955,22.670315],[-97.850006,22.534613],[-97.76061,22.095852],[-97.610463,21.835761],[-97.316233,21.56094],[-97.411204,21.273383],[-97.463775,21.424018],[-97.455637,21.455268],[-97.390736,21.472642],[-97.370229,21.537502],[-97.625071,21.79442],[-97.658844,21.907457],[-97.781117,22.095852],[-97.719716,21.951809],[-97.657582,21.636542],[-97.562001,21.485663],[-97.5006,21.493109],[-97.496816,21.400621],[-97.197174,20.810207],[-97.198313,20.738959],[-97.150543,20.64704],[-96.676015,20.157864],[-96.456125,19.868801],[-96.360015,19.536851],[-96.3155,19.482245],[-96.290354,19.332587],[-96.17162,19.234117],[-96.131947,19.235907],[-96.077382,19.096096],[-95.970326,19.046088],[-95.903554,18.881903],[-95.75121,18.792792],[-95.752756,18.765815],[-95.914784,18.862494],[-95.958852,18.856391],[-95.807362,18.752143],[-95.877309,18.752387],[-95.861887,18.723375],[-95.783437,18.744696],[-95.568349,18.683295],[-95.728383,18.757229],[-95.732818,18.799994],[-95.583608,18.721666],[-95.173004,18.696723],[-95.002553,18.555406],[-94.786936,18.511949],[-94.580881,18.189846],[-94.466949,18.144232],[-94.134877,18.207994],[-93.86148,18.306545],[-93.888783,18.262152],[-93.798207,18.267483],[-93.744008,18.336005],[-93.592844,18.344957],[-93.576405,18.411851],[-93.847808,18.299709],[-93.839589,18.318549],[-93.552358,18.429389],[-93.155751,18.443061],[-93.176422,18.377672],[-93.121653,18.389065],[-93.13386,18.354885],[-93.094797,18.378119],[-93.095937,18.408881],[-93.139394,18.420233],[-93.121938,18.437934],[-92.855731,18.466047],[-92.726308,18.587633],[-92.690256,18.552924],[-92.669097,18.429389],[-92.68102,18.62287],[-92.40514,18.671063],[-91.94806,18.691225],[-91.866567,18.598375],[-92.008209,18.612982],[-91.990712,18.601304],[-92.039133,18.601304],[-92.052805,18.546698],[-91.906728,18.509711],[-91.970286,18.593899],[-91.901967,18.580797],[-91.915028,18.56037],[-91.874013,18.52558],[-91.894521,18.52558],[-91.837229,18.503241],[-91.852284,18.420152],[-91.81428,18.388658],[-91.792348,18.401557],[-91.812611,18.450507],[-91.771596,18.436835],[-91.798329,18.491441],[-91.68224,18.450507],[-91.495839,18.439602],[-91.482493,18.484687],[-91.534047,18.465806],[-91.511627,18.505276],[-91.197011,18.646389],[-91.28482,18.636705],[-91.285634,18.765815],[-91.367014,18.771226],[-91.414703,18.813625],[-91.237213,18.957587],[-91.391265,18.871283],[-91.414703,18.826646],[-91.505279,18.816555],[-90.935536,19.163072],[-90.769358,19.309231],[-90.730092,19.375922],[-90.683705,19.752916],[-90.477823,19.922101],[-90.489898,20.534125],[-90.459381,20.715522],[-90.379058,20.82746],[-90.339101,20.972357],[-90.398061,20.820746],[-90.442128,20.787421],[-90.332387,21.032457],[-90.099477,21.16413],[-89.785959,21.284573],[-88.878774,21.413072],[-88.447825,21.5751],[-88.282704,21.556708],[-88.084788,21.589301],[-88.226959,21.574774],[-88.138905,21.614],[-87.709788,21.536851],[-87.865631,21.554592],[-87.778066,21.510647],[-87.61856,21.520453],[-87.47411,21.467108],[-87.256947,21.440619],[-87.142445,21.50137],[-87.153066,21.568264],[-87.399526,21.520453],[-87.382436,21.558295],[-87.272125,21.560777],[-87.11148,21.62344],[-86.997914,21.565904],[-86.924794,21.446112],[-86.838775,21.437934],[-86.812571,21.382799],[-86.815053,21.204779],[-86.790924,21.158352],[-86.741567,21.16413],[-86.875152,20.865302],[-87.056793,20.630439],[-87.234975,20.49258],[-87.430491,20.221015],[-87.471303,20.069037],[-87.433013,19.899848],[-87.474273,19.797065],[-87.443918,19.913479],[-87.488271,19.954413],[-87.474599,19.875637],[-87.454701,19.889309],[-87.496938,19.829657],[-87.600413,19.771389],[-87.658315,19.644843],[-87.680043,19.635972],[-87.660146,19.683783],[-87.724192,19.682034],[-87.744252,19.651801],[-87.731516,19.600531],[-87.660146,19.567776],[-87.654408,19.507473],[-87.578521,19.561469],[-87.441396,19.553656],[-87.440419,19.595038],[-87.443918,19.57392],[-87.529205,19.587592],[-87.447336,19.580797],[-87.441396,19.618883],[-87.41275,19.577623],[-87.458404,19.455024],[-87.65567,19.373236],[-87.687856,19.242133],[-87.638987,19.220933],[-87.567128,19.317206],[-87.495717,19.327582],[-87.516184,19.286566],[-87.460927,19.320705],[-87.533437,19.228095],[-87.662017,18.766832],[-87.73705,18.644965],[-87.762563,18.429389],[-87.84142,18.277655],[-87.844553,18.196682],[-87.858795,18.245063],[-87.890981,18.243557],[-87.865346,18.314154],[-87.880035,18.298651],[-87.93517,18.443101],[-88.08023,18.514228],[-88.002187,18.690131],[-88.036285,18.874986],[-88.13622,18.72427],[-88.134674,18.769517],[-88.241811,18.703843],[-88.255483,18.676459],[-88.187123,18.738511],[-88.194651,18.676459],[-88.160471,18.703762],[-88.283315,18.491441],[-88.520199,18.461562],[-88.616989,18.235426],[-88.696623,18.178065],[-88.736388,18.051923],[-88.865372,17.899012],[-89.049444,17.999213],[-89.153933,17.941077],[-89.160496,17.814314],[-90.98284,17.810542],[-90.991986,17.25192],[-91.442502,17.237967],[-91.364884,17.189753],[-91.290418,17.189081],[-91.066866,16.918193],[-90.998343,16.877162],[-90.955193,16.898763],[-90.968887,16.874372],[-90.919071,16.836338],[-90.810602,16.812928],[-90.749779,16.757686],[-90.667717,16.652576],[-90.627874,16.492896],[-90.553409,16.490261],[-90.400601,16.420549],[-90.379853,16.367271],[-90.40874,16.372335],[-90.398793,16.347582],[-90.444888,16.30836],[-90.42768,16.263608],[-90.457833,16.249138],[-90.434475,16.236323],[-90.461812,16.189142],[-90.432718,16.173226],[-90.447841,16.079687],[-91.723776,16.068788],[-91.751888,16.046308],[-92.204651,15.289507],[-92.21093,15.253359],[-92.073807,15.073706],[-92.157574,14.963041],[-92.190828,14.814239],[-92.164731,14.66815],[-92.226097,14.549346],[-92.840606,15.16116],[-92.840443,15.181952],[-92.780873,15.15884],[-92.753163,15.098415],[-92.768422,15.171454],[-92.863515,15.191107],[-92.983144,15.26557],[-93.1881,15.477566],[-93.470815,15.70071],[-93.943389,16.010565],[-93.854034,16.024848],[-93.898101,16.088935],[-94.073761,16.140937],[-94.127838,16.220852],[-94.266713,16.215277],[-94.399281,16.298611],[-94.436513,16.245551],[-94.345489,16.163153],[-94.292633,16.14114],[-94.265533,16.148383],[-94.341298,16.175686],[-94.230011,16.163275],[-94.082183,16.094753],[-93.963897,15.997504],[-94.392201,16.17768],[-94.722401,16.199652],[-94.587148,16.282416],[-94.580841,16.326483],[-94.677032,16.360663],[-94.804311,16.275214],[-94.783193,16.343207],[-94.814361,16.403103],[-94.878651,16.424628],[-95.065175,16.278266],[-94.964621,16.24772],[-94.841827,16.283718],[-94.930328,16.243964],[-94.805531,16.237128],[-94.761505,16.203925],[-95.149301,16.186952],[-95.337289,16.088838],[-95.434478,15.97538],[-95.959882,15.827914],[-96.236637,15.68333],[-96.431142,15.695868],[-96.504857,15.658054],[-96.845123,15.732571],[-97.266025,15.935912],[-97.772719,15.979454],[-98.172149,16.209174],[-98.082143,16.189276],[-98.09732,16.210883],[-98.552847,16.31475],[-98.791347,16.554121],[-98.85655,16.528179],[-99.37426,16.667911],[-99.663289,16.698164],[-99.843825,16.785958],[-99.866801,16.855672],[-99.920102,16.834096],[-99.991686,16.909737],[-101.065105,17.276008],[-101.055084,17.302639],[-101.182245,17.412536],[-101.455773,17.526338],[-101.440704,17.557156],[-101.496491,17.614406],[-101.55314,17.611376],[-101.644487,17.668294],[-101.67189,17.74027],[-101.811061,17.89026],[-101.989877,17.974751],[-102.100477,17.982327],[-102.175915,17.917047],[-102.475082,18.017777],[-102.742299,18.066962],[-103.4984,18.333483],[-103.575103,18.492255],[-103.71002,18.601176],[-103.700175,18.654327],[-103.979977,18.874938],[-104.315707,19.016496],[-104.304102,19.081682],[-104.354332,19.111913],[-104.439548,19.081607],[-104.750844,19.231513],[-104.799672,19.224555],[-104.815704,19.299628],[-104.8662,19.289984],[-104.993642,19.34219],[-105.070098,19.447781],[-105.08771,19.561073],[-105.250762,19.666083],[-105.525624,20.031928],[-105.553212,20.201483],[-105.698681,20.406911],[-105.575592,20.487738],[-105.328734,20.513738],[-105.243642,20.583564],[-105.234296,20.636127],[-105.341526,20.754639],[-105.410907,20.733999],[-105.535139,20.778437],[-105.486535,20.796223],[-105.318715,21.017401],[-105.234327,21.060966],[-105.216081,21.204379],[-105.243138,21.342064],[-105.186635,21.453396],[-105.217559,21.517239],[-105.263504,21.513401],[-105.448417,21.631032],[-105.632264,21.955737],[-105.655032,22.256298],[-105.723541,22.528388],[-105.80016,22.638454],[-106.001617,22.823188],[-105.98412,22.856757],[-106.031972,22.830105],[-106.220326,23.051947],[-106.370839,23.183987],[-106.419342,23.179877],[-106.522817,23.407538],[-106.793243,23.632351],[-106.902008,23.846625],[-107.035878,23.98078],[-107.543202,24.346584],[-107.775014,24.477444],[-107.796742,24.52265],[-107.514882,24.351996],[-107.549672,24.387885],[-107.498036,24.357611],[-107.478261,24.400092],[-107.519195,24.511379],[-107.579416,24.527574],[-107.601674,24.50845],[-107.560902,24.51496],[-107.584096,24.474921],[-107.624135,24.458482],[-107.676747,24.501614],[-107.718821,24.492377],[-107.820546,24.59516],[-107.936838,24.638821],[-107.819081,24.54442],[-107.995188,24.648383],[-108.060292,24.786444],[-107.994862,24.758043],[-107.971588,24.778754],[-108.013173,24.836819],[-107.985219,24.953437],[-108.036122,24.998481],[-108.041127,24.838365],[-108.124379,24.84455],[-108.23412,25.028388],[-108.32787,25.111151],[-108.266184,25.096869],[-108.186391,24.986558],[-108.144358,24.975775],[-108.13679,25.059963],[-108.013173,25.001899],[-108.001698,25.020982],[-108.106923,25.116929],[-108.172922,25.113593],[-108.21227,25.166938],[-108.351796,25.169501],[-108.317454,25.228502],[-108.352895,25.261664],[-108.399241,25.14525],[-108.419016,25.249172],[-108.614003,25.343329],[-108.731923,25.35814],[-108.594146,25.351304],[-108.657216,25.392239],[-108.765736,25.380927],[-108.779693,25.398505],[-108.738678,25.399075],[-108.783559,25.537543],[-108.87682,25.559638],[-108.89981,25.477973],[-109.001861,25.499945],[-109.034657,25.465237],[-109.116119,25.536322],[-109.057769,25.584662],[-108.971547,25.563625],[-108.828114,25.789537],[-108.900868,25.70067],[-109.062123,25.590277],[-109.144399,25.594713],[-109.180735,25.652981],[-109.250152,25.686184],[-109.156484,25.556789],[-109.227528,25.628648],[-109.410308,25.646145],[-109.300526,25.659166],[-109.286855,25.710679],[-109.378041,25.761786],[-109.395863,25.685858],[-109.43517,25.776313],[-109.437652,26.00552],[-109.262196,26.304104],[-109.290598,26.163153],[-109.268056,26.179877],[-109.225413,26.334459],[-109.176096,26.338202],[-109.156077,26.254828],[-109.109364,26.216457],[-109.088246,26.290432],[-109.184438,26.378567],[-109.170155,26.35871],[-109.240102,26.335517],[-109.255727,26.497992],[-109.387089,26.638021],[-109.475163,26.674928],[-109.428522,26.671851],[-109.483428,26.742641],[-109.549896,26.727956],[-109.503734,26.678537],[-109.694428,26.678155],[-109.784576,26.719428],[-109.856313,26.800971],[-109.945565,26.99709],[-109.88329,26.940904],[-109.952219,27.098578],[-110.016469,27.119045],[-110.052104,27.090321],[-110.287622,27.148394],[-110.447883,27.274262],[-110.522329,27.290354],[-110.438423,27.292655],[-110.473541,27.370266],[-110.540639,27.37226],[-110.587405,27.449365],[-110.627101,27.641099],[-110.578969,27.668362],[-110.594716,27.714504],[-110.553456,27.732489],[-110.601715,27.767076],[-110.609527,27.824774],[-110.521067,27.84455],[-110.513295,27.873196],[-110.84911,27.906684],[-110.808176,27.927802],[-110.838857,27.989407],[-110.890696,27.899848],[-110.867421,27.898424],[-110.87678,27.847113],[-110.999257,27.964057],[-111.087448,27.936205],[-111.1718,27.990087],[-111.250662,28.052013],[-111.451772,28.325629],[-111.442291,28.369289],[-111.697797,28.45752],[-111.76061,28.58397],[-111.940072,28.746447],[-111.903535,28.779704],[-111.861195,28.753241],[-111.868235,28.803127],[-111.925017,28.801719],[-112.030296,28.861431],[-112.098866,28.950873],[-112.170819,28.972993],[-112.166127,29.120429],[-112.239453,29.315337],[-112.411224,29.344728],[-112.377754,29.485729],[-112.58019,29.718004],[-112.658315,29.88345],[-112.751472,29.924264],[-112.730458,30.013373],[-112.758815,30.059181],[-112.764293,30.21152],[-112.854915,30.262756],[-112.870676,30.428534],[-113.079895,30.670441],[-113.128841,30.81244],[-113.097359,30.946008],[-113.130783,31.050547],[-113.08982,30.993122],[-113.055898,31.030707],[-113.048723,31.156692],[-113.091744,31.202152],[-113.197046,31.225188],[-113.2329,31.288031],[-113.261708,31.280585],[-113.229349,31.245096],[-113.622269,31.325584],[-113.659577,31.49754],[-113.884877,31.614691],[-113.939524,31.600409],[-113.962514,31.655219],[-113.979669,31.545206],[-114.028942,31.491539],[-114.208888,31.512283],[-114.584712,31.760755],[-114.677235,31.764065],[-114.793609,31.816555],[-115.029449,31.970933],[-115.016225,31.919094],[-114.835032,31.801907],[-114.780629,31.655829],[-114.85291,31.526606],[-114.884043,31.120715],[-114.813471,31.049986],[-114.821767,30.988959],[-114.716765,30.935449],[-114.698474,30.637212],[-114.630599,30.494874],[-114.665733,30.199568],[-114.533132,29.967951],[-114.427719,29.907295],[-114.39224,29.783012],[-114.322526,29.741101],[-114.271215,29.772068],[-114.20331,29.739734],[-113.648517,29.293961],[-113.631579,29.263961],[-113.656557,29.21844],[-113.539642,29.039615],[-113.561865,29.000146],[-113.533886,28.906565],[-113.481538,28.893398],[-113.487973,28.930303],[-113.434665,28.959874],[-113.413052,28.922322],[-113.387871,28.939804],[-113.370633,28.837206],[-113.332494,28.800621],[-113.268491,28.83218],[-113.214159,28.817312],[-113.10297,28.504583],[-113.001639,28.455579],[-112.902362,28.475342],[-112.846304,28.441077],[-112.872126,28.28374],[-112.786456,28.196077],[-112.811771,28.12054],[-112.799363,28.017424],[-112.756585,27.968386],[-112.758387,27.846107],[-112.678863,27.728583],[-112.566737,27.641441],[-112.354714,27.547323],[-112.297325,27.381062],[-112.207002,27.26113],[-112.212764,27.210463],[-111.946453,27.079295],[-112.003128,27.035743],[-112.017161,26.978502],[-111.870717,26.82807],[-111.861446,26.783795],[-111.900114,26.714559],[-111.784275,26.571796],[-111.73581,26.539684],[-111.676793,26.581859],[-111.807421,26.715525],[-111.845116,26.867876],[-111.826603,26.890511],[-111.560055,26.695653],[-111.56908,26.576234],[-111.442238,26.517526],[-111.468867,26.419504],[-111.393656,26.330011],[-111.397449,26.252215],[-111.322037,26.098183],[-111.36026,25.964097],[-111.331028,25.837358],[-111.291923,25.812266],[-111.315394,25.820034],[-111.309296,25.78926],[-111.225005,25.724353],[-111.191744,25.614829],[-111.128968,25.539309],[-111.014627,25.505916],[-111.02026,25.440739],[-110.947389,25.315448],[-110.910873,25.160155],[-110.861615,25.079189],[-110.757791,25.012239],[-110.690533,24.891886],[-110.660684,24.799662],[-110.723528,24.681178],[-110.734872,24.544501],[-110.628444,24.284666],[-110.539623,24.203989],[-110.325195,24.175709],[-110.352421,24.154973],[-110.432429,24.173617],[-110.392694,24.106243],[-110.350381,24.114456],[-110.306134,24.176716],[-110.33928,24.31586],[-110.276237,24.350801],[-110.228845,24.335734],[-110.1837,24.269627],[-110.006985,24.158826],[-109.97416,24.038576],[-109.828288,24.0628],[-109.803444,24.02206],[-109.837322,23.938087],[-109.711836,23.807786],[-109.696321,23.66552],[-109.476459,23.560205],[-109.414317,23.405945],[-109.453838,23.202271],[-109.531672,23.108207],[-109.713176,23.03105],[-109.851064,22.89997],[-109.934523,22.872302],[-109.999659,22.894442],[-110.078359,22.980658],[-110.16726,23.321086],[-110.307362,23.541032],[-110.647518,23.733901],[-111.039714,24.104185],[-111.444445,24.324391],[-111.359749,24.290322],[-111.595578,24.442235],[-111.667841,24.576507],[-111.695627,24.587144],[-111.698781,24.535562],[-111.788308,24.54216],[-111.761715,24.515249],[-111.812908,24.50588],[-111.848924,24.653686],[-111.929201,24.73047],[-111.912929,24.743776],[-111.995676,24.86579],[-111.972401,24.748765],[-112.025258,24.755561],[-112.035634,24.840399],[-112.047542,24.76513],[-112.088043,24.773383],[-112.124215,24.874046],[-112.082387,24.960273],[-112.104171,25.007873],[-112.155831,24.875438],[-112.165803,24.953935],[-112.123363,25.038267],[-112.140228,25.125871],[-112.084118,25.243584],[-112.086932,25.390585],[-112.048353,25.466415],[-112.075994,25.7134],[-112.0964,25.510727],[-112.108712,25.784145],[-112.178942,25.955175],[-112.238515,26.040839],[-112.308746,26.06977],[-112.343495,26.178127],[-112.402699,26.24022],[-112.442738,26.260728],[-112.481313,26.238105],[-112.556793,26.272366],[-112.559967,26.301093],[-112.676259,26.319281],[-113.060716,26.599118],[-113.057037,26.650214],[-113.143056,26.757717],[-113.119049,26.794094],[-113.21581,26.744452],[-113.238149,26.786607],[-113.131459,26.875922],[-113.145741,26.97012],[-113.192544,26.94506],[-113.204221,26.853463],[-113.257965,26.824652],[-113.270544,26.752474],[-113.470986,26.804554],[-113.542966,26.719196],[-113.637138,26.725531],[-113.725209,26.799994],[-113.816388,26.948969],[-113.909901,26.992336],[-113.993886,26.971829],[-114.181956,27.139635],[-114.274083,27.148898],[-114.293999,27.125462],[-114.395149,27.182914],[-114.421405,27.166457],[-114.429799,27.20893],[-114.487542,27.238098],[-114.506461,27.406184],[-114.715752,27.521904],[-114.805719,27.621043],[-114.844866,27.616064],[-114.861562,27.689887],[-114.899805,27.664122],[-115.022684,27.740291],[-115.083823,27.851054],[-114.499057,27.774071],[-114.325347,27.874701],[-114.294789,27.852444],[-114.282379,27.735826],[-114.15095,27.669664],[-114.102935,27.601874],[-114.056711,27.641547],[-114.063303,27.679633],[-113.942535,27.669664],[-113.929351,27.726752],[-114.025258,27.749905],[-114.066558,27.803656],[-114.050893,27.726752],[-114.131947,27.723456],[-114.172434,27.788764],[-114.131093,27.888821],[-114.153432,27.945014],[-114.276452,27.901148],[-114.134389,28.08393],[-114.113812,28.060407],[-114.149495,28.013474],[-114.106402,27.927952],[-114.107081,28.013484],[-114.039736,28.02773],[-114.101007,28.071105],[-114.113121,28.120413],[-114.057485,28.206285],[-114.124883,28.255725],[-114.042592,28.458441],[-114.096344,28.551907],[-114.147991,28.560773],[-114.165842,28.646959],[-114.271751,28.658801],[-114.346923,28.730755],[-114.419299,28.87848],[-114.476633,28.929145],[-114.542832,28.934394],[-114.556304,28.970282],[-114.591633,28.965404],[-114.631418,29.094468],[-114.704927,29.096113],[-114.752309,29.192816],[-114.785313,29.19416],[-114.972035,29.377753],[-115.187123,29.428616],[-115.285722,29.529885],[-115.451964,29.620106],[-115.498583,29.611401],[-115.697564,29.755826],[-115.699899,29.898014],[-115.744293,29.947496],[-115.807485,29.956204],[-115.783272,30.092638],[-115.837303,30.346467],[-115.975413,30.401272],[-115.933827,30.449652],[-115.972483,30.492825],[-115.961741,30.442206],[-116.014638,30.426011],[-115.979785,30.359356],[-116.004549,30.359165],[-116.049254,30.479593],[-116.036855,30.730211],[-116.068023,30.813178],[-116.175774,30.860147],[-116.249745,30.956773],[-116.335446,30.95634],[-116.309438,31.148505],[-116.341542,31.21955],[-116.5301,31.440334],[-116.675608,31.552639],[-116.677235,31.577786],[-116.644521,31.579535],[-116.648061,31.659166],[-116.741177,31.738534],[-116.643625,31.73428],[-116.611819,31.84288],[-116.754768,31.909641],[-116.757924,31.965033],[-116.865387,32.013007],[-116.922678,32.219387],[-117.009877,32.265082],[-117.124527,32.512924],[-114.724285,32.712836],[-114.802678,32.594497],[-114.809447,32.511324],[-114.780147,32.487243],[-111.006269,31.327185],[-108.214811,31.327443],[-108.215121,31.777751],[-106.428951,31.758476],[-106.35849,31.717548],[-106.218731,31.494616],[-105.961202,31.371006],[-105.376173,30.859565],[-105.17479,30.783962],[-104.898166,30.569401],[-104.844939,30.40104],[-104.681564,30.192939],[-104.682469,29.952126],[-104.570279,29.787511],[-104.530824,29.667906],[-104.349026,29.537578],[-104.267171,29.526571],[-104.057313,29.339037],[-103.794177,29.277594],[-103.702477,29.187858],[-103.558015,29.156206],[-103.38663,29.028798],[-103.122771,28.996474],[-103.104684,29.057866],[-102.988386,29.177135],[-102.869866,29.224781],[-102.899399,29.276095],[-102.883069,29.343766],[-102.837672,29.366322],[-102.839067,29.45195],[-102.693624,29.729401],[-102.523066,29.782318],[-102.406096,29.777279],[-102.330235,29.888926],[-102.109344,29.80211],[-101.972246,29.818181],[-101.632216,29.775651],[-101.546458,29.820145],[-101.521809,29.765936],[-101.470908,29.791516],[-101.414012,29.774411],[-101.364351,29.676665],[-101.30978,29.654548],[-101.30097,29.594138],[-101.233919,29.622663],[-101.212861,29.531584],[-101.037782,29.460063],[-100.998301,29.372472],[-100.796143,29.257673],[-100.770098,29.187289],[-100.668967,29.116208],[-100.618841,28.917926],[-100.529285,28.819947],[-100.38423,28.537174],[-100.322631,28.510406],[-100.348315,28.470253],[-100.275089,28.277242],[-100.056498,28.137922],[-100.000584,28.02041],[-99.878808,27.901838],[-99.891288,27.876026],[-99.83292,27.776755],[-99.710674,27.670116],[-99.590247,27.642061],[-99.515006,27.588601],[-99.510071,27.510518],[-99.472916,27.468299],[-99.5148,27.321796],[-99.434029,27.22697],[-99.461728,27.056954],[-99.248278,26.827097],[-99.164873,26.540448],[-99.115108,26.525617],[-99.085498,26.40764],[-98.801329,26.372138],[-98.664696,26.250647],[-98.581627,26.262274],[-98.472383,26.207652],[-98.428845,26.217729],[-98.185062,26.065232],[-97.80201,26.063733],[-97.659874,26.03066],[-97.404179,25.851395],[-97.345733,25.852222],[-97.328447,25.933302],[-97.139272,25.965806]]],[[[-114.775543,18.354926],[-114.724029,18.354926],[-114.727162,18.333808],[-114.78189,18.32453],[-114.775543,18.354926]]],[[[-110.945912,18.799994],[-110.924306,18.727362],[-110.979482,18.716783],[-111.06725,18.768744],[-111.000559,18.868232],[-110.945912,18.799994]]],[[[-110.81432,19.348049],[-110.787668,19.31391],[-110.828603,19.275702],[-110.81432,19.348049]]],[[[-106.224038,21.328736],[-106.24731,21.289699],[-106.270197,21.300997],[-106.260005,21.334097],[-106.224038,21.328736]]],[[[-106.404218,21.483886],[-106.362887,21.464307],[-106.387098,21.420636],[-106.492614,21.469005],[-106.404218,21.483886]]],[[[-106.512353,21.597034],[-106.541794,21.543459],[-106.631156,21.600861],[-106.660848,21.693064],[-106.548004,21.668546],[-106.512353,21.597034]]],[[[-106.663823,21.777246],[-106.678963,21.727036],[-106.688941,21.746832],[-106.663823,21.777246]]],[[[-109.83575,24.224654],[-109.814844,24.140431],[-109.862483,24.147087],[-109.900432,24.199241],[-109.934234,24.359386],[-109.83575,24.224654]]],[[[-111.561635,24.378079],[-111.467094,24.336732],[-111.664814,24.351856],[-111.657778,24.375217],[-111.561635,24.378079]]],[[[-111.753489,24.446967],[-111.699752,24.358924],[-111.708111,24.299854],[-112.001754,24.506313],[-111.988974,24.527654],[-111.881154,24.517607],[-111.753489,24.446967]]],[[[-110.324941,24.515855],[-110.295853,24.476887],[-110.34804,24.402451],[-110.39199,24.497768],[-110.376232,24.530767],[-110.415745,24.569601],[-110.397507,24.590805],[-110.324941,24.515855]]],[[[-110.710792,25.095047],[-110.574916,25.015727],[-110.533971,24.890803],[-110.553356,24.872682],[-110.642313,24.914498],[-110.675838,25.011198],[-110.716551,25.03989],[-110.710792,25.095047]]],[[[-112.103485,24.617166],[-112.059907,24.540603],[-112.176344,24.653562],[-112.135938,24.698046],[-112.16771,24.755373],[-112.237785,24.789228],[-112.257814,24.751578],[-112.304596,24.792182],[-112.125326,25.265833],[-112.179304,25.044986],[-112.176865,24.872388],[-112.213715,24.847527],[-112.115623,24.689301],[-112.143234,24.649882],[-112.103485,24.617166]]],[[[-108.831614,25.426418],[-108.803944,25.374579],[-109.013092,25.446926],[-108.831614,25.426418]]],[[[-110.765292,25.593939],[-110.805532,25.644418],[-110.773414,25.712795],[-110.765292,25.593939]]],[[[-111.081194,25.998658],[-111.065344,25.982723],[-111.119262,25.986287],[-111.172856,25.913328],[-111.204991,25.803754],[-111.233355,25.842899],[-111.169255,25.987594],[-111.176027,26.043342],[-111.056369,26.071817],[-111.081194,25.998658]]],[[[-110.044442,27.087],[-109.985245,27.069568],[-109.938034,27.021165],[-110.044442,27.087]]],[[[-110.604176,27.318024],[-110.597483,27.405748],[-110.594042,27.331832],[-110.530659,27.300392],[-110.604176,27.318024]]],[[[-115.19498,28.341358],[-115.15549,28.170704],[-115.179321,28.040345],[-115.228143,28.028323],[-115.280263,28.08747],[-115.358052,28.082579],[-115.239756,28.233606],[-115.248642,28.359315],[-115.214867,28.378279],[-115.19498,28.341358]]],[[[-112.893769,28.677696],[-112.804956,28.636537],[-112.762045,28.581964],[-112.893769,28.677696]]],[[[-112.61315,28.725763],[-112.547957,28.728549],[-112.553939,28.672288],[-112.594673,28.673083],[-112.61315,28.725763]]],[[[-112.274657,28.768388],[-112.359055,28.758236],[-112.572931,28.868502],[-112.485911,28.971625],[-112.500356,29.075629],[-112.464711,29.18183],[-112.264337,29.24689],[-112.268482,29.152726],[-112.195606,29.02133],[-112.276229,28.805451],[-112.253187,28.76905],[-112.274657,28.768388]]],[[[-113.138173,29.064887],[-113.114792,28.984478],[-113.503168,29.298123],[-113.589104,29.409599],[-113.571144,29.53995],[-113.476789,29.532104],[-113.39516,29.459318],[-113.349779,29.384066],[-113.370287,29.310009],[-113.285384,29.280461],[-113.18276,29.289693],[-113.174315,29.129248],[-113.138173,29.064887]]],[[[-114.786122,31.803046],[-114.652699,31.689765],[-114.762563,31.715644],[-114.798207,31.756659],[-114.786122,31.803046]]],[[[-87.331207,18.532416],[-87.318471,18.558417],[-87.373199,18.402493],[-87.331207,18.532416]]],[[[-87.269154,18.738511],[-87.248158,18.676215],[-87.262929,18.628648],[-87.269154,18.738511]]],[[[-91.600331,18.77204],[-91.555735,18.791693],[-91.524403,18.766588],[-91.606028,18.74372],[-91.688873,18.66942],[-91.723215,18.662787],[-91.702748,18.697496],[-91.842681,18.65119],[-91.600331,18.77204]]],[[[-86.749013,20.592231],[-86.889801,20.353664],[-87.002268,20.270087],[-87.019683,20.397447],[-86.936757,20.547187],[-86.82372,20.549994],[-86.749013,20.592231]]],[[[-86.700592,21.19892],[-86.739573,21.242825],[-86.741567,21.287665],[-86.700592,21.19892]]],[[[-97.651438,21.787909],[-97.610463,21.74018],[-97.663482,21.778469],[-97.684926,21.862454],[-97.651438,21.787909]]],[[[-97.815297,22.720201],[-97.798411,22.762519],[-97.796132,22.723782],[-97.84317,22.684882],[-97.815297,22.720201]]],[[[-118.251478,29.089444],[-118.225804,28.915052],[-118.28202,28.879102],[-118.365383,29.131653],[-118.273755,29.189563],[-118.286176,29.13644],[-118.251478,29.089444]]],[[[-113.24474,26.724595],[-113.180247,26.722968],[-113.138051,26.665107],[-113.246409,26.701483],[-113.24474,26.724595]]],[[[-89.664188,22.371069],[-89.697972,22.417544],[-89.655165,22.472001],[-89.714017,22.541046],[-89.761918,22.529096],[-89.745707,22.577249],[-89.658248,22.54067],[-89.610152,22.461081],[-89.634276,22.378891],[-89.664188,22.371069]]],[[[-110.586163,24.832117],[-110.569228,24.843842],[-110.564649,24.826362],[-110.586163,24.832117]]],[[[-115.752797,24.954779],[-115.752309,24.953274],[-115.753774,24.953518],[-115.752797,24.954779]]],[[[-110.714791,25.305926],[-110.690685,25.312738],[-110.713438,25.264268],[-110.733939,25.27778],[-110.714791,25.305926]]],[[[-112.106306,25.484113],[-112.117476,25.283858],[-112.138051,25.297347],[-112.106306,25.484113]]],[[[-111.059148,25.700978],[-111.037154,25.713811],[-111.022108,25.659441],[-111.059148,25.700978]]],[[[-111.258235,25.812789],[-111.24306,25.76678],[-111.258494,25.781399],[-111.258235,25.812789]]],[[[-111.286624,26.125846],[-111.268558,26.136262],[-111.286204,26.103132],[-111.286624,26.125846]]],[[[-112.097003,27.224523],[-112.09009,27.259978],[-112.045253,27.216644],[-112.066279,27.178965],[-112.097003,27.224523]]],[[[-111.892268,27.429019],[-111.901083,27.449228],[-111.856394,27.43787],[-111.892268,27.429019]]],[[[-115.204156,27.892496],[-115.162365,27.868343],[-115.172995,27.848571],[-115.204156,27.892496]]],[[[-111.388508,27.968802],[-111.38744,27.988079],[-111.365587,27.9534],[-111.388508,27.968802]]],[[[-115.593807,28.317167],[-115.567777,28.313724],[-115.592321,28.297501],[-115.593807,28.317167]]],[[[-113.51884,29.095563],[-113.496751,29.048354],[-113.514318,29.053284],[-113.51884,29.095563]]],[[[-114.418542,29.986776],[-114.400065,29.969304],[-114.422017,29.966236],[-114.418542,29.986776]]],[[[-116.114411,30.496223],[-116.104175,30.482589],[-116.122767,30.485167],[-116.114411,30.496223]]],[[[-117.253693,32.420802],[-117.245032,32.414627],[-117.239321,32.389118],[-117.253693,32.420802]]]]}},{"type":"Feature","properties":{"iso3":"BLZ","name":"Belize","continent":"Americas"},"geometry":{"type":"MultiPolygon","coordinates":[[[[-89.19314,16.392626],[-89.149205,17.036271],[-89.161375,17.901441],[-89.153933,17.941077],[-89.132565,17.970274],[-89.049444,17.999213],[-89.028024,17.992081],[-88.979758,17.949448],[-88.947021,17.948466],[-88.933301,17.920354],[-88.880332,17.88847],[-88.871367,17.89095],[-88.856406,17.928312],[-88.80535,17.965003],[-88.776876,18.023759],[-88.726647,18.066728],[-88.717707,18.110033],[-88.69285,18.150004],[-88.692954,18.175171],[-88.668149,18.198244],[-88.62704,18.22031],[-88.616989,18.235426],[-88.607713,18.283381],[-88.554797,18.352214],[-88.527822,18.454146],[-88.489245,18.484506],[-88.459635,18.475721],[-88.413229,18.490759],[-88.390776,18.475695],[-88.303822,18.48135],[-88.28661,18.462795],[-88.306264,18.4383],[-88.383697,18.384955],[-88.390981,18.370592],[-88.379547,18.354926],[-88.365387,18.354071],[-88.317494,18.374823],[-88.357981,18.303697],[-88.275746,18.358222],[-88.236806,18.35814],[-88.194651,18.340644],[-88.09675,18.375434],[-88.091542,18.371731],[-88.099029,18.348375],[-88.141713,18.324449],[-88.146474,18.309272],[-88.130523,18.310452],[-88.114858,18.327826],[-88.09496,18.333808],[-88.083567,18.21011],[-88.094797,18.102769],[-88.149648,17.97134],[-88.166737,17.96015],[-88.208323,17.881985],[-88.20226,17.856147],[-88.214345,17.773098],[-88.238759,17.690375],[-88.283193,17.625637],[-88.287709,17.604234],[-88.283315,17.580268],[-88.235585,17.550727],[-88.218577,17.527289],[-88.176666,17.52025],[-88.167307,17.51203],[-88.179351,17.492621],[-88.230784,17.496527],[-88.24234,17.487494],[-88.286285,17.339667],[-88.300526,17.177924],[-88.279408,17.091457],[-88.248606,17.079413],[-88.228179,17.044867],[-88.215077,16.967108],[-88.217437,16.955471],[-88.24234,16.949652],[-88.266957,16.92475],[-88.283315,16.891343],[-88.248606,16.813137],[-88.265492,16.81387],[-88.282379,16.803412],[-88.301625,16.771715],[-88.296986,16.723782],[-88.306223,16.652899],[-88.331166,16.620673],[-88.348053,16.567328],[-88.344838,16.524563],[-88.362864,16.505845],[-88.365875,16.52143],[-88.334543,16.635077],[-88.311269,16.662299],[-88.337636,16.649237],[-88.364654,16.583686],[-88.386383,16.559272],[-88.365875,16.551825],[-88.393178,16.551825],[-88.38329,16.537787],[-88.372792,16.538153],[-88.39094,16.515041],[-88.386383,16.490383],[-88.405181,16.476793],[-88.425649,16.437242],[-88.444447,16.4289],[-88.448232,16.399644],[-88.453521,16.391425],[-88.468495,16.390692],[-88.488596,16.351264],[-88.526682,16.308824],[-88.535959,16.274115],[-88.57136,16.263821],[-88.578196,16.243964],[-88.578196,16.285549],[-88.585032,16.285549],[-88.591908,16.263821],[-88.605946,16.260647],[-88.629872,16.287502],[-88.646637,16.286607],[-88.65392,16.257636],[-88.694895,16.2508],[-88.740061,16.23017],[-88.745717,16.154853],[-88.769276,16.130357],[-88.791819,16.124661],[-88.807037,16.093207],[-88.847483,16.065172],[-88.856272,16.028266],[-88.899648,16.01081],[-88.927642,15.983873],[-88.931142,15.959052],[-88.910268,15.917385],[-88.913971,15.893948],[-88.951878,15.879652],[-89.040323,15.901718],[-89.177446,15.900271],[-89.225996,15.884044],[-89.236512,15.893915],[-89.19314,16.392626]]],[[[-87.838287,17.388495],[-87.825795,17.399156],[-87.814198,17.381293],[-87.797353,17.333238],[-87.803578,17.292304],[-87.81607,17.304267],[-87.824615,17.292304],[-87.827219,17.378119],[-87.838287,17.388495]]],[[[-87.827748,17.545559],[-87.801503,17.541815],[-87.789215,17.531968],[-87.78718,17.496894],[-87.831288,17.423733],[-87.845774,17.414618],[-87.865631,17.429511],[-87.900054,17.391791],[-87.926503,17.278632],[-87.940745,17.292304],[-87.909535,17.426256],[-87.858795,17.470404],[-87.821278,17.463609],[-87.803944,17.491929],[-87.802073,17.512926],[-87.810414,17.525621],[-87.838287,17.51203],[-87.827748,17.545559]]],[[[-88.07726,17.641791],[-88.063547,17.630561],[-88.053619,17.606269],[-88.043813,17.552965],[-88.055653,17.562649],[-88.07726,17.641791]]],[[[-88.160471,17.682766],[-88.071116,17.73428],[-88.080312,17.701809],[-88.103668,17.68183],[-88.167307,17.669094],[-88.160471,17.682766]]],[[[-87.913442,18.025946],[-87.907216,18.025946],[-87.91511,17.982733],[-87.93456,17.942939],[-87.96581,17.913764],[-88.009023,17.902493],[-88.009023,17.909247],[-87.958892,17.934272],[-87.945912,17.951809],[-87.940745,17.977525],[-87.956532,17.976752],[-87.952301,18.007758],[-87.933909,18.070299],[-87.922353,18.082953],[-87.904856,18.153225],[-87.895009,18.162095],[-87.879303,18.155707],[-87.857289,18.169664],[-87.84732,18.155992],[-87.848988,18.133775],[-87.869618,18.110826],[-87.89977,18.039008],[-87.913442,18.046454],[-87.919667,18.02851],[-87.933909,18.01911],[-87.926503,17.997992],[-87.913442,18.025946]]],[[[-88.095611,17.517401],[-88.067698,17.490546],[-88.077056,17.461086],[-88.083974,17.461819],[-88.087148,17.490912],[-88.105133,17.498114],[-88.117177,17.518785],[-88.095611,17.517401]]],[[[-87.969065,18.090888],[-87.963287,18.093207],[-87.962514,18.079983],[-87.981435,18.071275],[-87.984364,18.077582],[-87.969065,18.090888]]],[[[-87.939524,18.118638],[-87.936391,18.103909],[-87.95051,18.087592],[-87.95523,18.100816],[-87.939524,18.118638]]],[[[-87.878407,18.208238],[-87.874745,18.197333],[-87.887807,18.175605],[-87.893544,18.180365],[-87.890777,18.197455],[-87.878407,18.208238]]]]}},{"type":"Feature","properties":{"iso3":"PAN","name":"Panama","continent":"Americas"},"geometry":{"type":"MultiPolygon","coordinates":[[[[-82.573598,9.576199],[-82.465647,9.493964],[-82.406606,9.435248],[-82.368967,9.414944],[-82.342763,9.432522],[-82.349599,9.402045],[-82.379465,9.343817],[-82.376291,9.330064],[-82.348134,9.305569],[-82.348948,9.294745],[-82.362457,9.284125],[-82.387603,9.286078],[-82.394928,9.267076],[-82.364491,9.242865],[-82.350575,9.207261],[-82.307973,9.185492],[-82.300445,9.197089],[-82.28246,9.202094],[-82.294301,9.220282],[-82.280995,9.21662],[-82.266428,9.185492],[-82.255483,9.182603],[-82.244456,9.197577],[-82.245961,9.213446],[-82.239084,9.213446],[-82.231068,9.193752],[-82.219228,9.196357],[-82.212514,9.220038],[-82.204945,9.213446],[-82.19811,9.220282],[-82.184438,9.192939],[-82.170806,9.199774],[-82.177642,9.145168],[-82.22411,9.169664],[-82.249623,9.17182],[-82.260732,9.164049],[-82.263783,9.146552],[-82.253407,9.110419],[-82.273834,9.116604],[-82.268463,9.102362],[-82.239084,9.079332],[-82.245961,9.014146],[-82.260162,9.020982],[-82.243031,9.004462],[-82.218821,8.993354],[-82.194692,8.990953],[-82.177642,9.000556],[-82.141754,8.988959],[-82.129018,8.981391],[-82.097808,8.930609],[-81.997711,8.947455],[-81.958567,8.931627],[-81.929433,8.943834],[-81.920766,8.955146],[-81.923736,8.966376],[-81.912465,8.971096],[-81.889638,8.966376],[-81.86734,8.949286],[-81.852284,8.958319],[-81.793446,8.931627],[-81.775543,8.940253],[-81.774241,8.997463],[-81.841868,9.035305],[-81.877065,9.087307],[-81.93342,9.129218],[-81.937408,9.138332],[-81.872874,9.129543],[-81.862375,9.14175],[-81.910308,9.168118],[-81.90331,9.179267],[-81.882802,9.179511],[-81.814565,9.116604],[-81.824208,9.105455],[-81.841868,9.110419],[-81.820881,9.070647],[-81.761971,9.06375],[-81.736887,9.036933],[-81.721172,9.032022],[-81.706451,8.999172],[-81.687489,8.984198],[-81.627553,8.899115],[-81.539052,8.812934],[-81.503292,8.80096],[-81.473474,8.806594],[-81.421506,8.796427],[-81.381547,8.80012],[-81.357981,8.785102],[-81.304463,8.781882],[-81.070709,8.80683],[-81.053578,8.822414],[-80.881717,8.885698],[-80.822418,8.890692],[-80.726826,8.997222],[-80.579337,9.080687],[-80.408316,9.142262],[-80.292592,9.151353],[-80.234934,9.179267],[-80.129709,9.206204],[-80.100819,9.222317],[-80.000823,9.320516],[-79.978944,9.363353],[-79.953731,9.373434],[-79.943756,9.363593],[-79.943756,9.315863],[-79.929433,9.304145],[-79.909047,9.308417],[-79.894683,9.356431],[-79.874867,9.343166],[-79.881703,9.377265],[-79.874867,9.37108],[-79.868031,9.377265],[-79.880402,9.39464],[-79.871212,9.404205],[-79.818623,9.391032],[-79.792958,9.349351],[-79.802724,9.40058],[-79.792958,9.418199],[-79.731516,9.45303],[-79.714655,9.479845],[-79.69063,9.495799],[-79.677375,9.545608],[-79.651662,9.559694],[-79.656485,9.564963],[-79.676503,9.558417],[-79.682158,9.564527],[-79.630335,9.608474],[-79.596243,9.611521],[-79.550969,9.629292],[-79.532867,9.624335],[-79.52245,9.595282],[-79.532867,9.583319],[-79.519195,9.569078],[-79.504994,9.583319],[-79.463979,9.569078],[-79.456532,9.596381],[-79.444569,9.583808],[-79.42984,9.589545],[-79.336046,9.574359],[-79.239709,9.545515],[-79.193757,9.539602],[-79.156274,9.554955],[-79.116037,9.55189],[-78.970583,9.573313],[-78.957311,9.565284],[-78.957363,9.554033],[-78.974512,9.544735],[-79.054873,9.531959],[-79.065859,9.51372],[-79.05806,9.457931],[-79.01389,9.451183],[-78.95259,9.454663],[-78.924619,9.444231],[-78.90331,9.422919],[-78.864878,9.422398],[-78.852544,9.423754],[-78.847236,9.433084],[-78.817845,9.43108],[-78.728223,9.454984],[-78.701657,9.43426],[-78.633265,9.428733],[-78.620028,9.418825],[-78.6039,9.416394],[-78.561318,9.43804],[-78.51282,9.415992],[-78.47989,9.416003],[-78.46345,9.404608],[-78.452607,9.408833],[-78.378322,9.36575],[-78.338339,9.356007],[-78.208025,9.290336],[-78.176654,9.290059],[-78.141905,9.27771],[-78.114003,9.253811],[-78.036901,9.236392],[-77.999257,9.190823],[-77.968658,9.180609],[-77.890152,9.077213],[-77.855744,9.054291],[-77.877661,9.118888],[-77.860097,9.110419],[-77.839194,9.076502],[-77.811865,9.05804],[-77.808172,9.035333],[-77.770741,9.003974],[-77.747548,8.972561],[-77.744416,8.963576],[-77.754206,8.945659],[-77.720772,8.89229],[-77.710321,8.881282],[-77.701056,8.88926],[-77.69552,8.873319],[-77.633453,8.81745],[-77.614329,8.808743],[-77.631744,8.829901],[-77.629058,8.844468],[-77.574073,8.792754],[-77.577874,8.77503],[-77.559342,8.759708],[-77.553623,8.776756],[-77.543688,8.774885],[-77.535099,8.757745],[-77.54475,8.714604],[-77.476959,8.669908],[-77.413197,8.666693],[-77.394602,8.678412],[-77.373525,8.66474],[-77.374936,8.650946],[-77.385375,8.643634],[-77.434003,8.62826],[-77.429093,8.592629],[-77.441134,8.567669],[-77.480356,8.526199],[-77.488728,8.473644],[-77.479685,8.467856],[-77.449609,8.470647],[-77.422324,8.45641],[-77.391266,8.393546],[-77.374368,8.289314],[-77.363206,8.27208],[-77.324345,8.261202],[-77.316904,8.250841],[-77.231069,8.098732],[-77.2012,7.981995],[-77.16327,7.939258],[-77.236134,7.929233],[-77.300419,7.902103],[-77.321606,7.881019],[-77.347186,7.823813],[-77.379897,7.77441],[-77.339745,7.707231],[-77.369097,7.680773],[-77.509347,7.594111],[-77.579989,7.528379],[-77.602675,7.526053],[-77.61332,7.537474],[-77.625464,7.587445],[-77.660759,7.638036],[-77.671869,7.641964],[-77.670629,7.657312],[-77.679931,7.670954],[-77.740237,7.718858],[-77.764215,7.705732],[-77.77052,7.66899],[-77.765817,7.626461],[-77.731245,7.530343],[-77.75512,7.486107],[-77.796306,7.471276],[-77.820181,7.476547],[-77.895839,7.235098],[-77.918813,7.241645],[-78.014394,7.34101],[-78.014394,7.393541],[-78.035878,7.393012],[-78.043446,7.422309],[-78.065541,7.417792],[-78.117421,7.465562],[-78.127919,7.489163],[-78.144154,7.49787],[-78.155588,7.527655],[-78.161773,7.527655],[-78.166086,7.512641],[-78.174224,7.575426],[-78.184804,7.579413],[-78.194447,7.571438],[-78.196523,7.553697],[-78.200307,7.606431],[-78.237701,7.649888],[-78.271637,7.66356],[-78.27359,7.682807],[-78.292144,7.691474],[-78.278147,7.737372],[-78.315338,7.799872],[-78.329416,7.843248],[-78.394521,7.917426],[-78.415639,7.980129],[-78.415639,8.013617],[-78.436147,8.058295],[-78.419057,8.095404],[-78.407297,8.1022],[-78.395741,8.069892],[-78.381337,8.063625],[-78.353586,8.07567],[-78.325185,8.06094],[-78.286448,8.080715],[-78.252187,8.117499],[-78.237457,8.153957],[-78.239369,8.174384],[-78.305776,8.253852],[-78.278635,8.250963],[-78.257395,8.259996],[-78.271637,8.281155],[-78.257395,8.294827],[-78.230702,8.274359],[-78.199696,8.274359],[-78.185862,8.295111],[-78.182932,8.335761],[-78.157541,8.365546],[-78.155588,8.39411],[-78.132476,8.405341],[-78.120839,8.356269],[-78.051015,8.322496],[-78.024892,8.259711],[-78.002553,8.237006],[-77.961293,8.238023],[-77.953521,8.223782],[-77.929067,8.212877],[-77.915395,8.212877],[-77.915395,8.219062],[-77.944732,8.230536],[-77.962554,8.253852],[-77.885976,8.234687],[-77.845082,8.202582],[-77.829254,8.162787],[-77.797271,8.157701],[-77.778147,8.11579],[-77.746409,8.11636],[-77.737213,8.130316],[-77.765126,8.130072],[-77.801869,8.174384],[-77.819203,8.171291],[-77.880686,8.243313],[-77.984283,8.267524],[-78.023183,8.290473],[-78.067047,8.402737],[-78.05191,8.41767],[-78.094146,8.459296],[-78.098541,8.475775],[-78.088124,8.512763],[-78.114003,8.527574],[-78.123118,8.556057],[-78.134429,8.561713],[-78.124501,8.517646],[-78.106191,8.508043],[-78.106516,8.472113],[-78.089589,8.420396],[-78.094146,8.410875],[-78.131418,8.458075],[-78.15685,8.466213],[-78.179433,8.442084],[-78.188873,8.405748],[-78.24059,8.383531],[-78.252838,8.394721],[-78.245351,8.41767],[-78.21642,8.431952],[-78.202748,8.424506],[-78.206695,8.487738],[-78.223256,8.541815],[-78.230702,8.541815],[-78.237701,8.527533],[-78.21642,8.50023],[-78.230458,8.456448],[-78.223256,8.438178],[-78.237457,8.431952],[-78.257395,8.45185],[-78.26065,8.460639],[-78.240387,8.485297],[-78.241567,8.494778],[-78.257395,8.50023],[-78.25475,8.481879],[-78.278472,8.445624],[-78.294545,8.443264],[-78.312611,8.486558],[-78.334828,8.446194],[-78.367258,8.424506],[-78.394521,8.520697],[-78.388336,8.534369],[-78.401967,8.527574],[-78.401967,8.548041],[-78.408193,8.548041],[-78.412017,8.523505],[-78.384104,8.425971],[-78.365346,8.410631],[-78.360992,8.39411],[-78.388336,8.335761],[-78.415639,8.356269],[-78.449778,8.391018],[-78.44518,8.421088],[-78.456654,8.45185],[-78.470855,8.424506],[-78.486399,8.447821],[-78.491363,8.473375],[-78.483957,8.507066],[-78.531728,8.575995],[-78.49592,8.570746],[-78.483957,8.575995],[-78.505849,8.599066],[-78.504384,8.634019],[-78.566477,8.651068],[-78.55899,8.670966],[-78.603749,8.66474],[-78.618886,8.681464],[-78.627919,8.705715],[-78.613678,8.717231],[-78.608388,8.735338],[-78.614247,8.774604],[-78.621693,8.774604],[-78.61974,8.723538],[-78.634755,8.726223],[-78.651519,8.707953],[-78.6822,8.747748],[-78.709869,8.747301],[-78.7294,8.759345],[-78.749379,8.801825],[-78.765126,8.815579],[-78.757639,8.82925],[-78.77245,8.833564],[-78.799875,8.863349],[-78.790151,8.833564],[-78.796457,8.823472],[-78.82787,8.813137],[-78.838002,8.816962],[-78.857574,8.839789],[-78.873891,8.891181],[-79.005279,8.95954],[-79.057607,8.971015],[-79.082997,8.988837],[-79.08849,9.004096],[-79.079823,9.024726],[-79.080881,9.062812],[-79.088857,9.073798],[-79.107737,9.075629],[-79.107737,9.083075],[-79.069895,9.093329],[-79.05248,9.12401],[-79.027699,9.111029],[-78.977366,9.145168],[-79.005279,9.138332],[-79.02892,9.116604],[-79.042633,9.13109],[-79.05248,9.130845],[-79.087799,9.092027],[-79.119049,9.083197],[-79.114573,9.068793],[-79.089996,9.056383],[-79.087229,9.035305],[-79.116078,8.994127],[-79.162343,9.007392],[-79.173492,9.022528],[-79.176015,9.010728],[-79.192983,9.005194],[-79.273346,9.019273],[-79.305735,9.014146],[-79.305735,9.020982],[-79.330312,9.013414],[-79.38683,9.018866],[-79.409332,9.007392],[-79.42748,9.013373],[-79.482004,8.998358],[-79.519195,8.966376],[-79.522206,8.942288],[-79.532867,8.939114],[-79.51183,8.898139],[-79.541127,8.923285],[-79.56017,8.95954],[-79.566396,8.95954],[-79.56017,8.945299],[-79.566396,8.939114],[-79.559193,8.914293],[-79.563873,8.892768],[-79.578481,8.88227],[-79.601186,8.890692],[-79.64684,8.882636],[-79.661204,8.87523],[-79.655751,8.857123],[-79.703603,8.870185],[-79.696767,8.849677],[-79.713938,8.852607],[-79.730214,8.844306],[-79.752024,8.815579],[-79.752024,8.736762],[-79.739329,8.716498],[-79.746816,8.697943],[-79.761952,8.674709],[-79.826311,8.63852],[-79.813691,8.62606],[-79.779608,8.61841],[-79.702094,8.657321],[-79.696897,8.648888],[-79.774396,8.57955],[-79.864118,8.552358],[-79.871734,8.524156],[-79.926747,8.493394],[-79.970204,8.444078],[-80.080881,8.371772],[-80.224965,8.301052],[-80.272735,8.294827],[-80.300038,8.301052],[-80.334218,8.287991],[-80.374664,8.303371],[-80.380727,8.31037],[-80.375762,8.315253],[-80.385772,8.311347],[-80.388783,8.294827],[-80.470245,8.220649],[-80.478179,8.202338],[-80.474843,8.106472],[-80.484405,8.082546],[-80.46817,8.074856],[-80.447174,8.027289],[-80.348866,7.989285],[-80.300038,7.883328],[-80.143788,7.752753],[-80.052398,7.637112],[-79.99352,7.522773],[-79.994659,7.503445],[-80.017852,7.456814],[-80.064971,7.450995],[-80.135528,7.424628],[-80.198516,7.424709],[-80.210683,7.417792],[-80.259063,7.438259],[-80.306874,7.424628],[-80.306874,7.417792],[-80.265899,7.430813],[-80.259063,7.424628],[-80.330963,7.40119],[-80.357574,7.382025],[-80.36148,7.35574],[-80.34439,7.327419],[-80.347564,7.318264],[-80.387115,7.308051],[-80.398834,7.286648],[-80.424184,7.273749],[-80.437245,7.246487],[-80.474477,7.253323],[-80.713124,7.216457],[-80.82079,7.219143],[-80.831085,7.211371],[-80.848134,7.219143],[-80.861806,7.205715],[-80.894439,7.243435],[-80.929718,7.256496],[-80.916005,7.278144],[-80.916371,7.307929],[-80.895985,7.328396],[-80.891591,7.360175],[-80.89566,7.376614],[-80.921173,7.392035],[-80.910186,7.441677],[-80.915069,7.454657],[-80.966908,7.509914],[-80.954701,7.516913],[-80.946319,7.555691],[-80.979115,7.589057],[-80.971669,7.602729],[-81.02005,7.650539],[-81.04129,7.661689],[-81.027821,7.686184],[-81.005767,7.685329],[-81.043324,7.711982],[-81.026235,7.746731],[-81.05484,7.750027],[-81.061025,7.754177],[-81.053578,7.760403],[-81.07669,7.764797],[-81.08609,7.77912],[-81.078114,7.801337],[-81.02127,7.822699],[-81.02005,7.835517],[-81.048858,7.822699],[-81.055898,7.849392],[-81.053578,7.9112],[-81.090443,7.857856],[-81.108184,7.877102],[-81.087677,7.842312],[-81.133046,7.842312],[-81.192413,7.863349],[-81.199941,7.893622],[-81.218048,7.897528],[-81.204376,7.883328],[-81.217641,7.878974],[-81.215199,7.870998],[-81.180206,7.846869],[-81.183258,7.823676],[-81.164703,7.789008],[-81.174428,7.763007],[-81.218048,7.726264],[-81.218048,7.754177],[-81.245961,7.754177],[-81.218048,7.719428],[-81.231557,7.714382],[-81.245961,7.719428],[-81.231679,7.69892],[-81.19754,7.711982],[-81.193267,7.700751],[-81.19754,7.630072],[-81.218048,7.608954],[-81.273305,7.63349],[-81.278717,7.646064],[-81.291168,7.650662],[-81.396962,7.673529],[-81.424102,7.671047],[-81.450795,7.705146],[-81.473907,7.699408],[-81.525787,7.711453],[-81.52713,7.726264],[-81.488759,7.749213],[-81.528066,7.760565],[-81.539052,7.757351],[-81.540191,7.739936],[-81.574941,7.760403],[-81.568389,7.776028],[-81.588002,7.80447],[-81.567494,7.855984],[-81.581899,7.862494],[-81.601593,7.855984],[-81.60912,7.870266],[-81.599884,7.885037],[-81.622711,7.890082],[-81.612945,7.931423],[-81.595448,7.924872],[-81.615875,7.952175],[-81.60912,7.986355],[-81.627105,7.982815],[-81.622589,7.947943],[-81.63329,7.945868],[-81.691029,8.054633],[-81.697865,8.021064],[-81.708363,8.031317],[-81.710357,8.059841],[-81.725738,8.068264],[-81.725738,8.07571],[-81.709462,8.06863],[-81.691029,8.07571],[-81.677358,8.068264],[-81.743438,8.173163],[-81.746246,8.191799],[-81.752471,8.191799],[-81.76065,8.169582],[-81.746246,8.15766],[-81.780385,8.123481],[-81.885365,8.173285],[-81.951812,8.191433],[-81.931182,8.233344],[-81.956695,8.221015],[-81.978383,8.192532],[-82.013173,8.219062],[-82.027862,8.208279],[-82.060292,8.210273],[-82.11559,8.233344],[-82.142405,8.160061],[-82.148915,8.164089],[-82.156524,8.15766],[-82.147206,8.180935],[-82.147572,8.1883],[-82.156524,8.184963],[-82.155385,8.193183],[-82.143463,8.212917],[-82.187896,8.199246],[-82.219228,8.219062],[-82.204945,8.233344],[-82.216542,8.264228],[-82.211781,8.294827],[-82.21878,8.304348],[-82.211781,8.315253],[-82.204945,8.308498],[-82.208648,8.332099],[-82.184438,8.343207],[-82.225453,8.339504],[-82.242462,8.301052],[-82.277089,8.309272],[-82.284413,8.322211],[-82.280059,8.343207],[-82.313954,8.330837],[-82.348907,8.335761],[-82.342763,8.308498],[-82.400136,8.287991],[-82.433258,8.304348],[-82.435333,8.316107],[-82.417226,8.322781],[-82.430287,8.338162],[-82.430898,8.356269],[-82.441029,8.3487],[-82.447011,8.323554],[-82.465606,8.315253],[-82.452016,8.281155],[-82.470855,8.277126],[-82.511708,8.276435],[-82.658925,8.322781],[-82.738026,8.31745],[-82.808705,8.295681],[-82.862457,8.254055],[-82.877187,8.219062],[-82.872833,8.135891],[-82.849233,8.062038],[-82.876943,8.023871],[-82.897629,8.034748],[-82.886409,8.102194],[-82.939093,8.216838],[-82.943666,8.248567],[-82.968006,8.267972],[-82.995524,8.26482],[-83.053246,8.315101],[-83.052109,8.327632],[-82.997772,8.360163],[-82.953511,8.402098],[-82.870415,8.438117],[-82.848297,8.465169],[-82.835973,8.529765],[-82.841864,8.599476],[-82.862224,8.6557],[-82.919223,8.727065],[-82.92297,8.756159],[-82.875789,8.793909],[-82.875634,8.807526],[-82.888321,8.816931],[-82.87858,8.829772],[-82.763781,8.87995],[-82.73386,8.897985],[-82.720157,8.920238],[-82.74913,8.974079],[-82.808171,8.998367],[-82.88243,9.04534],[-82.900232,9.072057],[-82.939377,9.059577],[-82.941703,9.456349],[-82.933305,9.470327],[-82.846385,9.492548],[-82.844783,9.500687],[-82.860209,9.511204],[-82.879252,9.559909],[-82.866048,9.585075],[-82.847471,9.600655],[-82.829022,9.602722],[-82.771093,9.579856],[-82.729364,9.544897],[-82.711691,9.545],[-82.678049,9.497768],[-82.632135,9.484668],[-82.618854,9.486709],[-82.612395,9.499499],[-82.601103,9.548669],[-82.562837,9.538695],[-82.573598,9.576199]]],[[[-81.807729,7.287421],[-81.766713,7.287421],[-81.800893,7.239],[-81.793446,7.225979],[-81.800893,7.225979],[-81.816233,7.271308],[-81.814565,7.294257],[-81.807729,7.287421]]],[[[-81.149159,7.561184],[-81.087717,7.58161],[-81.03307,7.575426],[-81.052846,7.544623],[-81.075022,7.535346],[-81.109853,7.547065],[-81.129262,7.545315],[-81.190745,7.493476],[-81.21581,7.498277],[-81.251943,7.490424],[-81.222727,7.521064],[-81.174387,7.53144],[-81.149159,7.561184]]],[[[-81.664377,7.397284],[-81.652496,7.391018],[-81.62206,7.393866],[-81.588002,7.335191],[-81.649403,7.321519],[-81.684234,7.341376],[-81.746246,7.348863],[-81.841868,7.430813],[-81.872874,7.486029],[-81.882802,7.516791],[-81.848704,7.520209],[-81.824452,7.585354],[-81.760365,7.620185],[-81.752512,7.6164],[-81.759918,7.644273],[-81.752512,7.644273],[-81.752512,7.636868],[-81.73884,7.644273],[-81.705922,7.543118],[-81.671783,7.526353],[-81.670522,7.51024],[-81.708363,7.493476],[-81.718984,7.452541],[-81.694732,7.423977],[-81.684438,7.395006],[-81.664377,7.397284]]],[[[-82.211781,8.199205],[-82.253407,8.202338],[-82.245961,8.171291],[-82.273834,8.191799],[-82.307973,8.199205],[-82.315663,8.214911],[-82.273834,8.233344],[-82.220123,8.212063],[-82.211781,8.199205]]],[[[-82.342763,8.259996],[-82.314809,8.24018],[-82.386464,8.212877],[-82.412506,8.231024],[-82.430898,8.259996],[-82.401926,8.257148],[-82.350006,8.293647],[-82.316518,8.27733],[-82.317209,8.267564],[-82.342763,8.267524],[-82.342763,8.259996]]],[[[-79.094065,8.308498],[-79.083001,8.274186],[-79.065741,8.26076],[-79.103788,8.252959],[-79.09851,8.22988],[-79.108682,8.223925],[-79.10952,8.210469],[-79.122709,8.208982],[-79.140003,8.244396],[-79.136973,8.257438],[-79.130564,8.25669],[-79.129411,8.287243],[-79.112431,8.317409],[-79.094065,8.308498]]],[[[-82.36205,8.086859],[-82.343129,8.123358],[-82.320709,8.130316],[-82.318227,8.099921],[-82.36205,8.086859]]],[[[-79.084393,8.382491],[-79.092844,8.377183],[-79.130098,8.40487],[-79.118238,8.42911],[-79.094838,8.40648],[-79.087943,8.419544],[-79.082438,8.415997],[-79.084393,8.382491]]],[[[-82.123036,9.322659],[-82.085276,9.30268],[-82.074615,9.28852],[-82.093984,9.291246],[-82.114166,9.283271],[-82.130198,9.268256],[-82.138824,9.245307],[-82.154408,9.258368],[-82.150258,9.287258],[-82.163971,9.308417],[-82.150299,9.302191],[-82.159332,9.323147],[-82.211781,9.343166],[-82.211781,9.349351],[-82.200999,9.356187],[-82.174387,9.344062],[-82.156565,9.349351],[-82.123036,9.322659]]],[[[-82.328481,9.412055],[-82.301666,9.432318],[-82.266428,9.439358],[-82.238759,9.398749],[-82.231801,9.373358],[-82.245961,9.356838],[-82.245961,9.330064],[-82.280751,9.374701],[-82.328481,9.412055]]],[[[-78.892244,8.458047],[-78.88993,8.474136],[-78.862782,8.453681],[-78.854683,8.413287],[-78.842229,8.411064],[-78.83551,8.397995],[-78.847959,8.368606],[-78.834476,8.342811],[-78.858022,8.295844],[-78.896399,8.297429],[-78.901325,8.308967],[-78.920476,8.282566],[-78.922775,8.265446],[-78.912987,8.253881],[-78.91114,8.234148],[-78.897574,8.228897],[-78.903985,8.219222],[-78.928454,8.235668],[-78.940043,8.28259],[-78.969898,8.305099],[-78.954777,8.346514],[-78.969908,8.369891],[-78.961218,8.390315],[-78.974712,8.444368],[-78.970922,8.45845],[-78.949104,8.45279],[-78.908777,8.470041],[-78.895416,8.45185],[-78.892244,8.458047]]],[[[-79.570393,8.798576],[-79.556895,8.802517],[-79.541853,8.786757],[-79.543381,8.775545],[-79.569154,8.783117],[-79.570393,8.798576]]],[[[-81.568269,9.108249],[-81.547221,9.102741],[-81.533872,9.08867],[-81.571671,9.089599],[-81.575396,9.107639],[-81.568269,9.108249]]],[[[-82.047238,9.172569],[-82.05241,9.177661],[-82.028867,9.169192],[-82.010477,9.141459],[-82.027113,9.132941],[-82.050084,9.145941],[-82.054691,9.161797],[-82.047238,9.172569]]]]}},{"type":"Feature","properties":{"iso3":"VEN","name":"Venezuela","continent":"Americas"},"geometry":{"type":"MultiPolygon","coordinates":[[[[-60.020985,8.55801],[-59.815595,8.287764],[-59.829289,8.245105],[-59.967679,8.18839],[-60.029587,8.042818],[-60.129219,8.028813],[-60.231125,7.964114],[-60.37476,7.823606],[-60.525758,7.813374],[-60.582086,7.736325],[-60.601257,7.63385],[-60.730578,7.525433],[-60.599862,7.32188],[-60.643555,7.25067],[-60.628413,7.191138],[-60.548005,7.125509],[-60.475322,7.188503],[-60.372021,7.172277],[-60.312825,7.132589],[-60.295798,7.070732],[-60.377344,6.938544],[-60.63955,6.837723],[-60.700347,6.767082],[-60.894573,6.814159],[-60.928369,6.735869],[-61.139312,6.70445],[-61.21197,6.561435],[-61.139752,6.441262],[-61.160913,6.342353],[-61.114792,6.264012],[-61.121562,6.186652],[-61.256101,6.114382],[-61.386274,5.956588],[-61.379608,5.9053],[-60.816903,5.285079],[-60.664303,5.170254],[-60.598674,4.99688],[-60.612626,4.900581],[-60.71815,4.784283],[-60.887958,4.711135],[-60.977281,4.53497],[-61.151198,4.492053],[-61.297262,4.52373],[-61.322945,4.508847],[-61.308243,4.433322],[-61.501874,4.401851],[-61.552156,4.254961],[-61.756355,4.246357],[-61.866891,4.157034],[-62.035046,4.159876],[-62.153592,4.090294],[-62.428097,4.183182],[-62.536979,4.125408],[-62.560957,4.037791],[-62.766216,4.020712],[-62.788798,3.899401],[-62.739912,3.700447],[-62.786318,3.604406],[-62.871997,3.565468],[-62.997054,3.599135],[-63.251199,3.88656],[-63.35171,3.958726],[-63.4254,3.968364],[-63.46886,3.867233],[-63.510666,3.854546],[-63.671587,3.946246],[-63.87514,3.949812],[-64.037663,3.882503],[-64.1467,4.110551],[-64.364981,4.151867],[-64.58967,4.118871],[-64.69987,4.264159],[-64.791622,4.284417],[-64.813042,4.210571],[-64.727104,4.140782],[-64.642897,3.972963],[-64.202976,3.594717],[-64.195638,3.532912],[-64.245609,3.41894],[-64.222923,3.123996],[-64.000869,2.725364],[-64.056628,2.488531],[-63.831319,2.428638],[-63.384834,2.420577],[-63.37052,2.281154],[-63.411758,2.149379],[-63.617533,2.101165],[-63.783208,1.974997],[-63.958339,1.970708],[-64.036629,1.927274],[-64.092957,1.622615],[-64.301523,1.446657],[-64.352941,1.365835],[-64.389579,1.369297],[-64.363819,1.477353],[-64.40901,1.507506],[-64.551197,1.419527],[-64.604217,1.331289],[-64.730876,1.247574],[-64.821439,1.27057],[-65.022486,1.139983],[-65.136769,1.126909],[-65.203044,0.923821],[-65.310272,0.918653],[-65.389027,0.835661],[-65.45122,0.69014],[-65.542661,0.649315],[-65.587336,0.739129],[-65.518503,0.88651],[-65.582943,0.977668],[-65.74544,0.974154],[-65.891761,0.895605],[-65.974082,0.80698],[-66.134382,0.731119],[-66.208745,0.763107],[-66.285071,0.745847],[-66.407079,0.802071],[-66.875061,1.22251],[-66.900899,1.288966],[-66.883536,1.349945],[-66.936504,1.438518],[-66.980894,1.665946],[-67.135148,2.003341],[-67.114633,2.102999],[-67.169255,2.141162],[-67.217262,2.266064],[-67.17375,2.336448],[-67.186101,2.384455],[-67.316636,2.469463],[-67.500294,2.675342],[-67.563701,2.68175],[-67.626591,2.813421],[-67.690411,2.806341],[-67.751028,2.842102],[-67.841255,2.801432],[-67.838619,2.88613],[-67.395804,3.266572],[-67.304647,3.425709],[-67.403917,3.504464],[-67.499829,3.717914],[-67.631759,3.761865],[-67.714079,4.056498],[-67.786219,4.172976],[-67.793092,4.428981],[-67.873398,4.546519],[-67.795211,5.052716],[-67.827561,5.130696],[-67.834589,5.339313],[-67.652481,5.477961],[-67.617031,5.541601],[-67.64907,5.65609],[-67.625144,5.784506],[-67.418593,5.995346],[-67.491199,6.114486],[-67.456299,6.193224],[-67.573984,6.266234],[-67.827199,6.313414],[-67.977991,6.217839],[-68.146508,6.223781],[-68.304172,6.176988],[-68.449021,6.194998],[-68.659344,6.13867],[-69.061129,6.217839],[-69.246104,6.080664],[-69.331396,6.15637],[-69.43108,6.122237],[-69.472628,6.158747],[-70.129203,6.972547],[-70.319062,6.938286],[-70.510704,7.009702],[-70.571476,7.079362],[-70.732965,7.099309],[-70.895539,7.06851],[-71.011268,6.990892],[-71.136041,6.992132],[-71.184048,6.962574],[-71.262028,6.978697],[-71.307762,7.027376],[-71.455763,7.015697],[-71.654304,7.053369],[-71.848194,6.983864],[-71.993818,7.012855],[-72.098256,7.086752],[-72.164143,7.220801],[-72.16404,7.328856],[-72.206208,7.381876],[-72.395812,7.407492],[-72.478698,7.484454],[-72.454462,7.876161],[-72.487793,7.94918],[-72.407074,8.043774],[-72.333849,8.065478],[-72.335761,8.103899],[-72.390538,8.234331],[-72.40325,8.370498],[-72.67543,8.651514],[-72.785604,9.102443],[-72.826687,9.141691],[-72.936396,9.099187],[-72.97319,9.128436],[-73.003575,9.28791],[-73.032669,9.294602],[-73.212245,9.173446],[-73.363645,9.165033],[-73.390839,9.194504],[-73.324383,9.255922],[-73.178448,9.523037],[-73.107652,9.577995],[-72.98554,9.812167],[-72.987711,9.999417],[-72.935621,10.175194],[-72.907561,10.452464],[-72.499317,11.120795],[-72.256593,11.167795],[-71.97108,11.661925],[-71.449458,11.795457],[-71.357629,11.850802],[-71.327507,11.849998],[-71.336049,11.789252],[-71.467112,11.721625],[-71.900706,11.621324],[-71.971303,11.554836],[-71.93932,11.380764],[-71.856923,11.216986],[-71.769765,11.10635],[-71.626454,11.01496],[-71.679311,10.987982],[-71.724273,11.030829],[-71.768666,11.015286],[-71.723704,10.970893],[-71.674062,10.802395],[-71.576283,10.721096],[-71.629547,10.463528],[-71.779042,10.341742],[-71.897694,10.139228],[-71.969065,10.105699],[-72.043691,9.929592],[-72.124379,9.826077],[-71.946848,9.541164],[-71.987864,9.610053],[-72.00829,9.575873],[-71.96052,9.51789],[-72.002024,9.507758],[-71.995229,9.459215],[-71.918935,9.50019],[-71.84439,9.439358],[-71.900746,9.434556],[-71.905263,9.384711],[-71.894765,9.41885],[-71.833567,9.425727],[-71.760854,9.364732],[-71.734527,9.384711],[-71.73998,9.289374],[-71.816518,9.233303],[-71.757924,9.238959],[-71.751536,9.115709],[-71.708567,9.076728],[-71.557688,9.041571],[-71.241038,9.155748],[-71.161855,9.278754],[-71.056508,9.344468],[-71.09024,9.555406],[-71.035064,9.740383],[-71.108469,9.905341],[-71.206939,9.980618],[-71.267812,10.151923],[-71.363881,10.219957],[-71.46935,10.401801],[-71.462758,10.489081],[-71.541575,10.564887],[-71.502838,10.626939],[-71.531361,10.752672],[-71.573069,10.799302],[-71.445912,10.79621],[-71.453359,10.871894],[-71.422027,10.902777],[-71.488596,10.953803],[-71.458323,10.974921],[-71.293935,10.98664],[-70.8697,11.196275],[-70.685618,11.248033],[-70.513905,11.25316],[-70.48644,11.295111],[-70.231067,11.351587],[-70.159006,11.401435],[-70.164403,11.462933],[-70.099374,11.429547],[-70.036529,11.440904],[-70.053909,11.506482],[-70.161598,11.568545],[-69.975625,11.502896],[-69.925899,11.513061],[-69.814076,11.425605],[-69.759999,11.468085],[-69.743642,11.503363],[-69.816029,11.693671],[-70.186513,11.602688],[-70.229888,11.627875],[-70.233144,11.748358],[-70.205922,11.762519],[-70.301991,11.85814],[-70.283559,11.939643],[-70.211293,12.102729],[-70.01773,12.19892],[-69.925364,12.159613],[-69.835317,12.015204],[-69.808583,11.803616],[-69.747141,11.63227],[-69.623606,11.46776],[-69.500071,11.508734],[-69.376698,11.494045],[-69.270416,11.536038],[-69.061879,11.453518],[-68.863189,11.452867],[-68.754384,11.374091],[-68.65567,11.347886],[-68.48351,11.206936],[-68.417592,11.179145],[-68.410756,11.200263],[-68.278432,10.925482],[-68.376617,10.919094],[-68.23884,10.884955],[-68.331939,10.829576],[-68.287099,10.657904],[-68.209584,10.537258],[-68.129547,10.487738],[-67.869211,10.461249],[-67.56017,10.528266],[-67.170033,10.555976],[-67.012359,10.611233],[-66.541575,10.632717],[-66.350453,10.611151],[-66.275868,10.652167],[-66.057973,10.579047],[-66.122222,10.507025],[-65.882069,10.309556],[-65.929921,10.323188],[-65.923004,10.282213],[-65.717641,10.22016],[-65.868479,10.309556],[-65.580434,10.185452],[-65.169545,10.097317],[-65.091461,10.066881],[-65.175689,10.083645],[-65.148915,10.058417],[-65.083974,10.047512],[-64.943593,10.099799],[-64.776601,10.090399],[-64.728627,10.136054],[-64.721832,10.214016],[-64.667633,10.187323],[-64.631418,10.248114],[-64.468373,10.248603],[-64.376698,10.310248],[-64.463368,10.332831],[-64.395334,10.339504],[-64.381256,10.386217],[-64.364613,10.338324],[-64.339182,10.390692],[-64.165598,10.480862],[-63.863637,10.446112],[-63.655019,10.494534],[-63.966664,10.581366],[-64.045481,10.570258],[-64.03185,10.590074],[-64.155507,10.572699],[-64.249135,10.520453],[-64.297678,10.619859],[-64.270741,10.672675],[-64.157216,10.620185],[-64.048899,10.652167],[-63.91511,10.631049],[-63.836822,10.66234],[-63.812123,10.713609],[-63.756947,10.665595],[-63.553334,10.629136],[-63.393463,10.690904],[-63.251291,10.680569],[-63.171295,10.731594],[-62.928212,10.699368],[-62.719635,10.759996],[-62.170766,10.68651],[-61.864817,10.744818],[-61.880483,10.686347],[-61.962473,10.652167],[-62.239858,10.637885],[-62.33495,10.530219],[-62.662343,10.567043],[-62.923329,10.530829],[-63.010813,10.453559],[-62.857004,10.531562],[-62.835764,10.398342],[-62.995188,10.407864],[-63.003977,10.38467],[-62.975982,10.398342],[-62.956166,10.357367],[-62.992787,10.289049],[-62.945912,10.278144],[-62.927154,10.303371],[-62.942494,10.405178],[-62.879791,10.370998],[-62.764475,10.395331],[-62.674957,10.293362],[-62.630727,10.114488],[-62.702463,10.070461],[-62.777455,10.086493],[-62.813873,10.044094],[-62.894358,10.096625],[-63.017649,10.103461],[-62.96231,10.088039],[-62.936025,10.008246],[-62.92219,10.082668],[-62.785715,10.002021],[-62.764312,10.076158],[-62.716705,10.048407],[-62.61852,10.09162],[-62.619537,10.224433],[-62.579945,10.224433],[-62.494944,10.151801],[-62.429433,9.980862],[-62.44164,9.932807],[-62.377594,9.88467],[-62.32429,9.785631],[-62.326975,9.721829],[-62.290761,9.733303],[-62.242991,9.842841],[-62.257232,9.974351],[-62.221995,9.938381],[-62.1787,9.846137],[-62.175893,9.704983],[-62.215688,9.637926],[-62.181874,9.648871],[-62.154286,9.726142],[-62.19518,9.932807],[-62.028676,9.870673],[-62.236806,9.966946],[-62.206532,10.01435],[-62.025383,9.957357],[-61.831451,9.791938],[-61.810374,9.748196],[-61.845774,9.651028],[-61.797353,9.760891],[-61.765492,9.738674],[-61.743316,9.596381],[-61.734731,9.70303],[-61.823822,9.820737],[-61.592519,9.781968],[-61.591176,9.822455],[-61.670966,9.896499],[-61.636735,9.898771],[-61.422265,9.736261],[-61.503098,9.839567],[-61.451954,9.825046],[-61.206044,9.577379],[-61.208323,9.603827],[-61.068023,9.583319],[-60.97704,9.549628],[-60.954254,9.488186],[-60.862294,9.456122],[-60.789052,9.364244],[-60.78539,9.313544],[-61.085439,9.102444],[-61.11205,9.04149],[-60.959137,9.182522],[-61.006581,9.048774],[-61.09968,8.960354],[-61.209462,8.609036],[-61.523061,8.596625],[-61.645172,8.626654],[-61.660756,8.596422],[-61.598744,8.555487],[-61.434234,8.479153],[-61.34911,8.479315],[-61.295277,8.41234],[-61.159047,8.498277],[-61.026601,8.500922],[-61.077992,8.466457],[-61.071889,8.403306],[-61.06192,8.459866],[-60.992421,8.512193],[-60.984771,8.570543],[-60.692454,8.604682],[-60.626088,8.555487],[-60.478912,8.532375],[-60.371897,8.635403],[-60.197825,8.623847],[-60.020985,8.55801]]],[[[-61.016469,8.610093],[-60.992543,8.576728],[-61.050649,8.555487],[-61.043772,8.528632],[-61.270375,8.514553],[-61.22761,8.571601],[-61.126373,8.534369],[-61.098459,8.602688],[-61.016469,8.610093]]],[[[-60.920277,9.028469],[-60.838368,9.000556],[-60.86498,8.94123],[-61.091624,8.822414],[-61.016713,8.880316],[-60.920277,9.028469]]],[[[-61.085439,8.890692],[-61.078521,8.962958],[-60.946889,9.066107],[-60.85204,9.096137],[-60.866567,9.051744],[-60.942983,9.025824],[-61.085439,8.890692]]],[[[-60.873158,9.116604],[-60.961293,9.069403],[-60.936757,9.164618],[-60.872141,9.19477],[-60.845204,9.182359],[-60.873158,9.116604]]],[[[-60.81786,9.206],[-60.757924,9.230414],[-60.728505,9.192939],[-60.797434,9.17182],[-60.845204,9.116604],[-60.81786,9.206]]],[[[-63.976552,10.809231],[-63.903635,10.777289],[-63.909169,10.735541],[-64.004506,10.775702],[-63.976552,10.809231]]],[[[-65.22761,10.953803],[-65.201975,10.918158],[-65.244618,10.884955],[-65.411773,10.92475],[-65.329905,10.977607],[-65.22761,10.953803]]],[[[-63.846832,11.135403],[-63.787668,10.973782],[-63.842926,10.96776],[-63.898061,10.884955],[-64.059722,10.857611],[-64.056874,10.887112],[-64.161122,10.955959],[-64.389027,10.966051],[-64.356068,11.064195],[-64.198313,11.087633],[-64.18163,11.034084],[-64.049062,10.990709],[-63.976552,11.118313],[-63.896108,11.168036],[-63.846832,11.135403]]],[[[-66.608266,11.783108],[-66.587799,11.783108],[-66.641835,11.761461],[-66.704498,11.783108],[-66.650868,11.780178],[-66.615102,11.824042],[-66.608266,11.783108]]],[[[-66.132192,11.824042],[-66.10851,11.825832],[-66.114003,11.779934],[-66.194325,11.817694],[-66.132192,11.824042]]],[[[-64.607167,11.899115],[-64.562856,11.868109],[-64.562856,11.816596],[-64.648793,11.830268],[-64.607167,11.899115]]],[[[-66.749989,11.777574],[-66.728505,11.783596],[-66.851064,11.747016],[-66.749989,11.777574]]],[[[-66.733388,11.86994],[-66.711781,11.867906],[-66.81786,11.87108],[-66.733388,11.86994]]],[[[-67.65803,11.984931],[-67.637603,11.980048],[-67.671986,11.993109],[-67.65803,11.984931]]],[[[-67.680409,12.025051],[-67.681549,12.025784],[-67.679067,12.028144],[-67.680409,12.025051]]],[[[-67.677602,12.027818],[-67.677235,12.030015],[-67.676381,12.027818],[-67.677602,12.027818]]],[[[-67.677235,12.050238],[-67.674672,12.048407],[-67.676096,12.04442],[-67.677235,12.050238]]],[[[-67.681386,12.063707],[-67.68102,12.061835],[-67.684438,12.063463],[-67.681386,12.063707]]],[[[-67.687327,12.065579],[-67.688832,12.068996],[-67.687082,12.067532],[-67.687327,12.065579]]],[[[-63.639882,15.696031],[-63.639638,15.702948],[-63.633941,15.696194],[-63.639882,15.696031]]],[[[-61.390271,8.580581],[-61.314603,8.571314],[-61.259426,8.472074],[-61.276443,8.450202],[-61.325707,8.494809],[-61.540116,8.565411],[-61.390271,8.580581]]],[[[-60.745024,8.719359],[-60.68372,8.757892],[-60.687225,8.709995],[-60.611611,8.683771],[-60.608289,8.654354],[-60.809814,8.642141],[-60.745024,8.719359]]],[[[-60.951361,8.827825],[-60.732365,8.89215],[-60.686043,8.789015],[-60.769735,8.741511],[-60.846576,8.637715],[-61.054207,8.638843],[-61.1768,8.603848],[-61.167108,8.699385],[-61.12644,8.756478],[-60.951361,8.827825]]],[[[-62.331125,9.920559],[-62.325754,9.844184],[-62.349355,9.872301],[-62.331125,9.920559]]],[[[-62.40331,10.006293],[-62.396067,9.978095],[-62.420522,9.982652],[-62.435658,10.033189],[-62.40331,10.006293]]],[[[-62.240834,10.0515],[-62.245188,10.003607],[-62.298004,9.98371],[-62.240834,10.0515]]],[[[-62.665151,10.36636],[-62.65982,10.310004],[-62.787587,10.430121],[-62.781117,10.492906],[-62.665151,10.36636]]],[[[-64.168609,10.827948],[-64.174794,10.799221],[-64.220937,10.806464],[-64.168609,10.827948]]]]}},{"type":"Feature","properties":{"iso3":"GRL","name":"Greenland","continent":"Americas"},"geometry":{"type":"MultiPolygon","coordinates":[[[[-40.875803,65.096503],[-41.127553,65.104193],[-40.992421,64.990302],[-41.130116,64.981391],[-41.112213,64.930569],[-40.629058,64.692084],[-40.617991,64.484036],[-40.369293,64.373969],[-41.568471,64.28148],[-40.95934,64.08275],[-40.886342,64.166693],[-40.591624,64.12051],[-40.60204,63.979234],[-40.841664,63.952582],[-40.621693,63.924628],[-40.561106,63.835883],[-40.614125,63.807563],[-40.519643,63.740546],[-40.562489,63.684882],[-40.997914,63.702948],[-41.47289,63.863186],[-41.596425,63.801703],[-41.567738,63.755032],[-40.908518,63.660834],[-40.742787,63.538398],[-41.01415,63.565416],[-41.106272,63.525336],[-40.999338,63.466539],[-41.073638,63.447496],[-41.265859,63.564683],[-41.036285,63.425238],[-41.115956,63.390204],[-41.431874,63.567776],[-41.240102,63.403876],[-41.489613,63.530829],[-41.564849,63.493476],[-41.115956,63.315131],[-41.715932,63.552965],[-41.884429,63.47956],[-41.86205,63.409573],[-41.488515,63.237779],[-41.439687,63.142524],[-41.525054,63.097235],[-42.020904,63.253079],[-41.549469,63.052924],[-41.974843,63.074286],[-42.143951,63.205878],[-42.179677,63.116767],[-41.644521,62.997056],[-41.610097,62.951402],[-41.794667,62.881659],[-41.749664,62.849758],[-42.319447,62.816962],[-42.30016,62.931952],[-42.370432,62.929389],[-42.572825,62.879706],[-42.456125,62.841539],[-42.471018,62.78441],[-42.579661,62.825873],[-42.499379,62.726955],[-42.602651,62.766547],[-42.562164,62.71247],[-42.628407,62.684475],[-42.69579,62.778876],[-42.738189,62.692572],[-43.105702,62.760484],[-43.131256,62.711127],[-42.383697,62.571519],[-42.366444,62.467841],[-42.521596,62.53441],[-42.480295,62.47842],[-42.534169,62.482856],[-42.164377,62.390326],[-42.733062,62.503974],[-42.979888,62.47842],[-42.590484,62.334459],[-42.261138,62.314602],[-42.345611,62.096381],[-42.548492,61.951483],[-42.148101,62.023749],[-42.208608,61.920233],[-42.387115,61.92414],[-42.226389,61.88939],[-42.317291,61.768459],[-42.840688,61.79678],[-42.620107,61.710883],[-42.253733,61.711249],[-42.380849,61.687445],[-42.333079,61.648424],[-42.466664,61.615668],[-42.429433,61.569037],[-43.049428,61.602729],[-42.527455,61.533759],[-42.511057,61.436428],[-42.438832,61.444525],[-42.529042,61.356391],[-43.209462,61.35163],[-42.775054,61.279853],[-42.905385,61.245754],[-42.665191,61.259426],[-42.575836,61.197333],[-43.179189,61.218451],[-42.630483,61.108588],[-43.572011,61.14525],[-42.733632,61.069485],[-42.697743,60.982611],[-42.790924,60.970893],[-42.726674,60.930406],[-43.481842,60.941555],[-42.834096,60.823188],[-42.92162,60.79267],[-43.503774,60.848212],[-42.806508,60.745063],[-42.932729,60.650784],[-43.27538,60.676581],[-43.199615,60.656684],[-42.905385,60.621324],[-42.747182,60.690172],[-42.888173,60.601752],[-43.144399,60.608303],[-42.865834,60.579495],[-43.144399,60.54682],[-43.028391,60.525784],[-43.075063,60.502631],[-43.301096,60.557522],[-43.164418,60.495673],[-43.227447,60.470893],[-43.568837,60.56037],[-43.689198,60.7237],[-43.626617,60.570014],[-43.676503,60.554999],[-44.200185,60.601467],[-43.795522,60.477973],[-43.33731,60.45893],[-43.592681,60.321763],[-43.175282,60.400092],[-43.324534,60.380439],[-43.103424,60.313463],[-43.153432,60.280707],[-43.089752,60.258857],[-43.304107,60.229397],[-43.11026,60.183743],[-43.213287,60.135321],[-43.093373,60.110582],[-43.138173,60.080756],[-43.642649,60.191352],[-44.141835,60.183743],[-43.99474,60.306627],[-44.066762,60.371812],[-44.123891,60.276109],[-44.248931,60.335435],[-44.224192,60.232164],[-44.457753,60.145575],[-44.590199,59.989081],[-44.665517,60.088853],[-44.778147,60.003079],[-44.844472,60.149604],[-44.909657,60.08397],[-44.845448,60.041164],[-45.129221,60.070705],[-44.755116,60.20425],[-44.808949,60.214016],[-44.722401,60.328437],[-44.472646,60.537177],[-44.896311,60.21426],[-45.173818,60.133612],[-45.143056,60.251207],[-44.951527,60.319892],[-44.844472,60.471137],[-44.940338,60.464911],[-44.772369,60.656236],[-44.624745,60.731147],[-45.214223,60.438951],[-45.282704,60.464911],[-45.082997,60.643988],[-45.495595,60.492255],[-45.113881,60.717922],[-45.374379,60.708564],[-45.593088,60.474677],[-45.690745,60.565823],[-45.624664,60.649237],[-45.881093,60.518378],[-45.964711,60.576402],[-45.61144,60.686672],[-45.858022,60.697699],[-45.255035,60.907904],[-45.374908,61.004462],[-45.728342,60.766547],[-45.874867,60.756049],[-45.777903,60.823961],[-45.870188,60.847398],[-46.060658,60.721584],[-46.220082,60.761054],[-45.885365,60.930406],[-45.510243,60.982245],[-45.203236,61.193305],[-45.342681,61.104641],[-45.474477,61.218451],[-45.618479,61.019843],[-46.032826,60.913886],[-46.042877,60.991604],[-45.704742,61.068793],[-45.763295,61.08869],[-45.652659,61.142727],[-45.828725,61.210395],[-45.735666,61.316555],[-45.790761,61.33515],[-45.923207,61.242336],[-46.111928,61.25259],[-45.838206,61.163235],[-45.954213,61.136461],[-45.913319,61.101142],[-46.26183,61.089057],[-46.149403,61.038153],[-46.252187,60.985663],[-46.412953,61.08808],[-46.412953,61.012356],[-46.653147,60.985663],[-46.590077,60.930365],[-46.638295,60.912991],[-46.886545,60.937242],[-46.73058,60.89411],[-46.862294,60.800116],[-47.056508,60.860785],[-46.913889,60.930406],[-46.991607,60.952786],[-47.85912,60.868354],[-47.360219,60.885565],[-47.438344,60.827379],[-48.232777,60.820543],[-47.701527,61.004299],[-48.402211,60.986518],[-47.831858,61.050238],[-47.934885,61.08808],[-47.786366,61.176947],[-48.04662,61.098578],[-48.188832,61.165229],[-48.08788,61.297593],[-47.934193,61.320136],[-48.174469,61.297268],[-48.281565,61.188788],[-48.215443,61.142727],[-48.407216,61.133979],[-48.304799,61.183661],[-48.633168,61.211005],[-48.379872,61.314032],[-48.510854,61.300971],[-48.486073,61.348131],[-48.352895,61.345364],[-48.674713,61.395941],[-48.641103,61.436103],[-49.044911,61.39643],[-48.257924,61.531317],[-48.476145,61.533759],[-48.329335,61.596747],[-48.989654,61.457953],[-49.298573,61.561021],[-48.623158,61.637681],[-48.983266,61.608832],[-48.933217,61.636054],[-49.058339,61.674018],[-48.891225,61.775214],[-49.148305,61.725531],[-49.109242,61.828559],[-48.749867,61.958319],[-48.821278,61.992987],[-49.1669,61.856635],[-49.220082,61.724066],[-49.353179,61.766547],[-49.175649,61.896877],[-49.434926,61.847357],[-49.307607,61.970526],[-48.839223,62.074937],[-49.053822,62.088121],[-49.035024,62.181342],[-49.099436,62.181383],[-49.205637,62.018785],[-49.675282,62.000434],[-49.485463,62.072699],[-49.672109,62.094794],[-49.600331,62.124457],[-49.332631,62.081244],[-49.428212,62.116604],[-49.291737,62.178046],[-49.390859,62.209215],[-49.659576,62.149888],[-49.291737,62.266791],[-49.887563,62.245673],[-49.784535,62.286607],[-49.908559,62.364325],[-50.013824,62.32038],[-50.307729,62.491278],[-50.221018,62.661689],[-49.87328,62.896796],[-50.196645,62.80801],[-50.271799,62.705634],[-50.319569,62.739081],[-50.244456,62.842922],[-50.142649,62.938218],[-49.742014,63.031887],[-50.154856,62.967922],[-50.373891,62.786933],[-50.366689,62.88996],[-50.174957,63.0008],[-50.597035,62.974555],[-50.490875,63.014106],[-50.595123,63.080024],[-50.059438,63.229641],[-51.040679,63.180609],[-50.979115,63.241034],[-51.101064,63.328559],[-50.278554,63.403876],[-51.08731,63.383368],[-51.00475,63.472805],[-51.171132,63.381008],[-51.162343,63.474311],[-50.74413,63.554755],[-51.055287,63.526557],[-51.144521,63.613105],[-50.522084,63.640041],[-51.045766,63.664537],[-51.18517,63.628852],[-51.128489,63.526842],[-51.422515,63.541002],[-51.324045,63.613511],[-51.539215,63.685045],[-51.347401,63.719794],[-51.535512,63.705512],[-51.528676,63.764146],[-50.956207,63.915351],[-51.458404,63.817572],[-51.372426,63.960028],[-51.619374,64.007514],[-50.682688,64.171698],[-50.145375,64.201809],[-50.083852,64.123969],[-50.069895,64.179877],[-50.162587,64.24494],[-50.525461,64.18769],[-50.33316,64.349799],[-50.395375,64.355373],[-50.81428,64.178127],[-51.439931,64.082261],[-51.633168,64.115139],[-51.391184,64.148627],[-51.458648,64.189276],[-51.765126,64.18537],[-50.953277,64.219428],[-50.847157,64.254218],[-51.045766,64.28148],[-50.809641,64.427395],[-50.614654,64.379869],[-50.69636,64.452216],[-50.3662,64.389228],[-50.180287,64.446519],[-50.624501,64.466702],[-50.443023,64.555854],[-50.878,64.582221],[-50.836415,64.645575],[-50.484364,64.657375],[-50.66218,64.685614],[-50.480336,64.712877],[-50.275136,64.654853],[-50.171864,64.504055],[-49.592763,64.342963],[-50.062896,64.529731],[-50.113271,64.654242],[-50.00829,64.681464],[-50.189198,64.761298],[-49.997426,64.863715],[-50.295644,64.747707],[-50.538157,64.769192],[-50.835317,65.123358],[-50.689524,65.206366],[-50.879954,65.152289],[-50.976959,65.219672],[-50.882232,65.00849],[-50.762115,65.003241],[-50.718821,64.893378],[-50.772043,64.870551],[-50.637929,64.770168],[-51.14509,64.616645],[-51.198964,64.624823],[-51.146311,64.722968],[-51.025258,64.761298],[-51.252553,64.760199],[-51.79308,64.239936],[-52.152147,64.242126],[-52.124475,64.377618],[-52.194556,64.472236],[-52.044016,64.495551],[-52.155229,64.537251],[-52.030181,64.585028],[-52.150891,64.59341],[-52.045074,64.625312],[-52.156158,64.678778],[-52.097646,64.731838],[-51.531606,64.869086],[-51.244985,65.02143],[-51.662709,64.893744],[-51.590688,64.972968],[-51.662343,65.024807],[-51.879262,64.837063],[-52.066396,64.796454],[-51.943918,64.877387],[-52.057281,64.923733],[-52.183502,64.802314],[-52.216298,64.883531],[-52.042836,64.95775],[-52.272857,65.103949],[-52.125071,65.117336],[-52.207143,65.169013],[-52.00475,65.31623],[-52.296376,65.203274],[-52.196848,65.310614],[-52.320058,65.288275],[-52.327504,65.343492],[-52.488271,65.206366],[-52.485707,65.298163],[-52.567047,65.31623],[-51.745595,65.582099],[-51.857411,65.604478],[-51.491444,65.74079],[-50.53185,65.69302],[-50.943023,65.782375],[-51.441029,65.772528],[-51.970082,65.678209],[-51.994293,65.521918],[-52.473134,65.394965],[-52.546539,65.432318],[-52.452016,65.508734],[-52.614247,65.489814],[-52.481028,65.624335],[-52.767242,65.524848],[-52.786773,65.57689],[-52.663319,65.617906],[-52.766428,65.593695],[-52.578928,65.666571],[-52.744537,65.638739],[-52.642201,65.713446],[-52.69343,65.807278],[-52.824045,65.672512],[-53.239247,65.686184],[-52.877024,65.794501],[-53.239369,65.739895],[-52.694,65.939399],[-52.299184,65.837144],[-52.235748,65.93537],[-51.977406,66.003607],[-51.711171,65.939399],[-51.826039,65.996405],[-51.731028,66.07038],[-52.181711,65.997992],[-52.286855,65.914618],[-52.504547,65.905015],[-52.576405,66.008043],[-53.154124,65.860541],[-53.265981,65.912095],[-52.874908,66.021918],[-53.455393,65.960761],[-53.107655,66.021918],[-53.427113,66.022284],[-53.382069,66.078315],[-52.360992,66.440253],[-52.002268,66.485053],[-51.874664,66.642035],[-51.459055,66.704291],[-51.504709,66.732123],[-51.283355,66.844916],[-50.364003,66.829291],[-51.011627,66.905748],[-50.696645,67.00495],[-49.997426,66.981513],[-50.634267,67.015041],[-50.302846,67.06387],[-51.174672,66.927883],[-53.005849,66.200019],[-53.450917,66.103909],[-53.663197,66.138617],[-53.529693,66.233222],[-53.121938,66.289455],[-53.656972,66.275214],[-53.67748,66.377631],[-53.498687,66.474433],[-53.643178,66.417873],[-53.519439,66.528266],[-52.457265,66.522203],[-53.455678,66.605618],[-53.286488,66.693549],[-52.613149,66.707994],[-53.204498,66.748114],[-52.649037,66.800971],[-53.092275,66.766343],[-53.002065,66.855129],[-52.254221,66.82274],[-52.446929,66.873481],[-52.30956,66.894355],[-52.478139,66.961737],[-52.799794,66.892157],[-53.647043,66.911566],[-53.824859,66.974066],[-53.217519,66.994574],[-53.814036,67.049791],[-53.42984,67.095404],[-53.964915,67.077704],[-53.711659,67.192288],[-53.411855,67.196357],[-53.588124,67.221137],[-53.521474,67.24136],[-52.190663,67.371894],[-51.552846,67.331],[-51.176137,67.124905],[-50.346832,67.186957],[-51.182281,67.145413],[-51.52184,67.350491],[-51.132558,67.41352],[-52.114003,67.40119],[-53.113678,67.280097],[-53.251047,67.327135],[-53.766916,67.20661],[-53.874745,67.276028],[-53.782704,67.429674],[-52.909739,67.687201],[-53.087717,67.655585],[-53.047719,67.695787],[-52.532948,67.741889],[-52.827748,67.741889],[-52.409088,67.769232],[-51.754547,67.632636],[-51.348012,67.679511],[-50.579213,67.482489],[-50.104604,67.505316],[-50.551747,67.510199],[-50.87442,67.604682],[-50.281606,67.738471],[-49.935943,67.700263],[-50.286,67.745429],[-51.011627,67.62519],[-50.928782,67.654242],[-51.288889,67.714301],[-50.28775,67.814399],[-50.751129,67.910834],[-50.877268,67.8664],[-50.669423,67.851711],[-51.145253,67.76439],[-51.347483,67.872992],[-50.975942,67.886868],[-51.243886,67.969916],[-51.551666,67.939399],[-51.336903,67.837958],[-51.495351,67.727973],[-51.769643,67.699205],[-51.783355,67.761298],[-51.646108,67.760443],[-52.298818,67.810614],[-52.159006,67.891588],[-51.601308,67.947943],[-51.836781,67.940497],[-53.003774,67.757717],[-53.576731,67.518866],[-53.725494,67.531643],[-53.589182,67.650621],[-53.697336,67.645697],[-53.545562,67.711371],[-53.658437,67.79564],[-53.59557,67.831244],[-53.277984,67.805813],[-53.459625,67.873236],[-53.18399,67.83808],[-53.241282,67.842719],[-53.068186,67.88231],[-53.314361,67.913764],[-52.889231,67.981513],[-53.259145,67.988959],[-53.176584,68.046088],[-52.207102,67.926825],[-52.059316,67.975287],[-52.754506,67.98664],[-53.135894,68.109117],[-53.149281,68.173285],[-53.457753,68.152777],[-53.307973,68.18651],[-52.388987,68.077623],[-52.75414,68.168647],[-52.582875,68.191067],[-51.975209,68.054023],[-51.217112,68.070868],[-50.61974,67.913764],[-50.178456,67.920396],[-51.417063,68.198188],[-50.997955,68.180732],[-51.357004,68.248358],[-51.155629,68.294827],[-51.175771,68.384182],[-50.772043,68.495429],[-50.848012,68.507148],[-51.649037,68.413479],[-51.232167,68.329047],[-51.31314,68.282782],[-52.445139,68.181464],[-52.542836,68.295559],[-52.758046,68.282701],[-52.670074,68.260932],[-52.714467,68.215481],[-52.919789,68.255439],[-52.61498,68.32982],[-53.389475,68.331529],[-53.08849,68.317857],[-52.411366,68.50845],[-52.642201,68.515855],[-52.193186,68.572211],[-51.812896,68.578559],[-51.964426,68.564276],[-51.86441,68.516995],[-51.148834,68.56391],[-51.035715,68.584174],[-51.07372,68.701402],[-50.88036,68.619574],[-50.825266,68.673774],[-50.991119,68.735582],[-50.654693,68.831204],[-51.248606,68.749579],[-51.217112,68.845445],[-50.987416,68.920844],[-51.155995,68.886908],[-51.062001,69.114407],[-50.790191,69.128485],[-50.74413,69.0987],[-50.944936,69.047187],[-50.634267,69.072008],[-50.334381,68.907782],[-50.460072,69.029608],[-50.264963,69.057766],[-50.221669,68.959906],[-50.210194,69.06387],[-50.676178,69.111558],[-50.130116,69.20246],[-50.430979,69.194485],[-50.47053,69.292955],[-50.390289,69.325629],[-50.600087,69.276801],[-50.543202,69.258043],[-50.593902,69.221381],[-51.094146,69.201117],[-50.867665,69.283677],[-50.951894,69.300116],[-50.758412,69.47606],[-50.20287,69.523261],[-50.874501,69.4914],[-50.775258,69.650295],[-50.424184,69.599189],[-50.794423,69.672065],[-50.574941,69.789008],[-50.20995,69.758612],[-50.306508,69.873277],[-50.561269,69.916164],[-50.560943,69.974921],[-50.209706,70.01675],[-50.471059,70.057929],[-51.259674,69.963039],[-50.860829,70.024115],[-51.221059,70.073961],[-51.43871,69.966457],[-52.329498,70.053616],[-52.609975,70.217108],[-54.018707,70.413235],[-54.611073,70.65469],[-54.155385,70.828803],[-52.790639,70.756781],[-51.549428,70.431586],[-50.56664,70.333686],[-50.637685,70.391262],[-50.516916,70.497992],[-50.559722,70.53266],[-50.74413,70.428209],[-50.992787,70.424954],[-51.058583,70.439032],[-50.942738,70.469794],[-51.325917,70.555406],[-51.182281,70.626207],[-50.867665,70.517646],[-50.89745,70.557807],[-50.78661,70.548082],[-50.991119,70.613186],[-50.63622,70.620266],[-51.445139,70.73192],[-51.170766,70.806098],[-50.638295,70.729153],[-50.894114,70.808051],[-50.847157,70.873236],[-51.123647,70.843899],[-51.914866,71.02143],[-51.831939,71.069403],[-50.936147,70.986884],[-51.476552,71.063788],[-51.223297,71.140774],[-52.242747,71.126776],[-51.535756,71.31269],[-51.749013,71.360419],[-52.534332,71.153062],[-52.114491,71.398017],[-51.370107,71.471625],[-51.682281,71.509589],[-52.426259,71.37226],[-52.992258,71.421332],[-52.737782,71.512681],[-51.781606,71.602729],[-51.64623,71.717515],[-52.166412,71.613105],[-53.265981,71.709906],[-52.89566,71.835639],[-52.683176,72.004096],[-53.351877,71.774319],[-53.398264,72.01496],[-53.698313,72.125922],[-53.813547,72.301988],[-53.581125,72.349514],[-53.870229,72.356635],[-53.920969,72.349066],[-53.835113,72.162421],[-53.410512,71.8664],[-53.639801,71.747789],[-53.885487,71.75434],[-53.76887,71.719672],[-53.765859,71.640326],[-54.081614,71.717353],[-54.090199,71.644232],[-53.848785,71.545478],[-53.912587,71.450507],[-54.625152,71.351304],[-55.205881,71.481594],[-55.26769,71.484036],[-55.131744,71.404039],[-55.514475,71.449164],[-55.662709,71.597561],[-55.569325,71.641059],[-55.887115,71.676581],[-55.464019,71.80268],[-55.284657,71.768622],[-55.370107,71.825995],[-55.330434,71.883124],[-54.853342,71.912991],[-54.555247,72.033759],[-54.383209,72.223212],[-54.529042,72.177436],[-54.630238,72.024604],[-55.267812,71.927314],[-55.60969,71.990465],[-54.883453,72.251166],[-54.951772,72.360419],[-54.684885,72.367174],[-55.651275,72.442939],[-55.459137,72.525946],[-54.32433,72.476386],[-55.016591,72.535468],[-54.664662,72.613756],[-54.877065,72.666571],[-54.627309,72.688137],[-54.753774,72.737779],[-54.526601,72.778754],[-54.924428,72.78559],[-54.602935,72.83397],[-54.843007,73.013414],[-55.712717,73.087226],[-55.335317,73.182807],[-55.459462,73.189643],[-55.162587,73.182196],[-55.459462,73.25788],[-55.269114,73.386623],[-55.095123,73.354153],[-56.031117,73.638373],[-55.843088,73.683092],[-55.99592,73.679918],[-55.91454,73.761461],[-55.651682,73.701361],[-55.945465,73.861233],[-55.662465,73.84394],[-56.101918,74.012152],[-55.993886,74.012112],[-56.41161,74.067328],[-56.19872,74.121283],[-56.29898,74.111558],[-56.124257,74.279608],[-57.295766,74.099758],[-56.321929,74.287746],[-56.713246,74.347846],[-56.154652,74.369086],[-56.758656,74.444485],[-56.168324,74.477525],[-56.241933,74.497707],[-56.191884,74.55329],[-57.158315,74.738267],[-57.144032,74.793769],[-56.795237,74.813951],[-57.016265,74.906968],[-58.121409,75.046698],[-58.076975,75.087714],[-58.1315,75.108222],[-57.940663,75.150946],[-58.439361,75.314276],[-58.27599,75.388414],[-58.700103,75.348456],[-58.184397,75.48428],[-58.395172,75.556627],[-58.310292,75.643256],[-58.55724,75.65412],[-58.405914,75.71894],[-59.041615,75.701361],[-59.067535,75.7626],[-59.282867,75.766099],[-59.139516,75.841864],[-59.272206,75.880113],[-59.772939,75.801418],[-59.611236,75.903225],[-60.500844,76.067369],[-60.733632,75.999172],[-60.907297,76.081488],[-60.847646,76.103461],[-60.924062,76.165676],[-62.16686,76.221991],[-62.266754,76.289944],[-62.736318,76.25731],[-62.756418,76.201321],[-62.819569,76.280015],[-63.341379,76.373684],[-63.476918,76.376899],[-63.810699,76.159125],[-64.096669,76.145738],[-64.199534,76.311591],[-64.429067,76.349026],[-64.401763,76.253363],[-64.671783,76.271674],[-64.603993,76.193834],[-64.683176,76.185858],[-64.594146,76.136054],[-65.342641,76.175849],[-65.344553,76.057318],[-65.662343,76.040473],[-65.860504,76.092719],[-65.701405,76.185533],[-65.760081,76.202826],[-65.578277,76.230292],[-65.740142,76.27851],[-66.207265,76.277818],[-66.413726,76.086127],[-66.927154,76.266506],[-67.295481,76.179836],[-66.451283,75.923774],[-66.564809,75.916571],[-68.472808,76.091742],[-68.545969,76.104193],[-68.4381,76.1435],[-68.52009,76.168036],[-68.79247,76.166815],[-69.617828,76.371039],[-69.600819,76.431708],[-68.732777,76.586249],[-68.031117,76.584052],[-67.985585,76.622707],[-68.070546,76.644721],[-68.002268,76.673733],[-69.239898,76.676581],[-70.085194,76.795844],[-69.581899,76.988674],[-69.728871,77.016425],[-70.521108,76.787177],[-70.987213,76.89704],[-70.694569,76.931627],[-71.384429,77.023993],[-71.001047,77.155422],[-70.69929,77.150865],[-70.92516,77.178168],[-69.733469,77.239],[-66.411855,77.114447],[-66.170074,77.198676],[-66.63683,77.153998],[-69.061879,77.25727],[-68.369496,77.376858],[-67.435943,77.383572],[-66.260569,77.251858],[-66.196767,77.260728],[-66.663482,77.417792],[-66.067047,77.466213],[-66.215077,77.545396],[-66.163238,77.56859],[-66.68399,77.671617],[-66.663482,77.719428],[-67.140859,77.672268],[-67.250111,77.574774],[-67.591664,77.524359],[-68.356435,77.499945],[-68.370269,77.566555],[-68.729848,77.669135],[-68.814809,77.658026],[-68.609975,77.564887],[-68.638417,77.509711],[-69.222564,77.452908],[-70.255442,77.557359],[-69.518178,77.687445],[-69.479604,77.754218],[-70.675649,77.680162],[-69.992909,77.828315],[-70.376983,77.862779],[-71.312815,77.769843],[-71.429514,77.793036],[-71.240346,77.852607],[-71.312164,77.888821],[-72.241689,77.938544],[-72.335764,78.002387],[-72.296946,78.048407],[-73.05724,78.158271],[-72.460764,78.288642],[-72.850575,78.315334],[-72.584299,78.425116],[-72.632069,78.494086],[-71.554555,78.643459],[-70.81428,78.598944],[-70.745839,78.69538],[-69.908559,78.803941],[-68.780751,78.836656],[-69.148264,78.915758],[-67.182851,79.157864],[-65.818837,79.129096],[-65.880849,79.140611],[-64.819447,79.552395],[-64.974355,79.649848],[-64.930247,79.689765],[-65.032338,79.754625],[-64.964711,79.775824],[-65.100901,79.840806],[-64.949818,79.96015],[-65.073354,80.008531],[-63.814687,80.138577],[-64.140859,80.158759],[-64.222768,80.255683],[-64.473297,80.105658],[-65.863352,80.01203],[-66.433339,80.117336],[-67.05012,80.061184],[-67.164459,80.162909],[-67.462392,80.184719],[-67.518666,80.26553],[-66.724965,80.488715],[-66.779693,80.523627],[-66.053375,80.665839],[-65.525217,80.663398],[-65.689931,80.694892],[-65.124745,80.779731],[-64.979237,80.902737],[-64.434438,81.027981],[-63.655019,81.149075],[-62.779937,80.758775],[-63.154449,80.936754],[-63.344716,81.121527],[-62.976796,81.228339],[-62.196401,81.199123],[-61.545522,81.06623],[-61.07608,81.12051],[-60.892974,81.166164],[-61.295644,81.349595],[-60.773183,81.491645],[-61.454254,81.745022],[-60.533559,81.912746],[-58.83849,81.86225],[-58.695546,81.778876],[-58.72704,81.695136],[-57.644928,81.591295],[-57.190826,81.424994],[-56.452545,81.33808],[-57.747548,81.650946],[-58.137766,81.666978],[-58.617096,81.893297],[-59.426625,81.979682],[-57.713246,82.167304],[-56.466461,82.235541],[-56.307525,82.166449],[-55.958892,82.272773],[-55.271637,82.249579],[-55.327789,82.234076],[-55.139638,82.162746],[-55.25536,82.275295],[-55.575551,82.275051],[-54.440745,82.372707],[-53.576975,82.12934],[-53.61441,82.03856],[-53.503489,81.93651],[-53.821523,81.700507],[-53.807851,81.588202],[-53.472035,81.508734],[-53.650217,81.536078],[-53.485707,81.550279],[-53.553944,81.652777],[-52.94872,81.852688],[-52.964263,82.036322],[-51.38622,81.904853],[-49.921498,81.611762],[-49.61384,81.645941],[-51.066274,81.933905],[-49.829091,81.871161],[-49.475575,81.927151],[-50.581288,82.153998],[-51.082834,82.479926],[-49.011342,82.454535],[-47.557525,82.208238],[-47.605865,82.180365],[-46.008168,82.0362],[-46.050445,81.954413],[-44.704457,81.758857],[-44.172922,81.837714],[-44.931793,82.033433],[-44.398793,82.105211],[-44.780873,82.182115],[-44.562856,82.293402],[-42.302113,82.215074],[-43.835439,82.341986],[-43.884877,82.372748],[-43.765736,82.39765],[-45.744211,82.753567],[-42.048248,82.756334],[-42.145172,82.727932],[-41.829091,82.641669],[-41.812978,82.530585],[-41.614735,82.479682],[-41.555491,82.533515],[-41.640248,82.57038],[-41.615834,82.636664],[-41.898061,82.72899],[-41.577545,82.747301],[-40.22761,82.567532],[-40.005605,82.488837],[-40.054799,82.412055],[-39.755971,82.395941],[-39.859486,82.43537],[-39.759145,82.502427],[-40.009511,82.563544],[-39.901845,82.60456],[-39.953114,82.693061],[-40.317209,82.730699],[-45.062978,82.913316],[-44.86498,82.872382],[-45.974436,82.842841],[-46.846995,82.959662],[-45.981597,82.920844],[-46.700917,83.002753],[-45.970693,83.096503],[-45.077219,82.961819],[-43.363515,82.920844],[-45.120432,83.036689],[-45.485666,83.110826],[-45.446156,83.155341],[-42.850209,83.099555],[-44.000966,83.201972],[-42.891184,83.208197],[-43.322581,83.23607],[-42.665842,83.281195],[-41.740712,83.194648],[-41.931549,83.092108],[-41.669545,83.13996],[-40.690297,82.986518],[-39.437611,82.961819],[-38.590891,82.747626],[-38.494496,82.815497],[-39.124582,82.971381],[-37.272084,83.009589],[-38.759185,83.046576],[-36.881012,83.153551],[-38.68342,83.208401],[-38.861684,83.256659],[-38.724477,83.277086],[-38.827504,83.352851],[-38.738149,83.393744],[-38.868479,83.427314],[-37.813059,83.359524],[-37.738189,83.372707],[-38.059682,83.43476],[-37.585439,83.508043],[-36.449778,83.361762],[-36.696116,83.414252],[-36.483754,83.43476],[-36.535471,83.451158],[-36.857086,83.480536],[-36.738596,83.538031],[-35.243601,83.537177],[-34.702463,83.606024],[-34.52123,83.542182],[-34.362904,83.602932],[-33.830474,83.461982],[-33.742787,83.489407],[-34.085439,83.56509],[-32.490712,83.634101],[-30.647125,83.601752],[-29.148305,83.477525],[-28.630116,83.521959],[-28.555776,83.514879],[-28.92512,83.475735],[-28.562571,83.420478],[-28.150461,83.43476],[-28.445221,83.455227],[-28.384633,83.471259],[-25.649648,83.297553],[-26.075429,83.208482],[-32.161733,83.060981],[-33.439809,83.159613],[-32.50475,83.065823],[-35.620432,82.907172],[-35.298248,82.89289],[-35.551503,82.766547],[-35.471018,82.746161],[-34.951039,82.904853],[-34.024281,82.919623],[-33.843129,82.886298],[-33.804351,82.841702],[-33.934641,82.797919],[-33.884633,82.794501],[-33.72289,82.817532],[-33.731028,82.891547],[-33.602651,82.94538],[-31.82665,82.994574],[-31.665598,82.931708],[-31.391998,83.020697],[-30.096913,83.126207],[-28.142812,83.047919],[-25.221425,83.167873],[-24.840932,83.112616],[-24.945668,83.103461],[-24.785064,83.028388],[-25.149281,82.852851],[-25.903554,82.783637],[-23.933095,82.916409],[-23.872548,82.908108],[-23.97997,82.873684],[-23.911936,82.822008],[-23.989735,82.771877],[-23.384185,82.85224],[-21.339508,82.626288],[-21.44933,82.547024],[-22.30602,82.427395],[-22.217641,82.406399],[-22.437327,82.339993],[-23.886708,82.278876],[-29.852284,82.13935],[-31.582102,82.22012],[-29.905141,82.098375],[-32.562856,81.883287],[-32.813303,81.794379],[-32.667144,81.676988],[-32.147939,81.681301],[-31.680165,81.834784],[-29.788442,81.948228],[-29.549672,81.890041],[-29.038564,81.999905],[-27.761952,82.062445],[-24.619862,81.987494],[-24.681793,81.942776],[-24.641103,81.804999],[-24.706207,81.781195],[-26.703765,81.541205],[-26.387196,81.42772],[-23.766347,81.746039],[-23.40392,81.718817],[-23.307729,81.792548],[-23.360463,81.882392],[-23.288442,81.90176],[-23.312123,81.965033],[-23.195424,82.022284],[-21.388417,82.083441],[-21.069203,81.933254],[-21.024648,81.766547],[-21.23762,81.539293],[-23.266754,80.896308],[-23.268951,80.801337],[-23.897084,80.600653],[-23.093251,80.727973],[-23.101959,80.783637],[-22.934641,80.814887],[-22.980133,80.872504],[-22.747548,80.931464],[-20.951283,81.235745],[-19.851186,81.542914],[-20.050649,81.587348],[-19.70816,81.695502],[-19.639516,81.636461],[-19.025543,81.618842],[-19.466461,81.404364],[-18.523752,81.505683],[-17.855336,81.403754],[-17.860748,81.466132],[-17.50593,81.38817],[-17.14684,81.413398],[-17.190989,81.447252],[-16.835317,81.524115],[-17.046539,81.562242],[-17.000722,81.58983],[-16.475697,81.624701],[-16.540028,81.684556],[-16.489003,81.7272],[-15.290028,81.838813],[-12.570058,81.696234],[-11.37682,81.47602],[-13.335683,81.027045],[-14.552724,80.990627],[-14.132192,80.886176],[-14.294911,80.784329],[-15.395823,80.659613],[-17.062978,80.662828],[-17.239898,80.722317],[-18.322255,80.558051],[-19.471669,80.665432],[-20.809885,80.562242],[-20.406809,80.538886],[-20.352651,80.460598],[-19.488026,80.634833],[-18.055084,80.491767],[-16.89623,80.583686],[-15.793446,80.437242],[-16.401723,80.30858],[-16.344106,80.26789],[-16.447336,80.219306],[-17.872874,80.161119],[-19.474355,80.260199],[-20.171213,80.104315],[-19.991322,80.088853],[-20.193959,80.034125],[-20.077016,79.989732],[-20.408925,79.854641],[-20.114329,79.823188],[-19.848622,79.682807],[-19.485666,79.773668],[-19.207753,79.708482],[-19.385325,79.624091],[-19.352651,79.57392],[-19.565907,79.385932],[-19.466054,79.314765],[-19.603586,79.179918],[-19.262278,79.390692],[-19.241689,79.283108],[-18.874745,79.236558],[-19.231313,79.097317],[-19.878529,79.031968],[-19.77599,78.881252],[-19.881337,78.836859],[-20.948842,78.783026],[-20.856923,78.718085],[-21.192983,78.644477],[-20.842437,78.608547],[-21.295033,78.299994],[-21.23998,78.184394],[-21.366444,78.144273],[-21.342926,78.066555],[-21.629994,77.998114],[-21.578765,77.887885],[-21.779652,77.851752],[-21.967275,77.679185],[-21.49352,77.673529],[-21.597076,77.561591],[-21.51887,77.583726],[-21.292714,77.674547],[-21.401479,77.75019],[-20.962148,77.970364],[-19.142242,77.687201],[-19.020579,77.633775],[-19.357981,77.526353],[-20.092152,77.701361],[-20.821523,77.65351],[-20.278432,77.533026],[-20.339019,77.516913],[-20.892201,77.530015],[-20.203277,77.421536],[-20.465403,77.382799],[-19.492014,77.293036],[-19.443715,77.209866],[-19.274566,77.189276],[-19.062652,77.186713],[-19.108713,77.215481],[-19.036285,77.320136],[-18.564565,77.288275],[-18.2683,77.12759],[-18.258616,76.946967],[-18.380279,76.819403],[-18.612782,76.776435],[-18.628407,76.701606],[-19.032379,76.83275],[-20.513417,76.945705],[-20.805002,76.871039],[-21.730051,76.890815],[-20.805247,76.850775],[-21.250356,76.81151],[-21.661122,76.645697],[-22.265859,76.859361],[-22.469879,76.835598],[-22.323354,76.765326],[-22.744211,76.698432],[-22.515004,76.665676],[-22.332997,76.517157],[-22.145009,76.645819],[-21.805165,76.588568],[-22.086293,76.554999],[-21.674794,76.527086],[-22.01183,76.482327],[-21.68106,76.490627],[-22.504018,76.451361],[-21.613352,76.445136],[-21.571278,76.397284],[-21.696604,76.261054],[-21.652089,76.237738],[-21.120513,76.284613],[-20.558217,76.149726],[-20.674916,76.136054],[-20.42101,76.136054],[-21.062734,76.28852],[-20.894439,76.307929],[-20.489125,76.223578],[-19.937734,76.257961],[-19.69811,76.143704],[-19.721425,76.075263],[-20.269399,75.992336],[-21.983876,75.992662],[-19.934967,75.934027],[-19.345326,75.732611],[-19.612294,75.684231],[-19.39623,75.559963],[-19.341908,75.411322],[-19.427235,75.225531],[-19.573842,75.148749],[-19.879791,75.149807],[-20.01594,75.21011],[-19.947987,75.279527],[-20.140248,75.336086],[-20.667836,75.293158],[-21.669057,75.592678],[-22.263092,75.669501],[-21.407948,75.458319],[-22.461334,75.534573],[-21.429189,75.43183],[-20.517201,75.14232],[-21.181996,75.121894],[-21.760732,74.985297],[-22.436391,75.170233],[-21.769114,74.960191],[-21.115956,75.090888],[-20.676625,75.074408],[-20.626373,75.06037],[-20.764231,74.840725],[-20.609731,74.734849],[-21.097646,74.673163],[-20.202301,74.679511],[-19.718373,74.58747],[-19.35554,74.684516],[-19.269602,74.648871],[-19.386301,74.560736],[-18.974762,74.484361],[-19.349233,74.285468],[-19.626536,74.238593],[-20.200673,74.279771],[-20.35733,74.445258],[-21.628896,74.446763],[-22.046539,74.600084],[-22.114247,74.594224],[-21.801137,74.397406],[-22.436391,74.320543],[-22.069081,74.294257],[-22.097564,74.214301],[-22.304107,74.175605],[-22.178578,74.151557],[-22.2294,74.101304],[-22.477935,74.087795],[-22.028879,74.013251],[-21.812652,73.847602],[-21.851064,73.747626],[-21.788442,73.659247],[-21.702748,73.696723],[-21.908559,74.015815],[-21.784657,74.053046],[-20.29601,73.886135],[-20.287709,73.797919],[-20.490305,73.734524],[-20.521596,73.571438],[-20.400543,73.496527],[-20.543284,73.449042],[-21.543202,73.490424],[-21.620188,73.45718],[-21.555328,73.424384],[-21.598866,73.391547],[-22.314076,73.250434],[-23.449941,73.436103],[-23.968495,73.588568],[-24.025502,73.687201],[-23.571685,73.716498],[-22.662221,73.548651],[-22.175038,73.627875],[-22.799469,73.567613],[-24.060048,73.820258],[-24.433461,73.711615],[-24.471588,73.655748],[-24.375396,73.559556],[-24.426137,73.540961],[-24.941518,73.612494],[-24.973785,73.702338],[-25.672475,73.956448],[-25.734853,73.940253],[-25.550893,73.811225],[-24.692047,73.531562],[-25.292226,73.473538],[-25.498891,73.402533],[-25.452626,73.345771],[-25.965403,73.241889],[-26.825551,73.342678],[-27.332387,73.498114],[-27.450103,73.457221],[-26.396962,73.238023],[-26.713368,73.134711],[-27.044342,73.186225],[-27.725901,73.134426],[-27.403554,73.110663],[-27.3662,73.012844],[-27.507395,72.947089],[-27.441396,72.936713],[-27.327626,72.968329],[-27.260121,73.127183],[-26.651682,73.103217],[-26.444488,73.196682],[-25.052561,73.08393],[-24.984283,73.025784],[-25.13561,72.939765],[-25.696156,72.902737],[-26.082631,72.782416],[-27.355946,72.860663],[-26.396962,72.771308],[-26.761383,72.717434],[-26.349477,72.74494],[-26.452952,72.600043],[-25.651845,72.81977],[-25.256215,72.811184],[-24.716786,72.686428],[-24.708363,72.587714],[-24.601308,72.552191],[-25.132314,72.436184],[-25.909739,72.422512],[-25.28893,72.39057],[-25.488515,72.238715],[-25.458485,72.129096],[-25.208119,72.356391],[-24.546376,72.423407],[-23.744537,72.236802],[-23.711252,72.181952],[-23.809071,72.134752],[-23.758412,72.120795],[-23.108388,72.06684],[-23.16808,72.026028],[-22.503407,71.900784],[-23.123199,71.631903],[-22.408437,71.771389],[-22.64387,71.675442],[-22.59553,71.574123],[-22.214426,71.756496],[-21.894521,71.743476],[-22.190541,71.648627],[-22.112538,71.619289],[-22.489898,71.557685],[-22.497792,71.367336],[-22.3933,71.256822],[-22.30602,71.415107],[-22.132395,71.490912],[-21.774159,71.514635],[-21.818756,71.428778],[-21.695668,71.41649],[-21.856191,71.348619],[-21.606516,71.333197],[-21.963368,71.270453],[-21.766835,71.265123],[-21.661122,71.188544],[-21.712799,71.137885],[-21.846669,71.19538],[-21.715728,71.119696],[-22.333363,71.059475],[-21.674794,71.06566],[-21.990102,70.976264],[-21.60025,70.964789],[-21.744293,70.800279],[-21.887278,70.8133],[-21.665842,70.802232],[-21.76773,70.750963],[-21.545725,70.709377],[-21.76415,70.709377],[-21.579213,70.674628],[-21.760854,70.57807],[-21.50182,70.553127],[-21.538238,70.497056],[-21.940053,70.390326],[-22.022857,70.499498],[-22.341379,70.43891],[-22.479156,70.855414],[-22.64859,70.723049],[-22.56607,70.571601],[-22.610748,70.45954],[-23.345448,70.440579],[-24.066274,70.689683],[-24.207509,70.861314],[-24.227691,71.043524],[-24.669423,71.271959],[-24.61498,71.339342],[-25.096059,71.304836],[-25.641591,71.541653],[-26.275502,71.570502],[-26.401479,71.642483],[-26.785146,71.546536],[-27.931386,72.010484],[-28.188385,71.99726],[-28.620269,72.134467],[-28.665273,72.103095],[-28.360422,72.007148],[-28.468739,71.978339],[-27.861806,71.908026],[-27.801625,71.874457],[-28.007965,71.897162],[-27.33137,71.718817],[-27.40803,71.642483],[-28.474273,71.585395],[-28.419911,71.54975],[-27.650787,71.613105],[-27.122548,71.57217],[-27.306549,71.526313],[-27.219594,71.481391],[-25.805043,71.490668],[-25.460113,71.381985],[-25.4169,71.284735],[-25.780019,71.257473],[-25.595082,71.19538],[-25.986887,71.069037],[-26.828359,70.935289],[-27.506174,70.942125],[-27.771352,71.146715],[-27.90746,71.140326],[-27.618153,70.953803],[-28.363637,70.989976],[-28.411122,70.968817],[-27.920888,70.881293],[-28.041575,70.712388],[-28.336049,70.626207],[-28.239817,70.599514],[-28.310292,70.56387],[-29.222483,70.461615],[-29.110585,70.39411],[-28.281361,70.510728],[-28.274566,70.38349],[-28.041331,70.384833],[-26.743316,70.484117],[-26.321278,70.379788],[-26.698638,70.290432],[-26.935048,70.326117],[-27.903961,70.092434],[-28.57372,70.099677],[-27.976877,70.013495],[-27.594716,70.060492],[-27.473622,69.959784],[-27.283681,69.992011],[-27.102895,70.203315],[-26.909657,70.248725],[-26.326161,70.19831],[-25.305287,70.413235],[-25.247629,70.413479],[-25.359527,70.371649],[-25.272939,70.35932],[-25.343984,70.287014],[-25.000885,70.365627],[-23.863352,70.133734],[-22.109731,70.155219],[-22.296132,70.001288],[-23.278676,69.859687],[-22.917836,69.819281],[-22.99885,69.765611],[-23.33434,69.861518],[-23.389272,69.852607],[-23.256215,69.774563],[-23.929799,69.756008],[-23.579701,69.633124],[-23.814198,69.512274],[-24.308013,69.601752],[-24.085683,69.518704],[-24.149526,69.441352],[-24.094228,69.42829],[-24.342844,69.442532],[-24.479604,69.363023],[-24.707509,69.434516],[-24.758941,69.407782],[-24.61498,69.318427],[-24.745473,69.301581],[-24.649078,69.290473],[-24.675526,69.244615],[-25.190989,69.283677],[-25.258534,69.252753],[-24.99177,69.166938],[-25.327545,69.132799],[-25.242421,69.078681],[-25.293446,69.037258],[-25.656484,69.091864],[-25.553782,69.047187],[-25.656484,69.009345],[-25.445058,68.98078],[-25.701527,68.962144],[-25.598459,68.921129],[-25.625478,68.875881],[-25.789215,68.888577],[-25.944488,68.790229],[-26.235219,68.792629],[-26.325551,68.679145],[-26.743804,68.705227],[-27.022288,68.589545],[-27.324086,68.609687],[-27.259836,68.571031],[-27.314443,68.535102],[-27.582183,68.578559],[-27.722727,68.544257],[-27.602366,68.495429],[-27.742584,68.477525],[-27.980336,68.571112],[-28.007069,68.471015],[-28.356516,68.502875],[-28.253489,68.447577],[-28.507924,68.447577],[-28.663157,68.36164],[-29.172109,68.399807],[-29.096995,68.31037],[-29.447906,68.263373],[-29.395172,68.22427],[-29.895172,68.39643],[-30.069447,68.32099],[-29.993886,68.263373],[-30.049509,68.242174],[-30.272776,68.26557],[-30.008168,68.126044],[-30.145334,68.104967],[-30.337636,68.099351],[-30.394643,68.198188],[-30.67162,68.257554],[-30.816884,68.255805],[-30.49474,68.18476],[-30.437367,68.078559],[-31.12442,68.057196],[-31.403676,68.162746],[-31.474233,68.152777],[-31.431386,68.102525],[-31.693837,68.09927],[-31.748525,68.21426],[-31.528879,68.235907],[-31.969065,68.25609],[-32.145009,68.389065],[-32.131744,68.459784],[-32.314809,68.443508],[-32.370595,68.579088],[-32.487172,68.623928],[-32.424794,68.544827],[-32.540151,68.504136],[-32.50121,68.429023],[-32.234527,68.358832],[-32.070709,68.194322],[-32.451161,68.239],[-32.425201,68.195461],[-32.051503,68.155504],[-31.995595,68.05036],[-32.146392,68.05036],[-32.048695,67.939765],[-32.1787,67.92182],[-32.145131,67.875312],[-32.519154,67.872219],[-32.900258,67.701321],[-33.186106,67.700141],[-33.104156,67.598578],[-33.324045,67.562201],[-33.269887,67.478013],[-33.331858,67.368638],[-33.575917,67.380439],[-33.381744,67.261664],[-33.66808,67.223212],[-33.516265,67.200629],[-33.546132,67.103949],[-33.879994,67.015041],[-33.729156,67.00141],[-33.975657,66.994574],[-33.893666,66.967841],[-33.999135,66.954495],[-33.948313,66.926947],[-34.019399,66.839993],[-33.937001,66.780666],[-34.069163,66.808987],[-34.047597,66.75434],[-34.256459,66.584784],[-34.267405,66.650092],[-34.404449,66.645168],[-34.397328,66.707424],[-34.530507,66.638251],[-34.434316,66.5633],[-34.702463,66.41234],[-34.653961,66.371405],[-34.947987,66.291897],[-35.164866,66.399319],[-35.236806,66.323635],[-35.057729,66.273098],[-35.216379,66.241034],[-35.460317,66.327582],[-35.589345,66.289455],[-35.815582,66.436591],[-35.881093,66.419176],[-35.551503,66.241034],[-35.669911,66.224677],[-35.576283,66.155829],[-35.609364,66.11107],[-35.745025,66.199205],[-35.710601,66.123033],[-35.942494,66.103909],[-35.732045,66.096584],[-35.932973,66.074123],[-35.873647,66.056098],[-36.08967,65.932563],[-36.346588,65.987779],[-36.380686,65.92886],[-36.339752,66.075914],[-36.519521,66.084377],[-36.579986,66.07038],[-36.476959,66.049262],[-36.521637,65.990912],[-36.909006,65.932563],[-36.880849,65.869045],[-36.990142,65.841498],[-37.097035,65.959621],[-37.03185,66.05268],[-37.097971,66.050238],[-37.122914,65.904934],[-37.237294,65.905219],[-37.114369,65.816881],[-37.272084,65.830146],[-37.162221,65.782375],[-37.689809,65.946845],[-37.814809,65.883043],[-37.758697,66.066636],[-37.169667,66.316799],[-37.576283,66.32392],[-37.847483,66.440253],[-37.923411,66.37226],[-38.0985,66.394477],[-38.142974,66.359117],[-37.70759,66.273871],[-37.951894,66.25137],[-37.854237,66.199449],[-37.888417,66.158515],[-38.106679,66.114488],[-37.959625,66.075873],[-37.998931,65.938422],[-38.269643,65.905178],[-38.443959,66.021918],[-38.450754,65.912095],[-38.121449,65.815863],[-38.245839,65.637274],[-38.507924,65.60399],[-38.430287,65.679348],[-38.538319,65.710395],[-38.782053,65.664211],[-38.60733,65.590644],[-39.074534,65.555162],[-39.149648,65.672512],[-39.366444,65.721747],[-39.201812,65.607611],[-39.423411,65.54149],[-39.547597,65.619778],[-39.505279,65.65884],[-39.686635,65.679999],[-39.63561,65.624091],[-39.759389,65.64057],[-39.72936,65.565375],[-39.82844,65.501654],[-40.04719,65.583157],[-40.065338,65.519721],[-40.211659,65.508002],[-39.780263,65.398139],[-39.942006,65.368394],[-39.875885,65.271552],[-39.765981,65.267768],[-39.999989,65.200141],[-39.916819,65.165351],[-39.971588,65.145819],[-40.091176,65.166327],[-39.965688,65.107652],[-40.281361,65.001166],[-40.602773,65.145209],[-40.704457,65.055487],[-40.875803,65.096503]]],[[[-44.598012,59.964057],[-44.52831,59.987291],[-44.515289,59.956041],[-44.598012,59.964057]]],[[[-44.350982,59.984524],[-44.45401,60.008368],[-44.442942,60.137885],[-44.203684,60.053168],[-44.350982,59.984524]]],[[[-44.203603,60.107367],[-44.244985,60.147366],[-44.032094,60.055487],[-44.203603,60.107367]]],[[[-45.303782,60.142157],[-45.269683,60.184516],[-45.221262,60.170111],[-45.303782,60.142157]]],[[[-45.152943,60.382392],[-45.196401,60.269192],[-45.40099,60.189643],[-45.356801,60.374335],[-45.152943,60.382392]]],[[[-45.056142,60.382392],[-45.094065,60.447821],[-45.002105,60.450629],[-45.056142,60.382392]]],[[[-44.995269,60.413072],[-44.950429,60.452948],[-45.118235,60.313463],[-44.995269,60.413072]]],[[[-45.358388,60.477973],[-45.352284,60.45775],[-45.425038,60.426825],[-45.358388,60.477973]]],[[[-45.974721,60.669745],[-45.811635,60.67182],[-45.978505,60.623277],[-45.974721,60.669745]]],[[[-45.892812,60.697699],[-46.089426,60.64289],[-46.207509,60.676581],[-45.892812,60.697699]]],[[[-46.63268,60.752346],[-46.568349,60.774359],[-46.509145,60.752346],[-46.63268,60.752346]]],[[[-46.276357,60.772773],[-46.398834,60.725775],[-46.345286,60.690172],[-46.502349,60.703925],[-46.276357,60.772773]]],[[[-47.317942,60.813137],[-47.22232,60.786444],[-47.358876,60.79267],[-47.317942,60.813137]]],[[[-47.002594,60.806952],[-46.986806,60.776313],[-47.037465,60.794989],[-47.002594,60.806952]]],[[[-47.22232,60.813137],[-47.195058,60.827053],[-47.146596,60.813137],[-47.183176,60.799302],[-47.22232,60.813137]]],[[[-46.30309,60.820543],[-46.365305,60.784857],[-46.427235,60.800116],[-46.30309,60.820543]]],[[[-47.194407,60.84101],[-47.101145,60.868842],[-47.11734,60.82685],[-47.194407,60.84101]]],[[[-47.181386,60.8758],[-47.2447,60.844631],[-47.24767,60.868842],[-47.181386,60.8758]]],[[[-47.17394,60.882025],[-47.071523,60.930406],[-47.098053,60.899156],[-47.17394,60.882025]]],[[[-47.051015,60.895697],[-47.011871,60.926337],[-46.961659,60.930406],[-47.051015,60.895697]]],[[[-46.553863,60.796332],[-46.812652,60.753404],[-46.48351,60.890123],[-46.164133,60.911444],[-46.553863,60.796332]]],[[[-46.529652,60.991889],[-46.427235,60.978217],[-46.45108,60.926174],[-46.529652,60.991889]]],[[[-48.161122,61.057074],[-48.331451,61.059556],[-48.044097,61.067572],[-48.161122,61.057074]]],[[[-48.934804,61.265611],[-48.847035,61.304592],[-48.723134,61.293524],[-48.934804,61.265611]]],[[[-48.68871,61.369289],[-48.515533,61.336575],[-48.832997,61.341295],[-48.68871,61.369289]]],[[[-49.164784,61.701361],[-49.096913,61.63288],[-49.216624,61.656684],[-49.164784,61.701361]]],[[[-50.686106,63.099066],[-50.630727,63.093695],[-50.758412,63.068061],[-50.686106,63.099066]]],[[[-50.682688,63.123358],[-50.864247,63.105943],[-50.771962,63.19184],[-50.682688,63.123358]]],[[[-50.49767,63.174506],[-50.675852,63.136949],[-50.602203,63.204657],[-50.49767,63.174506]]],[[[-52.066762,64.164862],[-51.881665,64.167514],[-52.044735,64.104883],[-52.066762,64.164862]]],[[[-50.805531,64.527981],[-51.138661,64.263739],[-51.338612,64.245795],[-51.161855,64.301418],[-51.206776,64.337226],[-51.025258,64.521145],[-50.805531,64.527981]]],[[[-51.299306,64.380805],[-51.505116,64.383979],[-51.094146,64.569525],[-51.299306,64.380805]]],[[[-43.706695,59.902533],[-43.659169,59.883205],[-43.896718,59.792629],[-43.905873,59.871039],[-44.096099,59.808092],[-44.113393,59.860338],[-43.961334,59.978176],[-43.706695,59.902533]]],[[[-43.206451,59.970893],[-43.343861,59.917914],[-43.329213,59.995836],[-43.206451,59.970893]]],[[[-44.008412,59.99136],[-44.300526,59.875678],[-44.398793,59.90941],[-44.200103,60.027899],[-44.008412,59.99136]]],[[[-43.377187,59.99136],[-43.493723,59.911282],[-43.46935,60.026801],[-43.377187,59.99136]]],[[[-43.171702,60.07392],[-43.189524,59.995917],[-43.576405,60.080756],[-43.481435,60.039252],[-43.60261,59.925198],[-43.89977,59.992174],[-43.722483,60.062812],[-43.910797,60.047797],[-44.129628,60.142035],[-43.171702,60.07392]]],[[[-47.722035,60.759101],[-47.653066,60.759101],[-47.913726,60.684027],[-48.235951,60.800116],[-47.92927,60.836737],[-47.722035,60.759101]]],[[[-42.77477,60.902533],[-42.624257,60.895697],[-42.908925,60.876044],[-42.77477,60.902533]]],[[[-42.493886,61.451158],[-42.390289,61.485338],[-42.468088,61.43887],[-42.493886,61.451158]]],[[[-42.082387,61.87641],[-42.171783,61.80744],[-42.120229,61.790107],[-42.262685,61.753119],[-42.082387,61.87641]]],[[[-42.302113,62.574652],[-42.142649,62.527411],[-42.192983,62.485826],[-42.302113,62.574652]]],[[[-42.035268,62.767035],[-41.863271,62.745917],[-42.186147,62.739325],[-42.020904,62.725491],[-42.116567,62.684516],[-42.425649,62.725491],[-42.349355,62.8133],[-42.035268,62.767035]]],[[[-41.917958,62.814846],[-41.815541,62.80801],[-41.9558,62.838446],[-41.870107,62.829169],[-41.917958,62.814846]]],[[[-41.585846,63.010403],[-41.451772,63.014106],[-41.544545,62.893378],[-41.585846,63.010403]]],[[[-41.527496,63.081732],[-41.331899,63.084459],[-41.385487,63.047349],[-41.527496,63.081732]]],[[[-41.212148,63.157457],[-41.352122,63.125922],[-41.43517,63.210191],[-41.212148,63.157457]]],[[[-41.147043,63.284369],[-41.158803,63.218817],[-41.240102,63.287787],[-41.218129,63.237616],[-41.342193,63.284735],[-41.414784,63.232164],[-41.847401,63.432929],[-41.838938,63.48786],[-41.700022,63.499823],[-41.147043,63.284369]]],[[[-51.223297,63.513739],[-51.395863,63.466539],[-51.316396,63.529853],[-51.223297,63.513739]]],[[[-40.773346,63.64411],[-40.681304,63.654486],[-40.838124,63.634345],[-40.773346,63.64411]]],[[[-40.67101,64.219428],[-41.062001,64.226874],[-40.827138,64.313788],[-40.67101,64.219428]]],[[[-40.143422,64.487006],[-40.458567,64.48192],[-40.588124,64.696275],[-40.869537,64.904731],[-40.716542,64.932278],[-40.499623,64.829576],[-40.439198,64.740871],[-40.541005,64.715888],[-40.376129,64.616645],[-40.483388,64.62759],[-40.443471,64.565741],[-40.143422,64.487006]]],[[[-39.547231,65.319322],[-39.491607,65.288275],[-39.793609,65.322455],[-39.752797,65.376899],[-39.491607,65.322455],[-39.547231,65.319322]]],[[[-37.217437,65.583157],[-37.050893,65.577582],[-37.16926,65.532701],[-37.217437,65.583157]]],[[[-52.937611,65.65884],[-52.865142,65.609809],[-53.190826,65.57689],[-52.937611,65.65884]]],[[[-36.936269,65.679348],[-37.093739,65.608832],[-37.200063,65.673529],[-37.059478,65.730862],[-36.936269,65.679348]]],[[[-36.785512,65.87108],[-36.785512,65.761217],[-36.958363,65.804429],[-36.785512,65.87108]]],[[[-37.453969,65.792548],[-37.32311,65.701321],[-37.422922,65.631537],[-37.601064,65.596747],[-37.692779,65.654975],[-37.706654,65.57331],[-37.949818,65.624091],[-37.954335,65.796373],[-37.837758,65.861518],[-37.641184,65.905015],[-37.272084,65.761217],[-37.453969,65.792548]]],[[[-36.22997,65.919582],[-36.182769,65.884752],[-36.359609,65.821357],[-36.22997,65.919582]]],[[[-36.750722,65.905219],[-36.50475,65.929755],[-36.621938,65.79857],[-36.73705,65.802232],[-36.68342,65.840399],[-36.750722,65.905219]]],[[[-35.551503,66.206936],[-35.387034,66.248481],[-35.484486,66.184882],[-35.551503,66.206936]]],[[[-33.865712,66.823228],[-33.95226,66.795233],[-33.966461,66.854804],[-33.865712,66.823228]]],[[[-33.47525,67.186957],[-33.370269,67.208075],[-33.410471,67.152777],[-33.47525,67.186957]]],[[[-33.249379,67.357652],[-33.24649,67.305609],[-33.331288,67.337836],[-33.249379,67.357652]]],[[[-29.712717,68.221666],[-29.836252,68.145941],[-30.014394,68.21426],[-29.712717,68.221666]]],[[[-53.098053,68.454413],[-52.971791,68.440823],[-53.035553,68.46662],[-52.992258,68.495429],[-52.854482,68.424018],[-52.976877,68.363837],[-53.207916,68.399807],[-53.098053,68.454413]]],[[[-51.834096,68.605211],[-51.886342,68.604804],[-51.863922,68.612128],[-51.834096,68.605211]]],[[[-51.956899,68.635688],[-51.823354,68.637274],[-52.398427,68.56623],[-52.401235,68.616889],[-51.956899,68.635688]]],[[[-52.351064,68.642483],[-53.121938,68.571112],[-52.526112,68.715074],[-52.128285,68.707668],[-52.351064,68.642483]]],[[[-51.223297,69.914252],[-50.680531,69.870307],[-50.935902,69.742987],[-50.955434,69.578803],[-51.16747,69.511949],[-51.370025,69.695136],[-51.031117,69.868109],[-51.361073,69.852851],[-51.223297,69.914252]]],[[[-52.902903,69.34512],[-53.574452,69.235256],[-53.844635,69.265041],[-54.265736,69.395413],[-53.402984,69.439195],[-53.553944,69.509589],[-53.389882,69.571234],[-53.772857,69.458808],[-53.999623,69.502753],[-53.882924,69.585354],[-53.930084,69.603949],[-54.737375,69.589057],[-54.962473,69.676093],[-54.96349,69.732896],[-54.684885,69.756008],[-54.389394,69.681545],[-54.911855,69.820624],[-54.794097,69.879543],[-54.848744,69.907457],[-54.78661,69.965318],[-54.245961,69.913886],[-54.761342,70.035102],[-54.841908,70.174954],[-54.329742,70.324042],[-53.490346,70.242499],[-53.121938,70.153876],[-52.765289,69.948432],[-51.998158,69.80508],[-51.917551,69.729926],[-52.014027,69.679511],[-51.837473,69.643622],[-52.277699,69.446479],[-52.902903,69.34512]]],[[[-54.718984,70.379788],[-54.926503,70.374742],[-55.026357,70.476752],[-54.798655,70.457994],[-54.682118,70.413967],[-54.718984,70.379788]]],[[[-51.663075,70.723049],[-51.505116,70.674628],[-51.861318,70.723049],[-51.663075,70.723049]]],[[[-51.81664,70.942125],[-51.587758,70.888251],[-52.161366,70.891669],[-52.064524,70.978583],[-51.81664,70.942125]]],[[[-53.896596,71.082465],[-53.95401,71.17064],[-53.647043,71.313951],[-53.391347,71.154853],[-53.512441,71.037746],[-53.896596,71.082465]]],[[[-52.484853,71.264309],[-52.66161,71.168402],[-52.957428,71.154446],[-53.169545,71.303127],[-52.971791,71.387152],[-52.35143,71.309027],[-52.484853,71.264309]]],[[[-53.293853,71.538642],[-53.466908,71.634101],[-52.777211,71.665432],[-53.293853,71.538642]]],[[[-55.68692,71.917182],[-55.411041,71.894232],[-55.560862,71.821438],[-55.76476,71.867743],[-55.68692,71.917182]]],[[[-55.047963,72.318834],[-55.339101,72.176703],[-55.647043,72.179023],[-55.449859,72.258857],[-55.602854,72.277899],[-55.044057,72.383368],[-55.047963,72.318834]]],[[[-55.802113,72.689399],[-56.198354,72.688788],[-55.684804,72.78559],[-55.802113,72.689399]]],[[[-55.73941,72.614244],[-55.820953,72.617621],[-55.575551,72.765082],[-54.984609,72.82331],[-55.52892,72.555243],[-55.579213,72.575385],[-55.47997,72.614244],[-55.73941,72.614244]]],[[[-55.60969,73.036038],[-55.100413,72.980618],[-55.299713,72.922187],[-55.671295,72.986396],[-55.60969,73.036038]]],[[[-56.031117,73.570461],[-55.490346,73.452704],[-55.713938,73.394355],[-55.647572,73.419257],[-56.083892,73.553534],[-56.031117,73.570461]]],[[[-56.127065,73.827094],[-56.317006,73.786607],[-56.744781,73.868354],[-56.623891,73.923285],[-55.984853,73.855862],[-56.127065,73.827094]]],[[[-56.518219,74.494818],[-57.509511,74.481391],[-56.71288,74.560736],[-56.466868,74.512356],[-56.518219,74.494818]]],[[[-69.496653,76.592271],[-69.677724,76.53384],[-70.013783,76.556586],[-69.496653,76.592271]]],[[[-71.576283,77.390448],[-71.343495,77.376858],[-72.131825,77.321601],[-72.576812,77.411607],[-72.234242,77.458726],[-71.576283,77.390448]]],[[[-70.356597,77.417792],[-70.055002,77.40412],[-71.079945,77.377753],[-71.302602,77.452541],[-70.356597,77.417792]]],[[[-53.27477,82.172349],[-53.339467,82.258734],[-53.244985,82.29914],[-52.786773,82.317532],[-52.465199,82.199897],[-51.231435,82.013983],[-52.105214,81.995429],[-53.27477,82.172349]]],[[[-44.529164,82.413764],[-44.426137,82.358466],[-45.070424,82.222561],[-44.734609,82.098375],[-45.035024,82.059272],[-45.423411,82.184475],[-46.875966,82.360012],[-47.180735,82.511786],[-47.749867,82.625312],[-46.324208,82.678534],[-44.529164,82.413764]]],[[[-47.852162,82.783637],[-48.330922,82.791897],[-48.406606,82.868313],[-47.442047,82.810981],[-47.852162,82.783637]]],[[[-39.437611,83.10517],[-39.301259,83.096625],[-39.666493,82.99551],[-40.536244,83.150458],[-39.437611,83.10517]]],[[[-40.103342,83.056138],[-39.862172,82.982245],[-41.44872,83.161444],[-40.858062,83.172593],[-40.103342,83.056138]]],[[[-38.83434,83.174018],[-38.661692,83.127875],[-40.64859,83.322699],[-40.296051,83.350491],[-38.83434,83.174018]]],[[[-23.439687,69.742987],[-23.227773,69.683905],[-23.593373,69.715033],[-23.439687,69.742987]]],[[[-26.208323,70.565375],[-26.096262,70.529242],[-26.160024,70.465074],[-26.38268,70.489651],[-26.208323,70.565375]]],[[[-27.719065,70.739814],[-27.722768,70.888577],[-27.239858,70.894355],[-27.719065,70.739814]]],[[[-25.31725,70.746975],[-25.321523,70.653876],[-26.071156,70.531236],[-26.281809,70.584866],[-28.137359,70.45954],[-27.963368,70.631252],[-27.67809,70.65412],[-27.149648,70.877834],[-26.308909,70.938544],[-25.703765,71.085842],[-25.725453,70.990546],[-25.410064,70.92475],[-25.341176,70.825426],[-25.451527,70.797593],[-25.31725,70.746975]]],[[[-25.56192,71.107164],[-25.341176,71.078681],[-25.3756,71.056138],[-25.307688,71.017279],[-25.56192,71.107164]]],[[[-21.949086,72.428697],[-22.725901,72.453518],[-22.67516,72.36164],[-22.303049,72.25727],[-22.045318,72.271674],[-22.175282,72.213813],[-22.181874,72.13109],[-22.524892,72.134833],[-22.600209,72.154975],[-22.497792,72.209621],[-22.684641,72.171291],[-23.065094,72.310004],[-24.053293,72.442939],[-24.06314,72.53734],[-24.351796,72.591295],[-24.48526,72.826565],[-23.146799,72.840196],[-22.586741,72.607611],[-21.951731,72.488105],[-21.949086,72.428697]]],[[[-24.799916,72.915961],[-24.941396,72.779202],[-25.286855,72.834052],[-24.799916,72.915961]]],[[[-21.928619,72.737779],[-21.918935,72.684801],[-22.654042,72.698065],[-22.819569,72.818793],[-23.163319,72.877916],[-24.574127,72.927883],[-24.536488,72.991889],[-23.238271,73.075263],[-21.969594,72.943834],[-21.915842,72.922756],[-22.160268,72.822659],[-21.928619,72.737779]]],[[[-21.325917,73.148098],[-21.203521,73.146064],[-21.462514,73.121405],[-21.325917,73.148098]]],[[[-24.524281,73.047919],[-25.710439,73.189276],[-25.312367,73.320014],[-25.24352,73.411119],[-24.460072,73.425035],[-23.230214,73.251125],[-24.970448,73.325344],[-22.892445,73.158026],[-24.524281,73.047919]]],[[[-20.352691,74.251654],[-20.140248,74.213202],[-21.268666,74.087795],[-21.97997,74.225287],[-21.858062,74.343695],[-21.24706,74.457099],[-20.547597,74.409898],[-20.352691,74.251654]]],[[[-18.735219,74.632473],[-18.823354,74.547309],[-19.207509,74.576483],[-18.904897,74.675482],[-18.735219,74.632473]]],[[[-18.37149,74.711615],[-18.324452,74.652981],[-18.482574,74.629218],[-18.578359,74.714667],[-18.37149,74.711615]]],[[[-19.809967,74.890855],[-19.741119,74.881334],[-20.138254,74.699286],[-20.662587,74.805243],[-20.47997,75.039455],[-20.339101,75.054185],[-19.967152,74.984605],[-20.17512,74.938951],[-20.13858,74.901435],[-19.809967,74.890855]]],[[[-17.316965,75.136135],[-17.618398,74.935736],[-17.605946,74.991685],[-17.880116,75.035956],[-18.892649,74.999213],[-18.838206,75.263088],[-18.948069,75.334174],[-18.539622,75.375067],[-18.316803,75.299994],[-18.001454,75.41234],[-17.814361,75.321519],[-18.176869,75.246039],[-18.027333,75.232652],[-18.000722,75.148627],[-17.721669,75.081488],[-17.589915,75.152533],[-17.316965,75.136135]]],[[[-18.550282,76.054145],[-18.550282,75.944281],[-18.65331,75.903266],[-18.62914,75.961575],[-19.106435,76.473456],[-19.05724,76.593695],[-18.763173,76.588568],[-18.998891,76.636664],[-19.083648,76.718899],[-19.030019,76.759833],[-18.673411,76.655463],[-18.699208,76.343573],[-18.550282,76.054145]]],[[[-18.0065,77.636908],[-18.227162,77.637356],[-17.92809,77.857245],[-17.633534,77.827826],[-17.808909,77.655463],[-18.0065,77.636908]]],[[[-21.3815,77.864325],[-21.36852,77.927436],[-21.127756,77.990302],[-21.3815,77.864325]]],[[[-19.318023,77.883287],[-19.261342,77.808987],[-20.473541,77.948554],[-19.995717,77.999945],[-19.746653,77.894436],[-19.318023,77.883287]]],[[[-19.171376,77.995307],[-19.16393,78.076606],[-19.29483,78.104071],[-18.877675,78.144721],[-19.111562,77.932278],[-19.172678,77.918891],[-19.171376,77.995307]]],[[[-20.379506,78.136054],[-20.814605,78.174994],[-20.467641,78.249457],[-20.346506,78.182929],[-20.379506,78.136054]]],[[[-19.445058,78.200019],[-19.628407,78.25495],[-19.630035,78.364814],[-19.352406,78.21483],[-19.445058,78.200019]]],[[[-18.917836,78.443549],[-18.9051,78.341498],[-19.05663,78.292304],[-18.897084,78.242133],[-19.073801,78.185045],[-19.271108,78.230658],[-19.257436,78.384345],[-18.917836,78.443549]]],[[[-18.234934,78.616929],[-18.615875,78.532538],[-18.451527,78.625922],[-18.234934,78.616929]]],[[[-18.20519,78.736762],[-18.239858,78.785142],[-18.161773,78.829291],[-18.00475,78.779039],[-18.20519,78.736762]]],[[[-19.124379,78.710679],[-19.577056,78.748196],[-19.075673,78.931138],[-19.165273,78.895657],[-19.020741,78.868354],[-19.195139,78.792141],[-19.055409,78.792629],[-19.281361,78.765937],[-19.050771,78.752427],[-19.124379,78.710679]]],[[[-17.532948,79.032213],[-17.964955,78.955878],[-17.896637,78.969468],[-17.921457,79.06273],[-17.60554,79.193834],[-17.421539,79.136217],[-17.532948,79.032213]]],[[[-18.764272,79.973293],[-17.740834,80.091213],[-17.277496,80.013129],[-17.836293,79.742499],[-18.17394,79.693671],[-19.393137,79.8487],[-18.956207,79.929429],[-18.985911,80.002997],[-18.764272,79.973293]]],[[[-19.522857,80.03026],[-19.704091,80.057563],[-19.349924,80.213202],[-18.737131,80.13817],[-19.522857,80.03026]]],[[[-17.732818,81.595649],[-18.281484,81.718492],[-17.793772,81.746161],[-17.365956,81.611274],[-17.732818,81.595649]]],[[[-19.459584,81.953192],[-19.658193,82.094062],[-19.260365,82.09101],[-18.63093,81.819729],[-19.045033,81.8251],[-19.459584,81.953192]]],[[[-66.775624,80.598578],[-66.952789,80.634833],[-66.593088,80.621487],[-66.775624,80.598578]]],[[[-66.320505,80.820258],[-66.373118,80.824897],[-66.297963,80.826524],[-66.320505,80.820258]]]]}},{"type":"Feature","properties":{"iso3":"CUW","name":"Curaçao","continent":"Americas"},"geometry":{"type":"Polygon","coordinates":[[[-68.780751,12.097805],[-68.739735,12.053046],[-68.769846,12.042914],[-68.814809,12.043158],[-68.893422,12.090522],[-68.944732,12.105618],[-68.977773,12.124579],[-69.007436,12.148179],[-69.027211,12.19009],[-69.078603,12.20425],[-69.12267,12.269029],[-69.159535,12.293362],[-69.163808,12.361884],[-69.171742,12.378892],[-69.166127,12.387844],[-69.156239,12.390611],[-69.107777,12.367825],[-69.071523,12.341376],[-69.040761,12.256049],[-69.004018,12.221666],[-68.961293,12.201361],[-68.835276,12.171047],[-68.82079,12.16234],[-68.804026,12.117011],[-68.780751,12.097805]]]}},{"type":"Feature","properties":{"iso3":"ABW","name":"Aruba","continent":"Americas"},"geometry":{"type":"Polygon","coordinates":[[[-69.996938,12.577582],[-69.924672,12.519232],[-69.915761,12.497016],[-69.880198,12.453559],[-69.87682,12.427395],[-69.888092,12.41767],[-69.930531,12.425971],[-69.945139,12.440375],[-69.924672,12.440375],[-69.924672,12.447211],[-69.958567,12.463202],[-70.027659,12.522935],[-70.058095,12.537177],[-70.060374,12.556952],[-70.048736,12.583726],[-70.061106,12.625393],[-70.048736,12.632148],[-69.996938,12.577582]]]}},{"type":"Feature","properties":{"iso3":"BHS","name":"The Bahamas","continent":"Americas"},"geometry":{"type":"MultiPolygon","coordinates":[[[[-72.999572,21.451708],[-73.053046,21.424904],[-73.052174,21.447796],[-73.076234,21.506796],[-73.024037,21.532172],[-72.991526,21.561998],[-72.959457,21.533128],[-72.910438,21.50485],[-72.91465,21.485062],[-72.933429,21.473452],[-72.970766,21.469428],[-72.999572,21.451708]]],[[[-73.13915,22.363349],[-73.166005,22.374213],[-73.145375,22.396877],[-73.151112,22.403957],[-73.140696,22.431545],[-73.142242,22.451361],[-73.131703,22.45954],[-73.106068,22.433498],[-73.09081,22.431586],[-73.070221,22.445258],[-73.039906,22.439032],[-72.963735,22.39765],[-72.939931,22.396877],[-72.953603,22.418606],[-72.920277,22.402899],[-72.892812,22.404283],[-72.861684,22.386868],[-72.820465,22.383775],[-72.783315,22.353217],[-72.754994,22.349677],[-72.746165,22.331285],[-72.750885,22.311225],[-72.779449,22.288235],[-72.797231,22.293647],[-72.864003,22.349921],[-72.897572,22.36225],[-72.957021,22.355902],[-72.988352,22.370185],[-73.07372,22.342231],[-73.13915,22.363349]]],[[[-73.468736,22.587662],[-73.558853,22.611723],[-73.501186,22.61093],[-73.478462,22.601164],[-73.468736,22.587662]]],[[[-73.647071,21.061555],[-73.645173,21.080533],[-73.667861,21.104998],[-73.667833,21.115223],[-73.633445,21.099702],[-73.552887,21.130204],[-73.545794,21.149743],[-73.514604,21.186867],[-73.492626,21.182086],[-73.472768,21.192694],[-73.433339,21.193264],[-73.412913,21.205146],[-73.389882,21.233303],[-73.379791,21.208197],[-73.343834,21.165413],[-73.255152,21.13506],[-73.211024,21.158074],[-73.160961,21.169863],[-73.053049,21.329291],[-73.033762,21.340399],[-73.012196,21.332017],[-73.004628,21.314439],[-73.03393,21.156731],[-73.097594,21.0814],[-73.129821,20.993663],[-73.225564,20.952463],[-73.26891,20.958726],[-73.317291,20.937649],[-73.310658,20.950507],[-73.325435,20.961338],[-73.346922,20.963827],[-73.398957,20.935761],[-73.43342,20.937649],[-73.492614,20.924457],[-73.536811,20.941236],[-73.600819,20.946519],[-73.631421,20.936681],[-73.64511,20.912399],[-73.651612,20.913781],[-73.676141,20.935162],[-73.682261,20.985785],[-73.703209,21.019766],[-73.69991,21.026871],[-73.670094,21.029793],[-73.653335,21.039886],[-73.647071,21.061555]]],[[[-74.283762,22.67182],[-74.28893,22.643744],[-74.317535,22.602484],[-74.385569,22.541449],[-74.376698,22.584377],[-74.312001,22.638332],[-74.283762,22.67182]]],[[[-73.995717,22.657538],[-74.016225,22.684882],[-73.97525,22.67182],[-73.964508,22.691474],[-73.934316,22.698472],[-73.934316,22.705959],[-73.954742,22.720201],[-73.903147,22.719672],[-73.851715,22.733303],[-73.844879,22.720201],[-73.879709,22.67182],[-73.883697,22.689846],[-73.899526,22.698472],[-73.887807,22.67182],[-73.876943,22.665473],[-73.865387,22.67182],[-73.858632,22.657172],[-73.849477,22.582465],[-73.831207,22.541449],[-73.848378,22.537584],[-73.865387,22.480048],[-73.928375,22.430121],[-73.961578,22.370185],[-74.013783,22.330064],[-74.119374,22.296861],[-74.194163,22.216864],[-74.24474,22.200385],[-74.276967,22.171536],[-74.27245,22.225735],[-74.222524,22.225531],[-74.183909,22.254096],[-74.193715,22.273912],[-74.167063,22.288235],[-74.181304,22.301907],[-74.103342,22.332424],[-74.079172,22.35517],[-74.083852,22.390611],[-74.013336,22.405829],[-73.986928,22.457506],[-73.907704,22.479438],[-73.880198,22.502916],[-73.870839,22.535305],[-73.885894,22.575588],[-73.913442,22.594468],[-73.984527,22.595608],[-74.031239,22.623684],[-74.017445,22.645494],[-73.995717,22.657538]]],[[[-74.286855,22.733303],[-74.351959,22.822659],[-74.344553,22.836249],[-74.310414,22.843166],[-74.27009,22.822659],[-74.228505,22.815823],[-74.200551,22.794664],[-74.193715,22.761176],[-74.177968,22.761705],[-74.167063,22.746894],[-74.090688,22.733303],[-74.098134,22.746894],[-74.016225,22.720201],[-74.090688,22.657538],[-74.10497,22.67182],[-74.104075,22.6883],[-74.148427,22.677802],[-74.222279,22.695624],[-74.248931,22.720201],[-74.27831,22.693183],[-74.283762,22.69538],[-74.278147,22.72842],[-74.286855,22.733303]]],[[[-73.666168,23.089545],[-73.755238,23.072984],[-73.797353,23.073798],[-73.816965,23.103827],[-73.741851,23.096991],[-73.685699,23.102484],[-73.666168,23.096991],[-73.666168,23.089545]]],[[[-75.653554,23.459459],[-75.576975,23.445868],[-75.539784,23.42768],[-75.523834,23.404853],[-75.637318,23.435492],[-75.653554,23.459459]]],[[[-75.798207,23.538642],[-75.782541,23.507554],[-75.744944,23.482733],[-75.661041,23.452623],[-75.675364,23.438544],[-75.742991,23.466946],[-75.793772,23.470526],[-75.812734,23.47956],[-75.804433,23.500434],[-75.859242,23.537543],[-75.873362,23.528388],[-75.945465,23.588039],[-75.987701,23.600816],[-76.03718,23.596625],[-76.03718,23.603461],[-76.003041,23.614],[-76.031484,23.668524],[-76.023549,23.679185],[-75.98998,23.685981],[-75.957183,23.654853],[-75.90807,23.645006],[-75.921742,23.631415],[-75.856313,23.567288],[-75.798207,23.538642]]],[[[-74.85912,22.980292],[-74.847035,22.97012],[-74.833404,22.91413],[-74.832021,22.874945],[-74.839955,22.859931],[-74.858062,22.870551],[-74.865346,22.904527],[-74.878977,22.897773],[-74.885487,22.923814],[-74.914052,22.970852],[-74.924428,23.011705],[-74.978017,23.072943],[-75.104888,23.099555],[-75.229644,23.171454],[-75.21581,23.198228],[-75.201731,23.206244],[-75.15331,23.165229],[-75.187408,23.171454],[-75.170277,23.14997],[-75.146474,23.144761],[-75.106109,23.117499],[-75.068471,23.116645],[-75.139638,23.202826],[-75.135854,23.229804],[-75.112945,23.281317],[-75.120351,23.331936],[-75.131663,23.35578],[-75.146474,23.370754],[-75.160756,23.357001],[-75.159047,23.380601],[-75.196889,23.410142],[-75.194895,23.432115],[-75.226877,23.447252],[-75.222239,23.459459],[-75.242502,23.474311],[-75.250071,23.49018],[-75.256337,23.535142],[-75.276845,23.582953],[-75.286488,23.587633],[-75.311594,23.576809],[-75.304758,23.624945],[-75.310455,23.63939],[-75.33141,23.623969],[-75.311594,23.645006],[-75.324127,23.648668],[-75.35261,23.623969],[-75.334584,23.653144],[-75.33141,23.685981],[-75.311594,23.672349],[-75.252919,23.582953],[-75.221303,23.556057],[-75.194895,23.514106],[-75.182729,23.446438],[-75.153228,23.4112],[-75.094065,23.305325],[-75.076894,23.171698],[-75.059967,23.141669],[-75.031606,23.123358],[-74.94636,23.093736],[-74.909657,23.067328],[-74.844838,23.000149],[-74.85912,22.980292]]],[[[-74.900054,23.706488],[-74.849721,23.72012],[-74.812367,23.719672],[-74.777211,23.699652],[-74.793691,23.671332],[-74.803782,23.664049],[-74.824941,23.664944],[-74.818715,23.651068],[-74.860748,23.657904],[-74.872792,23.672349],[-74.94164,23.658677],[-74.945383,23.681586],[-74.938629,23.694322],[-74.900054,23.706488]]],[[[-76.325185,23.974026],[-76.374989,24.046576],[-76.397613,24.092515],[-76.401479,24.117377],[-76.37678,24.101386],[-76.318959,23.980211],[-76.325185,23.974026]]],[[[-74.468658,24.021796],[-74.492299,23.960395],[-74.558095,23.953559],[-74.529652,24.011054],[-74.529693,24.100409],[-74.518707,24.114936],[-74.464833,24.143948],[-74.427113,24.083238],[-74.43456,24.045396],[-74.475494,23.980211],[-74.468658,24.021796]]],[[[-77.880686,24.186265],[-77.962554,24.152167],[-77.976226,24.186835],[-77.973378,24.196194],[-77.940582,24.19359],[-77.935862,24.20307],[-77.850006,24.251451],[-77.798695,24.254584],[-77.80842,24.239447],[-77.853912,24.234687],[-77.880686,24.186265]]],[[[-77.92162,24.26203],[-77.936391,24.261542],[-77.942616,24.253119],[-77.935862,24.22724],[-77.990468,24.22724],[-78.016916,24.24844],[-77.9322,24.275702],[-77.92162,24.26203]]],[[[-76.463002,24.213609],[-76.493153,24.218817],[-76.535268,24.268378],[-76.544911,24.295559],[-76.52953,24.287421],[-76.503896,24.247748],[-76.471669,24.227607],[-76.463002,24.213609]]],[[[-77.524973,23.933051],[-77.51651,23.91885],[-77.522613,23.881008],[-77.517486,23.864163],[-77.534576,23.828559],[-77.547922,23.822252],[-77.572743,23.829413],[-77.545481,23.788398],[-77.565907,23.740668],[-77.59732,23.730618],[-77.668324,23.761135],[-77.651112,23.741929],[-77.660878,23.72016],[-77.668324,23.72016],[-77.684926,23.741441],[-77.714589,23.748725],[-77.778188,23.746812],[-77.744049,23.761135],[-77.749094,23.778266],[-77.67516,23.761135],[-77.658925,23.79206],[-77.591298,23.824897],[-77.576161,23.835842],[-77.576161,23.847113],[-77.594065,23.853461],[-77.703114,23.788398],[-77.696278,23.782213],[-77.720204,23.784817],[-77.744293,23.816392],[-77.764556,23.823188],[-77.665598,23.863471],[-77.660878,23.88467],[-77.694814,23.864691],[-77.798695,23.856676],[-77.812856,23.876654],[-77.827463,23.943915],[-77.822581,23.980211],[-77.837229,23.984809],[-77.833485,24.021796],[-77.866526,24.047553],[-77.860097,24.06273],[-77.942047,24.096869],[-77.929067,24.111233],[-77.909088,24.105292],[-77.910797,24.131334],[-77.902333,24.144721],[-77.853912,24.165839],[-77.83967,24.206732],[-77.79247,24.213609],[-77.755727,24.259263],[-77.714426,24.275092],[-77.67516,24.302965],[-77.650217,24.260159],[-77.631215,24.249091],[-77.702463,24.190253],[-77.757721,24.172593],[-77.757721,24.165839],[-77.732533,24.15705],[-77.758534,24.140774],[-77.723541,24.117377],[-77.707672,24.123725],[-77.70226,24.112738],[-77.729848,24.042629],[-77.744049,24.035468],[-77.725453,24.030666],[-77.709584,24.043687],[-77.678538,24.101752],[-77.647857,24.137885],[-77.63915,24.206488],[-77.627349,24.221096],[-77.607533,24.218248],[-77.549469,24.125922],[-77.537994,24.045396],[-77.545481,24.004381],[-77.524973,23.970364],[-77.542226,23.945624],[-77.597076,23.930365],[-77.600697,23.905097],[-77.545033,23.936591],[-77.524973,23.933051]]],[[[-77.76769,24.326606],[-77.786855,24.314602],[-77.799794,24.317288],[-77.804433,24.327216],[-77.758046,24.359361],[-77.719228,24.371731],[-77.696156,24.367092],[-77.682444,24.352769],[-77.690338,24.338446],[-77.719838,24.350775],[-77.737538,24.349677],[-77.76769,24.326606]]],[[[-75.314687,24.217353],[-75.290435,24.144721],[-75.335805,24.158515],[-75.379872,24.158393],[-75.42512,24.14997],[-75.458404,24.127916],[-75.483144,24.125718],[-75.509918,24.142076],[-75.521311,24.162584],[-75.463612,24.185614],[-75.433909,24.213609],[-75.414662,24.213121],[-75.405751,24.240302],[-75.410064,24.272895],[-75.48058,24.309394],[-75.534006,24.389228],[-75.5419,24.417467],[-75.561106,24.443427],[-75.571523,24.488756],[-75.58849,24.512641],[-75.614369,24.526597],[-75.647369,24.528957],[-75.642649,24.5515],[-75.65274,24.588365],[-75.756581,24.660305],[-75.753,24.676011],[-75.732167,24.698635],[-75.708852,24.700181],[-75.626332,24.645006],[-75.61262,24.562445],[-75.572011,24.522691],[-75.532216,24.444892],[-75.476064,24.370592],[-75.40038,24.323472],[-75.369618,24.268256],[-75.314687,24.217353]]],[[[-77.47997,24.99136],[-77.495107,24.999335],[-77.545481,25.001899],[-77.561879,25.018866],[-77.551015,25.038031],[-77.52717,25.054389],[-77.456044,25.076972],[-77.339996,25.083808],[-77.263824,25.058092],[-77.274729,25.046088],[-77.379506,25.001532],[-77.435618,25.014879],[-77.466786,24.987006],[-77.47997,24.99136]]],[[[-78.353586,24.659247],[-78.335072,24.672838],[-78.340566,24.693427],[-78.327463,24.710639],[-78.311431,24.71011],[-78.297922,24.696845],[-78.293324,24.65884],[-78.303456,24.630316],[-78.330149,24.606431],[-78.326324,24.585395],[-78.319,24.581732],[-78.277252,24.601264],[-78.269114,24.609198],[-78.271637,24.631334],[-78.252187,24.622789],[-78.254262,24.566148],[-78.237701,24.556871],[-78.228261,24.569485],[-78.230702,24.610826],[-78.201731,24.598782],[-78.196523,24.60399],[-78.197133,24.618354],[-78.223256,24.645006],[-78.223256,24.672309],[-78.251129,24.700181],[-78.264027,24.739325],[-78.278472,24.734361],[-78.26415,24.710517],[-78.264801,24.672309],[-78.304067,24.728217],[-78.292144,24.775336],[-78.239613,24.826361],[-78.243723,24.85102],[-78.208119,24.861802],[-78.182932,24.918687],[-78.17394,24.919623],[-78.189687,24.946682],[-78.157704,25.00019],[-78.16926,25.073228],[-78.214345,25.184638],[-78.202748,25.206732],[-78.149566,25.19953],[-78.122182,25.183173],[-78.107045,25.163072],[-78.090443,25.159491],[-78.045155,25.183092],[-77.98766,25.152248],[-77.976877,25.138414],[-77.99177,25.122789],[-77.994293,25.10517],[-77.96996,25.076972],[-77.986562,25.012885],[-77.98058,25.001899],[-77.947255,24.991156],[-77.934193,24.976223],[-77.873362,24.838568],[-77.829172,24.778225],[-77.783518,24.748236],[-77.737213,24.700181],[-77.737782,24.657701],[-77.75357,24.602037],[-77.723541,24.535102],[-77.718739,24.499823],[-77.727895,24.474189],[-77.751088,24.458482],[-77.804107,24.448798],[-77.833485,24.419094],[-77.86384,24.415432],[-77.871693,24.406806],[-77.860097,24.384914],[-77.87206,24.373765],[-77.908559,24.350775],[-77.973378,24.340522],[-78.012766,24.314154],[-78.017812,24.306098],[-78.011708,24.281887],[-78.027455,24.272854],[-78.05191,24.288723],[-78.080149,24.379462],[-78.134145,24.403957],[-78.140859,24.433498],[-78.134429,24.501614],[-78.180043,24.464911],[-78.22643,24.465481],[-78.351633,24.530463],[-78.430531,24.601793],[-78.442983,24.624498],[-78.389801,24.646715],[-78.378407,24.66942],[-78.353586,24.659247]]],[[[-76.161285,25.165717],[-76.131256,25.147773],[-76.112904,25.114895],[-76.126576,25.005316],[-76.130605,24.994859],[-76.154449,24.981391],[-76.157948,24.962144],[-76.136952,24.902167],[-76.146148,24.834215],[-76.174957,24.785875],[-76.17398,24.677314],[-76.161285,24.645006],[-76.194488,24.658393],[-76.23644,24.754828],[-76.315256,24.79267],[-76.336334,24.814927],[-76.33373,24.824164],[-76.317454,24.825263],[-76.21935,24.810045],[-76.182444,24.848782],[-76.175771,24.894517],[-76.205963,24.864081],[-76.210927,24.901028],[-76.196604,24.963446],[-76.154449,25.005316],[-76.147043,25.083808],[-76.164947,25.129828],[-76.263743,25.193671],[-76.346262,25.303534],[-76.371571,25.322496],[-76.489613,25.351304],[-76.530832,25.370429],[-76.591217,25.422553],[-76.630523,25.433254],[-76.712758,25.446926],[-76.769399,25.424058],[-76.784495,25.426418],[-76.759511,25.450019],[-76.745513,25.489244],[-76.729848,25.563625],[-76.736684,25.563625],[-76.675201,25.556789],[-76.690989,25.525946],[-76.688873,25.48786],[-76.673166,25.506659],[-76.64391,25.467353],[-76.624582,25.46247],[-76.460927,25.35456],[-76.351633,25.338609],[-76.284169,25.261908],[-76.223704,25.208075],[-76.161285,25.165717]]],[[[-77.819203,25.707587],[-77.831451,25.708686],[-77.880483,25.768988],[-77.887318,25.78144],[-77.880686,25.789537],[-77.858266,25.777289],[-77.819203,25.707587]]],[[[-77.537994,26.306586],[-77.572743,26.268704],[-77.567047,26.291002],[-77.579579,26.337592],[-77.537994,26.306586]]],[[[-78.590077,26.5362],[-78.65577,26.497788],[-78.686132,26.491911],[-78.766839,26.508104],[-78.834557,26.553651],[-78.997874,26.701321],[-78.978383,26.699408],[-78.835805,26.614569],[-78.80606,26.577826],[-78.770375,26.583325],[-78.738155,26.570809],[-78.714289,26.57052],[-78.637979,26.609731],[-78.592193,26.673048],[-78.573633,26.684159],[-78.575942,26.69477],[-78.600006,26.708197],[-78.641591,26.714993],[-78.607411,26.755927],[-78.593821,26.810533],[-78.5572,26.778551],[-78.539174,26.739203],[-78.520257,26.728995],[-78.437816,26.699821],[-78.417059,26.704749],[-78.319984,26.686527],[-78.287082,26.685492],[-78.273615,26.703583],[-78.25293,26.712942],[-78.202641,26.697159],[-78.167051,26.7104],[-78.118948,26.704328],[-78.055409,26.72602],[-77.971669,26.72956],[-77.956288,26.735419],[-77.931142,26.770494],[-77.915395,26.776435],[-77.920806,26.716946],[-77.902943,26.681586],[-77.90217,26.662421],[-77.910553,26.646308],[-77.929067,26.639228],[-77.975413,26.66177],[-78.040761,26.658433],[-78.237706,26.621325],[-78.293386,26.6213],[-78.521474,26.57038],[-78.590077,26.5362]]],[[[-77.812367,26.906806],[-77.909779,26.904039],[-77.962554,26.893052],[-77.913442,26.920966],[-77.868153,26.928412],[-77.774485,26.927232],[-77.629791,26.904202],[-77.606842,26.920396],[-77.553578,26.898017],[-77.511301,26.869534],[-77.327952,26.709133],[-77.283681,26.689683],[-77.2506,26.68769],[-77.272613,26.673],[-77.305247,26.674018],[-77.269887,26.625067],[-77.243886,26.6105],[-77.182769,26.600287],[-77.155263,26.58808],[-77.070546,26.53852],[-77.049794,26.516343],[-77.042144,26.481838],[-77.058583,26.467841],[-77.058827,26.423245],[-77.046254,26.396308],[-77.017201,26.385972],[-77.031565,26.355292],[-77.01651,26.311713],[-77.032704,26.297431],[-77.058827,26.290432],[-77.051991,26.309638],[-77.084462,26.306138],[-77.115305,26.290432],[-77.164947,26.245429],[-77.174387,26.220689],[-77.192209,26.068996],[-77.190745,25.916327],[-77.226674,25.885077],[-77.253041,25.89761],[-77.276235,25.926011],[-77.29898,25.977932],[-77.315053,25.990953],[-77.388173,26.005439],[-77.408274,26.029731],[-77.373931,26.035468],[-77.35912,26.045885],[-77.34789,26.070624],[-77.308949,26.080634],[-77.272369,26.118313],[-77.223297,26.145819],[-77.236318,26.183661],[-77.256418,26.203925],[-77.258046,26.214748],[-77.230133,26.258734],[-77.233388,26.298],[-77.250356,26.313056],[-77.218617,26.355292],[-77.228627,26.376939],[-77.230133,26.447455],[-77.215443,26.447699],[-77.196197,26.462877],[-77.186431,26.505927],[-77.157948,26.53144],[-77.153554,26.549465],[-77.160715,26.564195],[-77.219553,26.582424],[-77.312164,26.594672],[-77.329742,26.60456],[-77.353017,26.646064],[-77.350087,26.669013],[-77.370107,26.697903],[-77.390859,26.68769],[-77.426991,26.695136],[-77.43399,26.705512],[-77.428131,26.721177],[-77.444692,26.755072],[-77.490224,26.82331],[-77.534413,26.863186],[-77.578481,26.871161],[-77.614329,26.856513],[-77.638051,26.859931],[-77.696848,26.877346],[-77.754628,26.879462],[-77.812367,26.906806]]],[[[-79.514027,23.495673],[-79.517568,23.494045],[-79.538401,23.51024],[-79.514027,23.495673]]],[[[-79.563344,23.546698],[-79.552887,23.533759],[-79.59435,23.574652],[-79.563344,23.546698]]],[[[-79.268707,25.53856],[-79.26651,25.537828],[-79.262115,25.528062],[-79.264312,25.528795],[-79.268707,25.53856]]],[[[-79.28893,25.559149],[-79.288442,25.562974],[-79.279897,25.547797],[-79.28893,25.559149]]],[[[-75.722076,22.202582],[-75.714711,22.182929],[-75.734364,22.175035],[-75.749745,22.204535],[-75.733022,22.199774],[-75.739491,22.222846],[-75.722076,22.202582]]],[[[-75.745961,22.236029],[-75.753407,22.237372],[-75.751861,22.263251],[-75.745961,22.236029]]],[[[-75.811676,22.371568],[-75.805491,22.347602],[-75.823638,22.385728],[-75.811676,22.371568]]],[[[-73.618177,22.60125],[-73.605983,22.609494],[-73.593794,22.601993],[-73.607618,22.577255],[-73.625498,22.574258],[-73.618177,22.60125]]],[[[-75.109039,23.84691],[-75.105784,23.831448],[-75.117421,23.815131],[-75.123647,23.831],[-75.117299,23.845445],[-75.109039,23.84691]]],[[[-77.869211,24.346829],[-77.832834,24.349555],[-77.848622,24.327582],[-77.867299,24.319485],[-77.883697,24.327338],[-77.883616,24.341132],[-77.869211,24.346829]]],[[[-76.774322,24.538642],[-76.772572,24.51911],[-76.789296,24.5185],[-76.792388,24.54914],[-76.784657,24.552965],[-76.774322,24.538642]]],[[[-77.864125,25.407904],[-77.906728,25.409084],[-77.892405,25.418687],[-77.85912,25.419257],[-77.839589,25.434963],[-77.842152,25.423245],[-77.864125,25.407904]]],[[[-79.250071,25.774726],[-79.24592,25.734565],[-79.266957,25.732489],[-79.265533,25.761623],[-79.291575,25.733832],[-79.293853,25.720689],[-79.258046,25.699042],[-79.26183,25.693752],[-79.300649,25.697943],[-79.301259,25.716864],[-79.280344,25.757229],[-79.250071,25.774726]]],[[[-77.244252,26.478461],[-77.23762,26.474066],[-77.241038,26.442816],[-77.254547,26.438137],[-77.278228,26.465806],[-77.26183,26.477851],[-77.244252,26.478461]]],[[[-77.853831,26.600775],[-77.837514,26.613511],[-77.85558,26.57274],[-77.868398,26.56387],[-77.893137,26.602607],[-77.857574,26.611762],[-77.853098,26.607001],[-77.862416,26.596625],[-77.853831,26.600775]]],[[[-76.770186,25.551304],[-76.745895,25.545036],[-76.749813,25.539551],[-76.787424,25.541901],[-76.770186,25.551304]]],[[[-76.828954,25.531715],[-76.809364,25.529364],[-76.828954,25.516827],[-76.87205,25.506641],[-76.872834,25.514476],[-76.857162,25.523879],[-76.828954,25.531715]]]]}},{"type":"Feature","properties":{"iso3":"TCA","name":"Turks and Caicos Islands","continent":"Americas"},"geometry":{"type":"MultiPolygon","coordinates":[[[[-72.460764,21.70539],[-72.43342,21.709215],[-72.433258,21.680121],[-72.452016,21.644965],[-72.481313,21.630316],[-72.463368,21.664944],[-72.460764,21.70539]]],[[[-71.507965,21.70539],[-71.573232,21.735297],[-71.590566,21.753811],[-71.576283,21.766832],[-71.54308,21.746527],[-71.480946,21.725491],[-71.461781,21.710842],[-71.451894,21.690172],[-71.459584,21.664455],[-71.471262,21.662177],[-71.507965,21.70539]]],[[[-71.802846,21.787909],[-71.83552,21.79149],[-71.848012,21.819403],[-71.850657,21.856269],[-71.809397,21.839993],[-71.720326,21.835761],[-71.678782,21.841864],[-71.655181,21.823228],[-71.63093,21.774319],[-71.648061,21.779608],[-71.679311,21.822089],[-71.645172,21.746405],[-71.668528,21.750434],[-71.686147,21.774319],[-71.699818,21.759996],[-71.715443,21.787299],[-71.741119,21.794908],[-71.802846,21.787909]]],[[[-72.337229,21.800971],[-72.330434,21.862454],[-72.23176,21.793362],[-72.179596,21.800971],[-72.146311,21.827135],[-72.124379,21.815253],[-72.159088,21.774319],[-72.165273,21.794827],[-72.193267,21.781155],[-72.179596,21.774319],[-72.194447,21.766913],[-72.234242,21.766832],[-72.234242,21.781155],[-72.273834,21.75141],[-72.29186,21.748928],[-72.30309,21.774319],[-72.281239,21.761542],[-72.274241,21.763617],[-72.275136,21.774319],[-72.316151,21.794827],[-72.315419,21.770819],[-72.337229,21.759996],[-72.339508,21.766669],[-72.309926,21.822089],[-72.337229,21.800971]]],[[[-72.021962,21.904608],[-72.025014,21.932563],[-72.036244,21.938788],[-72.017445,21.956936],[-71.949941,21.959215],[-71.911041,21.948432],[-71.903391,21.866523],[-71.88858,21.846177],[-71.857411,21.843166],[-71.877309,21.828315],[-71.894643,21.83218],[-71.954254,21.866929],[-71.959218,21.889797],[-71.940012,21.925116],[-71.947581,21.94245],[-71.991933,21.899888],[-72.021962,21.904608]]],[[[-71.138092,21.513617],[-71.128896,21.472235],[-71.133616,21.446479],[-71.144887,21.431627],[-71.15099,21.472846],[-71.138092,21.513617]]],[[[-71.687815,21.299791],[-71.674062,21.306545],[-71.695872,21.290107],[-71.687815,21.299791]]],[[[-71.634348,21.318793],[-71.628814,21.324368],[-71.634674,21.294501],[-71.640859,21.302965],[-71.634348,21.318793]]],[[[-71.209828,21.341376],[-71.192494,21.335028],[-71.213694,21.310614],[-71.219228,21.314358],[-71.209828,21.341376]]],[[[-71.49828,21.569403],[-71.496327,21.507392],[-71.504262,21.494045],[-71.520985,21.489325],[-71.537587,21.499457],[-71.539703,21.516547],[-71.508941,21.527818],[-71.508778,21.551663],[-71.49828,21.569403]]],[[[-72.124908,21.854641],[-72.116282,21.853746],[-72.133046,21.847642],[-72.124908,21.854641]]],[[[-72.094797,21.882514],[-72.089508,21.885443],[-72.087066,21.872748],[-72.09968,21.864569],[-72.094797,21.882514]]]]}},{"type":"Feature","properties":{"iso3":"SPM","name":"Saint Pierre and Miquelon","continent":"Americas"},"geometry":{"type":"MultiPolygon","coordinates":[[[[-56.15095,46.793647],[-56.165191,46.772528],[-56.144765,46.765692],[-56.16808,46.75727],[-56.221913,46.754625],[-56.240305,46.765692],[-56.191884,46.806627],[-56.147532,46.807847],[-56.15095,46.793647]]],[[[-56.273793,46.895453],[-56.235504,46.872016],[-56.249257,46.842271],[-56.346262,46.783596],[-56.370676,46.7862],[-56.377919,46.799018],[-56.375111,46.813951],[-56.396352,46.836371],[-56.342763,46.875556],[-56.328277,46.914944],[-56.336781,46.95425],[-56.388173,47.051825],[-56.395904,47.113593],[-56.366282,47.140204],[-56.342763,47.135647],[-56.371693,47.116156],[-56.371165,47.105902],[-56.357004,47.094672],[-56.304799,47.083157],[-56.253326,47.053697],[-56.256012,47.018012],[-56.280344,46.989691],[-56.29186,46.985419],[-56.312164,46.998358],[-56.350209,46.994615],[-56.345774,46.979926],[-56.308583,46.971747],[-56.311757,46.900133],[-56.273793,46.895453]]]]}},{"type":"Feature","properties":{"iso3":"TTO","name":"Trinidad and Tobago","continent":"Americas"},"geometry":{"type":"MultiPolygon","coordinates":[[[[-61.002268,10.699368],[-61.020863,10.702704],[-61.032704,10.683539],[-61.036977,10.624905],[-61.013539,10.534491],[-61.04247,10.509955],[-61.02302,10.394843],[-60.998443,10.355943],[-60.961293,10.330024],[-60.990224,10.299262],[-61.002797,10.247545],[-60.996002,10.138251],[-61.017486,10.14289],[-61.041575,10.135647],[-61.09968,10.095201],[-61.19164,10.073798],[-61.253,10.083645],[-61.338694,10.069322],[-61.41747,10.076158],[-61.503082,10.069322],[-61.544097,10.076158],[-61.622914,10.05565],[-61.686187,10.08161],[-61.793324,10.084133],[-61.817047,10.081366],[-61.88976,10.042304],[-61.907216,10.04206],[-61.9287,10.056464],[-61.918935,10.070014],[-61.881947,10.090481],[-61.838531,10.09984],[-61.805898,10.13288],[-61.669057,10.184027],[-61.639312,10.210069],[-61.639638,10.240668],[-61.626943,10.24726],[-61.506581,10.240668],[-61.481923,10.255683],[-61.462148,10.282213],[-61.459625,10.309719],[-61.470815,10.359361],[-61.482655,10.370998],[-61.476186,10.389309],[-61.487945,10.430121],[-61.468984,10.480862],[-61.462148,10.558173],[-61.472279,10.594875],[-61.496246,10.624905],[-61.488881,10.631049],[-61.577626,10.679918],[-61.656361,10.689765],[-61.667592,10.706773],[-61.602122,10.747748],[-61.561147,10.74433],[-61.490102,10.754625],[-61.460439,10.774359],[-61.455312,10.76203],[-61.447865,10.76203],[-61.447865,10.775702],[-61.437001,10.765855],[-61.441721,10.754584],[-61.43342,10.756537],[-61.391835,10.775621],[-61.366567,10.802965],[-61.180084,10.797553],[-61.154856,10.816474],[-61.078521,10.830959],[-60.948842,10.845282],[-60.907297,10.837144],[-60.949778,10.763495],[-61.002268,10.699368]]],[[[-60.530507,11.35106],[-60.523061,11.343655],[-60.522084,11.318834],[-60.53303,11.266506],[-60.550364,11.26911],[-60.556508,11.254096],[-60.585113,11.25552],[-60.60204,11.231431],[-60.647125,11.204169],[-60.681304,11.207099],[-60.759511,11.172919],[-60.803334,11.143256],[-60.810414,11.159247],[-60.825429,11.151801],[-60.847524,11.163967],[-60.845204,11.179145],[-60.809926,11.19066],[-60.794342,11.21662],[-60.681304,11.296454],[-60.595815,11.327297],[-60.560374,11.321194],[-60.530507,11.35106]]]]}},{"type":"Feature","properties":{"iso3":"GRD","name":"Grenada","continent":"Americas"},"geometry":{"type":"MultiPolygon","coordinates":[[[[-61.612945,12.214423],[-61.602773,12.182929],[-61.606313,12.133775],[-61.619781,12.10456],[-61.61384,12.08039],[-61.631581,12.044094],[-61.674428,12.02204],[-61.674428,12.029486],[-61.682973,12.025377],[-61.694936,12.002834],[-61.729644,12.015815],[-61.756947,12.003404],[-61.790517,12.008368],[-61.749501,12.036322],[-61.745961,12.05093],[-61.756418,12.087836],[-61.729644,12.166653],[-61.671457,12.23607],[-61.627675,12.236721],[-61.606028,12.223375],[-61.612945,12.214423]]],[[[-61.428049,12.454657],[-61.445668,12.459784],[-61.496246,12.440375],[-61.482655,12.468329],[-61.496246,12.468329],[-61.488881,12.482001],[-61.467275,12.475572],[-61.428049,12.529731],[-61.42162,12.513373],[-61.428049,12.454657]]]]}},{"type":"Feature","properties":{"iso3":"VCT","name":"Saint Vincent and the Grenadines","continent":"Americas"},"geometry":{"type":"MultiPolygon","coordinates":[[[[-61.194,13.036851],[-61.242421,12.974799],[-61.255483,12.986721],[-61.277211,12.988471],[-61.277211,12.995917],[-61.239613,12.995795],[-61.249257,13.016343],[-61.201487,13.051174],[-61.194,13.036851]]],[[[-61.167348,13.146064],[-61.185211,13.132514],[-61.210194,13.144192],[-61.271352,13.18651],[-61.279368,13.215888],[-61.276682,13.249905],[-61.262929,13.276435],[-61.270375,13.290107],[-61.243398,13.294379],[-61.212026,13.368883],[-61.187123,13.380439],[-61.144032,13.374091],[-61.123931,13.308254],[-61.12442,13.246975],[-61.13801,13.186916],[-61.167348,13.146064]]],[[[-61.441396,12.607896],[-61.426625,12.591864],[-61.455922,12.586086],[-61.456776,12.604438],[-61.441396,12.607896]]],[[[-61.319407,12.733791],[-61.314361,12.720893],[-61.328359,12.699449],[-61.333892,12.69359],[-61.353098,12.696479],[-61.333974,12.708564],[-61.335357,12.7272],[-61.319407,12.733791]]],[[[-61.191762,12.868232],[-61.183176,12.88349],[-61.174957,12.881781],[-61.187611,12.856391],[-61.191762,12.868232]]]]}},{"type":"Feature","properties":{"iso3":"BRB","name":"Barbados","continent":"Americas"},"geometry":{"type":"Polygon","coordinates":[[[-59.42691,13.160386],[-59.430043,13.125922],[-59.50886,13.057318],[-59.536122,13.051174],[-59.545969,13.067694],[-59.564443,13.07803],[-59.608144,13.084662],[-59.621571,13.09398],[-59.646067,13.160386],[-59.654205,13.295111],[-59.645131,13.323717],[-59.612864,13.34455],[-59.594472,13.334784],[-59.53661,13.231391],[-59.491811,13.197943],[-59.438629,13.174872],[-59.42691,13.160386]]]}},{"type":"Feature","properties":{"iso3":"LCA","name":"Saint Lucia","continent":"Americas"},"geometry":{"type":"Polygon","coordinates":[[[-60.88679,14.010077],[-60.883046,13.954413],[-60.89509,13.877346],[-60.892201,13.833197],[-60.907297,13.77733],[-60.927113,13.769924],[-60.940785,13.722113],[-60.955068,13.714667],[-60.973378,13.739],[-61.048166,13.76732],[-61.074208,13.798733],[-61.070058,13.832099],[-61.078521,13.879788],[-61.059478,13.93122],[-61.026601,13.987372],[-61.002268,14.023139],[-60.98233,14.03734],[-60.976064,14.061184],[-60.947621,14.102281],[-60.933461,14.111884],[-60.914133,14.105699],[-60.918609,14.088446],[-60.892974,14.064683],[-60.88679,14.010077]]]}},{"type":"Feature","properties":{"iso3":"DMA","name":"Dominica","continent":"Americas"},"geometry":{"type":"Polygon","coordinates":[[[-61.362864,15.201809],[-61.374094,15.20482],[-61.37328,15.266425],[-61.39094,15.296291],[-61.399566,15.351142],[-61.421213,15.41474],[-61.472076,15.481391],[-61.475209,15.517768],[-61.488922,15.535712],[-61.488881,15.545071],[-61.462148,15.572984],[-61.488881,15.57925],[-61.468984,15.633857],[-61.425933,15.628485],[-61.384633,15.588365],[-61.35733,15.598293],[-61.307688,15.57925],[-61.268625,15.509914],[-61.25768,15.472602],[-61.262929,15.407904],[-61.249257,15.401068],[-61.256663,15.285346],[-61.277211,15.25023],[-61.318186,15.243394],[-61.328725,15.225572],[-61.362864,15.201809]]]}},{"type":"Feature","properties":{"iso3":"MSR","name":"Montserrat","continent":"Americas"},"geometry":{"type":"Polygon","coordinates":[[[-62.147369,16.744289],[-62.151763,16.724514],[-62.140533,16.696479],[-62.14977,16.681789],[-62.167877,16.67536],[-62.218861,16.688707],[-62.230133,16.727607],[-62.202016,16.819322],[-62.174672,16.813137],[-62.179311,16.794501],[-62.147369,16.744289]]]}},{"type":"Feature","properties":{"iso3":"ATG","name":"Antigua and Barbuda","continent":"Americas"},"geometry":{"type":"MultiPolygon","coordinates":[[[[-61.883616,17.049018],[-61.882436,17.078803],[-61.8662,17.086859],[-61.894154,17.100531],[-61.842356,17.124416],[-61.848785,17.149482],[-61.825266,17.168769],[-61.793365,17.164944],[-61.77302,17.126532],[-61.756418,17.114163],[-61.743316,17.141506],[-61.729848,17.127997],[-61.708608,17.127834],[-61.729644,17.114163],[-61.725087,17.09984],[-61.714833,17.093085],[-61.680653,17.100531],[-61.667592,17.079413],[-61.694936,17.079413],[-61.67219,17.057563],[-61.685699,17.028551],[-61.733998,17.034857],[-61.729644,17.001166],[-61.737131,16.989244],[-61.776845,17.018541],[-61.81786,17.00495],[-61.851715,17.007636],[-61.883656,17.026272],[-61.89037,17.035386],[-61.883616,17.049018]]],[[[-61.838938,17.593329],[-61.851796,17.586575],[-61.857289,17.600979],[-61.859364,17.641791],[-61.87385,17.691148],[-61.873036,17.710639],[-61.838938,17.655422],[-61.84317,17.620185],[-61.831451,17.613837],[-61.825022,17.657945],[-61.831207,17.680487],[-61.856435,17.701077],[-61.851674,17.720282],[-61.837799,17.727688],[-61.81786,17.703192],[-61.831451,17.696357],[-61.784291,17.696357],[-61.754262,17.668769],[-61.735911,17.634914],[-61.727773,17.588446],[-61.736399,17.554023],[-61.77066,17.545559],[-61.776967,17.563422],[-61.794749,17.576117],[-61.838938,17.593329]]],[[[-62.345589,16.93914],[-62.343059,16.935063],[-62.347065,16.93197],[-62.345589,16.93914]]]]}},{"type":"Feature","properties":{"iso3":"KNA","name":"Saint Kitts and Nevis","continent":"Americas"},"geometry":{"type":"MultiPolygon","coordinates":[[[[-62.599233,17.202948],[-62.560374,17.196723],[-62.546498,17.183783],[-62.536773,17.129706],[-62.547597,17.104641],[-62.612172,17.104153],[-62.626373,17.140692],[-62.618642,17.182807],[-62.599233,17.202948]]],[[[-62.650461,17.265611],[-62.624827,17.241848],[-62.624745,17.225287],[-62.647043,17.21719],[-62.659739,17.225491],[-62.670481,17.26317],[-62.703359,17.28913],[-62.756947,17.292304],[-62.831614,17.330146],[-62.861073,17.362291],[-62.853139,17.394721],[-62.819569,17.415839],[-62.71996,17.358547],[-62.695465,17.333238],[-62.66686,17.273505],[-62.650461,17.265611]]]]}},{"type":"Feature","properties":{"iso3":"VIR","name":"United States Virgin Islands","continent":"Americas"},"geometry":{"type":"MultiPolygon","coordinates":[[[[-64.559397,17.751614],[-64.585194,17.748969],[-64.670522,17.717231],[-64.895172,17.682766],[-64.887847,17.699897],[-64.887685,17.755276],[-64.876454,17.775865],[-64.838694,17.764838],[-64.771637,17.792629],[-64.689768,17.744778],[-64.6669,17.762885],[-64.630971,17.770331],[-64.591786,17.768297],[-64.559397,17.75845],[-64.559397,17.751614]]],[[[-64.700994,18.342976],[-64.708161,18.340145],[-64.697423,18.32654],[-64.704005,18.30331],[-64.73623,18.319753],[-64.786367,18.315222],[-64.801285,18.328253],[-64.786365,18.349772],[-64.751736,18.361689],[-64.755913,18.369057],[-64.746955,18.37359],[-64.682472,18.356003],[-64.66039,18.336723],[-64.700994,18.342976]]],[[[-64.871637,18.314623],[-64.878839,18.304441],[-64.921859,18.322555],[-64.930834,18.33955],[-64.935023,18.330486],[-64.944586,18.336714],[-64.981643,18.335558],[-64.993621,18.348024],[-65.025309,18.338926],[-65.041493,18.353658],[-64.986643,18.374823],[-64.926019,18.366154],[-64.950028,18.386599],[-64.854984,18.340129],[-64.84008,18.317489],[-64.871637,18.314623]]]]}},{"type":"Feature","properties":{"iso3":"BLM","name":"Saint Barthelemy","continent":"Americas"},"geometry":{"type":"Polygon","coordinates":[[[-62.838857,17.881985],[-62.861318,17.905422],[-62.866119,17.929145],[-62.791656,17.915473],[-62.810129,17.892279],[-62.838857,17.881985]]]}},{"type":"Feature","properties":{"iso3":"PRI","name":"Puerto Rico","continent":"Americas"},"geometry":{"type":"MultiPolygon","coordinates":[[[[-67.855865,18.114691],[-67.844146,18.097561],[-67.873158,18.053453],[-67.891957,18.053453],[-67.931142,18.080512],[-67.937815,18.094224],[-67.919749,18.114488],[-67.855865,18.114691]]],[[[-65.347727,18.114691],[-65.356597,18.12287],[-65.484242,18.087348],[-65.565094,18.09394],[-65.580434,18.122138],[-65.540151,18.123765],[-65.478505,18.15705],[-65.398549,18.169338],[-65.351064,18.155707],[-65.298573,18.153713],[-65.275746,18.137152],[-65.309804,18.135199],[-65.347727,18.114691]]],[[[-65.278798,18.279202],[-65.33434,18.337104],[-65.309438,18.340766],[-65.256663,18.32392],[-65.244618,18.306545],[-65.25829,18.306545],[-65.251454,18.299709],[-65.270416,18.301418],[-65.285553,18.313951],[-65.27481,18.289008],[-65.278798,18.279202]]],[[[-65.628814,18.279202],[-65.632924,18.266913],[-65.625803,18.259833],[-65.603702,18.262861],[-65.606587,18.25361],[-65.591764,18.230885],[-65.603533,18.21527],[-65.633363,18.229183],[-65.636995,18.21857],[-65.627235,18.205929],[-65.636831,18.198097],[-65.665517,18.208441],[-65.737538,18.182685],[-65.790289,18.113973],[-65.793142,18.087631],[-65.806996,18.070299],[-65.840484,18.056342],[-65.830269,18.026907],[-65.887178,17.987727],[-65.939117,17.970526],[-66.004994,17.977525],[-66.046539,17.963853],[-66.084096,17.963853],[-66.163238,17.929145],[-66.204213,17.922919],[-66.210439,17.936591],[-66.197011,17.944403],[-66.210439,17.957099],[-66.241363,17.937323],[-66.292592,17.945746],[-66.30663,17.963853],[-66.328114,17.972317],[-66.367665,17.96601],[-66.396148,17.947252],[-66.416493,17.949612],[-66.469146,17.992662],[-66.559885,17.977525],[-66.592519,17.963568],[-66.608266,17.97134],[-66.622548,17.963853],[-66.629384,17.975165],[-66.687408,17.97134],[-66.724965,17.984361],[-66.76594,17.984361],[-66.765126,17.998033],[-66.774037,18.002183],[-66.80012,17.991848],[-66.80012,17.984361],[-66.786448,17.984361],[-66.817698,17.95897],[-66.86148,17.949612],[-66.924224,17.949612],[-66.930409,17.929145],[-66.949127,17.93122],[-66.985707,17.963853],[-67.067006,17.972561],[-67.111969,17.949612],[-67.15856,17.954569],[-67.180467,17.966118],[-67.191221,17.957994],[-67.184192,17.935072],[-67.195073,17.935682],[-67.214771,17.966335],[-67.214349,17.994144],[-67.163197,18.022528],[-67.176869,18.032701],[-67.202875,18.035716],[-67.202134,18.054358],[-67.185693,18.070427],[-67.193877,18.097302],[-67.183245,18.107689],[-67.173695,18.176174],[-67.151858,18.203392],[-67.171198,18.22487],[-67.196512,18.291339],[-67.236906,18.299862],[-67.270842,18.361826],[-67.268825,18.3689],[-67.198394,18.393704],[-67.159451,18.420911],[-67.170007,18.48602],[-67.151682,18.508938],[-67.101715,18.522773],[-67.048451,18.521145],[-67.012359,18.505764],[-66.907316,18.485325],[-66.803456,18.498277],[-66.736806,18.48314],[-66.640859,18.496405],[-66.587799,18.484036],[-66.507069,18.486396],[-66.467437,18.475287],[-66.382395,18.491441],[-66.303863,18.468817],[-66.258127,18.481513],[-66.20519,18.465399],[-66.193989,18.473587],[-66.180898,18.471503],[-66.161584,18.453298],[-66.144085,18.468702],[-66.134145,18.465888],[-66.13747,18.452756],[-66.118081,18.443027],[-66.108469,18.42064],[-66.060211,18.429389],[-66.060211,18.436835],[-66.09496,18.447699],[-66.121631,18.47347],[-66.0121,18.443962],[-65.988881,18.46308],[-65.920438,18.445889],[-65.904826,18.455925],[-65.892812,18.453599],[-65.8308,18.428697],[-65.812606,18.410405],[-65.788347,18.423249],[-65.796307,18.405028],[-65.772027,18.41457],[-65.755002,18.391041],[-65.738107,18.382365],[-65.724849,18.391267],[-65.698015,18.371111],[-65.6632,18.366414],[-65.629384,18.391059],[-65.621409,18.389065],[-65.630767,18.332831],[-65.628814,18.279202]]]]}},{"type":"Feature","properties":{"iso3":"AIA","name":"Anguilla","continent":"Americas"},"geometry":{"type":"MultiPolygon","coordinates":[[[[-63.007395,18.273017],[-62.972646,18.275865],[-63.000559,18.227362],[-63.099517,18.176174],[-63.11384,18.189846],[-63.13683,18.173407],[-63.167836,18.169338],[-63.134348,18.204088],[-63.085846,18.217719],[-63.038197,18.267727],[-63.007395,18.273017]]],[[[-63.427968,18.592841],[-63.428822,18.601264],[-63.423573,18.600043],[-63.427968,18.592841]]],[[[-62.958205,18.289422],[-62.947665,18.297251],[-62.925682,18.289723],[-62.956699,18.274365],[-62.958205,18.289422]]],[[[-63.252031,18.27297],[-63.262631,18.282028],[-63.236035,18.282992],[-63.252031,18.27297]]],[[[-63.184504,18.268047],[-63.179494,18.266506],[-63.192213,18.268818],[-63.184504,18.268047]]],[[[-63.17429,18.264578],[-63.168316,18.26188],[-63.174097,18.262073],[-63.17429,18.264578]]]]}},{"type":"Feature","properties":{"iso3":"VGB","name":"British Virgin Islands","continent":"Americas"},"geometry":{"type":"MultiPolygon","coordinates":[[[[-64.635121,18.405504],[-64.659685,18.383072],[-64.714128,18.386203],[-64.700509,18.39807],[-64.682554,18.399548],[-64.661821,18.440416],[-64.641705,18.451158],[-64.560161,18.454103],[-64.527199,18.449118],[-64.516845,18.43929],[-64.520129,18.434123],[-64.548596,18.440271],[-64.583323,18.416327],[-64.613393,18.422553],[-64.635121,18.405504]]],[[[-64.380605,18.480902],[-64.408193,18.456692],[-64.443349,18.443061],[-64.411733,18.49136],[-64.415395,18.511949],[-64.402415,18.505764],[-64.326039,18.511949],[-64.334299,18.497056],[-64.380605,18.480902]]],[[[-64.336537,18.72427],[-64.380523,18.726142],[-64.398671,18.732082],[-64.408559,18.744696],[-64.320302,18.746243],[-64.285064,18.734076],[-64.270741,18.70067],[-64.336537,18.72427]]],[[[-64.569447,18.357978],[-64.56786,18.337388],[-64.600738,18.35163],[-64.569447,18.357978]]],[[[-64.729807,18.453437],[-64.724233,18.442694],[-64.730336,18.437893],[-64.773997,18.442288],[-64.768422,18.449652],[-64.729807,18.453437]]],[[[-64.532704,18.494127],[-64.529164,18.476386],[-64.536529,18.462388],[-64.539459,18.482856],[-64.532704,18.494127]]]]}},{"type":"Feature","properties":{"iso3":"JAM","name":"Jamaica","continent":"Americas"},"geometry":{"type":"Polygon","coordinates":[[[-76.263743,18.012356],[-76.234039,17.953925],[-76.187978,17.915473],[-76.307362,17.870103],[-76.325185,17.874498],[-76.311513,17.894965],[-76.329579,17.888658],[-76.345611,17.865871],[-76.363026,17.860826],[-76.414906,17.877509],[-76.444936,17.866767],[-76.523549,17.860256],[-76.602773,17.867621],[-76.613149,17.874498],[-76.622711,17.905015],[-76.654775,17.929145],[-76.707672,17.94595],[-76.7801,17.934801],[-76.832265,17.936591],[-76.832265,17.943427],[-76.722401,17.949612],[-76.747467,17.963446],[-76.798164,17.96342],[-76.849967,17.992276],[-76.874005,17.950349],[-76.887156,17.951856],[-76.912828,17.861287],[-76.942128,17.833564],[-76.983062,17.846584],[-77.038319,17.846584],[-77.038319,17.85399],[-77.017201,17.860826],[-77.064198,17.899482],[-77.093007,17.902493],[-77.141652,17.881134],[-77.161977,17.840766],[-77.154408,17.813056],[-77.181711,17.799994],[-77.174916,17.778266],[-77.19636,17.783393],[-77.216461,17.772121],[-77.180328,17.75788],[-77.140736,17.765286],[-77.130605,17.727688],[-77.133656,17.710435],[-77.178944,17.704169],[-77.216054,17.716702],[-77.320872,17.812445],[-77.417714,17.861721],[-77.441029,17.864651],[-77.480621,17.843736],[-77.50182,17.841946],[-77.588368,17.860989],[-77.730702,17.854804],[-77.795562,17.891547],[-77.816151,17.939195],[-77.83967,17.949612],[-77.84557,18.017035],[-77.871002,18.025946],[-77.956288,18.032172],[-77.987864,18.095364],[-78.020579,18.113105],[-78.050282,18.185126],[-78.075185,18.198432],[-78.148793,18.196682],[-78.193756,18.203925],[-78.234039,18.193183],[-78.340728,18.221869],[-78.370269,18.248114],[-78.374664,18.26557],[-78.34732,18.292222],[-78.345815,18.335517],[-78.335439,18.36343],[-78.30663,18.374661],[-78.288401,18.394355],[-78.271637,18.389065],[-78.261301,18.417385],[-78.230621,18.444241],[-78.194976,18.455471],[-78.16926,18.436835],[-78.154408,18.453518],[-78.097239,18.443061],[-78.032541,18.450629],[-77.96996,18.443061],[-77.930287,18.502021],[-77.902333,18.518785],[-77.81607,18.523424],[-77.66454,18.491929],[-77.56725,18.49018],[-77.454986,18.475328],[-77.408274,18.457343],[-77.376536,18.465155],[-77.272613,18.459377],[-77.236318,18.450507],[-77.223297,18.429389],[-77.209625,18.436835],[-77.164947,18.429389],[-77.137359,18.408922],[-77.051991,18.416327],[-77.007314,18.402086],[-76.894919,18.409251],[-76.887827,18.400552],[-76.890948,18.376441],[-76.812754,18.32801],[-76.798329,18.29206],[-76.782826,18.277818],[-76.695709,18.26557],[-76.647328,18.23078],[-76.597158,18.227748],[-76.554799,18.204088],[-76.479726,18.204088],[-76.463002,18.182359],[-76.351145,18.155992],[-76.346262,18.135199],[-76.295806,18.079169],[-76.263743,18.012356]]]}},{"type":"Feature","properties":{"iso3":"CYM","name":"Cayman Islands","continent":"Americas"},"geometry":{"type":"MultiPolygon","coordinates":[[[[-81.136098,19.354885],[-81.099517,19.347317],[-81.089508,19.335395],[-81.086586,19.309927],[-81.106677,19.295317],[-81.1351,19.290742],[-81.169504,19.299563],[-81.233458,19.289234],[-81.266469,19.266059],[-81.357882,19.274094],[-81.387486,19.263864],[-81.397939,19.274156],[-81.385503,19.338858],[-81.390326,19.35226],[-81.416542,19.370028],[-81.408346,19.390212],[-81.394124,19.394761],[-81.375722,19.388983],[-81.378585,19.375817],[-81.36059,19.340104],[-81.364045,19.319946],[-81.349718,19.302114],[-81.303498,19.309055],[-81.293813,19.334377],[-81.273305,19.327582],[-81.27953,19.341783],[-81.273305,19.334377],[-81.273305,19.348049],[-81.286285,19.368476],[-81.211822,19.348049],[-81.136098,19.354885]]],[[[-80.03783,19.704035],[-80.008736,19.703951],[-79.981028,19.714301],[-79.964263,19.704901],[-80.077968,19.65402],[-80.113155,19.65866],[-80.062088,19.700682],[-80.03783,19.704035]]],[[[-79.871889,19.704636],[-79.7459,19.757631],[-79.731516,19.752102],[-79.726643,19.737063],[-79.773893,19.713364],[-79.893754,19.679673],[-79.871889,19.704636]]]]}},{"type":"Feature","properties":{"iso3":"BMU","name":"Bermuda","continent":"Americas"},"geometry":{"type":"MultiPolygon","coordinates":[[[[-64.676096,32.388658],[-64.647631,32.368228],[-64.65577,32.350399],[-64.691428,32.363965],[-64.708094,32.351562],[-64.704993,32.343035],[-64.677862,32.334508],[-64.809253,32.256217],[-64.834058,32.248077],[-64.860801,32.248853],[-64.876304,32.257767],[-64.885994,32.282572],[-64.876634,32.278912],[-64.879793,32.30544],[-64.86894,32.308928],[-64.858088,32.297688],[-64.869806,32.279785],[-64.867002,32.272883],[-64.848786,32.270945],[-64.863131,32.269008],[-64.8577,32.254666],[-64.832895,32.259705],[-64.780914,32.287543],[-64.805377,32.293425],[-64.813967,32.303978],[-64.780141,32.303412],[-64.740263,32.324044],[-64.718558,32.323656],[-64.705381,32.336059],[-64.713132,32.342648],[-64.734739,32.327702],[-64.74166,32.333073],[-64.736387,32.34381],[-64.676096,32.388658]]],[[[-64.815454,32.288774],[-64.799951,32.283347],[-64.829795,32.281797],[-64.832508,32.287223],[-64.815454,32.288774]]]]}},{"type":"Feature","properties":{"iso3":"SGS","name":"South Georgia and the Islands","continent":"Americas"},"geometry":{"type":"MultiPolygon","coordinates":[[[[-27.252919,-59.458266],[-27.249989,-59.44671],[-27.231313,-59.438246],[-27.13683,-59.437188],[-27.152943,-59.470798],[-27.214223,-59.471856],[-27.252919,-59.458266]]],[[[-27.328603,-59.437188],[-27.316477,-59.466567],[-27.30134,-59.471938],[-27.371409,-59.455824],[-27.399241,-59.443617],[-27.407216,-59.431736],[-27.377065,-59.423517],[-27.330922,-59.424574],[-27.328603,-59.437188]]],[[[-26.62975,-59.005955],[-26.595041,-59.001886],[-26.562652,-59.007908],[-26.499379,-59.033136],[-26.569447,-59.064142],[-26.629791,-59.062758],[-26.653676,-59.045587],[-26.657053,-59.023696],[-26.62975,-59.005955]]],[[[-26.259836,-58.4367],[-26.239329,-58.467706],[-26.246205,-58.498712],[-26.301015,-58.477227],[-26.430287,-58.452407],[-26.457834,-58.42669],[-26.430898,-58.385024],[-26.312367,-58.382094],[-26.276845,-58.386895],[-26.246205,-58.40252],[-26.259836,-58.4367]]],[[[-26.424306,-57.812758],[-26.478749,-57.802667],[-26.513051,-57.772556],[-26.45873,-57.738458],[-26.437978,-57.744561],[-26.41686,-57.778741],[-26.356028,-57.786228],[-26.424306,-57.812758]]],[[[-26.732818,-57.05934],[-26.713206,-57.048435],[-26.690338,-57.050551],[-26.650258,-57.079767],[-26.663889,-57.086684],[-26.732818,-57.05934]]],[[[-27.150502,-56.675714],[-27.112213,-56.685968],[-27.094228,-56.695896],[-27.092437,-56.706476],[-27.164174,-56.724216],[-27.20759,-56.713149],[-27.211985,-56.69964],[-27.204579,-56.690199],[-27.150502,-56.675714]]],[[[-27.609771,-56.292169],[-27.593332,-56.277276],[-27.572499,-56.272556],[-27.527903,-56.284763],[-27.527903,-56.292169],[-27.569,-56.320571],[-27.609771,-56.292169]]],[[[-37.083079,-54.465916],[-37.068267,-54.464288],[-37.048736,-54.474542],[-37.018178,-54.503351],[-37.063059,-54.51393],[-37.086497,-54.510837],[-37.086497,-54.503351],[-37.06664,-54.503351],[-37.107574,-54.489679],[-37.109975,-54.476983],[-37.083079,-54.465916]]],[[[-38.087026,-54.003676],[-38.077992,-53.991957],[-38.062367,-53.988051],[-38.026194,-53.989435],[-38.087026,-54.003676]]],[[[-35.908803,-54.68727],[-35.93578,-54.68906],[-35.914784,-54.715265],[-35.87149,-54.736912],[-35.784291,-54.757257],[-35.784291,-54.764744],[-35.810943,-54.772068],[-35.835113,-54.790704],[-35.887318,-54.784438],[-35.907338,-54.80462],[-35.937367,-54.809991],[-35.997182,-54.79811],[-36.075551,-54.766697],[-36.106435,-54.764744],[-36.083974,-54.78338],[-36.04308,-54.794122],[-36.010854,-54.818617],[-35.953481,-54.827813],[-35.922027,-54.852227],[-35.963043,-54.845961],[-35.958079,-54.861912],[-35.985178,-54.866957],[-36.004018,-54.852227],[-36.004018,-54.87949],[-36.04898,-54.873305],[-36.072621,-54.887302],[-36.115956,-54.884535],[-36.134389,-54.866469],[-36.106435,-54.859063],[-36.147369,-54.845961],[-36.192372,-54.811212],[-36.271555,-54.770929],[-36.273061,-54.756606],[-36.283437,-54.758477],[-36.298818,-54.743585],[-36.294993,-54.728448],[-36.312327,-54.690362],[-36.346425,-54.654229],[-36.421742,-54.593357],[-36.478017,-54.576349],[-36.480458,-54.55755],[-36.463287,-54.53753],[-36.499013,-54.510512],[-36.541819,-54.496515],[-36.570139,-54.496677],[-36.600819,-54.513767],[-36.62914,-54.514907],[-36.684316,-54.476983],[-36.785512,-54.448663],[-36.809967,-54.448989],[-36.800282,-54.403253],[-36.847279,-54.383559],[-36.888499,-54.379815],[-36.881012,-54.372979],[-36.901479,-54.366795],[-36.89566,-54.356622],[-36.860504,-54.352634],[-36.884511,-54.336358],[-37.014475,-54.343438],[-37.082428,-54.315688],[-37.08023,-54.287286],[-37.153391,-54.257501],[-37.172271,-54.261651],[-37.241567,-54.250421],[-37.368276,-54.277439],[-37.382558,-54.266534],[-37.402455,-54.269952],[-37.413686,-54.255304],[-37.409657,-54.248468],[-37.319203,-54.229099],[-37.33849,-54.2138],[-37.394399,-54.200942],[-37.40925,-54.181817],[-37.321197,-54.173761],[-37.237294,-54.147719],[-37.262115,-54.141046],[-37.388092,-54.147719],[-37.436269,-54.133477],[-37.529042,-54.133477],[-37.553212,-54.137628],[-37.562001,-54.146905],[-37.555165,-54.156427],[-37.532704,-54.16131],[-37.629709,-54.17547],[-37.689809,-54.174412],[-37.676137,-54.16131],[-37.724517,-54.133477],[-37.655629,-54.099298],[-37.724517,-54.092462],[-37.631581,-54.059015],[-37.614654,-54.037856],[-37.792836,-54.044041],[-37.840647,-54.03045],[-37.927724,-54.045587],[-37.973215,-54.02809],[-38.012278,-54.052016],[-38.032379,-54.051446],[-38.025217,-54.032892],[-38.005116,-54.023614],[-38.014556,-54.011163],[-38.032379,-54.009942],[-37.891835,-53.989435],[-37.83727,-54.006768],[-37.79894,-54.007908],[-37.755849,-53.993748],[-37.738189,-53.982599],[-37.738271,-53.97324],[-37.669911,-53.982599],[-37.684234,-53.98797],[-37.689809,-54.003676],[-37.492421,-54.000421],[-37.381947,-53.982599],[-37.381947,-53.989435],[-37.443349,-54.009942],[-37.436513,-54.017348],[-37.443349,-54.03045],[-37.463857,-54.03045],[-37.408844,-54.051365],[-37.292551,-54.044041],[-37.223622,-54.068536],[-37.217397,-54.052423],[-37.169667,-54.044041],[-37.171376,-54.034112],[-37.121205,-54.03045],[-37.139719,-54.045994],[-37.107574,-54.051446],[-37.108144,-54.062188],[-37.141713,-54.07879],[-37.138539,-54.096775],[-37.149159,-54.113539],[-37.122426,-54.111912],[-37.059804,-54.065118],[-37.005238,-54.052016],[-36.978139,-54.054783],[-36.970367,-54.071954],[-37.031484,-54.110528],[-37.018178,-54.119806],[-36.915761,-54.085626],[-36.936269,-54.071954],[-36.914784,-54.067966],[-36.840077,-54.07879],[-36.805979,-54.092462],[-36.818227,-54.135349],[-36.802968,-54.143487],[-36.791656,-54.140313],[-36.778635,-54.099298],[-36.753529,-54.093927],[-36.6551,-54.106134],[-36.662587,-54.113539],[-36.621571,-54.119806],[-36.635243,-54.147719],[-36.652089,-54.14129],[-36.687734,-54.144464],[-36.703481,-54.153904],[-36.664133,-54.161798],[-36.668772,-54.168227],[-36.717152,-54.174412],[-36.691558,-54.184177],[-36.659169,-54.182061],[-36.541819,-54.16131],[-36.513051,-54.182712],[-36.497467,-54.174412],[-36.492665,-54.188572],[-36.497467,-54.195489],[-36.528879,-54.187758],[-36.558949,-54.195489],[-36.669993,-54.243585],[-36.675649,-54.249444],[-36.667063,-54.267673],[-36.675649,-54.277439],[-36.630849,-54.277765],[-36.545074,-54.237726],[-36.519032,-54.231866],[-36.504262,-54.242771],[-36.491851,-54.234633],[-36.468861,-54.250909],[-36.473866,-54.266534],[-36.500559,-54.272149],[-36.504262,-54.280532],[-36.492096,-54.293878],[-36.497467,-54.304783],[-36.485829,-54.324884],[-36.497467,-54.345798],[-36.436635,-54.310154],[-36.418935,-54.31463],[-36.375071,-54.356052],[-36.354075,-54.359308],[-36.336537,-54.351495],[-36.33849,-54.338149],[-36.357493,-54.293552],[-36.391916,-54.262872],[-36.394439,-54.242771],[-36.298899,-54.268162],[-36.291982,-54.283624],[-36.26061,-54.285414],[-36.253041,-54.312921],[-36.264719,-54.325291],[-36.23469,-54.3388],[-36.257232,-54.369887],[-36.161692,-54.372979],[-36.17101,-54.409763],[-36.188954,-54.414646],[-36.183949,-54.423923],[-36.154856,-54.435154],[-36.146352,-54.449802],[-36.120717,-54.455662],[-36.100209,-54.448663],[-36.076039,-54.462498],[-36.041982,-54.463962],[-36.035064,-54.484063],[-36.016225,-54.495375],[-36.100209,-54.545017],[-36.069814,-54.566664],[-36.043284,-54.5735],[-35.950592,-54.570571],[-35.910146,-54.552016],[-35.887318,-54.551202],[-35.908437,-54.592706],[-35.931793,-54.617608],[-35.908803,-54.68727]]],[[[-28.213287,-56.713962],[-28.193105,-56.704034],[-28.171457,-56.704848],[-28.168568,-56.715997],[-28.187123,-56.726251],[-28.210113,-56.72503],[-28.213287,-56.713962]]]]}},{"type":"Feature","properties":{"iso3":"FLK","name":"Falkland Islands","continent":"Americas"},"geometry":{"type":"MultiPolygon","coordinates":[[[[-59.694447,-52.208103],[-59.676869,-52.21559],[-59.679189,-52.229262],[-59.693267,-52.242446],[-59.738596,-52.258884],[-59.746693,-52.274021],[-59.756012,-52.273614],[-59.767568,-52.24977],[-59.749501,-52.227797],[-59.748402,-52.19378],[-59.791005,-52.166681],[-59.796864,-52.149509],[-59.792144,-52.130548],[-59.765859,-52.166436],[-59.69518,-52.166274],[-59.680165,-52.179457],[-59.694447,-52.208103]]],[[[-61.194,-51.817071],[-61.234975,-51.831313],[-61.225657,-51.840916],[-61.194,-51.837498],[-61.217519,-51.862074],[-61.252268,-51.861993],[-61.318186,-51.824477],[-61.297678,-51.817071],[-61.25064,-51.833754],[-61.2329,-51.799086],[-61.222279,-51.796563],[-61.206166,-51.801935],[-61.194,-51.817071]]],[[[-60.947621,-51.947361],[-60.996693,-51.952732],[-61.043813,-51.940606],[-61.03954,-51.930597],[-61.05134,-51.92669],[-61.064931,-51.906427],[-61.119537,-51.892755],[-61.111806,-51.870782],[-61.118642,-51.856541],[-61.153066,-51.844903],[-61.121897,-51.82586],[-61.059478,-51.823907],[-61.028391,-51.788507],[-60.986887,-51.776056],[-60.939809,-51.803399],[-60.944203,-51.813897],[-61.012196,-51.841567],[-61.032623,-51.866876],[-60.954945,-51.853774],[-60.888539,-51.819268],[-60.879303,-51.796563],[-60.897939,-51.780857],[-60.862864,-51.760919],[-60.855051,-51.766697],[-60.853912,-51.788751],[-60.874989,-51.823012],[-60.879303,-51.858575],[-60.907297,-51.899591],[-60.865712,-51.899591],[-60.88679,-51.93434],[-60.947621,-51.947361]]],[[[-61.270375,-51.680434],[-61.194,-51.693536],[-61.266672,-51.704034],[-61.277333,-51.725681],[-61.277211,-51.755548],[-61.302113,-51.747654],[-61.318186,-51.728204],[-61.304351,-51.69492],[-61.270375,-51.680434]]],[[[-59.632395,-51.741306],[-59.725657,-51.799249],[-59.83137,-51.894952],[-59.871734,-51.948989],[-59.887034,-51.957778],[-59.93106,-51.96502],[-59.994862,-51.994561],[-60.005727,-51.961033],[-60.044301,-51.955662],[-60.054351,-51.940199],[-60.064198,-51.940606],[-60.080881,-51.951104],[-60.08316,-51.961521],[-60.071278,-51.982029],[-60.074045,-51.991469],[-60.094106,-51.998712],[-60.180409,-51.994561],[-60.215443,-52.003595],[-60.218088,-51.988539],[-60.194081,-51.968438],[-60.276031,-51.994561],[-60.286529,-52.012791],[-60.26301,-52.067153],[-60.268137,-52.082127],[-60.372222,-52.159601],[-60.394276,-52.158787],[-60.425364,-52.144789],[-60.447336,-52.145929],[-60.442535,-52.158868],[-60.451039,-52.165623],[-60.505971,-52.125584],[-60.550364,-52.111912],[-60.555287,-52.12949],[-60.528391,-52.137872],[-60.513173,-52.151625],[-60.495758,-52.186944],[-60.53661,-52.217055],[-60.592763,-52.236749],[-60.646718,-52.233087],[-60.681304,-52.19378],[-60.639068,-52.19378],[-60.682525,-52.167576],[-60.714833,-52.13242],[-60.688588,-52.109145],[-60.81786,-52.104425],[-60.82608,-52.111749],[-60.774078,-52.12477],[-60.722279,-52.173923],[-60.796783,-52.172052],[-60.867299,-52.115167],[-60.907297,-52.111912],[-60.95759,-52.073012],[-61.021596,-52.05755],[-61.036936,-52.046563],[-61.019765,-52.012465],[-60.897206,-52.031915],[-60.88679,-52.036228],[-60.878326,-52.065199],[-60.858876,-52.06406],[-60.873158,-52.029962],[-60.805491,-52.024347],[-60.742177,-52.008884],[-60.742177,-52.002048],[-60.773997,-51.990818],[-60.824371,-51.979913],[-60.845204,-51.954767],[-60.712961,-51.961358],[-60.694407,-51.98211],[-60.667063,-51.961033],[-60.652455,-51.983819],[-60.622548,-51.971287],[-60.584055,-51.976658],[-60.532053,-51.999933],[-60.523061,-51.988377],[-60.536733,-51.975274],[-60.456044,-51.965102],[-60.434316,-51.954767],[-60.399892,-51.916599],[-60.416656,-51.904229],[-60.466786,-51.930434],[-60.514719,-51.941827],[-60.56432,-51.941176],[-60.60558,-51.926935],[-60.526194,-51.930271],[-60.479237,-51.915216],[-60.447336,-51.879083],[-60.456654,-51.867283],[-60.447336,-51.844903],[-60.454742,-51.799981],[-60.444488,-51.782892],[-60.420318,-51.77044],[-60.372222,-51.76922],[-60.406361,-51.796563],[-60.363108,-51.791925],[-60.360707,-51.80934],[-60.379709,-51.837498],[-60.338735,-51.858575],[-60.329335,-51.830011],[-60.297109,-51.824477],[-60.312652,-51.798272],[-60.31078,-51.765802],[-60.29776,-51.750421],[-60.276031,-51.748712],[-60.256174,-51.776625],[-60.232289,-51.769708],[-60.224517,-51.782485],[-60.184071,-51.761163],[-60.180409,-51.707208],[-60.207183,-51.701349],[-60.279775,-51.714614],[-60.33845,-51.709161],[-60.364003,-51.714125],[-60.357981,-51.73504],[-60.365956,-51.746515],[-60.39269,-51.741306],[-60.451039,-51.762384],[-60.496083,-51.762384],[-60.510162,-51.765883],[-60.530507,-51.789727],[-60.550649,-51.789809],[-60.570383,-51.757257],[-60.610178,-51.742771],[-60.628977,-51.727472],[-60.640126,-51.707289],[-60.639068,-51.6867],[-60.624989,-51.66961],[-60.461578,-51.700942],[-60.368804,-51.666762],[-60.289947,-51.671808],[-60.219594,-51.654229],[-60.198842,-51.656427],[-60.133127,-51.689874],[-60.077382,-51.693536],[-60.091949,-51.674981],[-60.116038,-51.664727],[-60.189809,-51.653253],[-60.248769,-51.611586],[-60.290273,-51.597345],[-60.317616,-51.570571],[-60.490387,-51.526462],[-60.513051,-51.498468],[-60.515289,-51.486505],[-60.505971,-51.481215],[-60.399241,-51.48919],[-60.388783,-51.48447],[-60.402943,-51.464125],[-60.450103,-51.441502],[-60.5572,-51.432794],[-60.61205,-51.417413],[-60.630727,-51.403578],[-60.625844,-51.385024],[-60.645985,-51.351495],[-60.60558,-51.344008],[-60.426747,-51.399102],[-60.324452,-51.453302],[-60.242909,-51.478936],[-60.153147,-51.487481],[-59.988637,-51.467543],[-60.012685,-51.449884],[-60.083608,-51.445977],[-60.074045,-51.423272],[-60.029612,-51.392511],[-60.017486,-51.375177],[-60.002065,-51.38836],[-59.994862,-51.413507],[-59.901479,-51.372817],[-59.871938,-51.378839],[-59.882436,-51.395603],[-59.762074,-51.419692],[-59.830393,-51.42669],[-59.801829,-51.447035],[-59.748525,-51.447035],[-59.560374,-51.419692],[-59.488393,-51.392511],[-59.488393,-51.399347],[-59.584584,-51.43963],[-59.539296,-51.455743],[-59.491322,-51.456231],[-59.392812,-51.432794],[-59.41161,-51.414809],[-59.443959,-51.400323],[-59.447377,-51.358331],[-59.413238,-51.358331],[-59.419504,-51.337823],[-59.405263,-51.33766],[-59.37149,-51.345636],[-59.35733,-51.361423],[-59.255971,-51.387384],[-59.214019,-51.413507],[-59.274485,-51.417169],[-59.282867,-51.432794],[-59.279164,-51.447849],[-59.235178,-51.447035],[-59.308217,-51.490004],[-59.33137,-51.501723],[-59.348459,-51.487074],[-59.372304,-51.494887],[-59.368642,-51.507013],[-59.378529,-51.528985],[-59.350575,-51.522719],[-59.350575,-51.528985],[-59.382232,-51.556899],[-59.396148,-51.597345],[-59.447377,-51.625177],[-59.464101,-51.612481],[-59.460439,-51.591078],[-59.491567,-51.614435],[-59.508616,-51.623142],[-59.522532,-51.618341],[-59.577138,-51.65252],[-59.549428,-51.651137],[-59.632395,-51.741306]]],[[[-59.899281,-51.303643],[-59.920318,-51.309991],[-59.906484,-51.329197],[-59.91804,-51.338962],[-59.961334,-51.344008],[-59.998199,-51.325128],[-60.022817,-51.296157],[-59.960317,-51.286798],[-59.899281,-51.303643]]],[[[-60.169911,-51.392511],[-60.241282,-51.401137],[-60.288686,-51.385186],[-60.291493,-51.371677],[-60.277455,-51.357354],[-60.252756,-51.349054],[-60.204661,-51.344008],[-60.163075,-51.372003],[-60.111562,-51.358331],[-60.269887,-51.298272],[-60.300893,-51.268243],[-60.273915,-51.260919],[-60.252431,-51.28631],[-60.2058,-51.302911],[-60.07429,-51.299981],[-60.049143,-51.346449],[-60.0985,-51.378839],[-60.119008,-51.40602],[-60.169911,-51.392511]]],[[[-57.816233,-51.693536],[-57.776438,-51.684666],[-57.734283,-51.6867],[-57.734283,-51.693536],[-57.762359,-51.695001],[-57.86384,-51.726251],[-57.965566,-51.732599],[-57.96642,-51.74033],[-57.992421,-51.751072],[-58.144399,-51.762302],[-58.261301,-51.755548],[-58.261301,-51.762384],[-58.214101,-51.776625],[-58.145172,-51.782892],[-58.145172,-51.789727],[-58.261301,-51.796563],[-58.330637,-51.823826],[-58.357493,-51.824477],[-58.315338,-51.830011],[-58.253163,-51.81113],[-58.186147,-51.810805],[-58.224965,-51.833185],[-58.419057,-51.892185],[-58.51122,-51.882989],[-58.598948,-51.892755],[-58.757802,-51.89129],[-58.906239,-51.835138],[-58.940297,-51.796563],[-58.952789,-51.802423],[-58.971506,-51.83172],[-58.969106,-51.853774],[-58.939117,-51.875421],[-58.892568,-51.884373],[-58.8155,-51.915297],[-58.796295,-51.93434],[-58.810414,-51.951918],[-58.784169,-51.957127],[-58.698476,-51.9485],[-58.632314,-51.96795],[-58.631825,-51.988377],[-58.604482,-52.002048],[-58.672841,-52.036228],[-58.653879,-52.052179],[-58.641225,-52.107843],[-58.67512,-52.10711],[-58.7294,-52.051039],[-58.789174,-52.029962],[-58.8131,-52.043064],[-58.857086,-52.039646],[-58.850942,-52.06406],[-58.925771,-52.101658],[-58.947743,-52.056573],[-58.968577,-52.070977],[-58.994944,-52.029962],[-59.01651,-52.023126],[-59.055898,-52.0263],[-59.063222,-52.008884],[-59.096181,-52.01214],[-59.138295,-51.983331],[-59.157786,-51.985284],[-59.173085,-52.002048],[-59.200266,-52.007582],[-59.250844,-51.989841],[-59.269602,-51.990492],[-59.303293,-52.007908],[-59.297515,-52.01922],[-59.282582,-52.026137],[-59.253082,-52.014337],[-59.200673,-52.022556],[-59.186025,-52.028985],[-59.184478,-52.05755],[-59.176829,-52.06406],[-59.13036,-52.057224],[-59.111643,-52.06406],[-59.145741,-52.090753],[-59.109446,-52.089288],[-59.076812,-52.09824],[-59.145741,-52.125584],[-59.153432,-52.14422],[-59.115793,-52.148858],[-59.038889,-52.135837],[-59.035878,-52.145929],[-59.046498,-52.154392],[-59.097971,-52.173923],[-59.04898,-52.212498],[-59.063222,-52.228611],[-59.084706,-52.231541],[-59.152577,-52.208103],[-59.221669,-52.207208],[-59.241322,-52.19378],[-59.262441,-52.159601],[-59.298166,-52.149672],[-59.30956,-52.139093],[-59.326894,-52.143976],[-59.366851,-52.115167],[-59.385976,-52.111912],[-59.404856,-52.155938],[-59.433746,-52.13242],[-59.456044,-52.142185],[-59.44636,-52.159926],[-59.413238,-52.186944],[-59.430776,-52.202081],[-59.428578,-52.21795],[-59.392812,-52.221775],[-59.352162,-52.24212],[-59.345937,-52.256931],[-59.350575,-52.2763],[-59.373891,-52.299086],[-59.33137,-52.324151],[-59.338938,-52.341729],[-59.392812,-52.310479],[-59.466705,-52.295668],[-59.488393,-52.283787],[-59.484446,-52.264418],[-59.496816,-52.252048],[-59.58019,-52.229669],[-59.580637,-52.217218],[-59.55663,-52.200616],[-59.622182,-52.197198],[-59.623931,-52.178643],[-59.703359,-52.128351],[-59.721547,-52.107599],[-59.71935,-52.096856],[-59.703847,-52.094334],[-59.659657,-52.118748],[-59.641225,-52.117934],[-59.628285,-52.11061],[-59.625966,-52.098891],[-59.639231,-52.084568],[-59.598012,-52.079197],[-59.579661,-52.071384],[-59.570302,-52.056573],[-59.624745,-52.02988],[-59.631174,-52.006768],[-59.618235,-52.004002],[-59.5985,-52.016371],[-59.55663,-52.01572],[-59.59142,-51.98211],[-59.522532,-51.968438],[-59.522532,-51.961033],[-59.604726,-51.940525],[-59.605092,-51.920668],[-59.581288,-51.91131],[-59.488393,-51.93434],[-59.467397,-51.922133],[-59.522532,-51.885349],[-59.516672,-51.874282],[-59.474721,-51.872247],[-59.468902,-51.855239],[-59.488393,-51.844903],[-59.396148,-51.820733],[-59.376088,-51.83294],[-59.363759,-51.822361],[-59.350575,-51.776625],[-59.318756,-51.788507],[-59.282867,-51.782892],[-59.303375,-51.748712],[-59.207183,-51.707208],[-59.190541,-51.72088],[-59.149159,-51.693536],[-59.056386,-51.6867],[-59.05016,-51.721449],[-59.029652,-51.75213],[-59.0419,-51.778741],[-59.036122,-51.79339],[-59.042714,-51.817071],[-58.990102,-51.803643],[-58.981272,-51.789727],[-59.007558,-51.740004],[-59.003896,-51.713637],[-59.02831,-51.69378],[-59.022206,-51.673028],[-58.992258,-51.664646],[-58.9912,-51.64658],[-59.100697,-51.621759],[-59.145741,-51.597345],[-59.167836,-51.573663],[-59.121653,-51.536228],[-59.111643,-51.501723],[-59.060943,-51.562758],[-59.029124,-51.583917],[-59.007965,-51.556899],[-59.034576,-51.533624],[-59.041127,-51.510837],[-59.026112,-51.498956],[-58.988108,-51.508477],[-59.014272,-51.491795],[-59.125315,-51.456964],[-59.099029,-51.41253],[-59.084299,-51.40602],[-59.037709,-51.419854],[-59.004872,-51.413507],[-58.98469,-51.385675],[-58.893463,-51.38006],[-58.873606,-51.371759],[-58.864613,-51.358331],[-58.909576,-51.300714],[-58.941762,-51.278904],[-58.953969,-51.248468],[-58.88565,-51.283298],[-58.816477,-51.296645],[-58.73351,-51.328302],[-58.659088,-51.330987],[-58.626454,-51.343438],[-58.611399,-51.344008],[-58.615142,-51.325453],[-58.576527,-51.306736],[-58.481435,-51.300958],[-58.406606,-51.323826],[-58.343617,-51.368422],[-58.329091,-51.416274],[-58.333811,-51.427504],[-58.377024,-51.445082],[-58.428334,-51.450616],[-58.446889,-51.447035],[-58.473459,-51.401625],[-58.487864,-51.392511],[-58.50475,-51.395278],[-58.549224,-51.432794],[-58.515452,-51.433364],[-58.509348,-51.446873],[-58.521962,-51.491143],[-58.508901,-51.498224],[-58.445465,-51.476251],[-58.422353,-51.477797],[-58.421213,-51.549412],[-58.405914,-51.549493],[-58.388824,-51.536554],[-58.374867,-51.560154],[-58.36144,-51.565688],[-58.331654,-51.55934],[-58.323964,-51.549493],[-58.302968,-51.557306],[-58.290395,-51.56756],[-58.276479,-51.614516],[-58.230865,-51.65252],[-58.213368,-51.646091],[-58.247629,-51.60475],[-58.236928,-51.592543],[-58.172515,-51.611586],[-58.179921,-51.588067],[-58.229563,-51.571873],[-58.241444,-51.560154],[-58.212229,-51.538507],[-58.217193,-51.525974],[-58.230051,-51.52158],[-58.275502,-51.528985],[-58.285471,-51.521091],[-58.289174,-51.494887],[-58.307485,-51.481866],[-58.314361,-51.500746],[-58.324208,-51.506036],[-58.359364,-51.504653],[-58.291249,-51.42254],[-58.227447,-51.392511],[-58.017893,-51.382745],[-57.96288,-51.37184],[-57.906402,-51.376642],[-57.884511,-51.392511],[-57.867584,-51.433526],[-57.819651,-51.477797],[-57.767812,-51.494887],[-57.802602,-51.522719],[-57.777089,-51.522556],[-57.769154,-51.531671],[-57.777943,-51.543064],[-57.802602,-51.549493],[-57.927235,-51.538832],[-58.032094,-51.504327],[-58.040883,-51.512302],[-58.028554,-51.536554],[-58.081939,-51.522393],[-58.145172,-51.542657],[-58.127512,-51.56113],[-58.056711,-51.586847],[-58.028554,-51.591078],[-57.971059,-51.582208],[-57.943105,-51.593032],[-57.812327,-51.60589],[-57.780995,-51.619399],[-57.767812,-51.642267],[-57.786204,-51.655043],[-57.898793,-51.673028],[-57.898793,-51.680434],[-57.816233,-51.693536]]],[[[-59.748402,-51.283298],[-59.799957,-51.273045],[-59.808746,-51.255955],[-59.766754,-51.241143],[-59.690745,-51.26214],[-59.588002,-51.255304],[-59.579172,-51.256768],[-59.56725,-51.283298],[-59.546457,-51.289483],[-59.519154,-51.265069],[-59.502024,-51.26214],[-59.479482,-51.267511],[-59.462514,-51.281671],[-59.447377,-51.324151],[-59.494985,-51.336033],[-59.553212,-51.337823],[-59.576772,-51.330255],[-59.610097,-51.297052],[-59.635813,-51.289483],[-59.748402,-51.283298]]],[[[-59.768428,-52.326961],[-59.751688,-52.309228],[-59.692321,-52.303713],[-59.688745,-52.315111],[-59.712467,-52.319399],[-59.712264,-52.332895],[-59.742495,-52.357973],[-59.720249,-52.3672],[-59.654092,-52.355405],[-59.641989,-52.36779],[-59.687521,-52.391941],[-59.695822,-52.406523],[-59.760908,-52.37883],[-59.78639,-52.381034],[-59.820694,-52.358357],[-59.764872,-52.338363],[-59.768428,-52.326961]]],[[[-58.415598,-51.994073],[-58.402211,-52.00213],[-58.410797,-52.020196],[-58.450266,-52.015558],[-58.444203,-52.029555],[-58.460072,-52.032892],[-58.450754,-52.039972],[-58.431304,-52.030857],[-58.436431,-52.05169],[-58.426178,-52.072524],[-58.427602,-52.100681],[-58.456166,-52.093032],[-58.448354,-52.080743],[-58.464752,-52.08294],[-58.517974,-52.063653],[-58.525624,-52.041681],[-58.546742,-52.025567],[-58.479644,-52.000909],[-58.48412,-51.99505],[-58.465647,-51.992771],[-58.438547,-52.005548],[-58.415598,-51.994073]]],[[[-59.679921,-51.96559],[-59.671702,-51.980564],[-59.680287,-51.987726],[-59.695872,-51.988702],[-59.718902,-51.97617],[-59.711293,-51.945896],[-59.698883,-51.938409],[-59.68871,-51.940606],[-59.69164,-51.955336],[-59.679921,-51.96559]]],[[[-59.744239,-51.328978],[-59.689398,-51.35972],[-59.687848,-51.339458],[-59.665641,-51.341512],[-59.660384,-51.357484],[-59.600481,-51.368977],[-59.596946,-51.38069],[-59.723187,-51.409918],[-59.75231,-51.398281],[-59.748994,-51.383354],[-59.728576,-51.372637],[-59.79174,-51.372808],[-59.822528,-51.361152],[-59.829411,-51.350507],[-59.773132,-51.346115],[-59.764718,-51.327971],[-59.744239,-51.328978]]],[[[-60.533437,-51.28338],[-60.520172,-51.292739],[-60.521108,-51.315037],[-60.527008,-51.316583],[-60.534413,-51.300958],[-60.586293,-51.284601],[-60.596669,-51.26336],[-60.582875,-51.254978],[-60.533437,-51.28338]]],[[[-61.055572,-51.070977],[-61.048695,-51.080336],[-61.125803,-51.065199],[-61.112213,-51.050877],[-61.119211,-51.027765],[-61.092397,-51.038344],[-61.055572,-51.070977]]]]}}]}