{"type":"FeatureCollection","features":[{"type":"Feature","properties":{"iso3":"IDN","name":"Indonesia","continent":"Asia"},"geometry":{"type":"MultiPolygon","coordinates":[[[[117.703608,4.163415],[117.907039,4.156683],[117.934825,4.059882],[117.838552,4.040188],[117.703608,4.163415]]],[[[124.450531,-9.18019],[124.60434,-9.156345],[124.683604,-9.074802],[124.919281,-8.962091],[124.933025,-9.074484],[125.051829,-9.035003],[125.076479,-8.990768],[125.162365,-9.060634],[125.150634,-9.185381],[124.957933,-9.211943],[124.960155,-9.276022],[125.017878,-9.338964],[125.061615,-9.485772],[125.001964,-9.53631],[124.979747,-9.649021],[124.846934,-9.748224],[124.747813,-9.886163],[124.560313,-10.015232],[124.49936,-10.111993],[124.38087,-10.170505],[124.134125,-10.172133],[124.019786,-10.28102],[123.932791,-10.294854],[123.799327,-10.374688],[123.617442,-10.366306],[123.536469,-10.331964],[123.481619,-10.366143],[123.515391,-10.213067],[123.764659,-10.074965],[123.684337,-10.024998],[123.605642,-10.054295],[123.577403,-10.034356],[123.583751,-9.944024],[123.660411,-9.87127],[123.646495,-9.774998],[123.688813,-9.611423],[124.010102,-9.343927],[124.121085,-9.426917],[124.210692,-9.378858],[124.253377,-9.486448],[124.310066,-9.488722],[124.347893,-9.37462],[124.420911,-9.306924],[124.450531,-9.18019]]],[[[117.567149,4.159654],[117.507823,4.123481],[117.373057,4.169745],[117.410411,4.09394],[117.689301,3.921454],[117.65089,3.895209],[117.523448,3.936347],[117.719086,3.860582],[117.782888,3.779039],[117.702159,3.778713],[117.826182,3.703599],[117.761078,3.643744],[117.628673,3.632066],[117.546641,3.664008],[117.468761,3.792304],[117.523448,3.650214],[117.509776,3.607367],[117.090505,3.645819],[117.030528,3.594387],[117.199229,3.616278],[117.242849,3.490668],[117.32545,3.436021],[117.448253,3.426093],[117.344737,3.230455],[117.281586,3.263251],[117.267833,3.244534],[117.352712,3.182807],[117.453949,3.17121],[117.4817,3.101264],[117.62086,3.079495],[117.634288,3.052395],[117.575043,2.992865],[117.65561,2.997382],[117.685069,2.96308],[117.543793,2.928941],[117.736339,2.901597],[117.627126,2.836982],[117.633311,2.812242],[117.784028,2.758246],[117.826182,2.607408],[118.082205,2.33747],[118.099376,2.277818],[118.057791,2.219957],[117.955414,2.182278],[117.91505,2.106513],[117.826182,2.106513],[117.900401,2.049994],[117.754649,2.046332],[117.855642,1.983385],[117.862559,1.885932],[117.924083,1.819159],[118.034841,1.784898],[118.12672,1.65469],[118.41684,1.491848],[118.403656,1.461737],[118.453949,1.403225],[118.613292,1.351223],[118.754161,1.22956],[118.784679,1.181708],[118.764171,1.164008],[118.856944,1.058173],[118.985199,1.057563],[119.00294,0.96247],[118.812755,0.809149],[118.662771,0.846381],[118.565278,0.804023],[118.428396,0.839993],[118.367198,0.81037],[118.316905,0.858832],[118.09669,0.908637],[117.989513,1.078599],[117.901622,1.119859],[118.03297,0.800238],[117.982677,0.791327],[117.902517,0.83747],[117.829356,0.820258],[117.743175,0.740546],[117.724864,0.652655],[117.620372,0.502021],[117.619314,0.423896],[117.517263,0.290961],[117.526541,0.242174],[117.480154,0.16649],[117.517263,0.140204],[117.469981,0.108791],[117.529063,-0.019464],[117.435069,-0.239679],[117.495372,-0.333754],[117.441417,-0.52516],[117.595958,-0.422621],[117.638845,-0.436456],[117.554535,-0.502699],[117.589529,-0.511],[117.597504,-0.559503],[117.542979,-0.600681],[117.571788,-0.648126],[117.55128,-0.68963],[117.488536,-0.706476],[117.602387,-0.730645],[117.627126,-0.770929],[117.544607,-0.808852],[117.489106,-0.798923],[117.451915,-0.866469],[117.427745,-0.880792],[117.39088,-0.848565],[117.350352,-0.896905],[117.281505,-0.809177],[117.250336,-0.909275],[117.039236,-1.137791],[117.007823,-1.216404],[116.957693,-1.239923],[116.829845,-1.265802],[116.829356,-1.204034],[116.79713,-1.217218],[116.746349,-1.110528],[116.756847,-1.023696],[116.715343,-1.12477],[116.757579,-1.188409],[116.737966,-1.21502],[116.790863,-1.249119],[116.76238,-1.36533],[116.567638,-1.446547],[116.539236,-1.481215],[116.564464,-1.583429],[116.540212,-1.622735],[116.32488,-1.703871],[116.231944,-1.777114],[116.285899,-1.807061],[116.424815,-1.766371],[116.448253,-1.796075],[116.413585,-1.847263],[116.466563,-1.907485],[116.457856,-2.042413],[116.283214,-2.169366],[116.37086,-2.137872],[116.410655,-2.20379],[116.530935,-2.169366],[116.554454,-2.207208],[116.605479,-2.193617],[116.603282,-2.224216],[116.517914,-2.553888],[116.482432,-2.560317],[116.460948,-2.507013],[116.418956,-2.496515],[116.310069,-2.51629],[116.296886,-2.608168],[116.366222,-2.556736],[116.393077,-2.573989],[116.364757,-2.861423],[116.287608,-2.987074],[116.22877,-3.001642],[116.153575,-2.823907],[116.133067,-2.834161],[116.105724,-2.997979],[116.161388,-3.003513],[116.264903,-3.136895],[116.163341,-3.172947],[116.181326,-3.255955],[116.126231,-3.27988],[116.17213,-3.22617],[116.100271,-3.264907],[115.967947,-3.608819],[115.858165,-3.620212],[115.583344,-3.780532],[115.060313,-3.985772],[114.664317,-4.184177],[114.606619,-4.132257],[114.631602,-4.012872],[114.611095,-3.683852],[114.522309,-3.519301],[114.550304,-3.348077],[114.511729,-3.367608],[114.488292,-3.488377],[114.451508,-3.498712],[114.272227,-3.413263],[114.265147,-3.378351],[114.364757,-3.211521],[114.248057,-3.360284],[114.186534,-3.382257],[114.108246,-3.347345],[114.117686,-3.190362],[114.042003,-3.355564],[113.814708,-3.455255],[113.632498,-3.456801],[113.620372,-3.185317],[113.486176,-3.174737],[113.423025,-3.247247],[113.365733,-3.252862],[113.302745,-3.16253],[113.351085,-3.272393],[113.230479,-3.164321],[113.182628,-3.077081],[113.101329,-3.042576],[113.035167,-2.922947],[113.017345,-3.036798],[112.941091,-3.106378],[113.011404,-3.153253],[112.638031,-3.416762],[112.545095,-3.444268],[112.348969,-3.322849],[112.202891,-3.329522],[111.905284,-3.572035],[111.822032,-3.545099],[111.80836,-3.511814],[111.842947,-3.384454],[111.814952,-3.190362],[111.83253,-3.061619],[111.760265,-2.907647],[111.752778,-2.75628],[111.710785,-2.774591],[111.708018,-2.859633],[111.672537,-2.894627],[111.692068,-2.946873],[111.551768,-3.018487],[111.485688,-2.941502],[111.363048,-2.922947],[110.986176,-3.087498],[110.770274,-3.032159],[110.755544,-3.011814],[110.804373,-2.95908],[110.956065,-2.879002],[110.793956,-2.943536],[110.662446,-3.080743],[110.630626,-3.053318],[110.616954,-2.909845],[110.54949,-2.867608],[110.263194,-3.002862],[110.204845,-2.896173],[110.24586,-2.78631],[110.203787,-2.640069],[110.160411,-2.6124],[110.199229,-2.552341],[110.264903,-2.556573],[110.280528,-2.518243],[110.221039,-2.53281],[110.159923,-2.436456],[110.14088,-2.289727],[110.094981,-2.215509],[110.123546,-2.025486],[110.075043,-1.922459],[109.903819,-1.826104],[110.033946,-1.646173],[110.061371,-1.346368],[110.029552,-1.285903],[109.929861,-1.22324],[109.922699,-1.103611],[109.83546,-1.086196],[109.740489,-0.967543],[109.759776,-0.887628],[109.734874,-0.879002],[109.677257,-0.983819],[109.605235,-0.956638],[109.581716,-0.894464],[109.525645,-0.8624],[109.438243,-0.845636],[109.390798,-0.911879],[109.283865,-0.863214],[109.245291,-0.695896],[109.262543,-0.667413],[109.50172,-0.731052],[109.362559,-0.651951],[109.400645,-0.597345],[109.256602,-0.588474],[109.139415,-0.528578],[109.100597,-0.369724],[109.135997,-0.36004],[109.101329,-0.263849],[109.046235,-0.245864],[109.118663,-0.203058],[109.218516,-0.237237],[109.156505,0.020087],[109.300466,0.010484],[109.176931,0.107611],[109.102306,0.243109],[108.920909,0.340277],[108.944835,0.445299],[108.910004,0.530585],[108.931163,0.616197],[108.855479,0.832221],[108.953949,0.896877],[108.980805,0.956041],[108.924327,1.164008],[109.142833,1.250637],[109.266368,1.394599],[109.240489,1.404202],[109.13738,1.262274],[108.98585,1.215806],[109.054373,1.35224],[109.073009,1.533922],[109.272227,1.693793],[109.348888,1.815416],[109.286794,1.778225],[109.32838,1.832831],[109.340994,1.935533],[109.561209,1.990465],[109.63502,2.074042],[109.528436,1.889989],[109.555617,1.802165],[109.647188,1.761883],[109.65804,1.59719],[109.842835,1.403275],[109.920246,1.394774],[109.963758,1.298578],[110.051814,1.215482],[110.17036,1.174451],[110.263481,0.994307],[110.351641,0.986504],[110.460265,0.879741],[110.553903,0.85137],[110.60961,0.890851],[110.647747,0.873901],[110.771254,0.90439],[110.880394,1.010534],[111.197584,1.075233],[111.374111,1.007537],[111.482425,1.012859],[111.503199,0.958444],[111.622675,1.030274],[111.762821,0.993015],[111.823076,1.008467],[111.910099,1.114042],[112.100061,1.154918],[112.183984,1.369039],[112.161556,1.434539],[112.470478,1.567657],[112.794799,1.544377],[112.836451,1.576055],[112.95603,1.572334],[113.023416,1.537013],[112.973186,1.415083],[113.089045,1.431335],[113.323656,1.351392],[113.397553,1.293927],[113.524471,1.313564],[113.624826,1.227575],[113.808174,1.339713],[113.891167,1.434952],[114.094255,1.465674],[114.173423,1.420509],[114.398216,1.503553],[114.545597,1.434952],[114.563167,1.536393],[114.669,1.694006],[114.679542,1.840741],[114.819069,1.890299],[114.833641,1.921357],[114.84532,2.024968],[114.780621,2.036053],[114.752096,2.153513],[114.778761,2.247202],[114.913326,2.284048],[114.922215,2.353914],[114.972961,2.35748],[115.206125,2.509874],[115.16189,2.590386],[115.05647,2.608627],[115.063188,2.723659],[115.104633,2.761486],[115.077554,2.83652],[115.242092,3.041624],[115.309995,2.985917],[115.472155,3.050513],[115.517011,3.157276],[115.483524,3.189005],[115.517631,3.357161],[115.557215,3.425451],[115.601243,3.430231],[115.544399,3.629159],[115.588634,3.857595],[115.538818,3.920615],[115.609511,3.996915],[115.646925,4.169101],[115.817457,4.281316],[115.830997,4.376116],[115.856111,4.390767],[115.964839,4.335473],[116.020649,4.270852],[116.125759,4.378907],[116.215056,4.357849],[116.310657,4.383377],[116.411323,4.288654],[116.494109,4.324853],[116.533279,4.395366],[116.576894,4.332011],[116.711666,4.366789],[116.804477,4.330073],[117.217165,4.35343],[117.43648,4.185611],[117.567149,4.159654]]],[[[140.974457,-2.600518],[140.976904,-6.335116],[140.931015,-6.431441],[140.953132,-6.480534],[140.892981,-6.565386],[140.90497,-6.589467],[140.8504,-6.623574],[140.849211,-6.702846],[140.908329,-6.849297],[140.962176,-6.897976],[140.977007,-7.004739],[140.97698,-9.106134],[140.856944,-9.049086],[140.363455,-8.490818],[140.301443,-8.467462],[139.988129,-8.192478],[139.979747,-8.121515],[140.062348,-8.066176],[140.060557,-7.948337],[140.128673,-7.93613],[140.151703,-7.884698],[140.053966,-7.936212],[140.04184,-8.045505],[139.973643,-8.096938],[139.630544,-8.124933],[139.395193,-8.200942],[139.254649,-8.146091],[139.218923,-7.979669],[139.287852,-7.973403],[139.217133,-7.951349],[139.224457,-8.074395],[139.089529,-8.133559],[138.921072,-8.294854],[138.842784,-8.117446],[138.921235,-8.079522],[138.910981,-7.92254],[138.993988,-7.865492],[139.007172,-7.754327],[139.093028,-7.559991],[139.035899,-7.515232],[138.958018,-7.507257],[138.865489,-7.336033],[138.667491,-7.197849],[138.904552,-7.199395],[138.990977,-7.236017],[139.157074,-7.243097],[139.240001,-7.158461],[139.221853,-7.143976],[139.147227,-7.206231],[139.037608,-7.211847],[138.946137,-7.157159],[138.761974,-7.113865],[138.572032,-6.942478],[138.561534,-6.918634],[138.612559,-6.877211],[138.739757,-6.897149],[138.783458,-6.861749],[138.917247,-6.842218],[139.126475,-6.971612],[139.181895,-6.971449],[138.999766,-6.852716],[138.822439,-6.806085],[138.683442,-6.714532],[138.682465,-6.645115],[138.829112,-6.705987],[138.466075,-6.402114],[138.395356,-6.253188],[138.365489,-6.091729],[138.262462,-5.914727],[138.30421,-5.868259],[138.403982,-5.835707],[138.322032,-5.851007],[138.208751,-5.825291],[138.169607,-5.786554],[138.362966,-5.678806],[138.232677,-5.683852],[138.085785,-5.739923],[138.054861,-5.589614],[138.109711,-5.534112],[138.06422,-5.511163],[138.061371,-5.403741],[138.026541,-5.431085],[138.035981,-5.474786],[137.999278,-5.478936],[137.914561,-5.386895],[137.924815,-5.328709],[137.821788,-5.362888],[137.78297,-5.317966],[137.801524,-5.27044],[137.751638,-5.277765],[137.706309,-5.221938],[137.598399,-5.196384],[137.572765,-5.120782],[137.519298,-5.148533],[137.464854,-5.09588],[137.377778,-5.082452],[137.369965,-5.036879],[137.307872,-4.999119],[137.276541,-5.020196],[137.282563,-4.939711],[137.232107,-4.999119],[137.169444,-4.991143],[137.149669,-4.945082],[137.115408,-4.979181],[137.090099,-4.960138],[137.101736,-4.889255],[137.04184,-4.943048],[136.953868,-4.922784],[136.973643,-4.885024],[136.947276,-4.875584],[136.831798,-4.93141],[136.799164,-4.88006],[136.743175,-4.881524],[136.375662,-4.68377],[136.267345,-4.676202],[136.035818,-4.586033],[135.95045,-4.50628],[135.413341,-4.436293],[135.185557,-4.448907],[134.906586,-4.264093],[134.823497,-4.259373],[134.739757,-4.204034],[134.725841,-4.150079],[134.658051,-4.133396],[134.70338,-3.940362],[134.927745,-3.976658],[134.967459,-3.951837],[134.91627,-3.923435],[134.669688,-3.914239],[134.587169,-4.008071],[134.532563,-4.022068],[134.463878,-3.978692],[134.478363,-3.961602],[134.430431,-3.90781],[134.333507,-3.868829],[134.360362,-3.925958],[134.306163,-3.944513],[134.326671,-4.019708],[134.191173,-3.943536],[134.175141,-3.893324],[134.148123,-3.900079],[134.185802,-3.842543],[134.127452,-3.745294],[134.110362,-3.81756],[134.023204,-3.805108],[133.971039,-3.850274],[133.840994,-3.597752],[133.795421,-3.631524],[133.815766,-3.724786],[133.777599,-3.669122],[133.696056,-3.649102],[133.708018,-3.610121],[133.641449,-3.483657],[133.702159,-3.404392],[133.683116,-3.232517],[133.846446,-3.087091],[133.914073,-3.12656],[133.860525,-3.025974],[133.867361,-2.930352],[133.817556,-2.934747],[133.809093,-3.010186],[133.668224,-3.122166],[133.663341,-3.361505],[133.627696,-3.416274],[133.558849,-3.433282],[133.528494,-3.386651],[133.490571,-3.437433],[133.569102,-3.481866],[133.591807,-3.545343],[133.408865,-3.722426],[133.443126,-3.872817],[133.250987,-4.066827],[133.051524,-4.061212],[132.969412,-4.111993],[132.918142,-4.091078],[132.795909,-3.940606],[132.824555,-3.916436],[132.730968,-3.682306],[132.756114,-3.627537],[132.881114,-3.642836],[132.931814,-3.554132],[132.821137,-3.437433],[132.811697,-3.281671],[132.740733,-3.276544],[132.714122,-3.34002],[132.671153,-3.328546],[132.603038,-3.241876],[132.627208,-3.197361],[132.514659,-3.078058],[132.325694,-2.946547],[132.188324,-2.916681],[132.101248,-2.959893],[132.057953,-2.916681],[131.982188,-2.929783],[132.023936,-2.854669],[131.989757,-2.848403],[132.044444,-2.803399],[131.965587,-2.793145],[132.181488,-2.724867],[132.11085,-2.719415],[132.161632,-2.683282],[132.311778,-2.676446],[132.415538,-2.696954],[132.421153,-2.744806],[132.506358,-2.698012],[132.566742,-2.714532],[132.679047,-2.80169],[132.736583,-2.809991],[132.853038,-2.717462],[133.033539,-2.479425],[133.239594,-2.416762],[133.380707,-2.511977],[133.380707,-2.676446],[133.403005,-2.675226],[133.437999,-2.503025],[133.458669,-2.506931],[133.450369,-2.642348],[133.473481,-2.521661],[133.538341,-2.587091],[133.6067,-2.532485],[133.667247,-2.563409],[133.682384,-2.717462],[133.709727,-2.521173],[133.735037,-2.516778],[133.799083,-2.642348],[133.819184,-2.632989],[133.819591,-2.477227],[133.740977,-2.445896],[133.850108,-2.424249],[133.893321,-2.465997],[133.866466,-2.411391],[134.005138,-2.388442],[133.898692,-2.377618],[133.963552,-2.32643],[133.867361,-2.341241],[133.949962,-2.292901],[133.957367,-2.221449],[133.928966,-2.274184],[133.908376,-2.258722],[133.854747,-2.294122],[133.823497,-2.294854],[133.799164,-2.24863],[133.931977,-2.177504],[133.89796,-2.17547],[133.922211,-2.104425],[133.858165,-2.107354],[133.593598,-2.237563],[133.596853,-2.195082],[133.564626,-2.237888],[133.521251,-2.209649],[133.445567,-2.237888],[133.296153,-2.204197],[132.943614,-2.28338],[132.815929,-2.24505],[132.698741,-2.305352],[132.560395,-2.185642],[132.305675,-2.265558],[132.214529,-2.165785],[132.04835,-2.083185],[132.126964,-1.998142],[132.027354,-2.018487],[131.968598,-1.953383],[131.927745,-1.805759],[132.007091,-1.732192],[132.018321,-1.682794],[131.927257,-1.706231],[131.886729,-1.652032],[131.910899,-1.590265],[131.976329,-1.548598],[131.879893,-1.5735],[131.883474,-1.550877],[131.821462,-1.59824],[131.791189,-1.497735],[131.771658,-1.563246],[131.723155,-1.571954],[131.703787,-1.511],[131.628754,-1.520929],[131.500499,-1.469659],[131.446137,-1.503839],[131.389822,-1.456801],[131.383637,-1.401951],[131.27711,-1.374282],[131.334972,-1.439386],[131.323741,-1.469171],[131.20574,-1.523614],[131.126313,-1.453302],[130.977306,-1.452895],[130.948253,-1.412205],[131.004405,-1.372328],[131.057384,-1.247735],[131.181651,-1.217218],[131.231619,-1.126072],[131.26352,-0.929295],[131.291515,-0.914972],[131.243012,-0.819431],[131.517914,-0.731703],[131.54477,-0.736912],[131.516775,-0.785252],[131.863455,-0.69199],[132.15089,-0.435724],[132.396658,-0.353448],[132.709158,-0.36004],[132.905284,-0.45322],[132.959809,-0.44199],[133.144705,-0.531183],[133.37908,-0.717706],[133.579356,-0.750584],[133.977224,-0.72324],[134.163829,-0.858087],[134.088715,-0.890069],[134.044688,-0.951349],[134.127452,-1.14837],[134.203787,-1.212579],[134.281993,-1.350193],[134.230479,-1.436293],[134.207205,-1.5735],[134.090343,-1.671808],[134.155528,-2.039483],[134.120616,-2.135349],[134.18572,-2.361912],[134.330251,-2.522231],[134.463878,-2.854669],[134.532725,-2.834161],[134.473969,-2.606541],[134.496349,-2.517836],[134.556326,-2.464776],[134.638438,-2.511163],[134.701345,-2.958673],[134.772227,-2.977634],[134.851329,-2.899835],[134.816661,-3.12184],[134.853689,-3.147882],[134.885916,-3.24977],[134.914399,-3.268813],[134.964122,-3.238214],[134.984711,-3.329685],[135.322032,-3.386489],[135.505382,-3.348077],[135.601573,-3.204034],[135.75172,-3.128351],[135.764903,-3.052179],[135.909923,-2.985772],[135.96461,-2.775811],[136.023204,-2.707696],[136.266368,-2.560317],[136.348155,-2.351251],[136.340099,-2.289239],[136.38087,-2.234063],[136.522146,-2.191339],[136.543468,-2.231378],[136.613048,-2.250909],[136.758637,-2.248712],[136.981456,-2.12656],[137.178477,-2.106134],[137.226329,-2.074395],[137.225271,-2.038995],[137.194591,-1.998142],[137.204845,-1.94964],[137.101736,-1.888279],[137.115408,-1.80934],[137.839122,-1.471124],[137.924815,-1.484145],[138.07488,-1.610284],[138.665212,-1.789158],[138.842784,-1.94964],[139.1067,-2.012791],[139.780772,-2.354669],[139.864757,-2.372003],[140.152599,-2.322442],[140.210216,-2.402114],[140.332286,-2.455743],[140.371267,-2.448663],[140.38852,-2.397068],[140.730805,-2.491469],[140.740896,-2.549574],[140.698578,-2.608168],[140.73463,-2.634942],[140.742686,-2.605564],[140.974457,-2.600518]]],[[[113.395193,-8.447035],[113.40919,-8.486749],[113.278005,-8.473321],[113.295909,-8.447035],[113.395193,-8.447035]]],[[[123.146251,-8.425958],[123.177501,-8.460219],[123.006602,-8.507908],[122.930837,-8.604099],[122.882986,-8.58294],[122.910411,-8.514744],[122.999848,-8.448663],[123.146251,-8.425958]]],[[[128.231212,-8.251235],[128.181977,-8.285089],[128.083263,-8.254571],[128.10377,-8.211847],[128.213552,-8.199395],[128.231212,-8.251235]]],[[[129.029633,-8.206801],[129.035004,-8.236098],[128.993419,-8.261489],[128.887706,-8.244887],[128.834483,-8.199802],[128.889496,-8.17783],[129.029633,-8.206801]]],[[[127.741873,-8.158949],[127.771983,-8.194431],[127.744884,-8.220473],[127.6692,-8.240899],[127.620779,-8.21266],[127.682953,-8.155206],[127.741873,-8.158949]]],[[[117.664317,-8.148126],[117.695323,-8.175877],[117.56658,-8.363946],[117.533946,-8.384942],[117.492524,-8.361017],[117.511241,-8.295505],[117.486827,-8.182875],[117.54835,-8.149021],[117.664317,-8.148126]]],[[[127.216319,-8.026951],[127.224946,-8.108575],[127.15211,-8.096938],[127.170746,-8.023858],[127.216319,-8.026951]]],[[[131.104991,-7.629002],[131.126475,-7.617771],[131.109223,-7.681817],[130.986827,-7.711847],[130.999522,-7.657485],[131.104991,-7.629002]]],[[[130.968598,-7.534601],[130.988292,-7.54518],[130.897716,-7.554457],[130.840994,-7.528741],[130.858653,-7.486912],[130.97755,-7.515313],[130.968598,-7.534601]]],[[[131.174815,-7.404229],[131.069184,-7.507501],[131.071788,-7.479425],[130.989268,-7.47324],[131.01824,-7.415216],[131.174815,-7.404229]]],[[[131.283946,-7.329767],[131.22755,-7.362481],[131.257579,-7.303969],[131.283946,-7.329767]]],[[[120.96046,-7.281996],[121.066905,-7.302504],[120.992686,-7.333591],[120.793956,-7.287693],[120.834646,-7.260512],[120.96046,-7.281996]]],[[[120.757823,-7.075942],[120.772634,-7.058852],[120.773774,-7.115818],[120.68336,-7.124282],[120.670349,-7.15096],[120.556253,-7.072889],[120.613695,-7.069817],[120.621256,-6.998245],[120.757823,-7.075942]]],[[[138.753429,-6.778253],[138.781505,-6.838962],[138.716319,-6.864679],[138.616954,-6.748142],[138.626964,-6.720147],[138.753429,-6.778253]]],[[[131.597423,-6.679132],[131.624522,-6.709731],[131.568696,-6.732599],[131.591319,-6.767673],[131.564789,-6.795587],[131.527354,-6.780857],[131.597423,-6.679132]]],[[[134.707367,-6.589044],[134.737559,-6.630955],[134.669444,-6.772882],[134.62143,-6.747003],[134.707367,-6.589044]]],[[[134.607758,-6.421482],[134.541759,-6.529474],[134.463878,-6.4249],[134.347179,-6.359633],[134.452159,-6.288018],[134.607758,-6.421482]]],[[[134.840587,-6.287693],[134.871837,-6.288507],[134.885916,-6.336358],[134.837657,-6.460056],[134.811778,-6.464288],[134.799001,-6.370538],[134.840587,-6.287693]]],[[[134.37794,-6.254083],[134.422862,-6.274021],[134.347179,-6.329278],[134.20281,-6.194268],[134.162283,-6.196547],[134.186046,-6.133966],[134.141124,-6.157892],[134.125987,-6.034275],[134.155284,-6.006524],[134.155284,-6.048028],[134.206798,-6.025323],[134.271495,-6.0617],[134.234141,-6.13006],[134.37794,-6.254083]]],[[[109.906016,-7.83766],[109.656749,-7.781671],[109.42628,-7.774184],[109.368826,-7.713474],[109.098146,-7.686861],[109.014415,-7.732599],[108.889659,-7.678643],[108.87322,-7.61061],[108.761054,-7.692765],[108.713878,-7.665704],[108.651741,-7.716271],[108.625499,-7.68613],[108.539561,-7.692315],[108.453711,-7.818501],[107.864534,-7.74513],[107.806739,-7.686676],[107.686549,-7.662075],[107.59096,-7.570434],[107.411388,-7.495864],[106.522662,-7.410957],[106.459331,-7.365995],[106.40748,-7.375317],[106.380707,-7.247247],[106.540504,-7.054612],[106.510804,-6.963799],[106.451702,-6.955059],[106.333018,-7.000746],[105.978706,-6.817712],[105.535121,-6.872327],[105.310784,-6.810354],[105.274669,-6.849379],[105.216807,-6.772068],[105.29184,-6.748224],[105.36378,-6.664972],[105.453624,-6.80877],[105.490082,-6.809015],[105.528575,-6.723321],[105.622244,-6.631606],[105.643859,-6.482333],[105.67779,-6.474924],[105.711364,-6.534563],[105.782234,-6.512107],[105.824091,-6.434646],[105.867198,-6.110121],[105.977306,-5.983494],[105.997244,-5.917739],[106.052745,-5.881036],[106.107107,-5.910903],[106.111583,-5.975193],[106.15919,-6.009535],[106.256521,-5.941583],[106.298839,-5.945001],[106.470063,-6.034356],[106.685395,-6.012465],[106.737804,-6.083917],[106.793224,-6.104099],[106.988292,-6.07936],[107.044444,-5.914321],[107.169688,-5.97975],[107.280935,-5.954767],[107.354136,-5.975995],[107.470268,-6.145432],[107.621132,-6.187474],[107.678224,-6.238023],[107.877661,-6.191152],[107.895624,-6.231025],[108.093683,-6.326847],[108.183604,-6.29697],[108.186557,-6.231193],[108.360269,-6.246401],[108.372227,-6.340353],[108.455414,-6.442071],[108.539561,-6.486912],[108.605479,-6.761651],[108.74879,-6.812188],[108.834972,-6.787856],[108.944835,-6.849379],[109.020844,-6.78867],[109.142833,-6.856215],[109.351899,-6.875665],[109.438243,-6.860121],[109.492931,-6.801528],[109.531993,-6.835138],[109.940684,-6.923435],[110.114268,-6.903904],[110.16977,-6.860935],[110.381033,-6.975681],[110.486176,-6.937921],[110.571544,-6.836196],[110.644705,-6.688165],[110.671072,-6.499933],[110.833751,-6.420668],[111.010753,-6.420994],[111.156912,-6.692071],[111.366384,-6.712009],[111.428722,-6.699151],[111.493419,-6.623468],[111.610118,-6.664972],[111.740408,-6.781671],[111.882335,-6.808689],[111.958507,-6.779392],[112.083995,-6.90602],[112.363536,-6.870538],[112.542817,-6.917576],[112.582774,-6.870538],[112.582774,-6.989923],[112.609548,-7.03338],[112.6574,-7.037856],[112.610606,-7.07936],[112.683849,-7.1749],[112.60377,-7.192641],[112.700694,-7.254653],[112.76824,-7.199395],[112.823253,-7.262628],[112.816091,-7.38714],[112.77003,-7.432712],[112.761485,-7.531183],[112.8449,-7.592869],[113.056,-7.663018],[113.13266,-7.727797],[113.32309,-7.785577],[113.528575,-7.700372],[113.785899,-7.726332],[114.045584,-7.611993],[114.140391,-7.70086],[114.258556,-7.700372],[114.445974,-7.794692],[114.467296,-7.830987],[114.446788,-8.014255],[114.358653,-8.409112],[114.37672,-8.519464],[114.401134,-8.517185],[114.40561,-8.447035],[114.445323,-8.602797],[114.589122,-8.664239],[114.624766,-8.740655],[114.555349,-8.777927],[114.366954,-8.741469],[114.385265,-8.664727],[114.302582,-8.611912],[114.197032,-8.645603],[114.174815,-8.619806],[113.979991,-8.620212],[113.954275,-8.564711],[113.879649,-8.566176],[113.790782,-8.503025],[113.719737,-8.524672],[113.640473,-8.458591],[113.472423,-8.382094],[113.413585,-8.390232],[113.32309,-8.309259],[113.240733,-8.280938],[113.026703,-8.302992],[112.90268,-8.403985],[112.833832,-8.375746],[112.672699,-8.447035],[112.376638,-8.37127],[112.341563,-8.332696],[112.257823,-8.343357],[111.970714,-8.277765],[111.898692,-8.296482],[111.792003,-8.256524],[111.750662,-8.3235],[111.711925,-8.302179],[111.711274,-8.361017],[111.67335,-8.367852],[111.630544,-8.3235],[111.448741,-8.312921],[111.425059,-8.268813],[111.28419,-8.251235],[111.171235,-8.282647],[111.109711,-8.215427],[111.017345,-8.254653],[110.476736,-8.111912],[109.906016,-7.83766]]],[[[124.065196,-5.962498],[124.071137,-6.011326],[124.04127,-6.020766],[123.968923,-5.935317],[123.979177,-5.869887],[124.065196,-5.962498]]],[[[132.797374,-5.609063],[132.812755,-5.671319],[132.772797,-5.682224],[132.743175,-5.604425],[132.784923,-5.527276],[132.811046,-5.555597],[132.797374,-5.609063]]],[[[132.318614,-5.513604],[132.380707,-5.534112],[132.37143,-5.554132],[132.331554,-5.568292],[132.318614,-5.513604]]],[[[123.77711,-5.513604],[123.814708,-5.595636],[123.691173,-5.472752],[123.77711,-5.513604]]],[[[123.539724,-5.245538],[123.62379,-5.266534],[123.6338,-5.366876],[123.572113,-5.366143],[123.52296,-5.277439],[123.539724,-5.245538]]],[[[129.927257,-4.53045],[129.941091,-4.508884],[129.945649,-4.556085],[129.871837,-4.553888],[129.927257,-4.53045]]],[[[127.23463,-3.821059],[127.256021,-3.874534],[127.226971,-3.917063],[127.145086,-3.884983],[127.165212,-3.814142],[127.23463,-3.821059]]],[[[122.3213,-3.511895],[122.355479,-3.556573],[122.284679,-3.562921],[122.3213,-3.511895]]],[[[132.70281,-3.453302],[132.702891,-3.519301],[132.620291,-3.423761],[132.666515,-3.410252],[132.70281,-3.453302]]],[[[122.439626,-3.419041],[122.458669,-3.466974],[122.433604,-3.485284],[122.412283,-3.387791],[122.439626,-3.419041]]],[[[127.615489,-3.307387],[127.641612,-3.340265],[127.624522,-3.361749],[127.490571,-3.306817],[127.52475,-3.256117],[127.563975,-3.255792],[127.615489,-3.307387]]],[[[127.772227,-3.16253],[127.796397,-3.211521],[127.766449,-3.24627],[127.67921,-3.251642],[127.643321,-3.224379],[127.706309,-3.156345],[127.772227,-3.16253]]],[[[127.954112,-2.916681],[127.985362,-2.929457],[127.950938,-3.010919],[127.83839,-3.033298],[127.82545,-3.016534],[127.954112,-2.916681]]],[[[123.87672,-2.018487],[123.886974,-2.073907],[123.839366,-2.049086],[123.87672,-2.018487]]],[[[124.348888,-1.959568],[124.370291,-2.038995],[124.305675,-1.973403],[124.348888,-1.959568]]],[[[123.656993,-1.909356],[123.663829,-1.963311],[123.649587,-1.901788],[123.656993,-1.909356]]],[[[123.738048,-1.907892],[123.711681,-1.957127],[123.712901,-1.911716],[123.738048,-1.907892]]],[[[108.677257,-1.7138],[108.723155,-1.693617],[108.778087,-1.702732],[108.677257,-1.7138]]],[[[127.371104,-1.367446],[127.381358,-1.397068],[127.28419,-1.425388],[127.304535,-1.377699],[127.371104,-1.367446]]],[[[109.170177,-1.257582],[109.144216,-1.311456],[109.108246,-1.304457],[109.170177,-1.257582]]],[[[109.254649,-1.169366],[109.234141,-1.224542],[109.218516,-1.206638],[109.254649,-1.169366]]],[[[104.479991,-0.271254],[104.486501,-0.310724],[104.40089,-0.297296],[104.479991,-0.271254]]],[[[102.839122,0.290961],[102.91391,0.320258],[102.875336,0.284084],[102.839122,0.290961]]],[[[103.0796,0.624416],[103.081391,0.579291],[103.037283,0.652655],[103.0796,0.624416]]],[[[103.506358,0.70189],[103.489024,0.61994],[103.469249,0.637397],[103.506358,0.70189]]],[[[103.112804,0.792955],[103.086274,0.724677],[103.080251,0.768622],[103.112804,0.792955]]],[[[104.564626,0.798163],[104.620453,0.777045],[104.511241,0.750312],[104.564626,0.798163]]],[[[103.667735,0.839667],[103.71811,0.798082],[103.71339,0.762437],[103.667735,0.839667]]],[[[103.462169,0.918931],[103.469005,0.869615],[103.410411,0.904731],[103.462169,0.918931]]],[[[120.649181,1.072455],[120.68336,1.044582],[120.607595,1.072455],[120.649181,1.072455]]],[[[120.377615,1.079901],[120.402354,1.077216],[120.386241,1.025946],[120.377615,1.079901]]],[[[119.846528,-0.874607],[119.855235,-0.727146],[119.757823,-0.469903],[119.799978,-0.123793],[119.675304,-0.099379],[119.634451,0.010484],[119.69809,0.016913],[119.825938,-0.089939],[119.888194,0.071275],[119.785655,0.221096],[119.869477,0.287177],[119.858735,0.364244],[119.911794,0.4737],[120.032237,0.516303],[120.045746,0.734361],[120.227061,0.814887],[120.278494,0.994208],[120.341645,0.982856],[120.340343,0.872382],[120.402843,0.821723],[120.556407,0.780748],[120.584727,0.797553],[120.662283,0.968817],[120.733897,0.979682],[120.801768,1.052639],[120.833507,1.32567],[120.90919,1.353664],[120.906098,1.324286],[120.967296,1.346177],[121.1338,1.314602],[121.264903,1.22956],[121.464122,1.291571],[121.46754,1.246894],[121.435069,1.235297],[121.45045,1.167426],[121.546723,1.072455],[121.926117,1.0987],[121.990245,1.021918],[122.087738,1.061591],[122.22283,1.012356],[122.441742,1.021674],[122.645274,0.959174],[122.83074,0.824937],[122.918468,0.859565],[122.990896,0.961859],[123.175629,0.922553],[123.182384,0.96011],[123.254893,0.960679],[123.303966,0.912299],[123.383311,0.927883],[123.550548,0.869818],[123.92921,0.831529],[124.008067,0.898179],[124.290375,1.01732],[124.389415,1.186103],[124.54835,1.215806],[124.593761,1.195868],[124.606456,1.273342],[124.534434,1.288642],[124.539806,1.342434],[124.620372,1.417141],[124.717296,1.405829],[124.835704,1.469143],[124.825938,1.572903],[124.968598,1.673814],[124.983897,1.731594],[125.025157,1.744127],[125.061697,1.674547],[125.175304,1.678168],[125.167817,1.584784],[125.249197,1.484687],[125.115408,1.385199],[125.033702,1.175442],[124.905935,0.988105],[124.663829,0.805609],[124.569347,0.638861],[124.58253,0.595445],[124.503429,0.534003],[124.465831,0.448676],[124.321788,0.398871],[124.109386,0.387193],[124.068533,0.351874],[123.72462,0.308824],[123.632498,0.266506],[123.584239,0.297593],[123.23878,0.32453],[123.074229,0.516303],[122.977875,0.482815],[122.694102,0.482815],[122.662934,0.515692],[122.639415,0.475328],[122.037771,0.482123],[121.985118,0.448432],[121.800466,0.426459],[121.715505,0.515082],[121.535899,0.538398],[121.495128,0.482815],[121.26059,0.482489],[121.099132,0.407375],[120.98699,0.447008],[120.892426,0.423326],[120.679535,0.530585],[120.502696,0.528876],[120.375255,0.477688],[120.158214,0.227769],[120.07545,-0.016412],[120.028494,-0.061822],[119.995616,-0.209242],[120.07309,-0.613946],[120.243907,-0.887628],[120.325531,-0.938653],[120.412446,-0.904962],[120.508149,-0.987074],[120.582367,-1.105239],[120.572439,-1.227716],[120.661876,-1.384861],[120.830089,-1.340102],[120.844412,-1.389581],[121.105479,-1.405857],[121.167003,-1.322931],[121.206554,-1.191339],[121.500662,-0.859308],[121.57781,-0.846775],[121.620128,-0.800388],[121.659679,-0.812595],[121.660655,-0.873224],[121.707205,-0.931736],[121.926036,-0.955336],[122.128917,-0.908787],[122.156261,-0.798923],[122.193614,-0.768976],[122.612478,-0.752211],[122.716482,-0.792413],[122.912446,-0.762872],[122.959727,-0.737074],[122.733246,-0.657973],[122.823009,-0.612237],[123.026378,-0.599705],[123.075857,-0.55641],[123.239513,-0.570489],[123.403494,-0.642673],[123.454356,-0.758233],[123.383311,-1.003676],[123.311209,-1.051446],[123.23878,-1.024835],[123.149913,-0.935479],[123.15089,-0.872979],[123.096202,-0.835056],[123.009451,-0.893731],[122.838715,-0.899184],[122.720958,-1.109063],[122.661632,-1.142836],[122.638438,-1.20615],[122.382091,-1.478692],[122.200531,-1.604181],[122.036469,-1.613946],[121.954763,-1.663832],[121.861339,-1.669692],[121.692149,-1.908136],[121.562511,-1.930597],[121.456716,-1.860935],[121.440929,-1.813572],[121.31186,-1.782892],[121.296072,-1.816664],[121.30421,-1.846938],[121.340587,-1.839776],[121.340587,-1.991306],[121.402029,-1.909356],[121.43629,-1.980157],[121.53533,-2.05877],[121.574555,-2.16253],[121.700857,-2.180352],[121.822927,-2.287286],[122.009288,-2.59352],[122.013357,-2.680922],[122.059906,-2.744806],[122.177257,-2.806817],[122.192638,-2.866306],[122.28712,-2.888767],[122.312511,-2.926853],[122.279633,-3.039646],[122.385916,-3.132013],[122.430431,-3.114679],[122.457286,-3.156345],[122.433604,-3.234552],[122.357921,-3.217543],[122.295665,-3.312921],[122.380626,-3.391534],[122.378429,-3.438735],[122.325206,-3.375258],[122.25172,-3.376072],[122.290538,-3.471368],[122.210704,-3.550551],[122.205414,-3.593845],[122.334972,-3.718032],[122.441417,-3.731052],[122.548676,-3.878676],[122.656423,-3.889337],[122.62436,-3.952407],[122.565766,-3.963962],[122.663829,-4.023126],[122.688162,-4.13836],[122.842052,-4.128839],[122.775157,-4.048272],[122.844981,-4.057712],[122.907074,-4.195977],[122.886404,-4.396417],[122.842052,-4.438084],[122.670177,-4.314548],[122.762218,-4.409112],[122.768809,-4.478448],[122.711111,-4.451755],[122.682302,-4.480401],[122.670095,-4.432224],[122.599132,-4.396742],[122.497569,-4.435235],[122.430431,-4.416925],[122.116222,-4.517511],[122.039561,-4.663344],[122.059337,-4.742446],[122.128917,-4.80047],[122.090994,-4.836684],[121.887462,-4.846368],[121.808767,-4.81406],[121.704356,-4.835219],[121.56658,-4.752618],[121.488048,-4.661065],[121.480479,-4.580824],[121.533539,-4.247735],[121.584972,-4.236749],[121.627696,-4.087091],[121.555186,-4.021417],[121.354259,-3.968438],[121.312673,-3.897393],[121.255626,-3.903009],[121.255138,-3.815688],[121.176117,-3.804457],[120.874522,-3.498956],[120.889415,-3.388767],[121.059337,-3.211521],[121.052908,-3.049493],[121.08725,-2.904555],[121.070811,-2.851007],[121.041026,-2.824395],[120.993012,-2.841729],[120.990733,-2.811619],[121.066905,-2.752211],[121.048188,-2.698989],[121.00587,-2.660821],[120.799327,-2.615004],[120.584483,-2.682061],[120.542979,-2.747247],[120.203461,-2.957696],[120.285411,-3.122166],[120.264334,-3.142022],[120.383067,-3.20908],[120.408214,-3.259373],[120.398936,-3.500909],[120.446544,-3.728692],[120.359711,-3.89422],[120.351899,-4.100274],[120.387869,-4.294041],[120.367361,-4.424412],[120.449962,-4.64658],[120.386567,-4.829278],[120.309418,-4.87127],[120.275645,-5.133884],[120.381114,-5.337335],[120.458344,-5.626072],[120.323253,-5.509535],[120.118663,-5.587986],[119.932628,-5.564711],[119.805675,-5.692478],[119.723643,-5.70379],[119.64796,-5.678806],[119.634044,-5.617446],[119.552419,-5.643324],[119.502778,-5.555841],[119.455333,-5.573826],[119.4699,-5.595636],[119.424815,-5.573337],[119.432384,-5.510349],[119.352794,-5.355645],[119.403656,-5.124119],[119.459972,-5.0735],[119.519786,-4.916681],[119.497081,-4.71795],[119.584972,-4.579197],[119.626801,-4.314548],[119.606293,-4.104669],[119.643077,-3.992771],[119.607107,-3.975844],[119.593435,-4.026462],[119.456716,-3.714532],[119.508962,-3.577732],[119.497569,-3.495294],[119.311778,-3.426365],[119.208995,-3.489841],[119.027029,-3.509698],[119.004405,-3.559747],[118.926768,-3.566095],[118.842296,-3.368341],[118.817149,-3.171808],[118.766368,-3.102634],[118.784923,-3.064548],[118.848399,-3.067804],[118.887706,-2.882501],[118.834321,-2.840997],[118.771658,-2.862074],[118.757335,-2.775811],[118.806163,-2.629815],[118.914399,-2.64837],[119.135753,-2.454278],[119.134044,-2.203546],[119.216075,-2.009942],[119.264415,-1.963311],[119.347016,-1.959405],[119.367442,-1.847263],[119.305431,-1.652032],[119.333263,-1.5735],[119.296886,-1.411391],[119.328461,-1.36061],[119.31365,-1.245782],[119.443614,-1.113051],[119.518077,-0.876723],[119.68214,-0.736912],[119.658214,-0.712091],[119.72462,-0.639255],[119.846528,-0.874607]]],[[[127.785899,2.264228],[127.816173,2.233791],[127.781261,2.20893],[127.74822,2.247382],[127.785899,2.264228]]],[[[128.193614,2.367255],[128.169932,2.297431],[128.141124,2.296373],[128.125255,2.34748],[128.14975,2.390611],[128.193614,2.367255]]],[[[100.947276,1.825385],[100.948253,1.882758],[100.799978,2.20893],[100.841156,2.280829],[100.885916,2.298285],[101.050304,2.29149],[101.067393,2.219794],[101.317149,2.024604],[101.326671,1.916449],[101.427013,1.709296],[101.567393,1.655911],[101.749197,1.661526],[102.118175,1.386542],[102.147227,1.247789],[102.197276,1.199612],[102.208507,1.024075],[102.425059,0.804267],[102.532237,0.742377],[102.877126,0.726386],[102.953787,0.675849],[103.083751,0.51557],[103.074718,0.442328],[102.627696,0.23432],[102.591807,0.186265],[102.437266,0.249172],[102.545746,0.169135],[102.577891,0.158515],[102.695486,0.232082],[102.885916,0.26142],[103.16627,0.407904],[103.223643,0.48843],[103.362153,0.536282],[103.541026,0.434638],[103.606293,0.310858],[103.655772,0.340399],[103.743419,0.27733],[103.801768,-0.007257],[103.671153,-0.017429],[103.644705,-0.045994],[103.576996,-0.013971],[103.587169,-0.094985],[103.507986,-0.114435],[103.414561,-0.216729],[103.270518,-0.257582],[103.489268,-0.211521],[103.49464,-0.253595],[103.436778,-0.337986],[103.345551,-0.36004],[103.502696,-0.378513],[103.590505,-0.424574],[103.547048,-0.489841],[103.417979,-0.517755],[103.372895,-0.449395],[103.41627,-0.575372],[103.372895,-0.648126],[103.388927,-0.665948],[103.345551,-0.695896],[103.463145,-0.757745],[103.44752,-0.799412],[103.52711,-0.816013],[103.644786,-0.938572],[103.794119,-1.009454],[103.820811,-1.063084],[103.856293,-1.013767],[103.942393,-0.982029],[104.212413,-1.073337],[104.377208,-1.031671],[104.410492,-1.128351],[104.401378,-1.23089],[104.444998,-1.30462],[104.462738,-1.5735],[104.537608,-1.760675],[104.483409,-1.881443],[104.497081,-1.935968],[104.527354,-1.867446],[104.564464,-1.85768],[104.629649,-1.949151],[104.587413,-2.012791],[104.642589,-1.981703],[104.677908,-2.038995],[104.814626,-2.008396],[104.882823,-2.125665],[104.757009,-2.330499],[104.606212,-2.402114],[104.709646,-2.370864],[104.713145,-2.557794],[104.569509,-2.656427],[104.537364,-2.759047],[104.599864,-2.663751],[104.731456,-2.590753],[104.784353,-2.395278],[104.883311,-2.284926],[104.928966,-2.37477],[104.980235,-2.32643],[105.11671,-2.380466],[105.246918,-2.342869],[105.552094,-2.408949],[105.608572,-2.396173],[105.634776,-2.443048],[105.618419,-2.594903],[105.673106,-2.663018],[105.778087,-2.690118],[105.809581,-2.899021],[105.879242,-2.951104],[106.028494,-2.982843],[106.074229,-3.244724],[105.900238,-3.407159],[105.819591,-3.67254],[105.851085,-3.743341],[105.933442,-3.802341],[105.952891,-3.869073],[105.870128,-4.004164],[105.812755,-4.238702],[105.909434,-4.546645],[105.867442,-4.82464],[105.909679,-4.943129],[105.867442,-5.041274],[105.8296,-5.654718],[105.782563,-5.828546],[105.733572,-5.890313],[105.681,-5.819024],[105.602061,-5.809828],[105.568614,-5.680352],[105.483572,-5.658949],[105.279633,-5.444268],[105.250499,-5.45908],[105.23878,-5.568943],[105.180024,-5.580499],[105.206716,-5.686944],[105.154796,-5.726821],[105.202159,-5.773696],[105.163259,-5.786065],[104.790782,-5.60947],[104.681326,-5.506931],[104.606212,-5.478936],[104.613048,-5.499282],[104.551443,-5.508477],[104.533214,-5.559828],[104.688731,-5.807875],[104.713878,-5.910089],[104.56129,-5.928318],[104.541759,-5.841892],[104.297699,-5.643324],[104.314464,-5.605076],[104.257986,-5.539809],[104.11085,-5.446222],[103.993175,-5.312677],[103.991384,-5.246352],[103.894298,-5.20143],[103.913422,-5.139255],[103.891124,-5.104181],[103.726085,-5.016778],[103.717459,-4.961847],[103.654063,-4.979181],[103.616954,-4.919854],[103.500011,-4.863946],[103.424815,-4.870864],[103.172862,-4.617934],[102.920421,-4.492608],[102.701182,-4.27044],[102.312511,-3.991469],[102.283539,-3.930922],[102.304535,-3.845147],[102.222179,-3.642836],[101.611339,-3.224542],[101.326996,-2.73919],[101.104828,-2.587091],[100.923106,-2.333429],[100.831554,-2.14129],[100.887218,-2.037205],[100.857595,-1.89186],[100.65447,-1.617608],[100.632579,-1.507989],[100.570567,-1.44256],[100.569184,-1.330824],[100.406016,-1.264418],[100.433279,-1.20672],[100.368012,-1.133722],[100.371267,-1.073337],[100.412852,-1.073337],[100.416352,-1.047784],[100.353038,-0.977146],[100.301443,-0.816339],[100.034923,-0.48797],[99.823985,-0.313409],[99.759451,-0.16839],[99.747244,-0.02984],[99.61085,0.098578],[99.392589,0.171698],[99.341075,0.238756],[99.233409,0.217027],[99.142345,0.258246],[99.158458,0.320014],[99.110606,0.345649],[99.132335,0.412055],[99.100271,0.601752],[99.048595,0.61994],[99.041759,0.777045],[98.981212,0.831732],[98.844574,1.345893],[98.709646,1.564114],[98.747406,1.548529],[98.818858,1.619696],[98.773936,1.748603],[98.727061,1.791897],[98.720225,1.733466],[98.690684,1.736274],[98.535167,1.936469],[98.260916,2.048529],[98.152599,2.156928],[97.955903,2.271715],[97.850759,2.251207],[97.744395,2.281073],[97.658214,2.411566],[97.608897,2.848619],[97.40504,2.943345],[97.313487,3.061672],[97.270763,3.214423],[97.182628,3.245998],[97.018565,3.522691],[96.873057,3.689276],[96.778005,3.742987],[96.559825,3.746568],[96.479503,3.778713],[96.201915,4.11518],[96.01002,4.225653],[95.725841,4.531684],[95.576182,4.63467],[95.57252,4.673814],[95.42628,4.827338],[95.296886,5.1164],[95.301606,5.172431],[95.198985,5.292873],[95.253591,5.411566],[95.212738,5.573147],[95.288341,5.578762],[95.412852,5.649563],[95.494314,5.612291],[95.611583,5.626654],[95.872569,5.519721],[95.930431,5.414496],[96.088064,5.295478],[96.406586,5.217231],[96.650564,5.216254],[96.82838,5.280178],[96.973399,5.273424],[97.226553,5.146221],[97.526215,5.242255],[97.664399,5.073432],[97.90919,4.889594],[98.007009,4.633857],[97.996837,4.546454],[98.138194,4.53441],[98.268321,4.432318],[98.266368,4.211575],[98.180024,4.158189],[98.178966,4.108222],[98.256847,4.17178],[98.29949,4.089016],[98.384451,4.086493],[98.557791,4.0008],[98.5949,3.943671],[98.67662,3.914547],[98.710623,3.803778],[98.796582,3.725443],[99.179761,3.546338],[99.47877,3.346015],[99.558116,3.244574],[99.750743,3.180487],[99.857921,3.011461],[99.889985,3.018256],[99.979503,2.948472],[99.997895,2.79914],[99.953461,2.696234],[100.0088,2.620429],[99.985688,2.718451],[100.054942,2.727281],[100.125824,2.530097],[100.131114,2.681871],[100.20338,2.709866],[100.31365,2.554551],[100.434337,2.273342],[100.561046,2.156806],[100.666189,2.134467],[100.812755,2.03974],[100.947276,1.825385]]],[[[120.792491,-9.96087],[120.839854,-10.051365],[120.72462,-10.196873],[120.630544,-10.235935],[120.566091,-10.227797],[120.449962,-10.310317],[120.409353,-10.269627],[120.15561,-10.220961],[120.03419,-10.112074],[119.976329,-9.992446],[119.697113,-9.852634],[119.634451,-9.769138],[119.477306,-9.74863],[119.406098,-9.790134],[119.346934,-9.755466],[119.096853,-9.717543],[118.94158,-9.570489],[118.941905,-9.525567],[119.050792,-9.424005],[119.259776,-9.366469],[119.517345,-9.374933],[119.629242,-9.341892],[119.79949,-9.383722],[119.945974,-9.288263],[120.094249,-9.461196],[120.229259,-9.492283],[120.271169,-9.642511],[120.330333,-9.669366],[120.478282,-9.641046],[120.580333,-9.734959],[120.669688,-9.885186],[120.792491,-9.96087]]],[[[115.550141,-8.666192],[115.624204,-8.768909],[115.588878,-8.807306],[115.468272,-8.731866],[115.550141,-8.666192]]],[[[119.722992,-8.621189],[119.791515,-8.6242],[119.702647,-8.706476],[119.723399,-8.741795],[119.702647,-8.792413],[119.606293,-8.76865],[119.660411,-8.685479],[119.634451,-8.596612],[119.695486,-8.667087],[119.722992,-8.621189]]],[[[119.559255,-8.518162],[119.570567,-8.575372],[119.456798,-8.596612],[119.490977,-8.610935],[119.442556,-8.679132],[119.446625,-8.746352],[119.381114,-8.740655],[119.401541,-8.641534],[119.378184,-8.573989],[119.42156,-8.53574],[119.415294,-8.443292],[119.456798,-8.425958],[119.480317,-8.486749],[119.554535,-8.484552],[119.559255,-8.518162]]],[[[123.348643,-8.268813],[123.327485,-8.367608],[123.289317,-8.404474],[123.019542,-8.391778],[123.036469,-8.332289],[123.156505,-8.243585],[123.348643,-8.268813]]],[[[116.633311,-8.275079],[116.706228,-8.317071],[116.743175,-8.391778],[116.685232,-8.480564],[116.681,-8.556329],[116.500438,-8.802688],[116.509125,-8.858005],[116.588878,-8.863214],[116.565369,-8.895583],[116.446611,-8.92008],[116.47188,-8.839399],[116.423116,-8.836406],[116.3977,-8.855322],[116.403087,-8.954197],[116.379568,-8.911879],[116.204763,-8.920017],[116.152354,-8.875665],[116.06422,-8.883966],[116.068614,-8.855727],[116.009532,-8.904474],[115.969249,-8.849379],[115.839262,-8.816857],[115.848592,-8.724793],[115.941759,-8.754877],[116.091482,-8.726983],[116.060271,-8.713907],[116.072645,-8.577784],[116.027937,-8.445008],[116.286388,-8.236261],[116.376231,-8.201837],[116.633311,-8.275079]]],[[[119.086436,-8.131524],[119.137462,-8.190606],[119.100352,-8.25156],[119.051524,-8.261407],[119.020274,-8.189711],[119.086436,-8.131524]]],[[[119.203624,-8.610935],[119.174978,-8.645115],[119.181814,-8.720798],[119.110037,-8.753595],[118.971853,-8.751153],[118.898448,-8.688409],[118.701996,-8.748142],[118.926931,-8.796563],[118.94752,-8.825372],[118.908051,-8.850518],[118.714041,-8.799981],[118.465017,-8.865004],[118.414236,-8.853611],[118.38738,-8.795831],[118.439708,-8.674574],[118.414724,-8.58294],[118.401134,-8.662367],[118.157725,-8.867852],[118.078868,-8.844334],[117.890473,-8.936782],[117.82545,-8.90545],[117.774425,-8.933038],[117.725108,-8.912042],[117.388868,-9.053739],[117.192406,-9.023727],[117.126801,-9.091241],[117.009736,-9.107293],[116.949229,-9.060154],[116.806163,-9.03631],[116.728452,-8.963096],[116.736613,-8.883021],[116.824474,-8.799005],[116.771078,-8.747815],[116.748517,-8.666544],[116.790091,-8.583704],[116.832042,-8.574802],[116.838145,-8.507908],[116.879649,-8.528253],[116.984548,-8.495782],[117.12615,-8.40545],[117.117686,-8.383477],[117.195079,-8.357599],[117.43393,-8.481134],[117.447276,-8.408624],[117.567882,-8.422296],[117.592296,-8.514744],[117.623302,-8.438409],[117.649099,-8.551853],[117.743826,-8.569268],[117.805186,-8.719985],[117.886567,-8.699477],[117.969005,-8.748142],[118.083751,-8.653253],[118.265636,-8.652032],[118.282888,-8.587986],[118.233165,-8.548517],[118.209239,-8.576755],[118.07545,-8.456964],[117.970225,-8.461358],[117.71225,-8.240899],[117.740977,-8.147882],[117.917817,-8.08587],[118.149669,-8.134454],[118.177257,-8.23268],[118.303966,-8.368259],[118.46339,-8.249444],[118.639415,-8.28631],[118.695811,-8.37127],[118.667328,-8.547296],[118.726899,-8.451837],[118.71697,-8.379571],[118.753917,-8.32643],[118.859223,-8.288832],[118.972504,-8.302016],[119.051117,-8.470473],[119.041515,-8.629815],[119.075694,-8.651951],[119.130138,-8.633396],[119.161388,-8.565851],[119.203624,-8.610935]]],[[[123.026378,-8.288751],[123.000743,-8.340997],[122.904145,-8.363377],[122.904552,-8.447035],[122.878429,-8.462091],[122.817719,-8.426446],[122.800548,-8.450128],[122.849376,-8.552016],[122.807384,-8.610935],[122.56544,-8.669122],[122.449474,-8.734308],[122.114513,-8.732354],[121.769786,-8.887628],[121.690115,-8.850518],[121.659353,-8.898207],[121.581065,-8.817641],[121.396007,-8.794122],[121.340587,-8.918064],[121.210948,-8.892022],[120.994884,-8.940525],[120.906505,-8.913832],[120.812999,-8.815037],[120.747813,-8.871026],[120.577891,-8.790216],[120.279063,-8.82936],[120.144786,-8.768731],[119.975759,-8.813897],[119.919932,-8.870782],[119.891856,-8.806736],[119.839692,-8.792901],[119.805675,-8.740655],[119.807791,-8.570001],[119.871104,-8.494073],[119.867198,-8.412856],[119.919444,-8.461196],[120.009776,-8.424737],[120.02475,-8.384942],[120.108897,-8.39186],[120.212901,-8.292739],[120.37794,-8.275079],[120.410981,-8.235528],[120.483409,-8.278741],[120.521739,-8.255466],[120.593923,-8.281915],[120.593923,-8.233494],[120.74464,-8.329767],[120.976085,-8.337498],[121.053233,-8.40545],[121.270518,-8.464532],[121.380544,-8.572198],[121.470958,-8.569268],[121.50172,-8.601821],[121.608165,-8.542087],[121.60963,-8.476007],[121.680431,-8.511326],[121.834727,-8.473728],[121.892751,-8.492852],[122.019054,-8.425958],[122.039561,-8.514744],[122.288422,-8.633884],[122.477387,-8.594985],[122.514659,-8.552667],[122.494151,-8.47503],[122.598155,-8.395196],[122.758149,-8.361017],[122.88087,-8.28574],[122.94044,-8.193129],[122.87615,-8.185724],[122.748871,-8.233494],[122.745128,-8.206801],[122.78419,-8.123956],[122.853201,-8.074314],[122.979666,-8.146905],[123.026378,-8.288751]]],[[[115.619151,-8.288751],[115.714203,-8.375177],[115.700938,-8.419122],[115.615489,-8.492446],[115.533702,-8.506524],[115.322602,-8.623793],[115.203136,-8.747003],[115.220551,-8.788995],[115.214366,-8.761814],[115.237966,-8.772231],[115.235525,-8.819757],[115.134532,-8.850763],[115.094981,-8.833673],[115.181895,-8.746352],[115.156098,-8.662042],[114.927013,-8.467462],[114.796641,-8.40545],[114.604503,-8.386489],[114.468435,-8.21852],[114.447927,-8.12184],[114.452403,-8.095147],[114.504731,-8.090427],[114.555349,-8.133884],[114.597423,-8.11061],[114.857595,-8.193129],[115.022634,-8.172621],[115.193126,-8.055108],[115.502452,-8.172621],[115.619151,-8.288751]]],[[[109.019298,-7.758071],[109.035818,-7.780369],[108.794119,-7.719415],[108.806895,-7.686212],[109.019298,-7.758071]]],[[[115.570649,-6.904555],[115.572276,-6.930597],[115.512706,-6.938735],[115.350434,-6.927504],[115.390961,-6.961196],[115.378266,-6.9874],[115.317393,-6.952407],[115.293305,-7.007582],[115.265636,-6.983494],[115.27589,-6.938735],[115.214366,-6.928155],[115.275727,-6.835382],[115.460785,-6.842543],[115.570649,-6.904555]]],[[[112.700694,-5.726007],[112.740408,-5.787367],[112.718761,-5.841567],[112.604259,-5.847426],[112.582774,-5.794203],[112.645356,-5.73211],[112.700694,-5.726007]]],[[[102.406505,-5.403741],[102.366222,-5.441583],[102.382498,-5.466241],[102.283539,-5.499282],[102.098643,-5.334893],[102.172048,-5.280369],[102.406505,-5.403741]]],[[[115.845876,-4.764093],[115.786388,-4.827813],[115.851817,-4.739028],[115.845876,-4.764093]]],[[[116.399262,-3.392755],[116.434418,-3.409763],[116.385997,-3.639581],[116.324718,-3.532973],[116.399262,-3.392755]]],[[[116.303722,-3.718032],[116.324962,-3.732029],[116.289236,-3.815606],[116.306488,-3.904474],[116.221853,-3.93963],[116.099783,-4.060642],[116.057384,-4.040704],[116.087169,-3.943536],[116.07781,-3.824477],[116.013031,-3.650486],[116.046397,-3.497491],[116.117931,-3.336114],[116.254731,-3.232599],[116.276378,-3.232029],[116.263031,-3.405532],[116.318858,-3.480401],[116.276378,-3.513604],[116.303722,-3.718032]]],[[[100.508474,-3.122166],[100.536388,-3.176853],[100.493663,-3.160252],[100.508474,-3.122166]]],[[[100.398611,-3.183526],[100.46697,-3.287286],[100.460704,-3.334405],[100.336925,-3.222589],[100.343516,-3.136407],[100.189464,-2.966567],[100.178966,-2.802911],[100.227306,-2.772638],[100.46754,-3.015313],[100.472911,-3.113946],[100.386404,-3.143813],[100.398611,-3.183526]]],[[[100.206798,-2.693536],[100.21518,-2.752862],[100.145193,-2.81113],[100.029307,-2.840102],[99.986827,-2.767185],[99.97462,-2.49391],[100.15211,-2.618585],[100.206798,-2.693536]]],[[[99.823253,-2.292901],[99.853363,-2.377618],[99.671723,-2.271254],[99.61085,-2.267185],[99.531261,-2.155938],[99.564952,-2.030857],[99.631358,-2.018487],[99.682628,-2.059503],[99.775401,-2.258722],[99.823253,-2.292901]]],[[[108.964203,-1.573419],[108.948253,-1.631524],[108.869802,-1.662286],[108.831228,-1.662286],[108.832286,-1.605401],[108.793305,-1.580336],[108.892833,-1.534275],[108.964203,-1.573419]]],[[[109.759776,-1.103936],[109.768077,-1.146905],[109.502452,-1.292169],[109.425548,-1.26686],[109.475434,-0.976983],[109.723481,-0.987074],[109.759776,-1.103936]]],[[[99.274425,-1.634942],[99.274425,-1.73797],[99.261485,-1.669692],[99.226736,-1.614435],[99.208751,-1.625746],[99.244151,-1.778985],[99.1185,-1.802341],[98.898692,-1.687758],[98.822602,-1.607599],[98.811697,-1.528985],[98.593761,-1.198419],[98.668468,-0.95436],[98.769054,-0.956476],[98.882823,-0.913181],[98.937511,-0.960056],[98.932465,-1.049005],[99.164724,-1.414239],[99.165294,-1.456231],[99.130544,-1.428888],[99.145844,-1.469415],[99.274425,-1.634942]]],[[[98.501964,-0.460545],[98.500499,-0.565606],[98.431651,-0.531996],[98.422048,-0.586602],[98.275157,-0.52516],[98.329275,-0.518731],[98.364024,-0.36004],[98.440684,-0.246515],[98.507335,-0.364923],[98.501964,-0.460545]]],[[[98.479991,-0.15838],[98.559825,-0.278253],[98.547862,-0.369236],[98.295665,-0.007257],[98.406098,-0.007379],[98.479991,-0.15838]]],[[[103.29363,0.625434],[103.295746,0.549384],[103.170665,0.513739],[103.140473,0.539374],[103.17921,0.695502],[103.246918,0.694037],[103.29363,0.625434]]],[[[103.518728,0.818427],[103.523448,0.777818],[103.421235,0.873236],[103.518728,0.818427]]],[[[103.818614,0.886217],[103.898204,0.853339],[103.932872,0.770331],[103.818614,0.886217]]],[[[103.489024,0.777045],[103.480317,0.685248],[103.434337,0.647284],[103.345551,0.763373],[103.357432,0.872463],[103.385509,0.888861],[103.489024,0.777045]]],[[[103.801768,0.852729],[103.832286,0.765367],[103.746349,0.82274],[103.726248,0.873236],[103.743419,0.893744],[103.801768,0.852729]]],[[[103.942149,0.99608],[103.966645,0.947211],[103.9463,0.935614],[103.839692,0.989936],[103.880056,1.03148],[103.942149,0.99608]]],[[[104.798595,1.03148],[104.830089,1.023383],[104.845388,0.963324],[104.798595,1.03148]]],[[[107.562022,1.037177],[107.601573,1.009833],[107.54713,0.976264],[107.531261,1.027899],[107.562022,1.037177]]],[[[103.443126,1.012763],[103.437022,0.9914],[103.340831,1.019517],[103.314789,1.061591],[103.333832,1.111396],[103.389822,1.130276],[103.443126,1.012763]]],[[[103.048676,0.797024],[103.043712,0.720689],[103.007335,0.693834],[102.894705,0.789984],[102.516368,0.791327],[102.406505,0.873236],[102.50172,0.972886],[102.467621,1.106431],[102.489024,1.133287],[102.556407,1.125678],[102.607921,1.068915],[102.605479,1.011176],[102.763845,1.011176],[103.021739,0.845282],[103.048676,0.797024]]],[[[103.126475,0.927883],[103.174571,0.882148],[103.127126,0.834418],[102.773611,1.035468],[102.626231,1.009833],[102.715587,1.154446],[102.801768,1.163275],[103.03712,1.044582],[103.126475,0.927883]]],[[[104.146332,1.160468],[104.093272,0.993638],[103.966645,1.008124],[103.906749,1.071682],[104.019216,1.17886],[104.070811,1.145941],[104.103201,1.189521],[104.146332,1.160468]]],[[[104.654552,1.096381],[104.658702,0.927883],[104.616384,0.906195],[104.599864,0.835028],[104.567068,0.829535],[104.483409,0.858954],[104.449229,0.914211],[104.486583,0.937079],[104.428966,0.94892],[104.485199,1.033677],[104.457774,1.054999],[104.281505,1.002143],[104.245616,1.017279],[104.232758,1.075588],[104.356293,1.181708],[104.508149,1.179511],[104.572032,1.209052],[104.599376,1.126451],[104.654552,1.096381]]],[[[102.473399,1.242011],[102.445567,1.076158],[102.468028,0.972561],[102.369314,0.935207],[102.232921,1.099514],[102.210623,1.398261],[102.290863,1.404527],[102.473399,1.242011]]],[[[102.49586,1.363593],[102.511485,1.295315],[102.47877,1.270738],[102.330251,1.413275],[102.095551,1.475246],[102.026541,1.547675],[102.007823,1.615383],[102.053722,1.627346],[102.462657,1.515448],[102.490489,1.489691],[102.49586,1.363593]]],[[[98.555186,1.682034],[98.599132,1.631985],[98.497569,1.627265],[98.430186,1.676459],[98.445649,1.704332],[98.504161,1.664944],[98.555186,1.682034]]],[[[97.151134,2.058092],[97.115001,2.014716],[97.069021,2.087144],[97.120128,2.113349],[97.151134,2.058092]]],[[[101.721202,2.058092],[101.775564,1.947984],[101.715099,1.778225],[101.625255,1.714423],[101.490733,1.736762],[101.397146,1.909369],[101.418142,2.04442],[101.566417,2.067939],[101.649262,2.128485],[101.721202,2.058092]]],[[[96.644054,2.127021],[96.665375,2.087877],[96.622895,2.070624],[96.609874,2.106513],[96.644054,2.127021]]],[[[97.328624,2.147528],[97.329356,2.036322],[97.207367,2.175523],[97.102794,2.212714],[97.281261,2.229071],[97.328624,2.147528]]],[[[118.59962,2.24433],[118.654307,2.182278],[118.578461,2.236884],[118.556407,2.312201],[118.622569,2.286119],[118.63266,2.260688],[118.585948,2.29149],[118.59962,2.24433]]],[[[109.108653,2.531684],[109.026703,2.485826],[109.005626,2.537909],[108.96811,2.543647],[109.108653,2.531684]]],[[[106.243175,2.760484],[106.241547,2.738023],[106.219493,2.758368],[106.216319,2.822455],[106.243175,2.760484]]],[[[96.479503,2.414984],[96.481212,2.378852],[96.430675,2.348782],[96.320811,2.363471],[96.285167,2.436428],[96.065684,2.579413],[95.790538,2.654608],[95.794281,2.696234],[95.692638,2.79206],[95.699555,2.831773],[95.768728,2.840806],[95.801524,2.937567],[95.911876,2.906236],[95.883067,2.846381],[95.917247,2.860663],[96.003266,2.777004],[96.126313,2.73371],[96.102794,2.654608],[96.147146,2.654608],[96.143728,2.678778],[96.3213,2.566148],[96.390147,2.469672],[96.396495,2.524848],[96.479503,2.414984]]],[[[108.842459,2.973619],[108.855724,3.003363],[108.898611,2.982856],[108.892263,2.903876],[108.845876,2.850653],[108.77589,2.888007],[108.842459,2.973619]]],[[[107.80714,3.014879],[107.813243,2.99494],[107.745128,2.983547],[107.77296,3.025295],[107.80714,3.014879]]],[[[105.802013,2.99726],[105.844005,2.988471],[105.81186,2.904486],[105.729747,2.881171],[105.765147,2.85692],[105.724457,2.839667],[105.696462,2.873481],[105.722179,2.969224],[105.688731,3.059963],[105.732188,3.035386],[105.738536,2.988105],[105.802013,2.99726]]],[[[106.285167,3.179104],[106.285167,3.087226],[106.210704,3.12816],[106.205821,3.205715],[106.259125,3.214748],[106.285167,3.179104]]],[[[117.503591,3.333645],[117.527517,3.290839],[117.417003,3.288723],[117.44988,3.34394],[117.503591,3.333645]]],[[[106.270844,3.360989],[106.292003,3.36815],[106.279063,3.230618],[106.230479,3.257961],[106.270844,3.360989]]],[[[117.625255,3.43769],[117.681651,3.415513],[117.648448,3.246039],[117.556407,3.331855],[117.531261,3.403144],[117.566661,3.438422],[117.625255,3.43769]]],[[[117.893891,3.497504],[117.877452,3.459947],[117.826182,3.494086],[117.784923,3.581977],[117.847911,3.575426],[117.893891,3.497504]]],[[[117.517263,3.477037],[117.496755,3.455552],[117.254893,3.507066],[117.224132,3.57099],[117.268403,3.592922],[117.393728,3.566392],[117.517263,3.477037]]],[[[117.846202,3.79914],[117.74464,3.857896],[117.807384,3.856147],[117.846202,3.79914]]],[[[117.698741,4.111314],[117.753184,4.051825],[117.705577,3.987494],[117.665294,3.983059],[117.594493,4.06387],[117.646332,4.140815],[117.698741,4.111314]]],[[[108.396169,3.874823],[108.323985,3.692694],[108.17449,3.651923],[108.104828,3.690579],[108.125011,3.74787],[108.213634,3.791164],[108.266856,3.738756],[108.26238,3.792304],[108.052989,3.864651],[107.997244,4.034247],[108.211599,4.235419],[108.242442,4.230699],[108.257335,4.130561],[108.391368,3.997016],[108.392833,3.924384],[108.365977,3.905463],[108.396169,3.874823]]],[[[108.005138,4.772366],[107.981212,4.683661],[107.937348,4.691392],[108.005138,4.772366]]],[[[95.177419,5.628363],[95.191091,5.608466],[95.111583,5.611884],[95.15504,5.656684],[95.177419,5.628363]]],[[[95.115245,5.711493],[95.122081,5.669257],[95.06072,5.656236],[95.06072,5.732001],[95.012706,5.735826],[95.058279,5.75731],[95.115245,5.711493]]],[[[95.341807,5.89643],[95.382823,5.807074],[95.355479,5.827582],[95.33839,5.779202],[95.27296,5.807074],[95.213552,5.902533],[95.29713,5.858588],[95.341807,5.89643]]],[[[123.390147,-10.591485],[123.417328,-10.663507],[123.254731,-10.733087],[123.209158,-10.813084],[122.988048,-10.865004],[122.97169,-10.899347],[122.880219,-10.922621],[122.820974,-10.893243],[122.812511,-10.778416],[123.049164,-10.711358],[123.374034,-10.443536],[123.396251,-10.447524],[123.393891,-10.50921],[123.359386,-10.590753],[123.390147,-10.591485]]],[[[121.940196,-10.430108],[122.005382,-10.46795],[121.930024,-10.566664],[121.859711,-10.604099],[121.694347,-10.571059],[121.879649,-10.428888],[121.940196,-10.430108]]],[[[123.465831,-10.149835],[123.504649,-10.171319],[123.494965,-10.198175],[123.446625,-10.239679],[123.396251,-10.227797],[123.416759,-10.32464],[123.377452,-10.310805],[123.33839,-10.337498],[123.314301,-10.313409],[123.332286,-10.254571],[123.403819,-10.157647],[123.465831,-10.149835]]],[[[123.927989,-8.227309],[123.937511,-8.265232],[123.789887,-8.293634],[123.687511,-8.436212],[123.656993,-8.40545],[123.572113,-8.471612],[123.597911,-8.555352],[123.543468,-8.569268],[123.511485,-8.53281],[123.406749,-8.589451],[123.324392,-8.534601],[123.279145,-8.554946],[123.227306,-8.526056],[123.357595,-8.41131],[123.485688,-8.350763],[123.36964,-8.316664],[123.399669,-8.273858],[123.567638,-8.247735],[123.5171,-8.337498],[123.589122,-8.37363],[123.609223,-8.343357],[123.586762,-8.317153],[123.643321,-8.275079],[123.634288,-8.228123],[123.701345,-8.251235],[123.810313,-8.181248],[123.927989,-8.227309]]],[[[124.308116,-8.220473],[124.299978,-8.319268],[124.218761,-8.401544],[124.164806,-8.528253],[124.059337,-8.551528],[124.018809,-8.429946],[123.907237,-8.454848],[124.023285,-8.313409],[124.069102,-8.315606],[124.097179,-8.377211],[124.251231,-8.189142],[124.308116,-8.220473]]],[[[138.897309,-8.337172],[138.909841,-8.396091],[138.699962,-8.394627],[138.548025,-8.347101],[138.688813,-8.181329],[138.78533,-8.158949],[138.816905,-8.161879],[138.84197,-8.276951],[138.897309,-8.337172]]],[[[125.134044,-8.217055],[125.123302,-8.352309],[124.650157,-8.40545],[124.418224,-8.464614],[124.338552,-8.429376],[124.406749,-8.320571],[124.547618,-8.223728],[124.392426,-8.265232],[124.475271,-8.132582],[124.568696,-8.131036],[124.603038,-8.206801],[124.687999,-8.165216],[124.966075,-8.151544],[125.080821,-8.159438],[125.134044,-8.217055]]],[[[128.090587,-8.131036],[128.117931,-8.178888],[128.008637,-8.258722],[127.843598,-8.205743],[127.774181,-8.103448],[128.090587,-8.131036]]],[[[131.109386,-8.131036],[131.181651,-8.124933],[131.061209,-8.205824],[130.90211,-8.249688],[130.879405,-8.309259],[130.810883,-8.351332],[130.763357,-8.350763],[130.922211,-8.198419],[130.917491,-8.14129],[130.973806,-8.145278],[131.037608,-8.083266],[131.079438,-8.148858],[131.109386,-8.131036]]],[[[129.841156,-7.877862],[129.85906,-7.93255],[129.7588,-8.054457],[129.693858,-8.038263],[129.585216,-7.902032],[129.587576,-7.835626],[129.632498,-7.795994],[129.829845,-7.823907],[129.841156,-7.877862]]],[[[126.836762,-7.726332],[126.823497,-7.762384],[126.727875,-7.754653],[126.56837,-7.814142],[126.475271,-7.955336],[126.053966,-7.884698],[125.925059,-7.911879],[125.812022,-8.007582],[125.77589,-7.991795],[125.80836,-7.86419],[125.968923,-7.660089],[126.203136,-7.713474],[126.32838,-7.695733],[126.484548,-7.597263],[126.626964,-7.559991],[126.634532,-7.606866],[126.737559,-7.671808],[126.798839,-7.664239],[126.836762,-7.726332]]],[[[127.470225,-7.527765],[127.467296,-7.599054],[127.373302,-7.656183],[127.350759,-7.640802],[127.372732,-7.506117],[127.470225,-7.527765]]],[[[138.938975,-7.542087],[139.075531,-7.576267],[138.993663,-7.720147],[138.982677,-7.829848],[138.891124,-7.898045],[138.904145,-8.07586],[138.836681,-8.080011],[138.771821,-8.143162],[138.660899,-8.169041],[138.60255,-8.254653],[138.375987,-8.409601],[137.849132,-8.377537],[137.638194,-8.425877],[137.759044,-8.073419],[138.006684,-7.637628],[138.088634,-7.559828],[138.244151,-7.456476],[138.39503,-7.40488],[138.717052,-7.359552],[138.804535,-7.3742],[138.938975,-7.542087]]],[[[131.698578,-7.226739],[131.642751,-7.254815],[131.668468,-7.39422],[131.706309,-7.412693],[131.633067,-7.62005],[131.389903,-7.847101],[131.316742,-8.017999],[131.291515,-8.011326],[131.283458,-7.93613],[131.229666,-8.003513],[131.116222,-8.000746],[131.126964,-7.929132],[131.09018,-7.84881],[131.161143,-7.809666],[131.153656,-7.740655],[131.114757,-7.706964],[131.139171,-7.68613],[131.249848,-7.706638],[131.181326,-7.649591],[131.241547,-7.487726],[131.315196,-7.422947],[131.355724,-7.435317],[131.389822,-7.358657],[131.453136,-7.334405],[131.568614,-7.130955],[131.637543,-7.109063],[131.653575,-7.166192],[131.713715,-7.150486],[131.739513,-7.195977],[131.698578,-7.226739]]],[[[131.982188,-7.188897],[131.9817,-7.245701],[131.955903,-7.2492],[131.87794,-7.164483],[131.732188,-7.141209],[131.757009,-7.11004],[131.933849,-7.111586],[131.982188,-7.188897]]],[[[128.669688,-7.137384],[128.676524,-7.178888],[128.638682,-7.219903],[128.528819,-7.130548],[128.61964,-7.063165],[128.699718,-7.109552],[128.669688,-7.137384]]],[[[114.045665,-6.914646],[114.124801,-6.98161],[113.909979,-7.048063],[113.872813,-7.128839],[113.610052,-7.129187],[113.513425,-7.247782],[113.472471,-7.22205],[113.165538,-7.219903],[113.122325,-7.139418],[113.109711,-7.171482],[113.14503,-7.226739],[112.742524,-7.161391],[112.692638,-7.058526],[112.87322,-6.897719],[112.915294,-6.891697],[113.526228,-6.896293],[113.923676,-6.864841],[114.045665,-6.914646]]],[[[105.264171,-6.527927],[105.256033,-6.628188],[105.203868,-6.673272],[105.175466,-6.583103],[105.117686,-6.6124],[105.188487,-6.547621],[105.264171,-6.527927]]],[[[134.484386,-6.575616],[134.510509,-6.580662],[134.499278,-6.637791],[134.401703,-6.657485],[134.433767,-6.677016],[134.42156,-6.704197],[134.31072,-6.85947],[134.185069,-6.918634],[134.140473,-6.854913],[134.073416,-6.826755],[134.054454,-6.751642],[134.10377,-6.474867],[134.117524,-6.452081],[134.209972,-6.50742],[134.120372,-6.419854],[134.11199,-6.172947],[134.298839,-6.305841],[134.288097,-6.336033],[134.329763,-6.389337],[134.457042,-6.445245],[134.484386,-6.575616]]],[[[120.546153,-5.938165],[120.558604,-6.066339],[120.490489,-6.471449],[120.470876,-6.27516],[120.430837,-6.194513],[120.47047,-5.76686],[120.546153,-5.938165]]],[[[104.832774,-5.760024],[104.846446,-5.811212],[104.82016,-5.81227],[104.770356,-5.752048],[104.832774,-5.760024]]],[[[132.802013,-5.787367],[132.805431,-5.862481],[132.76059,-5.941583],[132.723643,-5.910333],[132.686046,-5.922052],[132.675059,-5.712172],[132.619802,-5.60296],[132.687836,-5.60003],[132.802013,-5.787367]]],[[[134.758067,-6.157892],[134.701834,-6.321873],[134.607758,-6.369561],[134.343761,-6.22617],[134.276622,-6.119317],[134.292491,-6.054864],[134.367686,-6.034356],[134.312999,-6.027602],[134.319102,-5.966078],[134.288097,-5.923923],[134.376475,-5.805597],[134.232677,-5.750909],[134.215505,-5.695896],[134.257823,-5.678806],[134.351817,-5.714451],[134.457042,-5.534112],[134.472504,-5.557875],[134.505056,-5.517755],[134.508311,-5.429376],[134.628266,-5.444757],[134.688487,-5.523858],[134.682384,-5.575128],[134.635102,-5.5888],[134.710216,-5.609145],[134.758067,-5.671319],[134.711111,-5.823663],[134.754242,-5.89837],[134.696544,-5.917739],[134.736095,-5.969496],[134.605724,-5.943943],[134.642589,-5.947524],[134.765147,-6.076837],[134.754649,-6.135512],[134.697276,-6.180841],[134.758067,-6.157892]]],[[[133.184337,-5.310317],[133.113292,-5.595636],[132.975434,-5.728692],[132.949474,-5.874282],[132.856781,-5.989435],[132.931163,-5.714939],[132.964122,-5.64072],[132.996593,-5.651544],[133.110118,-5.310968],[133.137869,-5.287286],[133.184337,-5.310317]]],[[[122.067393,-5.21502],[122.046886,-5.451593],[121.968272,-5.46795],[121.881847,-5.390232],[121.806814,-5.259861],[121.846365,-5.152765],[121.872569,-5.148533],[121.853852,-5.102146],[121.89796,-5.060968],[121.937022,-5.09588],[121.982677,-5.079034],[122.067393,-5.21502]]],[[[131.733084,-4.693048],[131.748709,-4.759047],[131.729015,-4.754653],[131.733084,-4.693048]]],[[[122.78004,-4.916599],[122.604259,-5.159926],[122.634532,-5.206964],[122.598155,-5.228448],[122.658539,-5.296482],[122.598399,-5.420099],[122.543468,-5.428806],[122.520844,-5.291681],[122.468598,-5.396417],[122.41627,-5.37656],[122.407237,-5.353204],[122.45102,-5.321222],[122.42156,-5.311944],[122.363943,-5.389825],[122.290212,-5.380792],[122.281505,-5.307794],[122.33253,-5.123793],[122.402599,-5.061782],[122.327485,-4.842055],[122.38266,-4.745864],[122.49879,-4.725356],[122.711111,-4.615492],[122.78004,-4.916599]]],[[[131.606212,-4.430434],[131.649425,-4.452407],[131.680431,-4.524021],[131.660899,-4.534275],[131.606212,-4.430434]]],[[[123.149913,-5.22503],[123.209321,-5.265395],[123.201427,-5.317071],[123.065603,-5.41839],[122.97755,-5.39422],[122.876231,-5.458429],[122.862804,-5.495864],[122.918224,-5.527439],[122.827647,-5.676202],[122.790294,-5.692478],[122.739594,-5.636895],[122.638357,-5.662205],[122.567149,-5.506931],[122.644298,-5.439386],[122.629161,-5.403741],[122.721039,-5.266209],[122.814708,-5.211358],[122.808604,-5.189386],[122.763438,-5.20794],[122.754568,-5.177667],[122.800548,-5.026462],[122.752696,-5.033868],[122.833507,-4.929132],[122.854991,-4.609552],[122.922618,-4.461602],[123.041352,-4.384373],[123.069102,-4.383233],[123.061534,-4.421319],[123.20045,-4.589044],[123.219737,-4.816664],[123.211274,-4.842055],[123.149913,-4.71795],[123.123871,-4.710219],[123.105317,-4.767267],[123.052094,-4.74033],[123.017426,-4.909845],[122.967947,-4.98089],[122.983572,-5.087823],[122.947927,-5.172133],[122.968028,-5.197686],[123.046886,-5.137465],[123.149913,-5.22503]]],[[[133.55836,-4.232029],[133.627696,-4.300226],[133.535167,-4.238702],[133.470388,-4.246026],[133.399425,-4.209893],[133.331391,-4.165216],[133.324229,-4.108331],[133.445974,-4.196954],[133.55836,-4.232029]]],[[[131.365977,-4.122166],[131.385509,-4.140232],[131.280528,-4.079522],[131.294607,-4.063165],[131.365977,-4.122166]]],[[[131.235037,-3.987563],[131.250499,-4.032322],[131.226085,-4.038344],[131.210785,-3.995782],[131.235037,-3.987563]]],[[[123.204438,-3.992934],[123.253429,-4.089776],[123.1963,-4.187677],[123.136241,-4.238702],[123.04477,-4.209649],[122.950694,-4.047052],[123.015636,-3.981134],[123.102306,-4.012465],[123.204438,-3.992934]]],[[[131.444835,-4.036716],[131.453298,-4.055759],[131.400645,-4.047052],[131.36964,-3.962172],[131.416026,-3.958591],[131.444835,-4.036716]]],[[[128.796235,-3.642836],[128.79713,-3.69378],[128.761729,-3.69964],[128.746349,-3.659763],[128.796235,-3.642836]]],[[[123.177257,-3.573989],[123.119884,-3.629164],[123.061697,-3.580255],[123.140636,-3.539158],[123.177257,-3.573989]]],[[[128.528819,-3.532973],[128.563813,-3.591892],[128.392914,-3.642836],[128.416515,-3.531345],[128.528819,-3.532973]]],[[[128.330821,-3.511895],[128.337169,-3.611586],[128.309744,-3.635431],[128.263031,-3.615004],[128.27589,-3.666192],[128.236501,-3.722263],[128.097423,-3.773207],[128.220958,-3.649102],[128.202891,-3.639337],[127.986013,-3.77158],[127.933442,-3.763442],[127.912364,-3.703058],[127.984141,-3.620538],[128.034516,-3.589044],[128.147309,-3.588474],[128.28712,-3.504571],[128.330821,-3.511895]]],[[[128.720551,-3.525567],[128.728038,-3.614923],[128.668793,-3.569268],[128.645518,-3.621759],[128.559093,-3.509373],[128.606293,-3.496677],[128.660655,-3.53338],[128.70574,-3.502537],[128.720551,-3.525567]]],[[[127.240896,-3.470961],[127.243419,-3.606052],[127.20574,-3.659601],[127.121593,-3.653253],[126.907,-3.787341],[126.696573,-3.863792],[126.203021,-3.630994],[126.148554,-3.525501],[126.052628,-3.44632],[125.991742,-3.248191],[126.017263,-3.171157],[126.090921,-3.112098],[126.185085,-3.180894],[126.22774,-3.174759],[126.258311,-3.122003],[126.421397,-3.070489],[126.840017,-3.073663],[126.893403,-3.125584],[127.102306,-3.210382],[127.112315,-3.264418],[127.042247,-3.272393],[127.046153,-3.305352],[127.113943,-3.368585],[127.158946,-3.337172],[127.259776,-3.371189],[127.240896,-3.470961]]],[[[106.908946,-2.929783],[106.895274,-3.018487],[106.865896,-3.026544],[106.722667,-2.966078],[106.812511,-2.892185],[106.908946,-2.929783]]],[[[107.099232,-2.859058],[107.083751,-2.909845],[107.033698,-2.888575],[107.061046,-2.827244],[107.099232,-2.859058]]],[[[107.39503,-2.86891],[107.458181,-2.824477],[107.497732,-2.845147],[107.480968,-2.898696],[107.410147,-2.947565],[107.341292,-2.886858],[107.39503,-2.86891]]],[[[130.87322,-3.573989],[130.834727,-3.682306],[130.841482,-3.852797],[130.817882,-3.868829],[130.606944,-3.778497],[130.418793,-3.636895],[130.00172,-3.473077],[129.933849,-3.348321],[129.890473,-3.333103],[129.509613,-3.302504],[129.563243,-3.43963],[129.485606,-3.463474],[129.084321,-3.341241],[128.960785,-3.355564],[128.939626,-3.332615],[128.981944,-3.251886],[128.889659,-3.20436],[128.692556,-3.348728],[128.677582,-3.432306],[128.484141,-3.462498],[128.399181,-3.410089],[128.282074,-3.22088],[128.182872,-3.19378],[128.184337,-3.074395],[128.135753,-3.075372],[128.090668,-3.132013],[128.056895,-3.296808],[127.962169,-3.425714],[127.92921,-3.542739],[127.898611,-3.523858],[127.930186,-3.323337],[127.842296,-3.173272],[128.025645,-3.068617],[128.103689,-3.06699],[128.114106,-2.993585],[128.084972,-2.973891],[128.186778,-2.854669],[128.498546,-2.836521],[128.865245,-2.862074],[129.052908,-2.804457],[129.064464,-2.896173],[129.105235,-2.947931],[129.174164,-2.956476],[129.358409,-2.856215],[129.400238,-2.791599],[129.523204,-2.78631],[129.964854,-2.973565],[130.389334,-2.993829],[130.59197,-3.138849],[130.666677,-3.403578],[130.81658,-3.434259],[130.819347,-3.505141],[130.87322,-3.573989]]],[[[131.599376,-2.634861],[131.654633,-2.613214],[131.57252,-2.651056],[131.599376,-2.634861]]],[[[108.293712,-2.848403],[108.204356,-3.005466],[108.204926,-3.125909],[108.079112,-3.171808],[108.073985,-3.226007],[107.980968,-3.239841],[107.966075,-3.150974],[107.85906,-3.057306],[107.82545,-3.066176],[107.841807,-3.14544],[107.815196,-3.16725],[107.602794,-3.228858],[107.640798,-3.132582],[107.580577,-2.997979],[107.611013,-2.917901],[107.549083,-2.904962],[107.603363,-2.871026],[107.594249,-2.78631],[107.642589,-2.748468],[107.670258,-2.561456],[107.81837,-2.531915],[107.988455,-2.574151],[108.0324,-2.642348],[108.06658,-2.594496],[108.097911,-2.608168],[108.267263,-2.75742],[108.293712,-2.848403]]],[[[134.581228,-2.416436],[134.566905,-2.450453],[134.537283,-2.445733],[134.521495,-2.406671],[134.566905,-2.292901],[134.581228,-2.416436]]],[[[134.38502,-2.003595],[134.426524,-2.033298],[134.377452,-2.149835],[134.340343,-2.135349],[134.333263,-2.083266],[134.38502,-2.003595]]],[[[126.069102,-2.384454],[126.075857,-2.462986],[126.013438,-2.459568],[125.900401,-2.217706],[125.863536,-2.053318],[125.924571,-1.968194],[125.99879,-2.015232],[125.977224,-2.180352],[126.069102,-2.384454]]],[[[123.857432,-1.950372],[123.840587,-2.001642],[123.787364,-1.980645],[123.787364,-1.873956],[123.857432,-1.950372]]],[[[126.329112,-1.819268],[126.272146,-1.867283],[125.927582,-1.93141],[125.855968,-1.903416],[125.43214,-1.94964],[125.43214,-1.881443],[125.380626,-1.854099],[125.342052,-1.869317],[125.338145,-1.828058],[125.40211,-1.774672],[125.702891,-1.819268],[125.946137,-1.785821],[126.329112,-1.819268]]],[[[123.132823,-1.765313],[123.152843,-1.823826],[123.072765,-1.901625],[123.094574,-1.75506],[123.132823,-1.765313]]],[[[134.23585,-1.738539],[134.244802,-1.796075],[134.175141,-1.943455],[134.168956,-1.829848],[134.23585,-1.738539]]],[[[130.386485,-1.888279],[130.354991,-1.912205],[130.434337,-1.963311],[130.383067,-2.008396],[130.341075,-1.955336],[130.223399,-2.057794],[130.126475,-2.06699],[130.086925,-2.026137],[129.873383,-1.982029],[129.714854,-1.881443],[130.011974,-1.750177],[130.22047,-1.736017],[130.342947,-1.67669],[130.351817,-1.741388],[130.439952,-1.835707],[130.386485,-1.888279]]],[[[125.314789,-1.778985],[125.308849,-1.884942],[125.050466,-1.887953],[124.986583,-1.943455],[124.828298,-1.895115],[124.554454,-2.004978],[124.406016,-2.004083],[124.335948,-1.888116],[124.384939,-1.667901],[124.518077,-1.626235],[124.527843,-1.65545],[124.632823,-1.631117],[124.960704,-1.698337],[125.081554,-1.764744],[125.137462,-1.68963],[125.185232,-1.703871],[125.191417,-1.782403],[125.284028,-1.731052],[125.284923,-1.771417],[125.314789,-1.778985]]],[[[136.848481,-1.765313],[136.899262,-1.79461],[136.881358,-1.816176],[136.729828,-1.826104],[136.644867,-1.876397],[136.532563,-1.867771],[136.524913,-1.899998],[136.337657,-1.860935],[136.273204,-1.909356],[135.728526,-1.706964],[135.497895,-1.682794],[135.436209,-1.618097],[135.477306,-1.589939],[135.896739,-1.648045],[136.191254,-1.653904],[136.368175,-1.724298],[136.7046,-1.730564],[136.848481,-1.765313]]],[[[106.769054,-2.560317],[106.833263,-2.580255],[106.721934,-2.629327],[106.60377,-2.910252],[106.613048,-2.94256],[106.738455,-3.004571],[106.747569,-3.068617],[106.707286,-3.094171],[106.601248,-3.071059],[106.532237,-3.105645],[106.447032,-2.981134],[106.094005,-2.84059],[106.002452,-2.830743],[105.907563,-2.674574],[105.944347,-2.498793],[105.928884,-2.45672],[105.828787,-2.395115],[105.780447,-2.150811],[105.616222,-2.117608],[105.577647,-2.077081],[105.306407,-2.135024],[105.229828,-2.070082],[105.147472,-2.080011],[105.135916,-1.965509],[105.375662,-1.821873],[105.394542,-1.73797],[105.33546,-1.697931],[105.346039,-1.658868],[105.459646,-1.562921],[105.565766,-1.531915],[105.611013,-1.540216],[105.628754,-1.614028],[105.702891,-1.65545],[105.651703,-1.706964],[105.663097,-1.739679],[105.812755,-1.792657],[105.750987,-1.703058],[105.757579,-1.645196],[105.707286,-1.540623],[105.913748,-1.494236],[106.033946,-1.57586],[106.031912,-1.665948],[106.174571,-1.879083],[106.162608,-2.007013],[106.200694,-2.178155],[106.318858,-2.431329],[106.396169,-2.48211],[106.769054,-2.560317]]],[[[135.285655,-1.476739],[135.333995,-1.484145],[135.275401,-1.522231],[135.18686,-1.525649],[135.10434,-1.518243],[135.098399,-1.489028],[135.285655,-1.476739]]],[[[128.145193,-1.594008],[128.151134,-1.669692],[128.051524,-1.714532],[127.913097,-1.682387],[127.532725,-1.731378],[127.378673,-1.632257],[127.428396,-1.415134],[127.4817,-1.448175],[127.624522,-1.329522],[127.741059,-1.35475],[127.830821,-1.431573],[127.898936,-1.42669],[128.145193,-1.594008]]],[[[127.689952,-1.2138],[127.666026,-1.271905],[127.460704,-1.235772],[127.531505,-1.172621],[127.689952,-1.2138]]],[[[123.503103,-1.264418],[123.553722,-1.303399],[123.528575,-1.433038],[123.408376,-1.516534],[123.362153,-1.511407],[123.326834,-1.421157],[123.280284,-1.428888],[123.250499,-1.622735],[123.178396,-1.622491],[123.109141,-1.565688],[123.184825,-1.48561],[123.152354,-1.300551],[122.895844,-1.589532],[122.812022,-1.443617],[122.820811,-1.313735],[122.898692,-1.18434],[123.159353,-1.179295],[123.182872,-1.142267],[123.246104,-1.223403],[123.197602,-1.295505],[123.227794,-1.379653],[123.365977,-1.223403],[123.503103,-1.264418]]],[[[129.954438,-1.162693],[129.927257,-1.210382],[129.920421,-1.189386],[129.859223,-1.233168],[129.830903,-1.237074],[129.872569,-1.210219],[129.743907,-1.199884],[129.858653,-1.142022],[129.954438,-1.162693]]],[[[134.99822,-1.01865],[134.991384,-1.08294],[134.925792,-1.135512],[134.863536,-1.121026],[134.800059,-1.027765],[134.862804,-0.937595],[134.943614,-0.966892],[134.943614,-1.079522],[134.99822,-1.01865]]],[[[131.057384,-1.000665],[131.07252,-1.077569],[131.037364,-1.226332],[130.961925,-1.353774],[130.932384,-1.326593],[130.853282,-1.330662],[130.769705,-1.248224],[130.688243,-1.107354],[130.701834,-1.045099],[130.649425,-0.988377],[130.891856,-0.889907],[130.939708,-0.932306],[131.026622,-0.913995],[131.07488,-0.966892],[131.057384,-1.000665]]],[[[130.917247,-0.778416],[130.875743,-0.799249],[130.881602,-0.839532],[130.819347,-0.870294],[130.400157,-0.929295],[130.478526,-0.7999],[130.519054,-0.839614],[130.564708,-0.805108],[130.817882,-0.819431],[130.800629,-0.769952],[130.917247,-0.778416]]],[[[136.375662,-1.093683],[136.381114,-1.123224],[136.29363,-1.183201],[136.160655,-1.22088],[135.991384,-1.168878],[135.88502,-1.183038],[135.834321,-1.128513],[135.765391,-0.839288],[135.719086,-0.824802],[135.640636,-0.881606],[135.484874,-0.757257],[135.49171,-0.805108],[135.422618,-0.762384],[135.369884,-0.653497],[135.389334,-0.627618],[135.49879,-0.672459],[135.583344,-0.666681],[135.601573,-0.695896],[135.666515,-0.682794],[135.695079,-0.729587],[135.777517,-0.748712],[135.82838,-0.70086],[135.869314,-0.70379],[136.065766,-0.871677],[136.187348,-1.049574],[136.273448,-1.047296],[136.375662,-1.093683]]],[[[127.296153,-0.743748],[127.318044,-0.780043],[127.278819,-0.805597],[127.155528,-0.772393],[127.214041,-0.615411],[127.244151,-0.613946],[127.296153,-0.743748]]],[[[130.677582,-0.435805],[130.654552,-0.516697],[130.571544,-0.531996],[130.596853,-0.464532],[130.461681,-0.52516],[130.496349,-0.490411],[130.454845,-0.4638],[130.535167,-0.468927],[130.625011,-0.409601],[130.677582,-0.435805]]],[[[121.853852,-0.401056],[121.910655,-0.460382],[121.894786,-0.507908],[121.725597,-0.483087],[121.700938,-0.535089],[121.642263,-0.545587],[121.752126,-0.401056],[121.778575,-0.424574],[121.853852,-0.401056]]],[[[104.548513,-0.398045],[104.591645,-0.483575],[104.53419,-0.528578],[104.511241,-0.613946],[104.420421,-0.574965],[104.356293,-0.661716],[104.335785,-0.542657],[104.25587,-0.475518],[104.277029,-0.413018],[104.33253,-0.346449],[104.339366,-0.428399],[104.352875,-0.387384],[104.38266,-0.401462],[104.469574,-0.332127],[104.548513,-0.398045]]],[[[122.029552,-0.332127],[122.053071,-0.373712],[122.026622,-0.406915],[121.931814,-0.414646],[121.86085,-0.377862],[121.872325,-0.332615],[121.923513,-0.339614],[121.922699,-0.316339],[122.029552,-0.332127]]],[[[127.888927,-0.764744],[127.876231,-0.817804],[127.76531,-0.884535],[127.653494,-0.827407],[127.625743,-0.752374],[127.4699,-0.818455],[127.437266,-0.729099],[127.470714,-0.65252],[127.374522,-0.594008],[127.295258,-0.494317],[127.329356,-0.398045],[127.316661,-0.339614],[127.372813,-0.329034],[127.435313,-0.411228],[127.516856,-0.301935],[127.566173,-0.316502],[127.687999,-0.480645],[127.604015,-0.61712],[127.65268,-0.707208],[127.789561,-0.68963],[127.888927,-0.764744]]],[[[127.23463,-0.490411],[127.179454,-0.52516],[127.108572,-0.501072],[127.110362,-0.287693],[127.174815,-0.255548],[127.292491,-0.27809],[127.251313,-0.323337],[127.28004,-0.40252],[127.23463,-0.490411]]],[[[103.712738,-0.269708],[103.756114,-0.301202],[103.756521,-0.346449],[103.626231,-0.38421],[103.461681,-0.366876],[103.485118,-0.286798],[103.557872,-0.223403],[103.712738,-0.269708]]],[[[122.217621,-0.247166],[122.235199,-0.258233],[122.144379,-0.233005],[122.177094,-0.196384],[122.177257,-0.230401],[122.217621,-0.247166]]],[[[122.369151,-0.263849],[122.375987,-0.346449],[122.321544,-0.257908],[122.228852,-0.20794],[122.369151,-0.263849]]],[[[121.574555,-0.18255],[121.597423,-0.124688],[121.649669,-0.147393],[121.624522,-0.198419],[121.574555,-0.18255]]],[[[131.297618,-0.237237],[131.338552,-0.277602],[131.237966,-0.389255],[131.157725,-0.33294],[130.97047,-0.358005],[130.893077,-0.264337],[130.807628,-0.244073],[130.715505,-0.093194],[130.625255,-0.084975],[130.647227,-0.103855],[130.626231,-0.125746],[130.750987,-0.28753],[130.811046,-0.318536],[130.871918,-0.293227],[130.940115,-0.35589],[130.906505,-0.413018],[130.756033,-0.445977],[130.706065,-0.410252],[130.688243,-0.291192],[130.579112,-0.333917],[130.561534,-0.427016],[130.506602,-0.250258],[130.382172,-0.275649],[130.232432,-0.212823],[130.424083,-0.199314],[130.397716,-0.183364],[130.406261,-0.127374],[130.354828,-0.146661],[130.344981,-0.188735],[130.29713,-0.165216],[130.28061,-0.104994],[130.329112,-0.096612],[130.358653,-0.127374],[130.358653,-0.079522],[130.427501,-0.106785],[130.51002,-0.044732],[130.5442,-0.072686],[130.571544,-0.044732],[130.765473,-0.049981],[130.779063,-0.008966],[130.824718,-0.003839],[131.153656,-0.085707],[131.211599,-0.137872],[131.297374,-0.159275],[131.318207,-0.203058],[131.297618,-0.237237]]],[[[104.928966,-0.237237],[105.011485,-0.281508],[104.935232,-0.27809],[104.930675,-0.313409],[104.851329,-0.301202],[104.712657,-0.209242],[104.541352,-0.271254],[104.435557,-0.192153],[104.510753,-0.113702],[104.525076,-0.007745],[104.563813,0.02261],[104.675548,-0.053806],[104.659434,-0.096531],[104.705821,-0.096287],[104.766287,-0.188246],[104.814138,-0.192804],[104.848888,-0.139581],[104.928966,-0.237237]]],[[[129.536876,-0.13421],[129.571544,-0.192153],[129.526134,-0.214614],[129.458263,-0.113702],[129.372895,-0.079522],[129.293468,0.036322],[129.536876,-0.13421]]],[[[127.459972,-0.003839],[127.436046,-0.027683],[127.412852,0.023505],[127.398611,0.003079],[127.408865,0.14704],[127.438813,0.139716],[127.459972,-0.003839]]],[[[104.497081,0.071275],[104.469574,0.063788],[104.483409,0.023505],[104.411388,0.091702],[104.41391,0.175849],[104.497081,0.071275]]],[[[104.688731,0.071275],[104.707856,0.043647],[104.68393,0.036282],[104.62615,0.10224],[104.606212,0.091783],[104.490245,0.242621],[104.688731,0.071275]]],[[[104.405528,0.338813],[104.411388,0.29442],[104.346934,0.359931],[104.405528,0.338813]]],[[[127.398692,0.379584],[127.417166,0.312934],[127.358165,0.283515],[127.337087,0.348782],[127.398692,0.379584]]],[[[104.215831,0.708157],[104.270518,0.675035],[104.277354,0.626166],[104.215831,0.708157]]],[[[127.378673,0.623033],[127.384939,0.757148],[127.425629,0.754218],[127.449067,0.685004],[127.378673,0.623033]]],[[[104.284028,0.708157],[104.214529,0.721177],[104.195811,0.779975],[104.263682,0.79914],[104.284028,0.708157]]],[[[127.371104,0.784491],[127.303396,0.764879],[127.288829,0.8369],[127.32488,0.86286],[127.363455,0.840969],[127.371104,0.784491]]],[[[104.226085,0.880072],[104.257498,0.839667],[104.167491,0.804918],[104.094005,0.933092],[104.112559,0.952582],[104.166352,0.891791],[104.226085,0.880072]]],[[[97.928477,0.99608],[97.874278,0.622016],[97.827159,0.56269],[97.704112,0.57274],[97.61378,0.823554],[97.47934,0.943427],[97.395356,0.944892],[97.371593,1.05976],[97.247244,1.267035],[97.06365,1.415229],[97.257823,1.423651],[97.321056,1.474066],[97.349783,1.545396],[97.491466,1.459784],[97.693614,1.186021],[97.776541,1.155097],[97.928477,0.99608]]],[[[125.295095,1.551663],[125.2671,1.413804],[125.185313,1.390692],[125.174653,1.415473],[125.250011,1.448635],[125.295095,1.551663]]],[[[127.666026,-0.209242],[127.698253,0.037787],[127.680675,0.162258],[127.715587,0.312567],[127.570323,0.431138],[127.52947,0.605902],[127.555431,0.739895],[127.618337,0.813463],[127.611583,0.857733],[127.49464,0.905015],[127.512543,0.968899],[127.480479,1.065009],[127.404145,1.042792],[127.427419,1.128485],[127.398611,1.209052],[127.540782,1.475653],[127.519379,1.531928],[127.546397,1.64289],[127.629731,1.835395],[127.934825,2.187649],[128.047374,2.203843],[128.029063,2.109687],[127.96461,2.053616],[127.923025,1.955715],[127.864757,1.929023],[127.846446,1.851467],[128.014903,1.719224],[127.995616,1.627346],[128.03533,1.537991],[128.015391,1.317288],[127.890636,1.152411],[127.843598,1.147773],[127.637543,1.000718],[127.635509,0.918931],[127.795665,0.799058],[127.872406,0.823961],[127.923025,0.869818],[127.936371,1.00731],[127.993907,1.082994],[128.179454,1.154446],[128.17628,1.232978],[128.092052,1.25727],[128.2046,1.38996],[128.437266,1.539293],[128.719493,1.570624],[128.686371,1.445217],[128.740977,1.404853],[128.748302,1.344062],[128.702403,1.193752],[128.703624,1.075019],[128.31544,0.901557],[128.296397,0.835761],[128.231781,0.826077],[128.213552,0.773912],[128.364594,0.643622],[128.680837,0.554511],[128.690115,0.346991],[128.824229,0.310858],[128.900157,0.221991],[128.537608,0.32685],[128.449555,0.396796],[128.262218,0.391343],[128.152029,0.455512],[127.960216,0.482815],[127.910492,0.43769],[127.88087,0.301744],[127.921235,0.145575],[127.885753,0.023505],[127.980724,-0.263849],[128.096365,-0.517267],[128.227794,-0.709568],[128.440684,-0.908787],[128.250987,-0.866795],[128.228852,-0.839939],[128.268728,-0.833103],[128.249522,-0.796482],[128.032237,-0.699314],[127.88559,-0.40602],[127.708344,-0.287042],[127.666026,-0.209242]]],[[[125.43214,2.387681],[125.452647,2.333075],[125.392345,2.32567],[125.369477,2.374091],[125.43214,2.387681]]],[[[128.686371,2.483954],[128.6421,2.261176],[128.573009,2.120592],[128.490245,2.054267],[128.344981,2.039944],[128.269054,1.995347],[128.288585,2.039618],[128.251964,2.089423],[128.241466,2.22248],[128.197113,2.266181],[128.321137,2.458645],[128.457367,2.590074],[128.515147,2.573391],[128.566417,2.633612],[128.686371,2.483954]]],[[[125.443614,2.793036],[125.401866,2.699937],[125.411143,2.627265],[125.382579,2.641832],[125.360118,2.753323],[125.401622,2.810207],[125.443614,2.793036]]],[[[125.652517,3.469631],[125.659516,3.424791],[125.62436,3.39765],[125.507335,3.463324],[125.521007,3.576972],[125.421153,3.668036],[125.442068,3.736558],[125.534516,3.683051],[125.652517,3.469631]]],[[[126.743993,3.853385],[126.811588,3.823866],[126.856057,3.758195],[126.81153,3.731862],[126.765382,3.772892],[126.743993,3.853385]]],[[[126.656547,3.981478],[126.714276,3.901002],[126.696089,3.812256],[126.613464,4.025836],[126.643222,4.027484],[126.656547,3.981478]]],[[[126.870709,4.331393],[126.92213,4.28205],[126.809875,4.157244],[126.798438,4.017644],[126.758897,3.993006],[126.67642,4.004483],[126.676286,4.060346],[126.803207,4.222968],[126.7107,4.264137],[126.697207,4.397427],[126.744395,4.5456],[126.816254,4.546454],[126.866954,4.497992],[126.870709,4.331393]]],[[[122.36085,-8.432875],[122.410167,-8.443943],[122.40919,-8.486749],[122.352224,-8.480157],[122.36085,-8.432875]]],[[[121.710297,-8.288751],[121.745291,-8.3117],[121.708995,-8.35475],[121.676117,-8.309259],[121.710297,-8.288751]]],[[[121.779796,-7.343438],[121.837087,-7.356541],[121.834809,-7.388279],[121.77589,-7.416925],[121.751801,-7.394301],[121.779796,-7.343438]]],[[[114.593761,-7.130548],[114.623057,-7.163263],[114.496349,-7.143813],[114.593761,-7.130548]]],[[[114.369255,-7.089583],[114.391856,-7.178888],[114.306558,-7.148779],[114.269762,-7.080835],[114.322255,-7.050031],[114.369255,-7.089583]]],[[[123.365733,-1.67311],[123.378184,-1.712823],[123.280284,-1.785821],[123.279796,-1.748224],[123.365733,-1.67311]]],[[[122.139415,-0.38421],[122.088878,-0.401544],[122.059906,-0.353936],[122.076671,-0.269138],[122.139415,-0.38421]]],[[[130.066661,-7.762628],[130.080333,-7.787367],[130.032481,-7.774998],[130.066661,-7.762628]]],[[[130.007823,-7.724867],[129.994151,-7.744399],[129.979747,-7.722101],[129.991954,-7.702081],[130.007823,-7.724867]]],[[[129.675141,-7.571547],[129.658539,-7.535089],[129.706798,-7.554783],[129.675141,-7.571547]]],[[[129.125011,-6.993259],[129.134288,-6.961114],[129.152843,-6.97617],[129.125011,-6.993259]]],[[[129.484548,-6.755304],[129.486339,-6.729099],[129.530772,-6.731215],[129.518077,-6.763116],[129.484548,-6.755304]]],[[[130.013682,-6.328383],[129.998709,-6.317153],[130.020763,-6.312433],[130.013682,-6.328383]]],[[[127.55128,-5.512384],[127.555186,-5.506606],[127.561371,-5.517267],[127.55128,-5.512384]]],[[[127.554861,-5.490492],[127.556977,-5.49977],[127.545909,-5.495294],[127.554861,-5.490492]]],[[[127.79005,-5.409601],[127.798513,-5.40016],[127.803396,-5.407647],[127.79005,-5.409601]]],[[[127.776866,-5.34881],[127.779063,-5.342869],[127.785167,-5.35296],[127.776866,-5.34881]]],[[[131.986501,-5.317641],[132.008637,-5.312758],[131.980724,-5.379653],[131.959483,-5.372979],[131.986501,-5.317641]]],[[[129.757823,-4.522556],[129.778331,-4.524509],[129.770274,-4.539321],[129.757823,-4.522556]]],[[[134.310313,0.756496],[134.342947,0.765204],[134.338634,0.737535],[134.304861,0.732896],[134.310313,0.756496]]],[[[131.236339,1.019355],[131.237071,1.02497],[131.244884,1.035346],[131.244151,1.029731],[131.236339,1.019355]]],[[[131.255626,1.068793],[131.271169,1.072008],[131.265391,1.05272],[131.255626,1.068793]]],[[[126.394867,1.339342],[126.385427,1.286282],[126.352387,1.335883],[126.394867,1.339342]]],[[[125.393403,2.118232],[125.334239,2.081855],[125.351248,2.12226],[125.393403,2.118232]]],[[[126.591156,5.557115],[126.598643,5.565375],[126.599376,5.553616],[126.591156,5.557115]]],[[[121.614106,-10.602472],[121.631114,-10.61533],[121.595225,-10.634535],[121.531423,-10.638442],[121.614106,-10.602472]]],[[[115.89088,-7.10711],[115.894298,-7.164483],[115.837738,-7.197198],[115.743012,-7.150323],[115.778168,-7.115492],[115.870128,-7.159845],[115.89088,-7.10711]]],[[[134.727794,-6.504571],[134.729828,-6.546157],[134.674815,-6.563084],[134.62615,-6.497166],[134.663259,-6.454848],[134.727794,-6.504571]]],[[[110.431326,-5.837335],[110.459239,-5.831638],[110.44988,-5.874444],[110.431326,-5.837335]]],[[[134.212738,-5.758722],[134.220388,-5.815606],[134.194591,-5.830173],[134.169688,-5.768324],[134.212738,-5.758722]]],[[[133.591807,-2.461521],[133.605805,-2.488946],[133.562999,-2.512872],[133.490001,-2.431248],[133.591807,-2.461521]]],[[[123.600597,-1.603285],[123.601329,-1.702813],[123.4935,-1.709649],[123.476899,-1.570245],[123.523285,-1.48268],[123.568858,-1.600844],[123.600597,-1.603285]]],[[[128.367361,-0.988377],[128.406749,-1.025974],[128.343761,-1.029962],[128.31422,-0.939386],[128.367361,-0.988377]]],[[[129.902354,-0.408461],[129.87794,-0.502374],[129.848888,-0.432387],[129.902354,-0.408461]]],[[[98.547597,0.159327],[98.805744,0.160916],[98.851685,0.109621],[98.844589,0.084859],[98.689004,0.070775],[98.53874,0.090335],[98.524601,0.145197],[98.547597,0.159327]]],[[[104.724864,0.749661],[104.754161,0.73725],[104.739268,0.716254],[104.724864,0.749661]]],[[[104.659434,0.845893],[104.642833,0.80683],[104.639171,0.847968],[104.659434,0.845893]]],[[[125.172211,1.799221],[125.132091,1.758368],[125.125987,1.815416],[125.172211,1.799221]]],[[[127.130382,4.7744],[127.145763,4.752183],[127.123057,4.752509],[127.130382,4.7744]]]]}},{"type":"Feature","properties":{"iso3":"MYS","name":"Malaysia","continent":"Asia"},"geometry":{"type":"MultiPolygon","coordinates":[[[[117.703608,4.163415],[117.647634,4.240627],[117.720225,4.266425],[117.907039,4.156683],[117.703608,4.163415]]],[[[102.07309,6.257514],[102.15211,6.203192],[102.199555,6.232815],[102.338145,6.176988],[102.520763,5.871731],[102.875662,5.571438],[103.027599,5.4855],[103.222423,5.221137],[103.442638,4.816596],[103.451427,4.488471],[103.49643,4.30622],[103.394054,4.098619],[103.434337,3.950019],[103.411632,3.963935],[103.394705,3.935004],[103.33961,3.738349],[103.462169,3.534125],[103.448009,3.50495],[103.482188,3.511786],[103.428071,3.367174],[103.456065,3.203762],[103.441173,2.922105],[103.520193,2.789008],[103.638438,2.672105],[103.766775,2.64175],[103.839692,2.524848],[103.837657,2.463813],[103.95338,2.329413],[103.97641,2.192369],[104.106456,1.986884],[104.135427,1.848944],[104.195323,1.798733],[104.284028,1.517483],[104.2824,1.382636],[104.224132,1.349514],[104.114024,1.368476],[104.059418,1.485338],[104.147634,1.545396],[104.060802,1.510077],[103.965994,1.647854],[104.008311,1.548733],[104.009776,1.448635],[103.974457,1.419827],[103.839692,1.476549],[103.681407,1.441799],[103.600108,1.353461],[103.547862,1.382066],[103.516368,1.270453],[103.454845,1.339423],[103.367361,1.538398],[102.923188,1.75788],[102.835623,1.845649],[102.699392,1.859442],[102.526866,2.070868],[102.154307,2.235663],[101.98878,2.394517],[101.858165,2.41942],[101.783051,2.575873],[101.542328,2.661282],[101.399181,2.819078],[101.286388,2.849677],[101.303477,2.894843],[101.281016,2.897854],[101.372813,3.028306],[101.297618,3.274604],[101.108409,3.473944],[101.040538,3.621975],[100.886485,3.756334],[100.822927,3.776068],[100.841563,3.843736],[100.784841,3.839342],[100.709483,3.883043],[100.718761,3.990871],[100.854991,4.022162],[100.777599,4.021389],[100.776052,4.086493],[100.622569,4.175849],[100.570567,4.34101],[100.645518,4.560045],[100.590994,4.590806],[100.666189,4.669908],[100.59783,4.693549],[100.594493,4.743069],[100.632579,4.758124],[100.617361,4.792914],[100.576182,4.799262],[100.577403,4.854315],[100.505382,4.867987],[100.503429,4.910142],[100.44158,4.922838],[100.364513,5.084296],[100.433279,5.211168],[100.350841,5.584215],[100.344005,5.669257],[100.384939,5.669257],[100.375743,5.81094],[100.349132,6.012681],[100.137462,6.38052],[100.173296,6.703416],[100.280783,6.688921],[100.317887,6.576706],[100.377659,6.526754],[100.612649,6.449168],[100.71285,6.493041],[100.805609,6.414803],[100.832997,6.236675],[100.910099,6.235796],[100.95516,6.268637],[101.088279,6.233522],[101.053449,6.15761],[101.094273,6.085754],[101.071122,5.919846],[101.031848,5.908917],[100.965289,5.792412],[101.105435,5.637642],[101.212302,5.681515],[101.248993,5.786986],[101.557914,5.911346],[101.624577,5.859411],[101.665918,5.765592],[101.740022,5.782361],[101.784154,5.7381],[101.812266,5.752544],[101.912931,5.859308],[101.934739,5.981729],[102.060002,6.094797],[102.07309,6.257514]]],[[[115.146169,4.908515],[115.224376,4.958319],[115.342296,4.899807],[115.556977,5.067206],[115.598643,5.225491],[115.523774,5.208808],[115.39975,5.324205],[115.365245,5.30744],[115.389415,5.405666],[115.550141,5.540188],[115.604828,5.63581],[115.584321,5.548489],[115.604828,5.519721],[115.614431,5.557278],[115.76238,5.523139],[115.848643,5.560004],[115.919932,5.746772],[116.050792,5.842271],[116.141856,6.073065],[116.105968,6.126451],[116.222667,6.237209],[116.278982,6.234931],[116.292735,6.275784],[116.236095,6.266343],[116.488292,6.48428],[116.64503,6.716946],[116.665782,6.859605],[116.76588,7.025092],[116.832042,6.973334],[116.851817,6.890204],[116.811209,6.868842],[116.858653,6.817857],[116.783946,6.59162],[116.84547,6.592027],[116.973806,6.708075],[117.052501,6.830756],[117.030528,6.931138],[117.085948,6.955756],[117.088878,6.994696],[117.143809,7.00373],[117.246755,6.950507],[117.230317,6.817532],[117.295909,6.636298],[117.349294,6.630113],[117.442231,6.553046],[117.474864,6.551459],[117.525401,6.620998],[117.574555,6.53498],[117.64088,6.521715],[117.728282,6.443671],[117.729503,6.269477],[117.609223,6.21483],[117.665538,6.079901],[117.633311,6.039862],[117.674815,5.988959],[117.468761,5.868557],[117.569347,5.902899],[117.756602,5.906155],[117.771658,5.944281],[117.884044,5.954657],[118.016856,6.060981],[118.118988,5.875393],[118.058849,5.808987],[117.910411,5.796861],[117.951996,5.694078],[118.062755,5.71662],[118.12672,5.693549],[118.17628,5.805162],[118.262218,5.827867],[118.384532,5.803941],[118.59962,5.669257],[118.56544,5.525946],[118.598969,5.607978],[118.651052,5.63642],[118.819347,5.478095],[118.918793,5.454983],[118.948253,5.388577],[119.008311,5.435858],[119.085704,5.409857],[119.189301,5.450751],[119.278087,5.344631],[119.2671,5.201077],[119.155935,5.106187],[118.681488,4.944322],[118.584972,4.971869],[118.509044,4.931057],[118.376231,5.041083],[118.29127,4.977851],[118.21697,4.965806],[118.143891,4.890286],[118.277599,4.695136],[118.411143,4.601508],[118.487478,4.587592],[118.469412,4.537177],[118.504893,4.502387],[118.587413,4.52383],[118.645274,4.444037],[118.592133,4.429145],[118.542817,4.360012],[118.160818,4.30622],[117.982677,4.231147],[117.70753,4.36994],[117.671153,4.426011],[117.614594,4.393052],[117.649099,4.260728],[117.602061,4.215277],[117.620291,4.184719],[117.567149,4.159654],[117.43648,4.185611],[117.202696,4.356066],[116.804477,4.330073],[116.729443,4.364463],[116.590227,4.331132],[116.533279,4.395366],[116.485944,4.316921],[116.400884,4.289998],[116.310657,4.383377],[116.228802,4.356118],[116.125759,4.378907],[116.004009,4.276691],[115.977241,4.328626],[115.844122,4.389216],[115.770742,4.225609],[115.655917,4.178635],[115.609511,3.996915],[115.545846,3.92772],[115.589358,3.824522],[115.544399,3.629159],[115.600623,3.441212],[115.517631,3.357161],[115.482801,3.206472],[115.517011,3.157276],[115.464094,3.030824],[115.309995,2.985917],[115.255838,3.03749],[115.069079,2.832645],[115.104633,2.761486],[115.056987,2.711257],[115.05647,2.608627],[115.151968,2.597052],[115.203748,2.527547],[115.192689,2.490547],[115.126543,2.47923],[114.972961,2.35748],[114.934514,2.360684],[114.913326,2.284048],[114.778761,2.247202],[114.752096,2.153513],[114.780621,2.036053],[114.84532,2.024968],[114.833641,1.921357],[114.674168,1.831905],[114.669,1.694006],[114.563167,1.536393],[114.545597,1.434952],[114.374858,1.506938],[114.183242,1.423454],[114.094255,1.465674],[113.909667,1.442471],[113.808174,1.339713],[113.624826,1.227575],[113.524471,1.313564],[113.397553,1.293927],[113.323656,1.351392],[113.089045,1.431335],[112.973186,1.415083],[113.024346,1.514379],[112.973186,1.569854],[112.470478,1.567657],[112.161556,1.434539],[112.187395,1.379659],[112.100061,1.154918],[111.910099,1.114042],[111.823076,1.008467],[111.762821,0.993015],[111.622675,1.030274],[111.515394,0.96449],[111.454519,1.022626],[111.374111,1.007537],[111.197584,1.075233],[110.880394,1.010534],[110.78624,0.916276],[110.674412,0.877002],[110.60961,0.890851],[110.553903,0.85137],[110.460265,0.879741],[110.364147,0.981388],[110.272783,0.991052],[110.17036,1.174451],[110.051814,1.215482],[109.920246,1.394774],[109.842835,1.403275],[109.65804,1.59719],[109.647188,1.761883],[109.555617,1.802165],[109.528436,1.889989],[109.645274,2.083238],[109.654633,1.936998],[109.693044,1.873114],[109.886729,1.760199],[109.927745,1.692288],[110.254161,1.706204],[110.283946,1.676093],[110.313324,1.792629],[110.343028,1.797512],[110.390147,1.699042],[110.491873,1.738959],[110.520763,1.722968],[110.471365,1.631985],[110.726736,1.547431],[110.733409,1.498684],[110.677908,1.456041],[110.7435,1.462388],[110.793305,1.572414],[110.83961,1.565985],[111.141938,1.371527],[111.232677,1.394599],[111.340587,1.333319],[111.383556,1.353664],[111.260997,1.419908],[111.176768,1.40058],[111.064952,1.462714],[111.005626,1.584459],[111.028575,1.664008],[111.09547,1.687974],[111.179454,1.627021],[111.267426,1.627346],[111.182628,1.657294],[111.096039,1.774482],[111.12322,1.785793],[111.113129,1.835517],[111.205903,2.068996],[111.267833,2.067532],[111.240082,2.113349],[111.327973,2.110419],[111.375011,2.153998],[111.356781,2.166205],[111.338634,2.130805],[111.179454,2.155911],[111.200043,2.210883],[111.240082,2.216376],[111.184825,2.253648],[111.220958,2.416083],[111.246349,2.436103],[111.358409,2.344794],[111.448253,2.372382],[111.493419,2.346137],[111.412283,2.469224],[111.507091,2.490709],[111.417247,2.555121],[111.457856,2.705634],[111.669607,2.843085],[112.01352,2.885932],[113.007823,3.161689],[113.082286,3.256781],[113.069347,3.278998],[113.277599,3.484198],[113.434255,3.75316],[113.736827,4.001288],[113.946788,4.27383],[113.992198,4.437079],[113.969412,4.578518],[113.99879,4.601142],[114.238329,4.484224],[114.289902,4.361311],[114.278016,4.274055],[114.432529,4.246925],[114.477384,4.144968],[114.581667,4.029342],[114.627762,4.016681],[114.766875,4.131816],[114.813798,4.277104],[114.781965,4.284933],[114.84563,4.395108],[114.847904,4.423736],[114.788166,4.461202],[114.741967,4.729454],[114.855759,4.806659],[114.948363,4.818932],[115.015798,4.916409],[115.026808,4.660027],[115.091817,4.405417],[115.346272,4.313769],[115.358261,4.350278],[115.272478,4.474663],[115.272684,4.636772],[115.207365,4.825598],[115.146169,4.908515]]],[[[118.219493,5.855536],[118.219493,5.827582],[118.172537,5.822821],[118.219493,5.855536]]],[[[111.411388,2.391099],[111.37436,2.369086],[111.312673,2.431342],[111.31544,2.784491],[111.381033,2.697903],[111.411388,2.391099]]],[[[104.222667,2.78559],[104.210785,2.715074],[104.138438,2.733629],[104.125824,2.777045],[104.170665,2.891099],[104.222667,2.78559]]],[[[118.726248,4.491889],[118.756114,4.457221],[118.674815,4.436591],[118.651215,4.479071],[118.726248,4.491889]]],[[[118.510265,4.648871],[118.59962,4.642646],[118.572276,4.601142],[118.535167,4.601304],[118.346446,4.669908],[118.476085,4.693793],[118.510265,4.648871]]],[[[115.248546,5.365465],[115.259288,5.291205],[115.15919,5.252183],[115.189138,5.344794],[115.226085,5.381049],[115.248546,5.365465]]],[[[100.309825,5.450751],[100.333995,5.426947],[100.292247,5.280463],[100.194998,5.272284],[100.185232,5.444281],[100.253754,5.469062],[100.309825,5.450751]]],[[[99.786292,6.241822],[99.823922,6.282136],[99.805596,6.171793],[99.767234,6.223804],[99.786292,6.241822]]],[[[99.900617,6.364304],[99.914477,6.339711],[99.870508,6.304924],[99.807307,6.317532],[99.728735,6.261476],[99.719044,6.353231],[99.650076,6.376695],[99.645228,6.435841],[99.770927,6.419842],[99.839203,6.45482],[99.913341,6.390204],[99.900617,6.364304]]],[[[117.468761,6.766669],[117.506602,6.673489],[117.443044,6.635728],[117.356212,6.647895],[117.365571,6.683051],[117.443858,6.698554],[117.403575,6.725816],[117.411632,6.75137],[117.468761,6.766669]]],[[[117.002615,7.355699],[117.020356,7.294582],[116.862315,7.194159],[116.900157,7.287421],[117.002615,7.355699]]],[[[117.171153,7.342678],[117.246267,7.35578],[117.281912,7.332343],[117.26238,7.201972],[117.152843,7.173082],[117.082367,7.110663],[117.064138,7.270738],[117.171153,7.342678]]],[[[101.271169,3.046454],[101.243826,3.02619],[101.244395,3.049018],[101.271169,3.046454]]],[[[101.337657,3.051825],[101.335297,3.009019],[101.281423,2.97248],[101.305919,3.063951],[101.337657,3.051825]]]]}},{"type":"Feature","properties":{"iso3":"CYP","name":"Cyprus","continent":"Asia"},"geometry":{"type":"MultiPolygon","coordinates":[[[[33.78183,34.976223],[33.75921,34.988666],[33.79435,34.977763],[33.78183,34.976223]]],[[[33.742792,35.001233],[33.740239,35.010101],[33.752063,35.0144],[33.752063,35.004323],[33.742792,35.001233]]],[[[33.702935,34.987943],[33.701508,34.972886],[33.680349,34.966295],[33.654063,34.944729],[33.634776,34.89765],[33.632579,34.852484],[33.616954,34.845282],[33.605642,34.821763],[33.5442,34.815009],[33.513194,34.785468],[33.43865,34.762763],[33.415212,34.75845],[33.400157,34.773383],[33.399181,34.745307],[33.37086,34.730862],[33.29656,34.718166],[33.260102,34.700507],[33.173595,34.705146],[33.086436,34.69481],[33.02589,34.651313],[33.015635,34.634425],[32.969543,34.632047],[32.962515,34.625019],[32.95404,34.642951],[32.965615,34.651581],[32.9898,34.646103],[32.987526,34.673389],[32.954712,34.677316],[32.936056,34.657731],[32.917246,34.667136],[32.913667,34.66028],[32.865613,34.678735],[32.85969,34.700578],[32.827481,34.696506],[32.806009,34.68577],[32.798604,34.670961],[32.766766,34.676144],[32.760671,34.653225],[32.707367,34.645413],[32.665782,34.652167],[32.556651,34.699368],[32.493337,34.707261],[32.458995,34.721869],[32.413341,34.753485],[32.379161,34.849066],[32.329438,34.88642],[32.322765,34.911363],[32.331391,34.924221],[32.312185,34.950263],[32.305919,35.00141],[32.276134,35.047756],[32.271739,35.072821],[32.275157,35.091051],[32.286632,35.097154],[32.353363,35.047919],[32.413829,35.043036],[32.449962,35.058824],[32.479666,35.082953],[32.527599,35.15705],[32.548188,35.175971],[32.584809,35.172512],[32.592615,35.161111],[32.622225,35.151809],[32.646462,35.161111],[32.659813,35.187082],[32.691549,35.183705],[32.712711,35.133774],[32.7956,35.102613],[32.806504,35.09481],[32.810276,35.070729],[32.825986,35.058946],[32.861022,35.065096],[32.890788,35.091658],[32.921949,35.072279],[32.93523,35.072279],[33.037342,35.136099],[33.123073,35.130673],[33.173871,35.162661],[33.228545,35.153359],[33.262135,35.126074],[33.301202,35.113568],[33.348021,35.15491],[33.415924,35.160336],[33.424502,35.129898],[33.458815,35.09481],[33.458815,35.041687],[33.446309,35.001172],[33.458815,34.977763],[33.486204,34.981638],[33.497004,35.02608],[33.519587,35.044115],[33.527441,35.037036],[33.533643,34.99957],[33.546045,34.994971],[33.564132,35.001172],[33.580565,35.019931],[33.602992,35.012076],[33.619529,35.01683],[33.702935,34.987943]]],[[[33.898116,35.061272],[33.930776,35.051092],[33.980075,35.057396],[34.001986,35.047216],[34.021961,35.057009],[34.051036,35.033026],[34.073416,34.988105],[34.099132,34.965155],[34.034516,34.97248],[34.011567,34.987616],[33.957286,34.98192],[33.910167,34.97016],[33.891841,34.958139],[33.838068,34.963707],[33.859049,34.974662],[33.859049,34.991819],[33.829387,35.001172],[33.830214,35.023031],[33.799001,35.038534],[33.804375,35.049541],[33.827113,35.061272],[33.841169,35.051092],[33.855122,35.053417],[33.880133,35.073054],[33.898116,35.061272]]]]}},{"type":"Feature","properties":{"iso3":"IND","name":"India","continent":"Asia"},"geometry":{"type":"MultiPolygon","coordinates":[[[[77.800346,35.495406],[77.883132,35.431068],[78.044259,35.491633],[78.001161,35.268908],[78.335301,34.594375],[78.664583,34.526421],[78.95118,34.349171],[78.976192,34.217163],[78.730109,34.079265],[78.800905,33.494236],[79.075048,33.295743],[79.420084,33.275169],[79.339787,33.013257],[79.613913,32.765035],[79.472113,32.565472],[79.320466,32.592267],[78.989834,32.364098],[78.77145,32.461663],[78.713262,32.637518],[78.384807,32.547549],[78.457981,32.229662],[78.741994,31.945338],[78.670887,31.770517],[78.795324,31.633781],[78.699516,31.510016],[78.73848,31.334988],[78.921008,31.269685],[79.131397,31.438433],[79.394978,31.036711],[79.577809,30.938371],[79.833504,30.961522],[80.196066,30.748098],[80.188418,30.576998],[80.575267,30.466255],[80.996275,30.22689],[80.883879,30.210405],[80.354299,29.730279],[80.386752,29.626823],[80.228312,29.441718],[80.258181,29.202456],[80.113073,29.072206],[80.036386,28.837026],[80.468814,28.571849],[80.517596,28.680033],[81.146344,28.372249],[81.299409,28.142521],[81.417335,28.147017],[81.855654,27.850937],[82.02722,27.912406],[82.401926,27.677175],[82.652143,27.70415],[82.752137,27.494964],[83.132786,27.444217],[83.304868,27.331925],[83.353857,27.44029],[83.480981,27.469746],[83.85334,27.346194],[83.842717,27.418069],[84.079601,27.509536],[84.577039,27.329031],[84.657654,27.203405],[84.640239,27.028377],[84.817489,27.0106],[85.28728,26.736974],[85.598578,26.854383],[85.828538,26.566131],[86.01137,26.654447],[86.284428,26.61202],[86.695204,26.418234],[87.015443,26.568974],[87.083294,26.432083],[87.30049,26.34599],[87.416452,26.426967],[87.552051,26.386711],[87.869809,26.464639],[87.961225,26.378959],[88.074189,26.453942],[88.167517,26.725037],[87.975488,27.095143],[88.02334,27.474655],[88.159662,27.77412],[88.099924,27.928322],[88.594003,28.106606],[88.780141,28.028342],[88.842773,27.892407],[88.741642,27.53168],[88.884631,27.286346],[88.730067,27.150954],[89.128079,26.813455],[89.341657,26.854331],[89.800079,26.70049],[90.089157,26.741728],[90.328574,26.890659],[90.717077,26.767049],[91.313217,26.778677],[91.460598,26.869369],[91.702133,26.803481],[92.03586,26.854848],[92.080371,26.921571],[91.987904,27.122273],[92.081852,27.275132],[92.023598,27.44678],[91.604465,27.532145],[91.63577,27.782525],[91.566023,27.821074],[91.680131,27.849823],[91.908736,27.7319],[92.239568,27.865277],[92.275225,27.811689],[92.574977,27.847806],[92.71077,27.949702],[92.65484,28.105831],[93.207825,28.340539],[93.355432,28.624065],[93.927786,28.682752],[94.01145,28.85302],[94.347311,29.024349],[94.287505,29.147938],[94.63043,29.319452],[94.761482,29.174706],[95.367406,29.036496],[95.487577,29.068994],[95.550684,29.230284],[95.717165,29.218284],[95.744781,29.340432],[96.141966,29.368467],[96.205424,29.256949],[96.366862,29.244211],[96.174625,29.108845],[96.195323,28.941106],[96.366568,29.036537],[96.457605,28.994588],[96.592584,28.757884],[96.301852,28.420711],[97.11555,28.366564],[97.328663,28.190012],[97.355122,28.023045],[97.338172,27.901554],[97.241227,27.907858],[96.862129,27.599298],[97.106041,27.082586],[96.865332,27.171624],[96.724152,27.356264],[96.142586,27.25751],[95.392658,26.691757],[95.119082,26.604217],[95.041775,26.287596],[95.139546,26.029937],[95.012009,25.931442],[95.013456,25.777704],[94.871656,25.598025],[94.608003,25.394627],[94.550125,25.245282],[94.708565,25.02589],[94.29536,24.332599],[94.13506,23.877303],[93.660464,24.011223],[93.474842,23.957505],[93.348545,24.088893],[93.302966,24.041143],[93.425956,23.690803],[93.372729,23.169827],[93.272787,23.00591],[93.152381,23.049938],[93.161062,22.860983],[93.070835,22.69288],[93.174292,22.269391],[93.119515,22.180973],[93.022363,22.196217],[92.979575,22.009355],[92.889244,21.966722],[92.708067,22.147952],[92.575879,21.977574],[92.495883,22.695618],[92.352223,22.960331],[92.261686,23.685119],[92.108414,23.718243],[92.00351,23.647421],[91.922688,23.722972],[91.918141,23.459939],[91.743681,23.272327],[91.791327,23.080375],[91.586068,22.944466],[91.413572,23.248634],[91.360966,23.247523],[91.374608,23.095723],[91.313527,23.101046],[91.287275,23.355552],[91.140824,23.6121],[91.132349,23.720646],[91.363033,24.099848],[91.55868,24.089668],[91.624515,24.203459],[91.72115,24.148992],[91.796598,24.221598],[91.844244,24.155323],[91.949974,24.375387],[92.08826,24.38164],[92.252177,24.902977],[92.442037,24.855409],[92.474386,24.93667],[92.033999,25.181668],[90.399784,25.149009],[89.834599,25.282437],[89.815272,25.995107],[89.658382,26.207859],[89.579937,26.166104],[89.549087,25.968855],[89.315147,26.006786],[89.131593,26.133755],[89.103532,26.313692],[88.975323,26.417872],[88.891246,26.385781],[89.023537,26.268837],[88.975323,26.224344],[88.663404,26.264444],[88.651932,26.407071],[88.395927,26.599566],[88.315105,26.465052],[88.434581,26.465156],[88.495456,26.378081],[88.155632,26.128484],[88.103335,25.814808],[88.227462,25.804266],[88.512767,25.523714],[88.741952,25.512759],[88.841998,25.332822],[88.975323,25.302643],[88.909642,25.189161],[88.784224,25.160946],[88.441299,25.18973],[88.37567,24.94561],[88.296812,24.869698],[88.114911,24.916413],[88.02179,24.645603],[88.138785,24.49525],[88.475405,24.315468],[88.660149,24.338257],[88.743038,24.247539],[88.683765,24.166536],[88.717148,23.943139],[88.577621,23.827616],[88.540104,23.649953],[88.770168,23.488826],[88.710016,23.241218],[88.959975,23.202693],[88.842773,22.964568],[88.944524,22.848012],[88.927988,22.548134],[89.078159,22.150845],[89.036876,21.925116],[88.928722,21.986558],[88.924083,21.926337],[89.088227,21.633734],[88.886078,21.661811],[88.872081,21.74901],[88.727875,21.559882],[88.763031,22.130561],[88.656261,21.941067],[88.679942,22.204413],[88.567068,21.850816],[88.56544,21.771186],[88.624034,21.778022],[88.578136,21.571682],[88.516124,21.612616],[88.514985,21.937201],[88.441905,21.616156],[88.336436,21.708726],[88.321788,21.605658],[88.273123,21.797919],[88.254405,21.554674],[88.146739,21.959215],[88.20338,22.15176],[87.985118,22.265937],[87.927989,22.424221],[87.94752,22.277655],[88.132579,22.179145],[88.140636,22.060126],[87.867198,21.7508],[87.200938,21.551988],[86.917654,21.327379],[86.83725,21.174709],[86.953868,20.780585],[86.878754,20.780585],[87.043224,20.697984],[86.774181,20.511949],[86.768321,20.343451],[86.490408,20.174058],[86.397227,19.982856],[86.173025,20.1022],[86.356456,19.970404],[85.480479,19.666327],[85.570323,19.875637],[85.463552,19.902899],[85.268077,19.780015],[85.130219,19.498725],[85.247813,19.653144],[85.403168,19.671291],[85.330089,19.604967],[85.576508,19.690619],[85.180431,19.475002],[84.791026,19.120592],[84.73878,19.14765],[84.66505,18.930121],[84.113129,18.298285],[83.613943,18.045152],[83.341319,17.717434],[83.246918,17.716254],[83.292491,17.677476],[83.222911,17.586493],[82.387706,17.126939],[82.252696,16.929185],[82.31422,16.846625],[82.348888,16.956488],[82.345958,16.706122],[82.203461,16.512681],[81.717621,16.312201],[81.540212,16.373684],[81.259613,16.332709],[81.019216,15.792385],[80.904307,15.871283],[80.896495,16.031073],[80.830251,15.747626],[80.776134,15.884263],[80.69044,15.900702],[80.279633,15.70067],[80.052989,15.092597],[80.141856,14.571234],[80.196951,14.565009],[80.137055,14.269924],[80.046641,14.20661],[80.106619,14.234036],[80.309581,13.479315],[80.152517,13.71894],[80.052989,13.619086],[80.345551,13.321234],[80.18336,12.54682],[79.952159,12.229926],[80.005138,12.241767],[79.820323,11.878648],[79.754161,11.596991],[79.821951,11.391059],[79.684337,11.312201],[79.796886,11.359036],[79.855317,11.159857],[79.8567,10.29328],[79.528575,10.338324],[79.304942,10.268134],[79.240001,10.179755],[79.279063,10.035834],[78.931488,9.561672],[78.933442,9.416449],[79.039887,9.314683],[79.29713,9.312649],[79.438243,9.176337],[78.988943,9.278266],[78.41212,9.09984],[78.182791,8.877102],[78.062755,8.373196],[77.510916,8.075995],[77.315603,8.127753],[76.99586,8.368109],[76.558604,8.890692],[76.657563,8.966376],[76.516856,8.990627],[76.362966,9.325181],[76.240245,9.939399],[76.338878,9.699408],[76.323985,9.846177],[76.361095,9.80386],[76.353282,9.535346],[76.477061,9.50373],[76.36378,9.899237],[76.182384,10.105658],[76.21339,10.253241],[76.153168,10.22016],[75.735525,11.371527],[75.324555,11.899115],[75.393403,11.97484],[75.210623,12.016995],[74.824962,12.838202],[74.932872,12.866441],[74.850597,12.857164],[74.770274,13.052436],[74.709972,13.64057],[74.504731,14.01024],[74.438731,14.22012],[74.494965,14.247463],[74.351899,14.530219],[74.427745,14.476264],[74.295909,14.565009],[74.339041,14.605943],[74.25294,14.71894],[74.111339,14.780341],[74.21811,14.865383],[74.125011,14.845852],[73.913097,15.078925],[73.891287,15.343207],[73.782888,15.407904],[73.945323,15.385688],[73.806163,15.452216],[73.865977,15.537584],[73.796397,15.500393],[73.735118,15.586005],[73.838145,15.654283],[73.697927,15.662828],[73.341319,16.432074],[73.275727,17.078599],[73.125987,17.556545],[73.200694,17.586493],[73.139171,17.600775],[72.935232,18.244778],[73.056977,18.280951],[72.917328,18.356391],[72.924653,18.535631],[72.990245,18.469957],[72.855317,18.681138],[72.887055,18.807034],[72.995128,18.731024],[72.912608,18.923489],[73.042166,18.995754],[72.974783,19.163072],[72.8213,18.903306],[72.802745,18.957587],[72.785411,19.31391],[73.010509,19.224311],[73.001801,19.286566],[72.763438,19.380194],[72.769216,19.490465],[72.879161,19.532375],[72.749197,19.5126],[72.731293,19.754584],[72.650076,19.841986],[72.940278,20.759426],[72.771983,21.023871],[72.815929,21.121487],[72.615001,21.105862],[72.693533,21.178453],[72.578868,21.367011],[72.810395,21.635077],[73.132009,21.757799],[72.550304,21.666693],[72.562755,21.839423],[72.714041,21.982978],[72.507091,21.962307],[72.519542,22.088446],[72.57545,22.194525],[72.74822,22.164049],[72.917491,22.27143],[72.391856,22.253485],[72.397227,22.366767],[72.328298,22.260728],[72.161794,22.280951],[72.317231,22.184882],[72.307628,22.079006],[72.038422,21.947577],[72.167328,21.879136],[72.077647,21.894436],[72.104503,21.835761],[72.004161,21.857733],[71.996104,21.799506],[72.166026,21.793931],[72.298839,21.626288],[72.104503,21.222154],[71.140636,20.765692],[70.730805,20.723212],[70.054445,21.153155],[68.953298,22.276028],[69.047537,22.464016],[69.168793,22.42064],[69.212087,22.273912],[69.485362,22.347561],[69.515961,22.448147],[69.601085,22.363837],[69.733409,22.480048],[69.788748,22.423163],[70.144705,22.547797],[70.517914,23.003892],[70.484223,23.122138],[70.363536,22.938707],[70.150727,22.961005],[69.728852,22.754828],[69.585704,22.761176],[68.866222,23.019965],[68.552257,23.259711],[68.536388,23.421332],[68.430919,23.436591],[68.481293,23.525133],[68.431163,23.493598],[68.408865,23.621324],[68.821625,23.878404],[68.294119,23.590399],[68.1574,23.600816],[68.280447,23.685981],[68.175629,23.798245],[68.330433,23.966574],[68.724466,23.965179],[68.725913,24.289216],[68.79919,24.329085],[68.819654,24.250304],[69.563071,24.276762],[69.670558,24.188706],[69.972039,24.165219],[70.087174,24.28255],[70.520946,24.424919],[70.567661,24.272809],[70.755453,24.231442],[71.073057,24.402103],[70.954821,24.584521],[71.043343,24.669064],[71.00319,24.808203],[70.646623,25.431369],[70.632308,25.701378],[70.303698,25.684583],[70.114976,25.881729],[70.064643,25.980327],[70.162931,26.493319],[70.1296,26.562514],[69.815562,26.580291],[69.50416,26.735165],[69.534443,27.125581],[70.323852,28.000437],[70.559806,27.998447],[70.710391,27.74115],[70.831573,27.701463],[71.860864,27.950207],[72.354581,28.767186],[72.901524,29.022622],[73.232873,29.536596],[73.370332,29.927322],[73.944354,30.188288],[73.842345,30.35298],[74.319215,30.893413],[74.658833,31.083789],[74.514862,31.141821],[74.61191,31.440201],[74.499463,31.699875],[74.540804,31.810876],[75.34861,32.242012],[75.054881,32.455539],[74.689322,32.471352],[74.632581,32.568168],[74.671752,32.840581],[74.59341,32.757872],[74.329344,32.776424],[74.322006,32.972045],[73.988486,33.20862],[74.157778,33.494236],[73.963061,33.72156],[74.262474,33.929946],[74.259684,33.994386],[73.976704,34.004592],[73.88441,34.0842],[73.990553,34.218507],[73.774856,34.370952],[73.948592,34.662743],[74.348877,34.773434],[75.777111,34.503812],[76.023401,34.677161],[76.63959,34.741136],[76.782011,34.930892],[76.952956,34.94655],[77.023133,35.086335],[77.800346,35.495406]]],[[[80.968272,15.795233],[80.942638,15.741034],[80.8685,15.811957],[80.968272,15.795233]]],[[[73.646332,10.084703],[73.632579,10.057278],[73.643891,10.09455],[73.646332,10.084703]]],[[[73.662283,10.144599],[73.659353,10.13996],[73.654633,10.141506],[73.662283,10.144599]]],[[[72.64975,10.56684],[72.627533,10.554796],[72.648611,10.573961],[72.64975,10.56684]]],[[[72.548839,10.779446],[72.541189,10.772895],[72.540863,10.776516],[72.548839,10.779446]]],[[[73.671397,10.829739],[73.681244,10.82807],[73.67628,10.824368],[73.671397,10.829739]]],[[[72.750011,11.119086],[72.739513,11.108832],[72.739513,11.113959],[72.750011,11.119086]]],[[[73.013194,11.502183],[73.005626,11.479641],[73.004405,11.496487],[73.013194,11.502183]]],[[[72.716156,11.694159],[72.701101,11.686428],[72.705089,11.692328],[72.716156,11.694159]]],[[[93.872813,12.268866],[93.85377,12.260565],[93.860606,12.281195],[93.872813,12.268866]]],[[[94.280935,13.443549],[94.290782,13.422919],[94.261892,13.429267],[94.280935,13.443549]]],[[[93.920258,7.024319],[93.847911,6.785305],[93.684337,7.020901],[93.676443,7.181871],[93.855317,7.214179],[93.920258,7.024319]]],[[[93.731212,7.369371],[93.644216,7.257514],[93.594005,7.314765],[93.696951,7.445054],[93.731212,7.369371]]],[[[93.429454,7.955268],[93.40211,7.890082],[93.306651,7.938544],[93.370291,8.01732],[93.429454,7.955268]]],[[[93.565929,7.999335],[93.573985,7.924872],[93.518321,7.965806],[93.565929,7.999335]]],[[[93.531912,8.034735],[93.494965,7.996283],[93.446625,8.154364],[93.523448,8.225816],[93.531912,8.034735]]],[[[73.077159,8.315253],[73.044688,8.252427],[73.022472,8.274359],[73.077159,8.315253]]],[[[93.134532,8.24018],[93.17628,8.212877],[93.081554,8.242377],[93.069835,8.346625],[93.134532,8.24018]]],[[[93.607677,8.548041],[93.628184,8.486558],[93.60141,8.438178],[93.607677,8.548041]]],[[[92.811373,9.23117],[92.831981,9.145025],[92.731212,9.130845],[92.708507,9.201606],[92.811373,9.23117]]],[[[92.585092,10.771269],[92.535423,10.524861],[92.421788,10.546203],[92.37568,10.775031],[92.482796,10.885622],[92.585092,10.771269]]],[[[92.676524,11.412543],[92.593516,11.378363],[92.627615,11.477362],[92.676524,11.412543]]],[[[92.266775,11.589545],[92.234548,11.540351],[92.217296,11.591254],[92.266775,11.589545]]],[[[93.042491,11.961168],[93.066417,11.899115],[92.957205,12.008694],[93.014659,12.037177],[93.042491,11.961168]]],[[[93.103282,12.190497],[93.102306,12.119534],[93.059581,12.138739],[93.103282,12.190497]]],[[[92.733084,12.97248],[92.694672,12.803778],[92.684906,12.945054],[92.733084,12.97248]]],[[[93.052745,13.283881],[93.036794,13.062161],[92.964041,13.084662],[92.880707,12.930406],[92.964041,12.864936],[92.990571,12.519232],[92.936046,12.419908],[92.84669,12.433539],[92.901866,12.344794],[92.745616,11.996649],[92.737478,11.878648],[92.79949,11.899115],[92.689952,11.660061],[92.765636,11.629584],[92.726736,11.506171],[92.625662,11.595404],[92.539724,11.894436],[92.629405,11.943752],[92.668224,12.200995],[92.784028,12.189358],[92.740896,12.819648],[92.958507,13.550238],[93.066417,13.537095],[93.004242,13.331041],[93.052745,13.283881]]],[[[93.039073,13.667467],[93.052745,13.640204],[92.990571,13.667467],[93.039073,13.667467]]],[[[88.872895,21.595526],[88.879731,21.529975],[88.830821,21.577379],[88.872895,21.595526]]],[[[88.050548,21.70539],[88.119314,21.859524],[88.144379,21.657782],[88.050548,21.70539]]],[[[88.636241,21.921373],[88.646332,21.787909],[88.591807,21.804389],[88.636241,21.921373]]],[[[88.080903,21.849351],[88.094249,21.937893],[88.132579,21.920478],[88.080903,21.849351]]],[[[72.172699,10.809231],[72.179047,10.8487],[72.195649,10.872707],[72.172699,10.809231]]],[[[72.789073,11.261664],[72.775483,11.186754],[72.774181,11.222886],[72.789073,11.261664]]]]}},{"type":"Feature","properties":{"iso3":"CHN","name":"China","continent":"Asia"},"geometry":{"type":"MultiPolygon","coordinates":[[[[78.917694,33.386258],[78.781372,33.552785],[78.721117,33.994386],[78.730109,34.079265],[78.98539,34.286358],[78.664583,34.526421],[78.296027,34.624658],[78.001161,35.268908],[78.055628,35.452876],[77.412773,35.469412],[76.915026,35.583152],[76.604244,35.735701],[76.56528,35.865461],[76.166027,35.806239],[76.114661,35.941787],[75.894313,36.097384],[76.014409,36.230399],[75.987434,36.421189],[75.790547,36.687839],[75.570508,36.766749],[75.431912,36.722928],[75.351297,36.915784],[75.132809,36.984695],[74.891997,36.920977],[74.366137,37.14776],[74.721464,37.297776],[74.783269,37.219667],[74.892307,37.231114],[75.164125,37.400638],[74.891893,37.599205],[74.954422,37.747723],[74.771281,38.196274],[74.844351,38.417243],[74.776345,38.510674],[74.334201,38.666995],[74.140415,38.669217],[74.058766,38.547028],[73.83356,38.577956],[73.688969,38.89109],[73.81599,38.993771],[73.602256,39.235772],[73.631919,39.428809],[73.820744,39.468186],[73.899292,39.571539],[73.818574,39.786048],[73.976704,40.043603],[74.333788,40.09373],[74.705755,40.331286],[74.830915,40.319917],[74.832312,40.508116],[75.175287,40.448127],[75.559863,40.63287],[75.704454,40.293149],[76.244162,40.441202],[76.361984,40.371904],[76.609411,40.59711],[76.860972,41.013208],[78.057178,41.034344],[78.331477,41.258723],[78.343466,41.362024],[78.658278,41.532453],[79.783274,41.905092],[79.842909,42.00183],[80.231206,42.033689],[80.249499,42.309951],[80.143769,42.644762],[80.281745,42.822736],[80.526692,42.868392],[80.355126,43.000581],[80.410213,43.048665],[80.788174,43.168245],[80.64286,43.32622],[80.712727,43.458873],[80.359777,44.0893],[80.359157,44.632574],[80.476152,44.693655],[79.858205,44.90372],[80.103358,45.032188],[81.622594,45.33434],[81.950119,45.144481],[82.245295,45.231814],[82.539747,45.123655],[82.631989,45.415834],[82.291493,45.533191],[82.985508,46.94251],[83.013516,47.194588],[83.905348,46.973956],[84.699202,46.970235],[84.739613,46.814766],[85.246145,47.044416],[85.498636,47.051832],[85.678987,47.274893],[85.515379,47.92028],[85.718674,48.358832],[86.546427,48.517221],[86.744503,48.70354],[86.789462,48.839139],[86.711585,48.937066],[86.838193,49.093852],[87.400432,49.071011],[87.816324,49.165837],[87.8726,48.96802],[87.737879,48.86937],[88.033779,48.72912],[87.983032,48.552335],[88.50269,48.392551],[88.635809,48.175846],[89.045551,47.992989],[89.5418,48.031023],[89.740238,47.836151],[90.059856,47.868811],[90.082852,47.756104],[90.349554,47.64779],[90.475232,47.33029],[90.712116,47.014702],[90.893707,46.92817],[91.01556,46.703197],[91.035611,46.529073],[90.896188,46.302033],[91.002435,46.021843],[90.710773,45.752196],[90.651138,45.493142],[90.90549,45.185977],[91.056798,45.217551],[91.662963,45.059525],[93.525278,44.951263],[93.927424,44.672933],[94.149012,44.667197],[94.69823,44.343496],[94.993819,44.259418],[95.379428,44.287117],[95.31876,44.040724],[95.535284,43.95768],[95.874385,43.247103],[96.294308,42.933272],[96.350635,42.740906],[97.19068,42.787061],[99.474476,42.564199],[99.971551,42.676285],[101.524945,42.537456],[101.735371,42.461156],[102.034164,42.18461],[103.073481,42.004517],[103.691427,41.759235],[104.500784,41.870598],[104.497993,41.665778],[104.97383,41.586145],[105.200896,41.743474],[106.767829,42.286619],[108.177355,42.454309],[108.796852,42.398369],[109.485131,42.449296],[110.406728,42.768605],[110.933724,43.287772],[111.535031,43.490732],[111.945136,43.72387],[111.838785,43.938792],[111.543816,44.156737],[111.397055,44.387369],[111.738533,44.9663],[111.958261,45.084536],[112.379631,45.070738],[112.748497,44.865273],[113.604776,44.739699],[114.055291,44.940565],[114.418886,45.20148],[114.519449,45.370927],[115.6924,45.468957],[116.230352,45.769766],[116.207098,45.88087],[116.568316,46.290871],[116.831659,46.386369],[117.301708,46.350144],[117.393795,46.57137],[117.556266,46.601601],[117.797595,46.520262],[118.268987,46.722937],[118.684621,46.683457],[118.846523,46.765493],[119.316934,46.611678],[119.834421,46.650952],[119.892919,46.90551],[119.728898,47.128649],[119.157564,47.517669],[119.059585,47.673474],[118.767406,47.756156],[118.542252,47.966246],[117.815165,48.004823],[117.360826,47.650865],[116.85326,47.872118],[116.243891,47.862894],[115.914506,47.683912],[115.5999,47.887414],[115.51453,48.122103],[115.809292,48.273954],[115.800404,48.530372],[116.028194,48.767464],[116.684278,49.823265],[117.057588,49.672886],[117.873766,49.513206],[118.644365,49.954575],[119.091676,49.986562],[119.301327,50.079787],[119.363959,50.319462],[119.141234,50.376616],[119.496664,50.737059],[119.517955,50.904801],[119.750706,51.099983],[119.762178,51.21504],[120.085879,51.644368],[120.647602,51.911019],[120.771263,52.140979],[120.626156,52.346806],[120.72398,52.542169],[120.46415,52.636039],[120.056423,52.600511],[120.065828,52.783213],[120.874255,53.28016],[121.203485,53.276749],[122.293703,53.492653],[122.859663,53.473946],[123.514404,53.562416],[124.121808,53.352688],[124.232706,53.381652],[124.408199,53.235692],[124.848121,53.113684],[125.073688,53.212205],[125.637995,53.046143],[125.733545,52.981651],[125.64709,52.900906],[125.837363,52.90672],[125.976941,52.764997],[126.066703,52.783188],[125.977302,52.610769],[126.343688,52.391377],[126.315731,52.316213],[126.421203,52.287301],[126.312217,52.22795],[126.350716,52.191699],[126.53117,52.152658],[126.446059,51.982539],[126.713588,51.723175],[126.700566,51.562719],[126.830377,51.508123],[126.792705,51.459056],[126.897505,51.361956],[126.807329,51.30811],[126.84588,51.251472],[126.981169,51.308859],[126.908925,51.221629],[126.946442,51.048332],[127.295516,50.722797],[127.367088,50.577792],[127.330656,50.328195],[127.578393,50.220553],[127.494419,49.973178],[127.538654,49.789934],[127.830884,49.593873],[128.067149,49.546693],[128.666182,49.609479],[128.786588,49.575321],[128.76013,49.470883],[129.115354,49.348772],[129.455075,49.427268],[129.57176,49.279836],[129.735057,49.238908],[129.926467,49.025691],[130.201799,48.882599],[130.676499,48.857432],[130.533252,48.635792],[130.822123,48.333769],[130.674742,48.063941],[130.906976,47.884262],[131.023351,47.682284],[131.418366,47.742617],[131.630652,47.666859],[132.524655,47.707528],[132.705729,47.960381],[132.820657,47.942372],[133.185183,48.124816],[133.524387,48.095438],[133.707735,48.231657],[134.367126,48.377048],[134.718733,48.263412],[134.559362,48.009525],[134.769789,47.741015],[134.560603,47.481806],[134.312866,47.42013],[134.170136,47.286805],[134.22729,47.117745],[134.08735,46.998812],[134.005288,46.645836],[133.849328,46.480291],[133.933871,46.390761],[133.902452,46.258986],[133.720034,46.150207],[133.658125,45.93451],[133.514362,45.879268],[133.425168,45.580423],[133.140224,45.435419],[133.09878,45.10779],[132.92122,45.027899],[131.96965,45.233829],[131.818031,45.33279],[131.433765,44.961288],[130.930127,44.824965],[131.065829,44.682028],[131.264473,44.054211],[131.165668,43.549023],[131.281836,43.393141],[131.099315,42.935442],[130.99958,42.858755],[130.794321,42.869064],[130.407161,42.735377],[130.571906,42.621818],[130.530771,42.53048],[130.262674,42.708609],[130.256473,42.866894],[130.130485,42.959472],[129.890707,42.999418],[129.703328,42.442372],[129.545302,42.371317],[129.315445,42.422321],[129.211162,42.219956],[128.90348,42.026273],[128.034593,41.993743],[128.039967,41.87959],[128.28326,41.605058],[128.103943,41.379129],[127.944211,41.470855],[127.638338,41.429875],[127.134648,41.522014],[127.15785,41.5786],[126.939621,41.793729],[126.679482,41.735981],[126.727954,41.701254],[126.567034,41.614154],[126.522127,41.377631],[126.045515,40.944685],[125.706414,40.860453],[125.682643,40.768882],[125.560067,40.778339],[125.41713,40.639278],[124.883829,40.465541],[124.385565,40.110473],[124.202159,39.878607],[123.773041,39.818345],[123.656749,39.919501],[123.563731,39.770941],[123.285004,39.803453],[123.223155,39.679755],[123.005707,39.677436],[122.29005,39.350979],[122.042328,39.059719],[121.826915,39.036282],[121.859874,38.944648],[121.670909,39.007717],[121.592133,38.948676],[121.703624,38.891913],[121.654796,38.857856],[121.236664,38.798489],[121.198497,38.727851],[121.117931,38.943427],[121.632335,39.069485],[121.689789,39.11815],[121.589939,39.264054],[121.91505,39.395413],[121.54892,39.361884],[121.419932,39.516059],[121.236827,39.514716],[121.260001,39.563673],[121.547374,39.673163],[121.509917,39.824031],[121.854747,39.985175],[122.286876,40.488715],[122.067149,40.735053],[121.851085,40.832261],[121.858897,40.967475],[121.739552,40.849079],[121.200287,40.930732],[120.97047,40.817939],[120.994395,40.736274],[120.604096,40.465155],[120.450694,40.201077],[119.5537,39.899063],[119.223237,39.584662],[119.281398,39.575014],[119.279429,39.384006],[118.940196,39.138861],[118.858979,39.207506],[118.300126,39.040564],[118.04538,39.218972],[117.757335,39.114447],[117.775264,38.981058],[117.701915,38.995307],[117.560473,38.657097],[117.716082,38.378511],[118.081798,38.140692],[118.950037,38.097262],[119.259597,37.715847],[119.027527,37.703943],[118.961192,37.29564],[119.28712,37.137274],[119.7706,37.151842],[119.877452,37.233832],[119.846283,37.343695],[120.297618,37.597886],[120.247569,37.672593],[120.784923,37.829657],[121.113292,37.708238],[121.191498,37.575181],[121.429779,37.596869],[121.38144,37.582994],[121.570323,37.428656],[121.63502,37.481269],[121.988048,37.425605],[122.121837,37.56273],[122.183197,37.418158],[122.66505,37.414049],[122.549653,37.31977],[122.59669,37.220893],[122.402354,37.02147],[122.513031,37.020494],[122.436371,36.870673],[122.200287,36.84276],[122.26588,36.898017],[122.16269,36.945787],[122.179698,37.005805],[122.065196,36.906724],[121.961436,36.992865],[121.573009,36.763617],[121.50351,36.760443],[121.595225,36.826321],[121.484386,36.829088],[121.385265,36.706488],[121.089692,36.6164],[120.770844,36.617174],[120.742279,36.555854],[120.826427,36.59634],[120.949962,36.459174],[120.88266,36.388739],[120.75058,36.459174],[120.627778,36.116523],[120.369477,36.048774],[120.309093,36.06151],[120.361583,36.191636],[120.306407,36.274237],[120.284516,36.175971],[120.117279,36.209662],[120.10019,36.096096],[120.280772,35.998236],[120.052257,35.862616],[120.019786,35.759752],[119.925548,35.756822],[119.877452,35.613186],[119.668956,35.590318],[119.435802,35.322577],[119.370616,35.117418],[119.192882,34.974026],[119.188731,34.733059],[119.34669,34.780829],[119.640961,34.550523],[120.239757,34.323676],[120.407074,33.859768],[120.867442,33.032375],[120.86142,32.719672],[121.100841,32.497952],[121.35414,32.414823],[121.44337,32.114325],[121.821945,31.952486],[121.922057,31.754378],[121.817306,31.690949],[121.317397,31.883248],[121.115087,31.796334],[120.950628,31.825236],[120.846934,31.991441],[120.634376,32.07701],[120.131358,31.943183],[119.992035,32.015855],[119.81837,32.313707],[119.64088,32.358832],[119.606049,32.196926],[119.778575,32.204657],[119.764415,32.143744],[120.006396,31.950305],[120.229991,31.908881],[120.455412,32.021428],[120.750354,31.978336],[120.807752,31.809741],[120.717133,31.86107],[120.748383,31.802232],[121.144402,31.684658],[121.725164,31.281567],[121.95082,30.982081],[121.907399,30.857086],[121.542937,30.816495],[120.998146,30.557924],[120.810732,30.296568],[120.667002,30.4015],[120.479145,30.403524],[120.378967,30.273524],[120.257904,30.298082],[120.147094,30.198891],[120.250011,30.270087],[120.368121,30.240851],[120.450494,30.36886],[120.621606,30.372563],[120.734401,30.232213],[120.643813,30.145873],[120.754975,30.086859],[120.646251,30.126939],[120.751425,30.225626],[120.923504,30.185866],[121.254102,30.348393],[121.429592,30.292976],[121.706763,29.985109],[121.935557,29.887356],[122.105887,29.906953],[121.667003,29.556586],[121.44337,29.524237],[121.442593,29.415369],[121.479747,29.474758],[121.497162,29.422187],[121.699799,29.534329],[121.764567,29.47665],[121.79612,29.600591],[121.953624,29.606147],[121.957286,29.216376],[121.785347,29.168085],[121.799653,29.373969],[121.724328,29.182035],[121.588715,29.29149],[121.431407,29.172187],[121.415375,29.119696],[121.62143,29.113267],[121.532074,29.020494],[121.681733,29.02676],[121.709483,28.951158],[121.491791,28.928371],[121.662608,28.798041],[121.502778,28.700385],[121.162852,28.825344],[121.299327,28.722886],[121.258393,28.675116],[121.510128,28.657059],[121.641694,28.321845],[121.398936,28.298489],[121.368175,28.162014],[121.168956,28.384833],[120.965228,27.987145],[120.584972,28.095526],[120.582042,28.034329],[120.862612,27.902874],[120.74096,27.733203],[120.635265,27.763332],[120.673106,27.659613],[120.596574,27.570283],[120.67685,27.494615],[120.481456,27.186347],[120.264008,27.324449],[120.175304,27.238837],[120.34726,27.24258],[120.401866,27.165229],[120.216319,27.043931],[120.209483,26.91356],[120.025157,26.860175],[120.134369,26.646064],[119.884288,26.523179],[119.85377,26.598293],[120.077647,26.78559],[119.9463,26.796942],[119.888031,26.687242],[119.815033,26.825629],[119.756196,26.737738],[119.557628,26.758775],[119.608246,26.683539],[119.55421,26.61518],[119.730235,26.611274],[119.812266,26.474799],[119.792491,26.416653],[119.605724,26.474351],[119.655528,26.355618],[119.747081,26.327623],[119.825776,26.426947],[119.949962,26.372301],[119.673595,26.280504],[119.473155,25.997138],[119.103608,26.143134],[119.34669,25.940375],[119.519054,26.044501],[119.675059,26.022284],[119.584321,25.682603],[119.459727,25.63288],[119.646007,25.392564],[119.602875,25.346137],[119.576264,25.462836],[119.483246,25.371161],[119.504242,25.429877],[119.322602,25.611029],[119.11671,25.426418],[119.193207,25.27497],[119.293305,25.321967],[119.288829,25.189114],[119.141975,25.220978],[119.08546,25.124742],[119.024946,25.259289],[118.918468,25.26439],[118.864838,25.227973],[118.948985,25.136949],[118.848969,25.086615],[118.990489,25.040188],[118.934174,24.886054],[118.706065,24.846625],[118.695567,24.940416],[118.595795,24.874742],[118.632579,24.777248],[118.743419,24.775336],[118.6421,24.678697],[118.646576,24.568427],[118.590831,24.528062],[118.434906,24.689643],[118.379893,24.590237],[118.219005,24.541449],[118.187592,24.657375],[117.974864,24.55272],[118.013927,24.487616],[117.825938,24.480455],[117.874604,24.396308],[118.042979,24.406684],[118.084727,24.249091],[117.93214,24.207953],[117.899425,24.040188],[117.763276,23.929348],[117.770274,24.051459],[117.692231,24.046536],[117.612559,23.762681],[117.582367,23.889309],[117.416596,23.946845],[117.490073,23.832579],[117.271921,23.721306],[117.238964,23.605473],[117.24409,23.657548],[117.078407,23.564611],[117.034272,23.661322],[116.877452,23.618354],[116.866628,23.450233],[116.773224,23.349432],[116.523204,23.418524],[116.573009,23.323676],[116.748635,23.326288],[116.804822,23.236122],[116.705577,23.276597],[116.646755,23.162991],[116.516856,23.235175],[116.574555,23.224107],[116.494688,22.939352],[116.234711,22.980414],[116.281458,22.957857],[116.113561,22.83291],[116.042105,22.932918],[116.047862,22.851793],[115.843212,22.770025],[115.70517,22.907375],[115.539887,22.852932],[115.450938,22.931871],[115.586925,22.849351],[115.56422,22.684882],[115.373508,22.694177],[115.388927,22.746894],[115.251081,22.78798],[115.317149,22.904527],[114.985342,22.689309],[114.90311,22.748924],[114.895966,22.547524],[114.754145,22.589714],[114.775238,22.815823],[114.499576,22.653114],[114.562511,22.648342],[114.502045,22.550849],[114.611583,22.528713],[114.515816,22.452643],[114.395763,22.613511],[113.963796,22.538113],[113.890345,22.452712],[113.764659,22.734809],[113.653575,22.758734],[113.617198,22.890286],[113.617198,22.836249],[113.638194,23.034898],[113.586681,22.953559],[113.528331,23.038031],[113.800873,23.128404],[113.44516,23.089342],[113.480968,22.935696],[113.212983,22.912014],[113.494233,22.774848],[113.377533,22.767401],[113.59917,22.57518],[113.57721,22.266637],[113.425629,22.186225],[113.177582,22.564114],[113.401971,22.179574],[113.297944,22.176825],[113.157467,22.0247],[113.113292,22.187405],[113.026614,22.143212],[112.957081,21.875653],[112.814789,21.961575],[112.579112,21.766832],[112.443207,21.828437],[112.411143,21.90119],[112.481456,21.944648],[112.404796,21.942857],[112.392833,22.056301],[112.404307,21.81151],[112.332123,21.724066],[112.244884,21.706529],[112.203136,21.806708],[112.028168,21.797349],[112.037364,21.862494],[111.911876,21.91356],[111.904063,21.815253],[112.000255,21.774319],[111.87672,21.678127],[111.725841,21.766832],[111.787934,21.616034],[111.619721,21.533026],[111.504487,21.518215],[111.432221,21.602973],[111.292491,21.450629],[111.232188,21.524563],[111.08839,21.472642],[111.034434,21.53148],[110.992931,21.424872],[110.768158,21.397528],[110.664887,21.285631],[110.755382,21.413398],[110.63559,21.381049],[110.643321,21.252916],[110.431163,21.191474],[110.486339,21.328681],[110.368988,21.424872],[110.402354,21.193671],[110.221772,21.03266],[110.2046,21.082221],[110.149262,20.923977],[110.211681,20.840522],[110.386241,20.825995],[110.409434,20.750963],[110.368988,20.719672],[110.348155,20.803046],[110.300792,20.65705],[110.53419,20.478258],[110.294037,20.262926],[110.02711,20.300767],[109.924897,20.238267],[109.862804,20.406317],[110.006114,20.40119],[109.827485,20.511461],[109.845225,20.581122],[109.74586,20.629788],[109.827729,20.697984],[109.665619,20.880927],[109.765717,21.355943],[109.924083,21.362779],[109.951264,21.458401],[109.821056,21.458401],[109.748057,21.574937],[109.760265,21.511623],[109.649669,21.520453],[109.581554,21.732367],[109.492686,21.698554],[109.560883,21.526679],[109.438243,21.455064],[109.23878,21.485663],[109.21461,21.417426],[109.039806,21.450263],[109.132823,21.495917],[109.128917,21.602973],[108.85727,21.683417],[108.916596,21.753811],[108.86142,21.815253],[108.801362,21.818345],[108.821056,21.643948],[108.711192,21.650133],[108.724864,21.746405],[108.683197,21.70539],[108.673106,21.798],[108.569428,21.794379],[108.622081,21.87108],[108.552989,21.951809],[108.457286,21.888332],[108.496349,21.692939],[108.552989,21.698554],[108.516612,21.599189],[108.420014,21.556871],[108.470958,21.671291],[108.337657,21.697455],[108.283783,21.544745],[108.22641,21.508002],[108.226817,21.625556],[108.002289,21.554267],[108.080577,21.485663],[107.970714,21.431627],[107.811641,21.647827],[107.329655,21.616046],[107.023731,21.804097],[106.991898,21.935355],[106.689746,21.972872],[106.639671,22.296676],[106.526913,22.427779],[106.568771,22.574592],[106.646338,22.568804],[106.791497,22.772125],[106.51694,22.915424],[106.255405,22.854653],[106.077587,22.981027],[105.853879,22.90465],[105.56599,23.054098],[105.320062,23.354338],[104.894765,23.170344],[104.811462,23.096188],[104.827017,22.954285],[104.683202,22.812175],[104.361911,22.692536],[104.073316,22.782667],[103.973994,22.515268],[103.65851,22.793209],[103.514281,22.587356],[103.357081,22.776027],[103.029039,22.430157],[102.467781,22.768586],[102.186558,22.421062],[101.867921,22.378842],[101.71315,22.491548],[101.518227,22.228205],[101.6068,21.967601],[101.751081,21.816137],[101.793559,21.588244],[101.736198,21.570881],[101.715114,21.321129],[101.823738,21.234467],[101.766739,21.150648],[101.517607,21.242632],[101.259741,21.179484],[101.173855,21.611912],[101.068693,21.762032],[100.645774,21.479879],[100.341968,21.530367],[100.197894,21.433215],[100.089994,21.52892],[100.082345,21.684466],[99.95026,21.721156],[99.942406,22.045529],[99.166381,22.132087],[99.345078,22.472841],[99.307871,22.719596],[99.411224,22.919248],[99.538038,22.926431],[99.493079,23.057379],[99.350969,23.119262],[99.236144,23.062314],[98.859009,23.179387],[98.910686,23.297597],[98.780874,23.532854],[98.8433,23.584014],[98.664189,23.890378],[98.866967,24.143256],[98.585227,24.075715],[98.10505,24.101527],[97.647345,23.868524],[97.516456,23.942829],[97.718717,24.181548],[97.639859,24.439285],[97.519556,24.430784],[97.532785,24.723324],[97.772977,24.854686],[97.705178,25.028835],[97.800986,25.237634],[97.90992,25.207558],[98.03353,25.301299],[98.140087,25.611461],[98.332633,25.566968],[98.498101,25.830724],[98.677832,25.843282],[98.553808,26.071071],[98.70553,26.174941],[98.649513,26.290593],[98.748525,26.605974],[98.681759,27.556484],[98.42224,27.680895],[98.383276,27.555787],[98.275686,27.570101],[98.107117,27.973074],[98.127994,28.105469],[97.897518,28.355325],[97.740008,28.38261],[97.699597,28.48803],[97.546221,28.538466],[97.333831,28.235254],[97.11555,28.366564],[96.301852,28.420711],[96.59801,28.70991],[96.366568,29.036537],[96.195323,28.941106],[96.174625,29.108845],[96.366862,29.244211],[96.205424,29.256949],[96.150957,29.354075],[95.744781,29.340432],[95.717165,29.218284],[95.592335,29.249689],[95.487577,29.068994],[95.367406,29.036496],[94.761482,29.174706],[94.704224,29.284699],[94.582681,29.302915],[94.372875,29.196307],[94.270786,29.09793],[94.347311,29.024349],[94.026849,28.864182],[93.927786,28.682752],[93.446213,28.671894],[93.218838,28.457436],[93.207825,28.340539],[92.70786,28.155414],[92.638924,28.057487],[92.736392,27.985909],[92.683674,27.91045],[91.952247,27.72482],[91.290169,28.091413],[91.008842,27.96677],[90.510061,28.074101],[90.597602,28.200376],[90.386905,28.299141],[90.329504,28.255796],[90.225591,28.358399],[89.862918,28.295793],[89.458808,28.047798],[88.978366,27.530283],[88.997019,27.330869],[88.773578,27.408509],[88.741642,27.53168],[88.853884,27.843676],[88.780141,28.028342],[88.610488,28.105831],[87.700466,27.805642],[87.38679,27.804402],[87.116522,27.844581],[86.680063,28.105727],[86.569527,28.106606],[86.438837,27.910856],[86.218385,27.994726],[86.15596,28.156525],[86.068731,28.076763],[86.075655,27.894784],[85.98026,27.885172],[85.692939,28.335222],[85.611807,28.251145],[85.087395,28.304113],[85.16801,28.583192],[85.054942,28.638692],[84.823949,28.540533],[84.437822,28.753336],[84.235147,28.90002],[84.08973,29.256613],[83.93315,29.291779],[83.65601,29.160779],[83.535965,29.179228],[83.187253,29.612095],[82.857454,29.666201],[82.541814,29.923239],[82.153827,30.058166],[82.093211,30.31474],[81.635719,30.410961],[81.509371,30.328382],[81.42612,30.372514],[81.33827,30.143536],[81.194506,30.004475],[81.097768,30.016929],[80.943772,30.270143],[80.596351,30.459796],[80.179839,30.559479],[80.231412,30.724947],[80.169297,30.785254],[79.85035,30.954494],[79.577809,30.938371],[79.394978,31.036711],[79.131397,31.438433],[79.07799,31.461664],[78.921008,31.269685],[78.745095,31.308116],[78.762561,31.44511],[78.695382,31.488105],[78.795324,31.633781],[78.670887,31.770517],[78.741994,31.945338],[78.457981,32.229662],[78.380983,32.528041],[78.694452,32.629663],[78.754707,32.493806],[78.976192,32.361618],[79.320466,32.592267],[79.472113,32.565472],[79.620673,32.728725],[79.333586,32.994292],[79.456096,33.250399],[79.098028,33.287655],[78.917694,33.386258]]],[[[111.010509,19.683783],[110.876475,19.539781],[110.806326,19.612738],[110.589041,19.176703],[110.490489,19.166571],[110.554942,19.087348],[110.57545,19.150051],[110.567231,19.065579],[110.441091,18.836493],[110.534434,18.785631],[110.03419,18.511949],[110.040294,18.38227],[109.776215,18.404039],[109.670421,18.273017],[109.708751,18.207221],[109.568044,18.169338],[109.462738,18.27969],[109.162608,18.287828],[108.674083,18.554836],[108.626964,19.27497],[109.272716,19.729397],[109.295746,19.774644],[109.181326,19.735989],[109.163341,19.790269],[109.303722,19.921698],[109.581716,19.855699],[109.529307,19.875474],[109.581391,19.984809],[109.686697,20.00788],[110.006196,19.910346],[110.316905,20.057359],[110.410899,19.923407],[110.378184,20.039862],[110.431163,20.050605],[110.598643,19.943996],[110.572276,20.050727],[110.677908,20.16356],[110.788341,20.010403],[110.920665,20.01203],[111.010509,19.683783]]],[[[111.962657,21.65762],[111.999848,21.621161],[111.809337,21.565497],[111.962657,21.65762]]],[[[112.645356,21.712836],[112.616466,21.619208],[112.519298,21.606676],[112.645356,21.712836]]],[[[112.844005,21.774319],[112.737153,21.612616],[112.747813,21.733344],[112.844005,21.774319]]],[[[113.391449,22.027533],[113.323497,22.011949],[113.343598,22.068508],[113.391449,22.027533]]],[[[113.364757,22.157904],[113.289073,22.068508],[113.271739,22.120022],[113.364757,22.157904]]],[[[113.593516,22.784817],[113.40211,22.88288],[113.475597,22.900702],[113.593516,22.784817]]],[[[117.071544,23.47309],[117.137367,23.419565],[116.969345,23.418946],[117.071544,23.47309]]],[[[117.468901,23.75309],[117.526661,23.740107],[117.467219,23.657934],[117.320483,23.574016],[117.404307,23.774156],[117.468901,23.75309]]],[[[119.305431,26.035956],[119.404959,25.977932],[119.209239,26.098578],[119.305431,26.035956]]],[[[121.255531,28.140001],[121.279145,28.085435],[121.166899,28.043082],[121.165283,28.150534],[121.256403,28.214798],[121.255531,28.140001]]],[[[122.23878,30.313137],[122.217052,30.262519],[122.073578,30.291409],[122.23878,30.313137]]],[[[122.398936,30.456488],[122.285411,30.422065],[122.276622,30.479804],[122.398936,30.456488]]],[[[121.837738,31.375149],[121.866222,31.304185],[121.7942,31.368801],[121.837738,31.375149]]],[[[119.880707,32.12519],[119.901866,32.073391],[119.716156,32.27265],[119.832856,32.252143],[119.880707,32.12519]]],[[[122.3213,39.165961],[122.382579,39.208319],[122.402599,39.159125],[122.3213,39.165961]]],[[[122.635997,39.23428],[122.718598,39.241889],[122.690684,39.193305],[122.635997,39.23428]]],[[[122.684418,39.262193],[122.586192,39.258002],[122.505056,39.296942],[122.684418,39.262193]]],[[[121.422537,39.474514],[121.421723,39.373684],[121.27296,39.385077],[121.422537,39.474514]]],[[[122.964366,39.515448],[122.989757,39.549506],[123.04005,39.529731],[122.964366,39.515448]]],[[[110.595876,20.958726],[110.589203,20.88349],[110.547537,20.917711],[110.595876,20.958726]]],[[[110.547537,21.037258],[110.516938,20.937649],[110.24586,20.986029],[110.371349,21.080959],[110.547537,21.037258]]],[[[110.616954,21.191474],[110.520681,21.111802],[110.426117,21.179104],[110.616954,21.191474]]],[[[118.09254,24.55622],[118.163097,24.531968],[118.153819,24.437079],[118.092052,24.438463],[118.09254,24.55622]]],[[[119.846528,25.536322],[119.739919,25.407782],[119.693044,25.437649],[119.766368,25.506252],[119.730479,25.646145],[119.846528,25.536322]]],[[[121.95753,29.119534],[121.935313,29.062893],[121.881358,29.160305],[121.95753,29.119534]]],[[[122.14324,29.733385],[122.18686,29.673407],[122.056651,29.767808],[122.14324,29.733385]]],[[[122.395193,29.883612],[122.395193,29.833319],[122.333507,29.9206],[122.388927,29.948798],[122.395193,29.883612]]],[[[121.881847,30.076361],[121.889659,29.983954],[121.836192,29.988674],[121.881847,30.076361]]],[[[122.327485,30.024482],[122.048839,30.007392],[121.963145,30.142401],[122.327485,30.024482]]],[[[121.844075,31.607947],[121.977851,31.477771],[121.851374,31.439179],[121.614689,31.521582],[121.186631,31.774116],[121.322564,31.829331],[121.844075,31.607947]]],[[[111.196544,15.775377],[111.1963,15.785712],[111.20753,15.789293],[111.196544,15.775377]]],[[[111.763357,16.043443],[111.753103,16.044664],[111.761404,16.048651],[111.763357,16.043443]]],[[[109.100922,21.021186],[109.099864,21.060696],[109.136241,21.051011],[109.100922,21.021186]]],[[[120.748383,37.938707],[120.7588,37.907538],[120.726329,37.90884],[120.748383,37.938707]]],[[[120.606781,37.979885],[120.625824,37.972561],[120.615489,37.94831],[120.606781,37.979885]]],[[[120.720063,37.980943],[120.72047,37.964016],[120.688243,37.985256],[120.720063,37.980943]]],[[[120.760427,38.170478],[120.773285,38.159735],[120.73878,38.175605],[120.760427,38.170478]]],[[[120.806488,38.288235],[120.819835,38.313666],[120.836192,38.304267],[120.806488,38.288235]]],[[[120.914236,38.384101],[120.906912,38.392564],[120.917817,38.395453],[120.914236,38.384101]]],[[[123.180675,39.091946],[123.195811,39.065334],[123.145193,39.04328],[123.180675,39.091946]]],[[[111.600108,16.527289],[111.602875,16.533352],[111.60963,16.528266],[111.600108,16.527289]]],[[[112.735037,16.657945],[112.725271,16.666205],[112.733409,16.666083],[112.735037,16.657945]]],[[[112.333181,16.825019],[112.327891,16.837104],[112.33546,16.832587],[112.333181,16.825019]]],[[[112.333669,16.933254],[112.341075,16.926988],[112.33546,16.923814],[112.333669,16.933254]]],[[[110.471365,20.647366],[110.475841,20.595933],[110.437022,20.667914],[110.471365,20.647366]]],[[[113.278005,21.925035],[113.23463,21.893459],[113.2317,21.934475],[113.278005,21.925035]]],[[[113.771747,22.000343],[113.764477,21.966818],[113.736279,21.997162],[113.771747,22.000343]]],[[[114.306814,22.057196],[114.206716,22.025784],[114.30421,22.069281],[114.306814,22.057196]]],[[[113.473481,22.098538],[113.518891,22.127265],[113.532563,22.095364],[113.473481,22.098538]]],[[[113.623379,22.439872],[113.642347,22.40019],[113.612272,22.397962],[113.623379,22.439872]]],[[[113.546759,22.741884],[113.641832,22.601624],[113.491368,22.705774],[113.546759,22.741884]]],[[[113.52921,22.960354],[113.553599,22.911281],[113.50996,22.921216],[113.52921,22.960354]]],[[[116.995616,23.563544],[116.970958,23.514635],[116.937266,23.526272],[116.995616,23.563544]]],[[[119.551036,25.209459],[119.528982,25.165351],[119.444672,25.229071],[119.551036,25.209459]]],[[[119.346528,25.566718],[119.334809,25.449897],[119.281586,25.463813],[119.346528,25.566718]]],[[[119.626964,26.107896],[119.638845,26.070502],[119.565278,26.080471],[119.626964,26.107896]]],[[[120.326834,26.939683],[120.337087,26.970038],[120.377696,26.939846],[120.326834,26.939683]]],[[[121.074002,27.479484],[121.103479,27.46007],[121.046109,27.465199],[121.074002,27.479484]]],[[[121.181651,27.864651],[121.174815,27.825873],[121.097992,27.817816],[121.181651,27.864651]]],[[[121.049327,27.950873],[121.064789,27.981431],[121.139659,27.965766],[121.049327,27.950873]]],[[[121.862153,29.129584],[121.842052,29.095038],[121.783539,29.13288],[121.862153,29.129584]]],[[[122.304698,29.81745],[122.30836,29.776272],[122.232677,29.827826],[122.304698,29.81745]]],[[[121.972179,29.94477],[121.992442,29.908271],[121.946137,29.903957],[121.972179,29.94477]]],[[[122.345714,30.241929],[122.29477,30.236721],[122.382579,30.277167],[122.345714,30.241929]]],[[[122.529307,30.720771],[122.431977,30.697984],[122.429942,30.743069],[122.529307,30.720771]]],[[[121.76238,31.373765],[121.78004,31.325181],[121.598806,31.429145],[121.76238,31.373765]]],[[[118.632743,39.074581],[118.514308,38.919445],[118.478483,39.042858],[118.559718,39.003125],[118.632743,39.074581]]],[[[111.680268,16.578152],[111.678884,16.581122],[111.681651,16.580186],[111.680268,16.578152]]]]}},{"type":"Feature","properties":{"iso3":"ISR","name":"Israel","continent":"Asia"},"geometry":{"type":"Polygon","coordinates":[[[34.248351,31.211449],[34.350905,31.289254],[34.345841,31.357725],[34.367339,31.392814],[34.556032,31.539825],[34.481204,31.583141],[34.60963,31.76553],[34.711925,31.951606],[34.743337,32.039862],[34.742686,32.055609],[34.757009,32.066596],[34.837657,32.280707],[34.942068,32.724514],[34.94752,32.814154],[34.955577,32.834377],[34.97047,32.841376],[35.003429,32.827541],[35.02768,32.826606],[35.062755,32.858344],[35.0796,32.905829],[35.07781,32.917873],[35.06544,32.923082],[35.078461,32.998847],[35.096202,33.05036],[35.092133,33.067694],[35.106456,33.080756],[35.09962,33.087592],[35.185273,33.083977],[35.207184,33.094803],[35.234469,33.090927],[35.283665,33.101185],[35.305783,33.089377],[35.331931,33.057156],[35.34516,33.05558],[35.480139,33.087387],[35.512282,33.147409],[35.520033,33.222185],[35.549489,33.281019],[35.561167,33.28213],[35.603852,33.240091],[35.620065,33.269536],[35.652143,33.27666],[35.698523,33.32267],[35.769423,33.342643],[35.8211,33.406722],[35.809938,33.360032],[35.763842,33.334401],[35.802083,33.31249],[35.768597,33.272699],[35.803633,33.248463],[35.807664,33.201721],[35.830195,33.189991],[35.833399,33.161129],[35.811488,33.126765],[35.811488,33.111908],[35.848902,33.098678],[35.85903,32.99021],[35.888073,32.944941],[35.849729,32.895823],[35.834226,32.827946],[35.75759,32.744347],[35.685191,32.711234],[35.640226,32.680999],[35.612334,32.681535],[35.562718,32.64421],[35.579978,32.560391],[35.575844,32.554965],[35.572536,32.560391],[35.565612,32.546102],[35.55941,32.55295],[35.565612,32.525587],[35.551969,32.525587],[35.551969,32.518817],[35.568505,32.510265],[35.579978,32.49148],[35.561271,32.477089],[35.572536,32.456728],[35.55941,32.450527],[35.565612,32.443706],[35.551969,32.436212],[35.55817,32.417997],[35.545148,32.409573],[35.560961,32.384717],[35.406862,32.414793],[35.392909,32.494478],[35.363143,32.51011],[35.270436,32.510471],[35.210359,32.541868],[35.190751,32.54171],[35.151683,32.507914],[35.06435,32.463136],[35.044713,32.43412],[35.021562,32.34459],[35.004509,32.338053],[34.996551,32.323041],[34.989936,32.27847],[35.009366,32.267644],[35.007609,32.24439],[34.961411,32.201576],[34.958223,32.186454],[34.986943,32.123991],[34.984217,32.089584],[35.007245,32.020772],[34.996775,32.011102],[34.997837,31.978779],[34.986695,31.967228],[35.007734,31.944922],[35.005424,31.933769],[35.029902,31.92443],[35.039006,31.908637],[35.034323,31.861114],[34.99854,31.853835],[34.97874,31.837333],[34.98031,31.831317],[35.027492,31.832731],[35.056018,31.853317],[35.07632,31.854158],[35.112472,31.823963],[35.186167,31.80874],[35.183587,31.825116],[35.213271,31.818763],[35.216132,31.823745],[35.205255,31.877254],[35.222023,31.879178],[35.233353,31.842611],[35.24998,31.844368],[35.257231,31.838593],[35.251566,31.831277],[35.264935,31.826272],[35.255871,31.812216],[35.25995,31.792573],[35.252699,31.76965],[35.262811,31.748625],[35.242417,31.71085],[35.205255,31.723187],[35.179423,31.720103],[35.148952,31.737349],[35.125742,31.733103],[35.059226,31.676797],[34.973606,31.63037],[34.93733,31.582001],[34.926788,31.494409],[34.867153,31.396431],[34.878832,31.362841],[34.900949,31.348475],[34.927408,31.34491],[35.040166,31.363203],[35.164913,31.362273],[35.223307,31.381031],[35.332344,31.458804],[35.390118,31.487071],[35.458125,31.491929],[35.457128,31.433524],[35.452854,31.400823],[35.416473,31.331835],[35.423915,31.324601],[35.422261,31.303],[35.3957,31.25768],[35.410686,31.204608],[35.436214,31.159546],[35.443242,31.132209],[35.438488,31.103736],[35.391565,31.023947],[35.385261,30.963279],[35.334928,30.912585],[35.322216,30.88995],[35.316635,30.822823],[35.279531,30.780241],[35.263882,30.719967],[35.205324,30.617099],[35.140005,30.430185],[35.140005,30.406155],[35.162122,30.361404],[35.141762,30.313965],[35.125225,30.244667],[35.124812,30.21609],[35.145276,30.154905],[35.145276,30.123382],[35.129049,30.089741],[35.086261,30.034034],[35.054118,29.923394],[35.048951,29.842314],[35.002545,29.733096],[34.989833,29.651964],[34.966992,29.608116],[34.951345,29.54564],[34.910818,29.489936],[34.886729,29.490058],[34.855267,29.545717],[34.848239,29.569643],[34.8501,29.63876],[34.824365,29.7417],[34.741373,29.940241],[34.733208,30.012588],[34.599469,30.344506],[34.526915,30.409618],[34.536217,30.482172],[34.504384,30.530334],[34.502214,30.571675],[34.480407,30.651205],[34.329511,30.994492],[34.248351,31.211449]]]}},{"type":"Feature","properties":{"iso3":"PSE","name":"Palestine","continent":"Asia"},"geometry":{"type":"MultiPolygon","coordinates":[[[[34.481204,31.583141],[34.556032,31.539825],[34.367339,31.392814],[34.345841,31.357725],[34.350905,31.289254],[34.248351,31.211449],[34.224608,31.275715],[34.200269,31.314267],[34.281423,31.376695],[34.301606,31.407701],[34.348399,31.437649],[34.368175,31.468166],[34.44337,31.534573],[34.481204,31.583141]]],[[[34.986695,31.967228],[34.997837,31.978779],[34.996775,32.011102],[35.007245,32.020772],[34.984217,32.089584],[34.986943,32.123991],[34.958223,32.186454],[34.961411,32.201576],[35.007609,32.24439],[35.009366,32.267644],[34.989936,32.27847],[34.996551,32.323041],[35.000685,32.335728],[35.017841,32.342213],[35.044713,32.43412],[35.06435,32.463136],[35.151683,32.507914],[35.190751,32.54171],[35.208631,32.54264],[35.270436,32.510471],[35.363143,32.51011],[35.392909,32.494478],[35.406862,32.414793],[35.560961,32.384717],[35.565612,32.367948],[35.55941,32.374821],[35.551969,32.374821],[35.551969,32.367948],[35.556517,32.328209],[35.565612,32.313352],[35.560857,32.28263],[35.572536,32.251908],[35.55941,32.237594],[35.572536,32.237594],[35.555173,32.174394],[35.55941,32.155093],[35.546698,32.147031],[35.551969,32.135197],[35.535226,32.110806],[35.545148,32.086828],[35.528301,32.075098],[35.522824,32.057838],[35.524684,32.011691],[35.545871,31.944563],[35.524684,31.919241],[35.549075,31.839195],[35.538326,31.819299],[35.55941,31.765349],[35.527578,31.735067],[35.480139,31.641119],[35.464222,31.568565],[35.458745,31.494409],[35.390118,31.487071],[35.332344,31.458804],[35.223307,31.381031],[35.164913,31.362273],[35.040166,31.363203],[34.927408,31.34491],[34.900949,31.348475],[34.878832,31.362841],[34.867153,31.396431],[34.926788,31.494409],[34.93733,31.582001],[34.973606,31.63037],[35.059226,31.676797],[35.125742,31.733103],[35.148952,31.737349],[35.179423,31.720103],[35.205255,31.723187],[35.23797,31.709332],[35.262811,31.748625],[35.252699,31.76965],[35.262896,31.789684],[35.255871,31.812216],[35.264935,31.826272],[35.253605,31.829352],[35.257231,31.838593],[35.24998,31.844368],[35.233353,31.842611],[35.222023,31.879178],[35.205255,31.877254],[35.216132,31.823745],[35.213271,31.818763],[35.183587,31.825116],[35.186167,31.80874],[35.112472,31.823963],[35.07632,31.854158],[35.056018,31.853317],[35.027492,31.832731],[34.98031,31.831317],[34.97874,31.837333],[34.99854,31.853835],[35.034323,31.861114],[35.039006,31.908637],[35.029902,31.92443],[35.005424,31.933769],[35.007734,31.944922],[34.986695,31.967228]]]]}},{"type":"Feature","properties":{"iso3":"LBN","name":"Lebanon","continent":"Asia"},"geometry":{"type":"Polygon","coordinates":[[[35.105235,33.089016],[35.09962,33.101264],[35.105805,33.112454],[35.125499,33.132514],[35.147634,33.140326],[35.167817,33.170152],[35.161794,33.176947],[35.174653,33.170152],[35.204763,33.224799],[35.209158,33.254625],[35.188324,33.280015],[35.224783,33.311998],[35.243663,33.355699],[35.250499,33.409735],[35.275076,33.444973],[35.271007,33.457506],[35.349132,33.513861],[35.400645,33.643134],[35.394379,33.64997],[35.409923,33.661282],[35.421641,33.702338],[35.438487,33.711371],[35.481293,33.823676],[35.483246,33.872463],[35.47047,33.902086],[35.486583,33.912991],[35.517345,33.902533],[35.572032,33.90998],[35.59311,33.94477],[35.585704,33.950914],[35.613536,33.99315],[35.64088,33.999416],[35.630382,34.016099],[35.626964,34.044257],[35.647716,34.119127],[35.630382,34.152818],[35.627208,34.201117],[35.647716,34.222154],[35.653005,34.284857],[35.665212,34.311347],[35.688731,34.328315],[35.705821,34.316596],[35.750743,34.389797],[35.806163,34.414984],[35.823578,34.434516],[35.805431,34.464911],[35.823985,34.460842],[35.903331,34.477973],[35.983165,34.538642],[35.989594,34.599677],[35.980642,34.638495],[35.9699,34.649849],[36.037934,34.62843],[36.15586,34.626931],[36.178287,34.635303],[36.201232,34.624451],[36.26159,34.627242],[36.28071,34.639127],[36.288151,34.675559],[36.308925,34.687548],[36.367526,34.629205],[36.391194,34.622487],[36.440184,34.62936],[36.436256,34.597838],[36.429125,34.593187],[36.4037,34.603832],[36.388921,34.596236],[36.383546,34.553809],[36.319881,34.514122],[36.332697,34.494175],[36.392331,34.500143],[36.433466,34.49433],[36.449795,34.464538],[36.52514,34.422939],[36.52979,34.403095],[36.516768,34.369867],[36.518628,34.353641],[36.555835,34.311085],[36.576816,34.307674],[36.581984,34.299897],[36.56276,34.262949],[36.574026,34.229746],[36.603554,34.200101],[36.552735,34.140992],[36.488449,34.088644],[36.47522,34.053504],[36.445144,34.04614],[36.412175,34.053633],[36.391091,34.044719],[36.288565,33.946508],[36.267171,33.910386],[36.275336,33.897209],[36.311096,33.87199],[36.36763,33.857547],[36.369594,33.837006],[36.357501,33.823776],[36.338278,33.821193],[36.231824,33.852534],[36.186556,33.83021],[36.165678,33.829797],[36.13829,33.850622],[36.05044,33.816438],[36.027082,33.784296],[35.994009,33.760705],[35.948431,33.70921],[35.94719,33.673088],[35.925383,33.661667],[35.921559,33.640299],[36.029666,33.59764],[36.038451,33.586349],[36.035247,33.567797],[35.99928,33.541261],[35.933238,33.527825],[35.921869,33.51457],[35.935408,33.494262],[35.919492,33.462351],[35.8211,33.406722],[35.769423,33.342643],[35.698523,33.32267],[35.652143,33.27666],[35.620065,33.269536],[35.61806,33.256125],[35.604576,33.244354],[35.585042,33.252209],[35.561167,33.28213],[35.549489,33.281019],[35.520033,33.222185],[35.512282,33.147409],[35.480139,33.087387],[35.34516,33.05558],[35.331931,33.057156],[35.305783,33.089377],[35.283665,33.101185],[35.234469,33.090927],[35.207184,33.094803],[35.189614,33.085527],[35.105235,33.089016]]]}},{"type":"Feature","properties":{"iso3":"SYR","name":"Syria","continent":"Asia"},"geometry":{"type":"Polygon","coordinates":[[[35.75759,32.744347],[35.834226,32.827946],[35.849729,32.895823],[35.888073,32.944941],[35.85903,32.99021],[35.848902,33.098678],[35.811488,33.111908],[35.811488,33.126765],[35.833399,33.161129],[35.830195,33.189991],[35.807664,33.201721],[35.803633,33.248463],[35.768597,33.272699],[35.802083,33.31249],[35.763842,33.334401],[35.809938,33.360032],[35.8211,33.406722],[35.919492,33.462351],[35.935408,33.494262],[35.921869,33.51457],[35.933238,33.527825],[35.99928,33.541261],[36.035247,33.567797],[36.038451,33.586349],[36.029666,33.59764],[35.921559,33.640299],[35.925383,33.661667],[35.94719,33.673088],[35.948431,33.70921],[35.994009,33.760705],[36.027082,33.784296],[36.05044,33.816438],[36.13829,33.850622],[36.165678,33.829797],[36.186556,33.83021],[36.231824,33.852534],[36.300554,33.828686],[36.357501,33.823776],[36.369594,33.837006],[36.36763,33.857547],[36.311096,33.87199],[36.268928,33.906769],[36.288565,33.946508],[36.391091,34.044719],[36.412175,34.053633],[36.445144,34.04614],[36.47522,34.053504],[36.488449,34.088644],[36.552735,34.140992],[36.604101,34.199102],[36.574026,34.229746],[36.56276,34.262949],[36.581984,34.299897],[36.576816,34.307674],[36.555835,34.311085],[36.518628,34.353641],[36.516768,34.369867],[36.52979,34.403095],[36.52514,34.422939],[36.449795,34.464538],[36.433466,34.494175],[36.392331,34.500143],[36.332697,34.494175],[36.319881,34.514122],[36.383546,34.553809],[36.388921,34.596236],[36.4037,34.603832],[36.429125,34.593187],[36.436256,34.597838],[36.440184,34.62936],[36.391194,34.622487],[36.367526,34.629205],[36.308925,34.687548],[36.288151,34.675559],[36.28071,34.639127],[36.26159,34.627242],[36.201232,34.624451],[36.178287,34.635303],[36.160201,34.628068],[36.037934,34.62843],[35.9699,34.649849],[35.931163,34.740953],[35.928966,34.790717],[35.908458,34.821763],[35.866873,34.924221],[35.881358,34.944973],[35.873546,34.978827],[35.900564,35.021918],[35.887869,35.061347],[35.887869,35.109198],[35.941254,35.180569],[35.962413,35.197943],[35.915294,35.287909],[35.928966,35.321479],[35.918956,35.41767],[35.860606,35.479071],[35.830089,35.493476],[35.81837,35.508938],[35.781261,35.499579],[35.770518,35.504218],[35.778087,35.541164],[35.737071,35.561672],[35.743337,35.582099],[35.723399,35.575914],[35.723399,35.582099],[35.763357,35.598293],[35.778494,35.612738],[35.784353,35.630561],[35.771169,35.667792],[35.800059,35.681464],[35.840343,35.747463],[35.835948,35.789984],[35.798595,35.849677],[35.87086,35.851793],[35.885265,35.885972],[35.911305,35.91775],[35.980263,35.926852],[35.992769,35.915277],[35.992356,35.877346],[36.003931,35.869181],[36.05075,35.865409],[36.138497,35.819779],[36.155308,35.822232],[36.168779,35.852076],[36.174877,35.922666],[36.196891,35.951708],[36.229034,35.961165],[36.269031,35.958736],[36.277403,35.994031],[36.29735,36.000749],[36.336727,35.988244],[36.358018,35.99398],[36.358638,36.166992],[36.375795,36.20451],[36.361429,36.218152],[36.373004,36.227609],[36.398119,36.20823],[36.450726,36.19991],[36.468916,36.22239],[36.480181,36.225542],[36.593456,36.2181],[36.664253,36.229004],[36.66911,36.259855],[36.648761,36.305719],[36.637071,36.316802],[36.587771,36.324812],[36.577643,36.332874],[36.594283,36.35711],[36.593352,36.373492],[36.585704,36.387031],[36.552735,36.408166],[36.531237,36.479015],[36.565344,36.5325],[36.569271,36.620143],[36.594696,36.685824],[36.603274,36.746957],[36.643272,36.803646],[36.639861,36.828089],[36.843673,36.775844],[36.925942,36.768971],[36.964699,36.75383],[37.018443,36.706649],[37.014515,36.642261],[37.053066,36.619936],[37.104432,36.650994],[37.156109,36.643914],[37.241892,36.65859],[37.446117,36.634199],[37.593395,36.710525],[37.654063,36.732126],[37.819738,36.760548],[38.007943,36.825764],[38.122975,36.884623],[38.190051,36.905526],[38.224261,36.908394],[38.28989,36.901702],[38.479956,36.855736],[38.529358,36.833722],[38.66413,36.719517],[38.725005,36.693937],[38.795389,36.686651],[39.03217,36.701172],[39.185856,36.659521],[39.239599,36.661278],[39.765252,36.742151],[39.979812,36.806953],[40.079238,36.854857],[40.190136,36.884416],[40.413894,37.004022],[40.525722,37.025881],[40.708967,37.100476],[40.896449,37.122696],[41.135091,37.084249],[41.20134,37.064974],[41.479773,37.075568],[42.009249,37.175613],[42.052968,37.196645],[42.128312,37.253283],[42.178541,37.306303],[42.211201,37.324906],[42.22257,37.313951],[42.222156,37.292402],[42.267218,37.274522],[42.292023,37.285064],[42.305769,37.264548],[42.346696,37.239769],[42.353208,37.227031],[42.335328,37.171169],[42.354551,37.15241],[42.357238,37.109984],[42.376875,37.076756],[42.377186,37.062235],[42.281894,36.994125],[41.843781,36.617869],[41.789935,36.589292],[41.414867,36.527384],[41.385411,36.516377],[41.276994,36.354785],[41.236687,36.060332],[41.354509,35.825566],[41.363501,35.655241],[41.358023,35.623925],[41.34221,35.593694],[41.261285,35.49432],[41.25188,35.46409],[41.243095,35.366525],[41.20134,35.243018],[41.191521,35.182143],[41.204234,34.793123],[41.195656,34.768473],[40.98802,34.42852],[40.965282,34.401855],[40.936033,34.386068],[40.690467,34.331497],[38.774511,33.371685],[38.056726,32.994344],[37.133371,32.494581],[36.819385,32.316788],[36.792513,32.313533],[36.706937,32.328338],[36.689574,32.319656],[36.653504,32.342859],[36.480181,32.360791],[36.463955,32.369395],[36.387887,32.379317],[36.177357,32.527318],[36.15586,32.5152],[36.06987,32.516595],[36.005998,32.607907],[36.003621,32.655088],[35.955355,32.657439],[35.937475,32.674002],[35.9444,32.677619],[35.944193,32.690771],[35.922489,32.693768],[35.895721,32.713276],[35.788234,32.734411],[35.774901,32.747279],[35.75759,32.744347]]]}},{"type":"Feature","properties":{"iso3":"KOR","name":"South Korea","continent":"Asia"},"geometry":{"type":"MultiPolygon","coordinates":[[[[128.364919,38.624335],[128.441417,38.505805],[128.474457,38.426093],[128.562755,38.288967],[128.631602,38.144965],[128.678722,38.094306],[128.692475,38.064927],[128.923839,37.802314],[129.06422,37.67886],[129.073334,37.613023],[129.108735,37.597398],[129.148204,37.505113],[129.189952,37.469387],[129.235444,37.398261],[129.262787,37.370917],[129.282807,37.324449],[129.331065,37.282172],[129.346446,37.247504],[129.360118,37.17178],[129.378917,37.130113],[129.430186,37.073065],[129.434093,37.061103],[129.41269,37.018052],[129.428722,36.897406],[129.471202,36.771877],[129.473888,36.730618],[129.463471,36.69245],[129.422618,36.616645],[129.447113,36.493313],[129.440929,36.407945],[129.434825,36.389594],[129.391856,36.342475],[129.386567,36.322699],[129.382335,36.20185],[129.385753,36.185452],[129.403901,36.167629],[129.417084,36.107571],[129.430512,36.097398],[129.418712,36.072984],[129.381783,36.055175],[129.380859,36.041487],[129.433051,35.996108],[129.453331,35.993287],[129.554795,36.082478],[129.5713,36.071845],[129.58725,36.016913],[129.53559,35.939036],[129.522134,35.844552],[129.496216,35.785074],[129.497651,35.74787],[129.443053,35.63609],[129.467275,35.599668],[129.4546,35.513251],[129.427989,35.478746],[129.412852,35.472073],[129.400401,35.512641],[129.387462,35.529853],[129.373546,35.532782],[129.365245,35.513251],[129.387055,35.502265],[129.391856,35.475735],[129.387462,35.462307],[129.357758,35.451809],[129.364581,35.40687],[129.346787,35.382273],[129.361814,35.367172],[129.360444,35.353583],[129.320513,35.338545],[129.29272,35.316049],[129.269206,35.316767],[129.2624,35.283989],[129.249735,35.266228],[129.255707,35.246975],[129.194347,35.155504],[129.120257,35.149617],[129.128601,35.114148],[129.12347,35.100845],[129.101078,35.092276],[129.06384,35.120847],[129.037627,35.097834],[129.021862,35.059983],[129.013754,35.055307],[128.997026,35.075728],[129.000402,35.04595],[128.989405,35.052694],[128.965125,35.043649],[128.958447,35.050387],[128.95036,35.072913],[128.961341,35.118955],[128.95801,35.136897],[128.91842,35.081882],[128.904593,35.081099],[128.904586,35.12051],[128.897926,35.121305],[128.882186,35.081485],[128.791555,35.082953],[128.781077,35.111062],[128.771988,35.083313],[128.761971,35.079392],[128.738689,35.087988],[128.727794,35.104722],[128.70045,35.096137],[128.6963,35.1435],[128.680512,35.131415],[128.679942,35.115953],[128.638031,35.149848],[128.617931,35.143256],[128.617931,35.184882],[128.602061,35.213935],[128.578136,35.189358],[128.577891,35.178656],[128.601817,35.121243],[128.627045,35.090766],[128.624766,35.068183],[128.65211,35.061347],[128.603608,35.056627],[128.596772,35.075019],[128.580333,35.087877],[128.526378,35.103461],[128.478119,35.099066],[128.469737,35.088365],[128.481293,35.075019],[128.389171,35.049018],[128.382091,35.02261],[128.37143,35.013577],[128.37143,35.006781],[128.471202,35.050238],[128.488129,35.051174],[128.499604,35.009223],[128.491547,34.995917],[128.459239,34.987372],[128.426768,34.992499],[128.420014,34.982733],[128.441417,34.959947],[128.432953,34.890692],[128.450938,34.885891],[128.460948,34.903713],[128.474457,34.890692],[128.435313,34.843166],[128.382883,34.83929],[128.383397,34.854587],[128.410899,34.856024],[128.415863,34.862738],[128.340831,34.872707],[128.324474,34.897284],[128.357758,34.909898],[128.335053,34.947333],[128.302257,34.908026],[128.279063,34.906806],[128.257904,34.930162],[128.224132,34.937893],[128.208588,34.920844],[128.207042,34.890692],[128.139415,34.891913],[128.121104,34.900295],[128.113048,34.925198],[128.055675,34.931627],[128.054047,35.035834],[128.069347,35.082465],[128.024994,35.035793],[128.000987,35.034084],[128.019298,34.998684],[128.006847,34.991767],[127.979747,34.992255],[127.953868,34.978827],[127.937022,35.012641],[127.925792,35.019761],[127.91212,34.962063],[127.891205,34.946682],[127.84433,34.950181],[127.830333,34.944729],[127.798432,34.958645],[127.744395,34.960191],[127.719249,34.990058],[127.72047,34.965155],[127.709239,34.940416],[127.66212,34.906806],[127.641124,34.899115],[127.626069,34.909735],[127.607188,34.941311],[127.591563,34.946438],[127.575287,34.913642],[127.576427,34.896918],[127.601166,34.85635],[127.656505,34.811916],[127.699962,34.842271],[127.756847,34.840806],[127.775645,34.849066],[127.741547,34.725572],[127.706391,34.715888],[127.656261,34.731269],[127.63795,34.698228],[127.624278,34.698228],[127.63795,34.670966],[127.640717,34.617987],[127.614024,34.636868],[127.572276,34.647406],[127.560802,34.662177],[127.555919,34.684556],[127.584483,34.746243],[127.555919,34.800727],[127.535411,34.808092],[127.521821,34.859036],[127.528087,34.879828],[127.521251,34.889838],[127.487315,34.841498],[127.444672,34.829169],[127.365326,34.824042],[127.425548,34.800727],[127.425548,34.79442],[127.361583,34.773342],[127.357921,34.759711],[127.366466,34.753974],[127.395274,34.756659],[127.402354,34.747138],[127.394867,34.742499],[127.406016,34.700019],[127.466156,34.662177],[127.487559,34.636868],[127.45224,34.636868],[127.495209,34.623236],[127.50359,34.591325],[127.484141,34.576565],[127.45224,34.574774],[127.3921,34.602037],[127.349376,34.585842],[127.343598,34.578192],[127.357921,34.554267],[127.380408,34.547105],[127.418419,34.55528],[127.43922,34.540676],[127.374941,34.485037],[127.356618,34.491965],[127.327802,34.473929],[127.330821,34.456488],[127.343598,34.445014],[127.315926,34.444901],[127.260997,34.513332],[127.223481,34.54682],[127.172374,34.527574],[127.176362,34.51732],[127.1338,34.526313],[127.124522,34.540676],[127.129649,34.56391],[127.159028,34.580024],[127.191661,34.623603],[127.21339,34.636868],[127.192882,34.574774],[127.246674,34.583726],[127.261322,34.600409],[127.260997,34.62995],[127.241466,34.655829],[127.240571,34.670966],[127.27475,34.705146],[127.292003,34.694525],[127.294444,34.66413],[127.314464,34.651923],[127.329926,34.656684],[127.357921,34.698228],[127.331554,34.741156],[127.290782,34.721381],[127.248057,34.766547],[127.199718,34.691474],[127.136241,34.688056],[127.099132,34.654486],[127.010265,34.612494],[127.007172,34.581529],[126.986664,34.553697],[126.994151,34.540676],[126.938975,34.495917],[126.940766,34.454576],[126.931407,34.447699],[126.904796,34.458686],[126.896007,34.449937],[126.89796,34.417711],[126.809825,34.451239],[126.802013,34.470404],[126.806651,34.568549],[126.800059,34.582017],[126.777843,34.586493],[126.755219,34.557685],[126.765961,34.523383],[126.735118,34.514879],[126.761485,34.479193],[126.708751,34.449897],[126.723643,34.445014],[126.726899,34.43301],[126.690196,34.43594],[126.682221,34.414008],[126.633637,34.395697],[126.603282,34.300442],[126.578868,34.304755],[126.521251,34.294176],[126.527436,34.341376],[126.505707,34.349921],[126.479584,34.348822],[126.488536,34.380561],[126.49643,34.379869],[126.517589,34.413764],[126.5088,34.427232],[126.475841,34.433254],[126.483735,34.47016],[126.481944,34.476752],[126.465912,34.472357],[126.470307,34.496487],[126.490245,34.508612],[126.541759,34.513332],[126.513764,34.53384],[126.539317,34.553616],[126.539643,34.562974],[126.527436,34.568549],[126.507579,34.554267],[126.479584,34.561103],[126.465912,34.540676],[126.39088,34.53384],[126.389008,34.549709],[126.3567,34.568549],[126.346039,34.584621],[126.333018,34.57099],[126.318614,34.571682],[126.29184,34.599107],[126.301524,34.608873],[126.322765,34.608873],[126.318614,34.619127],[126.271088,34.642483],[126.269379,34.671291],[126.290294,34.75023],[126.319591,34.747748],[126.3567,34.698228],[126.344249,34.677883],[126.369884,34.608873],[126.46461,34.584662],[126.472748,34.602037],[126.434997,34.606786],[126.412567,34.629766],[126.416108,34.652737],[126.386134,34.635835],[126.378613,34.711182],[126.447881,34.705879],[126.452891,34.670966],[126.535711,34.623178],[126.54005,34.62759],[126.519111,34.65037],[126.531556,34.652597],[126.602701,34.625532],[126.623627,34.62995],[126.60255,34.63288],[126.555431,34.66352],[126.562755,34.670966],[126.508393,34.718492],[126.465343,34.729682],[126.435767,34.728105],[126.415375,34.739],[126.390179,34.733397],[126.36706,34.739664],[126.364017,34.74916],[126.392328,34.768607],[126.422128,34.764784],[126.460149,34.778755],[126.50587,34.751044],[126.521251,34.753485],[126.534923,34.746039],[126.532481,34.782864],[126.544444,34.795722],[126.56894,34.800727],[126.638194,34.788031],[126.631114,34.800727],[126.665294,34.808092],[126.650401,34.82217],[126.575776,34.821763],[126.575776,34.855292],[126.589447,34.883246],[126.581391,34.898017],[126.567638,34.901435],[126.541759,34.883246],[126.548595,34.849066],[126.513276,34.782294],[126.493419,34.780829],[126.487153,34.787055],[126.500743,34.808092],[126.487153,34.813788],[126.456065,34.800727],[126.429454,34.805609],[126.419318,34.791988],[126.373546,34.790717],[126.370128,34.801337],[126.405121,34.837226],[126.408702,34.873969],[126.425059,34.890692],[126.401703,34.915473],[126.397716,34.951483],[126.436371,34.981391],[126.399994,34.984565],[126.370616,34.968492],[126.377289,34.937893],[126.363292,34.927436],[126.315196,34.937893],[126.324718,34.943264],[126.301524,34.972602],[126.349213,34.972602],[126.346202,34.994086],[126.374115,35.016832],[126.36671,35.037787],[126.320649,35.083319],[126.301524,35.08869],[126.309418,35.06623],[126.302501,35.053371],[126.288341,35.052965],[126.274181,35.068183],[126.283539,35.078843],[126.257823,35.106838],[126.254242,35.12344],[126.268647,35.137152],[126.289073,35.13939],[126.307221,35.131781],[126.315196,35.115953],[126.327891,35.122626],[126.343028,35.156968],[126.35141,35.135972],[126.344981,35.096422],[126.353608,35.097846],[126.361664,35.077297],[126.377289,35.068183],[126.411388,35.061347],[126.407237,35.038967],[126.425059,35.019761],[126.450287,35.066596],[126.452403,35.100287],[126.414154,35.119696],[126.403901,35.142157],[126.371104,35.173529],[126.363536,35.187974],[126.377289,35.211615],[126.361583,35.225653],[126.363536,35.239488],[126.30893,35.233303],[126.320079,35.244574],[126.377289,35.25259],[126.3567,35.259996],[126.380382,35.284166],[126.380707,35.327094],[126.411388,35.369859],[126.431895,35.349351],[126.458507,35.345445],[126.418224,35.394029],[126.469814,35.498526],[126.492663,35.525333],[126.594233,35.542488],[126.622977,35.568612],[126.642889,35.572775],[126.679047,35.538031],[126.692475,35.534369],[126.670177,35.58869],[126.65504,35.595771],[126.513158,35.576897],[126.463736,35.601973],[126.467559,35.639638],[126.490977,35.649115],[126.530335,35.683164],[126.597168,35.71389],[126.625132,35.745626],[126.629389,35.775481],[126.662154,35.792998],[126.733127,35.792415],[126.771332,35.775214],[126.781993,35.76024],[126.791026,35.791449],[126.700694,35.83983],[126.70338,35.848456],[126.729096,35.864976],[126.79713,35.86286],[126.819347,35.888129],[126.837494,35.893297],[126.809825,35.911689],[126.733165,35.885565],[126.612289,35.890224],[126.608809,35.931127],[126.56974,35.945952],[126.525736,35.940359],[126.521417,35.97052],[126.711192,35.985785],[126.727306,35.993638],[126.744477,35.989569],[126.802338,36.020941],[126.849132,36.036038],[126.868907,36.047512],[126.870697,36.061957],[126.791515,36.042182],[126.754405,36.017727],[126.692475,35.999905],[126.677257,36.005927],[126.665294,36.034613],[126.631114,36.075588],[126.64503,36.084703],[126.612328,36.098992],[126.589447,36.130805],[126.571869,36.136979],[126.552282,36.130809],[126.551768,36.141823],[126.529172,36.153514],[126.509648,36.151025],[126.500255,36.125718],[126.493419,36.130805],[126.497401,36.160019],[126.531357,36.17394],[126.561341,36.181588],[126.603282,36.17182],[126.580089,36.199368],[126.548595,36.205959],[126.534923,36.219631],[126.567963,36.286811],[126.582612,36.294664],[126.571544,36.305609],[126.513764,36.322659],[126.528819,36.333889],[126.573334,36.342597],[126.582612,36.353013],[126.576182,36.366278],[126.5206,36.373603],[126.500743,36.390937],[126.500743,36.397691],[126.513764,36.397691],[126.498779,36.420106],[126.537537,36.433221],[126.556778,36.45583],[126.617442,36.473456],[126.559093,36.473456],[126.523448,36.441107],[126.507579,36.438666],[126.497651,36.448391],[126.483409,36.497016],[126.513927,36.528795],[126.510753,36.534247],[126.49158,36.52867],[126.465685,36.549387],[126.469218,36.566934],[126.458095,36.591407],[126.512312,36.603209],[126.519867,36.626166],[126.483799,36.649603],[126.50803,36.670413],[126.49851,36.684273],[126.474535,36.687885],[126.469687,36.704587],[126.477349,36.716888],[126.500743,36.719875],[126.479584,36.747138],[126.437999,36.716457],[126.445636,36.700722],[126.439513,36.664265],[126.443907,36.638081],[126.424238,36.606581],[126.36715,36.629065],[126.377909,36.702582],[126.366422,36.706972],[126.369884,36.732327],[126.359141,36.742662],[126.343028,36.740383],[126.324311,36.699652],[126.301524,36.699368],[126.329112,36.66059],[126.335704,36.64411],[126.324718,36.636623],[126.326182,36.628363],[126.343028,36.610012],[126.314789,36.60163],[126.295258,36.582709],[126.288585,36.610012],[126.302338,36.634426],[126.27296,36.673163],[126.281749,36.692572],[126.274181,36.719875],[126.229259,36.684719],[126.177745,36.673245],[126.165619,36.6789],[126.156993,36.702053],[126.203136,36.705878],[126.213634,36.711615],[126.21339,36.726711],[126.202647,36.742418],[126.158214,36.76081],[126.150157,36.723944],[126.132823,36.703843],[126.128184,36.761298],[126.165619,36.816067],[126.185395,36.781317],[126.21339,36.781317],[126.192231,36.80858],[126.220714,36.801744],[126.232432,36.804185],[126.240001,36.816067],[126.198741,36.823228],[126.196869,36.835679],[126.21339,36.857001],[126.190766,36.872016],[126.192231,36.885932],[126.233897,36.904202],[126.229991,36.873033],[126.275238,36.874742],[126.281749,36.883734],[126.285655,36.961127],[126.30893,36.966864],[126.306651,36.931464],[126.323497,36.883246],[126.301524,36.857001],[126.308116,36.833075],[126.285492,36.814927],[126.282725,36.803697],[126.29127,36.789252],[126.327891,36.804633],[126.3567,36.788764],[126.328705,36.846991],[126.339366,36.857001],[126.365326,36.835354],[126.374115,36.849555],[126.404552,36.857001],[126.404552,36.863227],[126.377289,36.870673],[126.377289,36.876899],[126.401378,36.881415],[126.415538,36.899848],[126.4192,36.922309],[126.411388,36.93891],[126.376475,36.941596],[126.353852,36.955227],[126.350678,36.964504],[126.369884,36.959418],[126.376475,36.974921],[126.369395,36.984117],[126.335704,36.986762],[126.353038,36.999986],[126.391449,36.989814],[126.39088,37.00788],[126.445404,37.003404],[126.452891,36.99018],[126.432384,36.961982],[126.438731,36.945787],[126.468598,36.957587],[126.478526,36.935858],[126.465912,36.911607],[126.465912,36.866929],[126.483897,36.841498],[126.519135,36.947903],[126.548595,36.92593],[126.56837,36.898505],[126.582612,36.898017],[126.559093,36.942369],[126.493419,36.997016],[126.496837,37.007799],[126.505382,37.006578],[126.54005,36.976874],[126.572113,36.977484],[126.566173,36.99079],[126.53297,37.000922],[126.512254,37.01643],[126.500743,37.054999],[126.535004,37.049262],[126.626095,36.996104],[126.636095,36.982453],[126.621674,36.959784],[126.633556,36.937405],[126.631114,36.911607],[126.646495,36.925116],[126.649449,36.966056],[126.665043,36.988525],[126.681544,36.994704],[126.757767,36.98222],[126.796235,36.955756],[126.797699,36.934394],[126.781993,36.891181],[126.812755,36.916938],[126.823009,36.918443],[126.83017,36.910224],[126.836518,36.866929],[126.829845,36.839342],[126.849132,36.788031],[126.846283,36.77912],[126.829845,36.775092],[126.836762,36.760932],[126.850841,36.753974],[126.871593,36.804023],[126.863292,36.829088],[126.904796,36.822252],[126.860199,36.869574],[126.942475,36.893378],[126.989513,36.918606],[127.000336,36.928371],[127.007172,36.952623],[126.995942,36.964789],[126.999522,36.970893],[127.039399,36.982001],[127.042003,36.993598],[126.982188,36.98017],[126.973155,36.969957],[126.976329,36.939032],[126.969086,36.932034],[126.945811,36.92593],[126.91269,36.929633],[126.873383,36.947984],[126.837901,36.975898],[126.82441,37.002616],[126.884288,37.00788],[126.870697,37.02147],[126.910981,37.014106],[126.883149,37.069566],[126.890473,37.095933],[126.879161,37.100002],[126.870453,37.090766],[126.858653,37.041327],[126.849132,37.037299],[126.839692,37.044867],[126.80128,37.037746],[126.755219,37.048814],[126.752859,37.100688],[126.764451,37.117658],[126.794182,37.13892],[126.863536,37.150295],[126.870697,37.175482],[126.864513,37.179104],[126.829845,37.158677],[126.807384,37.165269],[126.802338,37.18537],[126.759288,37.1647],[126.714447,37.127997],[126.685639,37.130113],[126.706879,37.164862],[126.668468,37.161811],[126.665294,37.175482],[126.670665,37.185614],[126.706879,37.199652],[126.719005,37.212877],[126.680186,37.217678],[126.658458,37.254299],[126.67213,37.261705],[126.709972,37.261705],[126.752208,37.248277],[126.767589,37.254299],[126.767589,37.232327],[126.781993,37.22016],[126.792491,37.223456],[126.802338,37.254299],[126.819184,37.2744],[126.848643,37.265326],[126.870697,37.26789],[126.852143,37.2862],[126.73331,37.30617],[126.689793,37.332486],[126.687488,37.344028],[126.720045,37.377053],[126.717162,37.383839],[126.66475,37.389168],[126.64034,37.36439],[126.615087,37.379745],[126.638629,37.413791],[126.630308,37.425013],[126.595985,37.439657],[126.595018,37.472273],[126.604761,37.485697],[126.642022,37.496062],[126.644163,37.504385],[126.630675,37.507301],[126.627025,37.498595],[126.606451,37.496812],[126.601106,37.506802],[126.603792,37.549297],[126.560515,37.607353],[126.531016,37.754706],[126.534923,37.768215],[126.603282,37.754543],[126.648529,37.765041],[126.661876,37.757961],[126.668793,37.727729],[126.661469,37.672431],[126.692149,37.652045],[126.755219,37.637885],[126.678803,37.686265],[126.700531,37.742987],[126.684906,37.793606],[126.699962,37.829657],[126.692475,37.837104],[126.667459,37.82781],[126.660516,37.913811],[126.665787,37.937634],[126.722115,37.953938],[126.761906,37.979001],[126.847327,38.082018],[126.919829,38.134598],[126.953728,38.200667],[126.971919,38.218909],[127.090464,38.285855],[127.157489,38.307224],[127.377113,38.318515],[127.47194,38.295906],[127.560823,38.312081],[127.753731,38.325362],[127.787011,38.296682],[127.800757,38.293917],[127.866851,38.304846],[128.039864,38.304278],[128.10849,38.323502],[128.172362,38.355954],[128.225589,38.399776],[128.268067,38.45352],[128.281089,38.48437],[128.28543,38.519846],[128.274785,38.571497],[128.281089,38.584416],[128.364919,38.624335]]],[[[126.405414,36.458836],[126.43214,36.407945],[126.36378,36.411363],[126.361053,36.426321],[126.377615,36.446194],[126.35377,36.434068],[126.342621,36.438381],[126.345714,36.453315],[126.36378,36.473456],[126.356944,36.479641],[126.343272,36.46662],[126.33864,36.475611],[126.328143,36.471089],[126.329763,36.531724],[126.314818,36.581787],[126.341181,36.604134],[126.360244,36.60936],[126.373546,36.592231],[126.364266,36.56697],[126.381114,36.536282],[126.379405,36.518378],[126.404796,36.493313],[126.3838,36.493313],[126.3838,36.487128],[126.404796,36.479641],[126.405414,36.458836]]],[[[126.295258,37.802476],[126.333263,37.800442],[126.34254,37.792141],[126.335948,37.7744],[126.318207,37.762274],[126.254568,37.768215],[126.224457,37.760443],[126.22047,37.771308],[126.234141,37.802314],[126.24643,37.811754],[126.260509,37.814765],[126.295258,37.802476]]],[[[126.946056,33.478013],[126.953624,33.465033],[126.932384,33.451321],[126.93922,33.430854],[126.907507,33.395725],[126.87353,33.373046],[126.840587,33.310207],[126.780141,33.30555],[126.741793,33.280208],[126.640723,33.264666],[126.606919,33.24061],[126.470562,33.228714],[126.428458,33.239309],[126.333427,33.238169],[126.30379,33.226559],[126.286143,33.200385],[126.27003,33.197577],[126.253917,33.204047],[126.231151,33.234923],[126.200824,33.243552],[126.171397,33.269355],[126.161143,33.300767],[126.195811,33.366685],[126.240977,33.392768],[126.270661,33.435874],[126.297949,33.441715],[126.310567,33.464476],[126.45938,33.502381],[126.484935,33.520758],[126.582434,33.529284],[126.648798,33.553426],[126.79236,33.563797],[126.823366,33.55944],[126.849946,33.53498],[126.898204,33.518988],[126.912852,33.506578],[126.932384,33.464911],[126.946056,33.478013]]],[[[127.173025,34.48371],[127.234223,34.480292],[127.245128,34.464057],[127.241873,34.445461],[127.228689,34.430243],[127.168956,34.417711],[127.117361,34.437567],[127.122813,34.450588],[127.110525,34.464911],[127.173025,34.48371]]],[[[126.380056,34.49844],[126.373546,34.454413],[126.345876,34.409003],[126.335948,34.403469],[126.309255,34.423977],[126.305186,34.401679],[126.209972,34.358791],[126.144786,34.355048],[126.142589,34.363756],[126.158458,34.38231],[126.153087,34.388495],[126.124278,34.403469],[126.124278,34.38231],[126.103282,34.402777],[126.115733,34.436184],[126.144216,34.463202],[126.17213,34.464911],[126.187022,34.494208],[126.223806,34.513414],[126.226573,34.527574],[126.238292,34.515692],[126.268321,34.52204],[126.274425,34.537258],[126.241059,34.566474],[126.247732,34.574774],[126.280447,34.568305],[126.305431,34.554267],[126.322276,34.53384],[126.349457,34.54682],[126.380056,34.49844]]],[[[127.782074,34.684556],[127.801606,34.670478],[127.817231,34.630764],[127.815115,34.601955],[127.797862,34.579739],[127.775401,34.58397],[127.740001,34.613674],[127.73585,34.62523],[127.741873,34.643622],[127.768321,34.666083],[127.77589,34.691474],[127.760753,34.704739],[127.762543,34.712836],[127.796641,34.714179],[127.7942,34.693793],[127.782074,34.684556]]],[[[125.989024,34.713324],[126.005382,34.692613],[125.976899,34.656399],[125.959727,34.656684],[125.916026,34.687649],[125.952403,34.705146],[125.976736,34.728258],[125.989024,34.713324]]],[[[126.007172,34.780951],[126.007579,34.759711],[125.986501,34.766547],[125.977875,34.757148],[125.946137,34.756659],[125.930024,34.722602],[125.906423,34.719306],[125.892589,34.73664],[125.893891,34.762274],[125.912852,34.776923],[125.995942,34.790758],[126.007172,34.780951]]],[[[126.056,34.913642],[126.060313,34.926907],[126.070079,34.9289],[126.089122,34.911322],[126.091482,34.896918],[126.08074,34.870998],[126.054698,34.859198],[126.031423,34.868964],[125.986501,34.862738],[126.028005,34.909898],[126.052257,34.907538],[126.056,34.913642]]],[[[128.069591,34.815009],[128.074718,34.803656],[128.063324,34.769965],[128.065278,34.737535],[128.051606,34.728705],[128.060069,34.708401],[128.055919,34.698228],[128.040538,34.695868],[128.010102,34.708808],[127.975271,34.699937],[127.954112,34.759711],[127.937673,34.767035],[127.924571,34.759589],[127.906261,34.71308],[127.8921,34.712714],[127.861827,34.730862],[127.830333,34.833564],[127.829356,34.868964],[127.840831,34.886949],[127.862315,34.896064],[127.872895,34.924465],[127.90211,34.940009],[127.917247,34.936184],[127.938243,34.913967],[127.928071,34.888251],[127.90561,34.868964],[127.919932,34.835435],[127.94988,34.824652],[127.961925,34.806952],[128.029063,34.821763],[128.069591,34.815009]]],[[[128.748546,34.868964],[128.742931,34.84455],[128.734141,34.837551],[128.720551,34.842271],[128.74171,34.790717],[128.716563,34.793199],[128.686371,34.808092],[128.680186,34.786566],[128.657237,34.756985],[128.693858,34.736151],[128.678233,34.72484],[128.583995,34.705146],[128.618175,34.725572],[128.598643,34.739976],[128.604503,34.766547],[128.573497,34.753485],[128.564301,34.758734],[128.560395,34.781806],[128.591563,34.791205],[128.604503,34.835435],[128.590831,34.842271],[128.528819,34.808092],[128.491547,34.849921],[128.488455,34.868964],[128.523285,34.899156],[128.573741,34.910061],[128.645518,34.890692],[128.616384,34.921861],[128.610606,34.954901],[128.62379,34.953559],[128.693858,34.986274],[128.681895,35.004625],[128.687511,35.022854],[128.702891,35.032945],[128.724946,35.018948],[128.719249,34.966295],[128.734386,34.935452],[128.714366,34.87641],[128.744314,34.887763],[128.748546,34.868964]]],[[[126.110606,35.051174],[126.056,35.061347],[126.069102,35.102362],[126.098888,35.113267],[126.111339,35.133287],[126.129405,35.14289],[126.165212,35.1435],[126.127778,35.120551],[126.131358,35.100246],[126.144786,35.082465],[126.122813,35.06981],[126.110606,35.051174]]],[[[126.563303,37.514443],[126.583066,37.490384],[126.506572,37.465568],[126.443413,37.420625],[126.424434,37.421569],[126.416278,37.434555],[126.401427,37.43447],[126.399492,37.444921],[126.3832,37.437455],[126.364973,37.442291],[126.371327,37.447311],[126.355511,37.466223],[126.359342,37.47363],[126.373568,37.471643],[126.418885,37.496861],[126.47338,37.499257],[126.493709,37.507781],[126.500661,37.530185],[126.51483,37.534347],[126.563303,37.514443]]],[[[130.903575,37.545844],[130.920665,37.53559],[130.919444,37.510199],[130.896739,37.463121],[130.877696,37.455512],[130.852224,37.459459],[130.811046,37.487006],[130.805837,37.507392],[130.814301,37.52261],[130.903575,37.545844]]],[[[126.3567,37.695136],[126.378754,37.678697],[126.380707,37.669176],[126.370128,37.658352],[126.349864,37.657375],[126.281993,37.699286],[126.303722,37.737209],[126.319998,37.747219],[126.336681,37.709906],[126.3567,37.695136]]],[[[126.507823,37.596869],[126.476085,37.61107],[126.410167,37.602037],[126.390636,37.60928],[126.370128,37.631049],[126.40089,37.637437],[126.416677,37.651842],[126.366954,37.72724],[126.37379,37.796129],[126.407074,37.820705],[126.425304,37.824449],[126.516368,37.767239],[126.521495,37.751166],[126.514008,37.723538],[126.52768,37.695868],[126.52768,37.651516],[126.542003,37.631049],[126.507823,37.596869]]],[[[124.732677,37.980455],[124.743663,37.969672],[124.742035,37.955024],[124.728201,37.947008],[124.708751,37.956285],[124.677989,37.952541],[124.678396,37.942043],[124.705333,37.932685],[124.684906,37.919989],[124.644054,37.924506],[124.613617,37.945054],[124.624034,37.980455],[124.649425,37.973293],[124.704926,37.988674],[124.732677,37.980455]]],[[[127.309093,34.020087],[127.323497,34.005764],[127.295665,34.014106],[127.278331,34.044623],[127.283214,34.058295],[127.295665,34.061469],[127.296397,34.037584],[127.309093,34.020087]]],[[[127.531912,34.450588],[127.536388,34.43476],[127.49464,34.414252],[127.452159,34.45303],[127.458263,34.472886],[127.49171,34.462226],[127.509939,34.470038],[127.531912,34.450588]]],[[[127.78297,34.506985],[127.793956,34.498236],[127.791759,34.492011],[127.771169,34.488186],[127.732188,34.50849],[127.70753,34.533881],[127.712901,34.542426],[127.748057,34.551093],[127.761078,34.543118],[127.78297,34.506985]]],[[[126.100108,34.596747],[126.099376,34.558661],[126.057628,34.532538],[126.035167,34.533922],[126.031586,34.539049],[126.054454,34.548896],[126.031261,34.556383],[126.064952,34.563788],[126.081309,34.580756],[126.060069,34.620795],[126.067638,34.625474],[126.099376,34.605455],[126.100108,34.596747]]],[[[126.038097,34.569485],[126.020518,34.571438],[126.016612,34.606147],[126.028575,34.634223],[126.060395,34.584296],[126.057628,34.572577],[126.038097,34.569485]]],[[[125.445811,34.688463],[125.457286,34.690904],[125.412608,34.63231],[125.398774,34.631985],[125.393403,34.659654],[125.412852,34.691962],[125.429454,34.698432],[125.445811,34.688463]]],[[[126.174083,34.732815],[126.177908,34.713365],[126.17213,34.703803],[126.159434,34.702786],[126.138438,34.723456],[126.111339,34.717719],[126.069591,34.76968],[126.117849,34.769965],[126.163585,34.75495],[126.174083,34.732815]]],[[[126.168712,34.792304],[126.164236,34.769761],[126.146251,34.761868],[126.09254,34.787584],[126.149425,34.808092],[126.168712,34.792304]]],[[[126.079438,34.822659],[126.064138,34.842597],[126.067149,34.850531],[126.093761,34.857611],[126.112559,34.85342],[126.113292,34.871161],[126.122813,34.878811],[126.142263,34.879136],[126.152029,34.871161],[126.139659,34.857896],[126.1421,34.832913],[126.118907,34.823798],[126.115896,34.803127],[126.096202,34.798774],[126.079438,34.822659]]],[[[128.072765,34.84512],[128.082367,34.835598],[128.026541,34.843207],[127.987315,34.83808],[127.963634,34.859768],[128.001964,34.913031],[128.017833,34.916571],[128.02296,34.905504],[128.013438,34.869127],[128.018728,34.866156],[128.036306,34.892279],[128.045909,34.893622],[128.072765,34.84512]]],[[[126.24643,34.916246],[126.225352,34.913398],[126.222423,34.931952],[126.253184,34.933498],[126.24643,34.916246]]],[[[126.178396,35.048489],[126.181651,35.02912],[126.172374,35.023627],[126.133556,35.03974],[126.139415,35.046454],[126.129649,35.05268],[126.143809,35.057685],[126.178396,35.048489]]],[[[128.842784,35.021877],[128.83839,35.001207],[128.826671,34.992377],[128.809093,35.025865],[128.804373,35.056342],[128.836436,35.059801],[128.842784,35.021877]]],[[[126.258067,35.570624],[126.250499,35.580959],[126.26295,35.591783],[126.256521,35.596015],[126.276134,35.61286],[126.307302,35.616645],[126.305675,35.603217],[126.258067,35.570624]]],[[[126.099864,37.228013],[126.088715,37.22956],[126.104747,37.267524],[126.15919,37.23192],[126.142345,37.215399],[126.121593,37.210924],[126.099864,37.228013]]],[[[126.48406,37.278998],[126.498302,37.26142],[126.483165,37.25434],[126.469493,37.233466],[126.43572,37.23843],[126.435313,37.263983],[126.443533,37.273098],[126.48406,37.278998]]],[[[126.613943,37.255194],[126.618826,37.242011],[126.613536,37.232815],[126.562511,37.200385],[126.539317,37.198065],[126.560802,37.251288],[126.540782,37.282945],[126.559418,37.278632],[126.573497,37.288479],[126.577891,37.271145],[126.613943,37.255194]]],[[[125.688243,37.679267],[125.706228,37.672309],[125.687836,37.65176],[125.67921,37.669664],[125.680431,37.67829],[125.688243,37.679267]]],[[[124.716482,37.84691],[124.725841,37.837388],[124.714203,37.809556],[124.687266,37.800767],[124.673513,37.817043],[124.676524,37.824897],[124.716482,37.84691]]],[[[125.127696,34.04857],[125.092133,34.071763],[125.089692,34.079535],[125.102224,34.095933],[125.122081,34.083808],[125.136404,34.059272],[125.134288,34.046861],[125.127696,34.04857]]],[[[126.598969,34.168647],[126.613536,34.152533],[126.581798,34.157416],[126.536876,34.126451],[126.517751,34.127143],[126.507091,34.138861],[126.515147,34.16885],[126.532888,34.179104],[126.598969,34.168647]]],[[[126.672048,34.153266],[126.679454,34.146552],[126.671886,34.142971],[126.665375,34.119086],[126.655528,34.116848],[126.638682,34.128119],[126.64503,34.177476],[126.638438,34.182563],[126.644786,34.193752],[126.670746,34.189887],[126.673106,34.180121],[126.661876,34.165717],[126.672048,34.153266]]],[[[126.909353,34.197699],[126.924978,34.184882],[126.913585,34.15766],[126.886974,34.151353],[126.866954,34.162828],[126.856944,34.157172],[126.849132,34.174384],[126.867931,34.207465],[126.899262,34.209662],[126.909353,34.197699]]],[[[126.612153,34.218166],[126.617035,34.204535],[126.606619,34.1883],[126.583995,34.186265],[126.583832,34.175605],[126.548839,34.194566],[126.561534,34.225165],[126.556407,34.232123],[126.612153,34.218166]]],[[[126.088715,34.307929],[126.089366,34.289618],[126.069347,34.278998],[126.060802,34.286078],[126.049327,34.280219],[126.028656,34.28734],[126.021658,34.29564],[126.033214,34.314887],[126.088715,34.307929]]],[[[126.853852,34.308539],[126.840587,34.303371],[126.820567,34.325629],[126.788748,34.32095],[126.758962,34.33275],[126.785899,34.343248],[126.802908,34.33869],[126.837657,34.353746],[126.893321,34.341254],[126.876801,34.312242],[126.853852,34.308539]]],[[[127.091563,34.344916],[127.096934,34.337795],[127.065278,34.339789],[127.073985,34.334174],[127.038829,34.312893],[127.045584,34.335435],[127.023692,34.339179],[127.017589,34.351549],[126.994314,34.354682],[127.026215,34.37873],[127.045909,34.357652],[127.077403,34.35932],[127.091563,34.344916]]],[[[126.763927,34.309231],[126.771495,34.291897],[126.763194,34.289781],[126.74171,34.298245],[126.7317,34.289374],[126.688975,34.301093],[126.695649,34.320787],[126.663585,34.323432],[126.644867,34.337104],[126.645763,34.385565],[126.670177,34.40058],[126.709972,34.39289],[126.721853,34.381293],[126.745616,34.324205],[126.763927,34.309231]]],[[[126.762462,34.382961],[126.753184,34.386949],[126.782481,34.426744],[126.823009,34.439846],[126.83546,34.438056],[126.840994,34.425482],[126.835785,34.421047],[126.861095,34.392768],[126.824718,34.395209],[126.793305,34.378892],[126.775727,34.354722],[126.762462,34.382961]]],[[[128.294607,34.639553],[128.286062,34.622219],[128.236257,34.61046],[128.237804,34.625759],[128.225271,34.632839],[128.22877,34.647854],[128.239513,34.652411],[128.271169,34.638495],[128.271251,34.63231],[128.294607,34.639553]]],[[[128.38583,34.820125],[128.428226,34.827448],[128.437997,34.819572],[128.438976,34.793903],[128.420886,34.78672],[128.437332,34.779809],[128.423083,34.763253],[128.406534,34.763098],[128.395363,34.77854],[128.38699,34.778804],[128.386206,34.791917],[128.368702,34.796537],[128.380089,34.810404],[128.352395,34.821804],[128.334192,34.819132],[128.332049,34.825702],[128.351831,34.835422],[128.38583,34.820125]]],[[[128.239919,34.836168],[128.260509,34.814643],[128.240733,34.807074],[128.241466,34.799994],[128.223155,34.8015],[128.205821,34.815619],[128.227306,34.838568],[128.239919,34.836168]]],[[[126.340668,34.864081],[126.35963,34.858588],[126.361664,34.837388],[126.342052,34.822496],[126.331309,34.825832],[126.340831,34.83747],[126.310313,34.854071],[126.248709,34.844713],[126.230724,34.85456],[126.292654,34.880683],[126.297618,34.894232],[126.286469,34.912909],[126.297374,34.917548],[126.345225,34.896226],[126.318126,34.876451],[126.326508,34.864203],[126.340668,34.864081]]],[[[126.234223,35.047065],[126.236095,35.051947],[126.174815,35.068264],[126.158702,35.094224],[126.177501,35.10578],[126.198578,35.097113],[126.216645,35.103664],[126.236013,35.098375],[126.238536,35.091864],[126.218516,35.076606],[126.255138,35.056383],[126.264985,35.034247],[126.261078,35.024563],[126.242931,35.027289],[126.234223,35.047065]]],[[[131.861042,37.244006],[131.862522,37.243104],[131.860148,37.242399],[131.861042,37.244006]]]]}},{"type":"Feature","properties":{"iso3":"PRK","name":"North Korea","continent":"Asia"},"geometry":{"type":"MultiPolygon","coordinates":[[[[128.364919,38.624335],[128.281089,38.584416],[128.274785,38.571497],[128.28543,38.519846],[128.281089,38.48437],[128.268067,38.45352],[128.225589,38.399776],[128.172362,38.355954],[128.10849,38.323502],[128.039864,38.304278],[127.866851,38.304846],[127.800757,38.293917],[127.787011,38.296682],[127.753731,38.325362],[127.560823,38.312081],[127.47194,38.295906],[127.377113,38.318515],[127.157489,38.307224],[127.090464,38.285855],[126.971919,38.218909],[126.953728,38.200667],[126.919829,38.134598],[126.847327,38.082018],[126.761906,37.979001],[126.722115,37.953938],[126.665787,37.937634],[126.660516,37.913811],[126.667459,37.82781],[126.651622,37.799262],[126.593272,37.7744],[126.436615,37.848375],[126.397716,37.89175],[126.358002,37.884345],[126.259532,37.845445],[126.178477,37.840522],[126.149181,37.82217],[126.165375,37.768256],[126.158214,37.733466],[126.110362,37.740912],[126.086925,37.80036],[126.062836,37.802232],[126.055756,37.870592],[126.026134,37.853664],[126.012787,37.854315],[126.000743,37.885565],[125.959483,37.912177],[125.944102,37.901923],[125.972504,37.874335],[125.986176,37.822821],[125.955903,37.840318],[125.921641,37.844875],[125.895518,37.864814],[125.834972,37.943549],[125.805186,37.951565],[125.799327,37.992906],[125.596934,38.032213],[125.578949,38.025133],[125.578217,38.009019],[125.596528,37.992255],[125.640717,37.973619],[125.675385,37.977607],[125.685313,37.972113],[125.678315,37.952541],[125.698985,37.958197],[125.71933,37.952541],[125.698822,37.925238],[125.732921,37.932685],[125.739757,37.925238],[125.685069,37.898586],[125.668956,37.899156],[125.630626,37.925238],[125.627452,37.902167],[125.641205,37.856391],[125.623057,37.837104],[125.644135,37.822821],[125.633556,37.809556],[125.609223,37.806301],[125.620128,37.765326],[125.583995,37.767524],[125.575206,37.7744],[125.582774,37.781887],[125.570567,37.787095],[125.551606,37.782701],[125.548595,37.771308],[125.528901,37.772528],[125.520518,37.780178],[125.527599,37.796129],[125.50351,37.778795],[125.47462,37.731187],[125.438731,37.719794],[125.385265,37.716376],[125.361583,37.68008],[125.347504,37.675605],[125.335053,37.686265],[125.348643,37.737982],[125.36378,37.760891],[125.390391,37.754543],[125.444916,37.7744],[125.429454,37.781562],[125.395112,37.776435],[125.377289,37.781887],[125.389903,37.796129],[125.455821,37.822821],[125.505138,37.813178],[125.524181,37.817816],[125.527599,37.843329],[125.497325,37.839667],[125.479096,37.857611],[125.508637,37.883734],[125.510102,37.894273],[125.463878,37.90412],[125.445649,37.920396],[125.424408,37.912177],[125.430024,37.902004],[125.383556,37.89175],[125.427989,37.874498],[125.4463,37.860012],[125.444916,37.843329],[125.399669,37.865465],[125.349376,37.864407],[125.377289,37.843329],[125.30836,37.809149],[125.301036,37.822821],[125.239513,37.822821],[125.25172,37.837836],[125.294932,37.859849],[125.30836,37.878079],[125.300629,37.895209],[125.257091,37.914618],[125.26002,37.932685],[125.240082,37.929592],[125.208507,37.881171],[125.176606,37.867621],[125.100352,37.875067],[125.062104,37.896145],[125.013194,37.905992],[125.006602,37.918443],[125.01352,37.939521],[124.979503,37.925238],[124.992198,37.952948],[125.036632,37.963609],[125.062022,37.978583],[125.075694,37.980455],[125.1338,37.960028],[125.175385,37.969916],[125.184906,37.980455],[125.177501,37.987942],[125.155284,37.979967],[125.115326,38.002387],[125.1067,38.034613],[125.116222,38.041938],[125.201671,38.049384],[125.213227,38.045722],[125.22519,38.02143],[125.246349,38.020087],[125.253184,38.053941],[125.273692,38.062405],[125.264903,38.077948],[125.140636,38.097805],[125.01352,38.062405],[124.885265,38.131659],[124.865489,38.107082],[124.793793,38.097805],[124.677094,38.115383],[124.667247,38.125718],[124.673595,38.137193],[124.745128,38.147935],[124.765147,38.156073],[124.773285,38.175971],[124.821788,38.18594],[124.855968,38.226955],[124.879161,38.230658],[124.895274,38.221503],[124.920909,38.189358],[124.993012,38.226955],[124.967621,38.235338],[124.91505,38.229071],[124.872325,38.257636],[124.879731,38.345201],[124.927989,38.409084],[124.947276,38.450507],[124.972179,38.462144],[124.972667,38.440375],[125.016368,38.497952],[125.021007,38.514879],[124.996837,38.535875],[124.995697,38.574042],[124.980866,38.584157],[124.983949,38.591942],[125.017686,38.583523],[125.037625,38.591271],[125.058241,38.568468],[125.102769,38.593523],[125.128009,38.580281],[125.137218,38.624742],[125.118419,38.645168],[125.123383,38.666327],[125.13756,38.662332],[125.1566,38.631727],[125.179623,38.634655],[125.179797,38.670002],[125.203485,38.652553],[125.267295,38.67031],[125.301036,38.656806],[125.369108,38.694761],[125.441905,38.686225],[125.45102,38.704006],[125.462657,38.707261],[125.507091,38.686225],[125.520763,38.652655],[125.532725,38.65412],[125.545177,38.679389],[125.564952,38.670111],[125.585948,38.641913],[125.610362,38.63109],[125.657807,38.631008],[125.630626,38.658881],[125.588959,38.666327],[125.527599,38.720933],[125.479096,38.727729],[125.447765,38.777248],[125.424571,38.755927],[125.410899,38.755072],[125.434174,38.736762],[125.419313,38.729265],[125.389244,38.717449],[125.356212,38.734565],[125.341075,38.717475],[125.314545,38.720933],[125.301036,38.734565],[125.295909,38.728461],[125.30836,38.707261],[125.27768,38.703315],[125.262462,38.707913],[125.2435,38.728339],[125.266856,38.755072],[125.253184,38.762519],[125.257823,38.771918],[125.240977,38.793118],[125.22519,38.796088],[125.230479,38.771918],[125.216557,38.739717],[125.18812,38.738608],[125.172111,38.76323],[125.145274,38.777088],[125.137218,38.803534],[125.151966,38.891529],[125.172981,38.9388],[125.200901,38.975262],[125.198643,38.986056],[125.270803,39.080606],[125.335053,39.083441],[125.28407,39.089556],[125.293305,39.143541],[125.287364,39.15233],[125.30714,39.165432],[125.343516,39.168891],[125.328868,39.193305],[125.343598,39.212877],[125.365082,39.220893],[125.410899,39.213813],[125.393565,39.245795],[125.444916,39.310614],[125.41627,39.320258],[125.411143,39.333482],[125.418224,39.350979],[125.404633,39.364651],[125.424408,39.357123],[125.445649,39.366929],[125.459239,39.385077],[125.357026,39.398749],[125.359955,39.413153],[125.383556,39.440334],[125.34254,39.433539],[125.346039,39.459621],[125.397227,39.501776],[125.413666,39.538723],[125.441987,39.547553],[125.451752,39.571275],[125.444916,39.584377],[125.285981,39.521186],[125.237071,39.562893],[125.210297,39.573065],[125.22519,39.591213],[125.157563,39.591213],[125.171235,39.56387],[125.116954,39.565863],[125.097504,39.602729],[125.047699,39.604193],[125.01059,39.635321],[124.986339,39.638983],[124.958263,39.662014],[124.947276,39.662991],[124.937836,39.645819],[124.901622,39.662055],[124.881602,39.704169],[124.849132,39.721503],[124.803071,39.730455],[124.799164,39.739814],[124.77065,39.741811],[124.76039,39.748008],[124.746104,39.782945],[124.739513,39.762112],[124.754731,39.73371],[124.744624,39.691356],[124.757115,39.687906],[124.753045,39.672459],[124.729805,39.665293],[124.743907,39.644355],[124.716412,39.647128],[124.695017,39.63754],[124.649063,39.612121],[124.637452,39.590483],[124.62379,39.597968],[124.629405,39.61164],[124.610803,39.628651],[124.628574,39.644748],[124.632149,39.662946],[124.645095,39.669466],[124.646983,39.697577],[124.62379,39.693549],[124.609467,39.714667],[124.584809,39.723578],[124.589122,39.765855],[124.561615,39.786689],[124.564057,39.814276],[124.434418,39.830756],[124.417735,39.82453],[124.396576,39.865546],[124.362559,39.871731],[124.341807,39.89997],[124.321544,39.912665],[124.332123,39.925116],[124.369965,39.940009],[124.383067,40.002672],[124.405772,40.027777],[124.465831,40.015286],[124.499604,40.022528],[124.479259,40.030748],[124.410248,40.0362],[124.391449,40.048285],[124.369965,40.098293],[124.528192,40.214136],[124.548656,40.220905],[124.554857,40.241421],[124.570877,40.252428],[124.642603,40.294286],[124.71247,40.310305],[124.741202,40.370353],[124.800837,40.394073],[124.849878,40.43159],[124.895508,40.483628],[124.917935,40.461097],[124.935299,40.455568],[125.041287,40.461097],[125.0463,40.471071],[125.015294,40.508278],[125.025112,40.534374],[125.256106,40.615041],[125.27719,40.643618],[125.293313,40.648579],[125.33667,40.641138],[125.363593,40.646719],[125.390878,40.632456],[125.413254,40.631785],[125.418887,40.666563],[125.452993,40.673384],[125.469065,40.712917],[125.546476,40.725939],[125.560067,40.778339],[125.571746,40.784902],[125.608126,40.76418],[125.668691,40.762164],[125.682643,40.768882],[125.644816,40.810585],[125.683212,40.847895],[125.745895,40.868153],[125.760933,40.885671],[125.821963,40.869755],[125.885215,40.897505],[125.901545,40.899313],[125.936168,40.877403],[125.96428,40.891304],[126.007843,40.899313],[126.015336,40.909132],[126.010013,40.913886],[125.980558,40.913628],[125.99203,40.928356],[126.045515,40.944685],[126.065824,40.968612],[126.075643,40.997085],[126.104065,41.009178],[126.101326,41.022097],[126.138171,41.056978],[126.123753,41.07553],[126.274752,41.15258],[126.30953,41.207822],[126.357331,41.249421],[126.380585,41.290814],[126.440892,41.348382],[126.472518,41.36652],[126.501301,41.366107],[126.487659,41.344403],[126.522127,41.351947],[126.522127,41.377631],[126.501301,41.434371],[126.542229,41.488993],[126.577266,41.561805],[126.580883,41.575241],[126.567034,41.614154],[126.60207,41.642059],[126.617883,41.665933],[126.669301,41.667122],[126.727954,41.701254],[126.68713,41.724018],[126.679482,41.735981],[126.727282,41.736911],[126.788622,41.695906],[126.808879,41.729831],[126.864793,41.747272],[126.887118,41.784918],[126.929802,41.801041],[126.939621,41.793729],[126.946132,41.766186],[126.981169,41.763318],[127.033155,41.731588],[127.042664,41.732648],[127.076615,41.68079],[127.048968,41.677741],[127.049433,41.653428],[127.058993,41.643299],[127.104675,41.626168],[127.097234,41.612448],[127.166067,41.594956],[127.17971,41.585163],[127.136508,41.569247],[127.104675,41.537414],[127.12824,41.531575],[127.134648,41.522014],[127.155938,41.530541],[127.17971,41.51695],[127.207098,41.545941],[127.244512,41.528009],[127.28146,41.531058],[127.28978,41.518552],[127.269058,41.504961],[127.305128,41.494678],[127.344247,41.491319],[127.378974,41.498812],[127.427343,41.483102],[127.47411,41.498812],[127.525838,41.484342],[127.542891,41.491319],[127.544752,41.468891],[127.558808,41.458246],[127.597513,41.450339],[127.638338,41.429875],[127.65813,41.446567],[127.690273,41.43897],[127.784634,41.436903],[127.810369,41.44357],[127.848868,41.431322],[127.865146,41.43742],[127.881475,41.460881],[127.944211,41.470855],[127.974235,41.450339],[128.001416,41.470855],[128.012372,41.460106],[128.015162,41.413287],[128.050612,41.420729],[128.046892,41.398766],[128.064152,41.388431],[128.08813,41.388896],[128.103943,41.399593],[128.118205,41.393444],[128.103943,41.379129],[128.14611,41.376339],[128.185695,41.404451],[128.287601,41.5447],[128.303,41.583406],[128.28326,41.605058],[128.268997,41.643377],[128.25091,41.66012],[128.224142,41.669447],[128.159133,41.711822],[128.14425,41.754713],[128.091023,41.841737],[128.05764,41.84985],[128.047822,41.863983],[128.020433,41.965062],[128.021467,41.979816],[128.034593,41.993743],[128.100532,41.999091],[128.261969,42.032862],[128.363772,42.02648],[128.407593,42.008341],[128.453999,42.010331],[128.502368,41.996094],[128.543709,42.008057],[128.56438,42.000797],[128.607891,42.030175],[128.70928,42.030175],[128.720959,42.04759],[128.817077,42.043869],[128.90348,42.026273],[128.940067,42.035368],[128.963838,42.088517],[129.026574,42.101876],[129.06347,42.136086],[129.064711,42.153759],[129.088482,42.143191],[129.119798,42.149366],[129.211162,42.219956],[129.209301,42.234684],[129.186874,42.236028],[129.180776,42.243107],[129.18336,42.254554],[129.211162,42.267008],[129.216123,42.291063],[129.228008,42.297729],[129.193902,42.310778],[129.193902,42.318245],[129.236276,42.323878],[129.242271,42.338735],[129.228008,42.359199],[129.23607,42.374366],[129.303766,42.389584],[129.315445,42.422321],[129.326504,42.426765],[129.337872,42.414415],[129.352135,42.420616],[129.340146,42.445472],[129.36309,42.445007],[129.386241,42.428109],[129.434094,42.441106],[129.517086,42.390954],[129.535173,42.36956],[129.55419,42.376872],[129.563182,42.404105],[129.587676,42.411366],[129.594498,42.422218],[129.591707,42.447953],[129.671185,42.437928],[129.703328,42.442372],[129.728856,42.475858],[129.736504,42.585154],[129.763066,42.606238],[129.763066,42.612387],[129.74622,42.615514],[129.741569,42.629001],[129.751077,42.642928],[129.776709,42.647191],[129.772264,42.661661],[129.787561,42.676854],[129.786527,42.684734],[129.757588,42.703648],[129.757278,42.734705],[129.789524,42.79248],[129.799033,42.836663],[129.846679,42.928234],[129.851743,42.961901],[129.907037,42.976138],[129.879751,42.996033],[129.909207,43.008435],[129.934115,43.00841],[129.981347,42.966732],[130.008219,42.960557],[130.047286,42.961901],[130.121494,42.981848],[130.133586,42.972727],[130.130485,42.959472],[130.098756,42.921516],[130.140407,42.907124],[130.239006,42.90224],[130.256473,42.866894],[130.24221,42.782015],[130.243037,42.743361],[130.262674,42.708609],[130.317141,42.667397],[130.324789,42.650292],[130.393002,42.606238],[130.427728,42.599365],[130.431242,42.561512],[130.452533,42.549342],[130.467933,42.554897],[130.471033,42.569754],[130.455117,42.585154],[130.467829,42.600398],[130.501419,42.610785],[130.516508,42.599365],[130.530771,42.53048],[130.575626,42.445731],[130.587408,42.432011],[130.645803,42.400876],[130.656655,42.383254],[130.662753,42.32057],[130.699962,42.295111],[130.597544,42.26278],[130.594981,42.298163],[130.569366,42.315259],[130.540501,42.318371],[130.51019,42.33578],[130.465653,42.334752],[130.469396,42.322075],[130.440098,42.309128],[130.40745,42.324577],[130.405854,42.307115],[130.384157,42.291195],[130.386241,42.270657],[130.405854,42.26081],[130.40089,42.242499],[130.378182,42.257855],[130.367992,42.255687],[130.360655,42.243664],[130.369837,42.232011],[130.358829,42.229272],[130.351505,42.216083],[130.335057,42.213999],[130.330645,42.191508],[130.307026,42.183154],[130.315635,42.218883],[130.307418,42.236295],[130.294182,42.237045],[130.228986,42.182452],[130.202274,42.173551],[130.199311,42.101304],[130.17392,42.098782],[130.160248,42.08511],[130.166596,42.077094],[130.159432,42.072838],[130.120069,42.090081],[130.092772,42.089811],[130.073041,42.078459],[130.067015,42.051899],[130.052222,42.050365],[130.044908,42.035976],[130.033879,41.995514],[130.026817,41.9927],[130.01495,42.014404],[130.002884,42.010912],[130.001297,41.990466],[129.982188,41.982652],[130.002696,41.962226],[129.974864,41.941636],[129.964692,41.898749],[129.954438,41.892035],[129.91362,41.911195],[129.89674,41.904263],[129.883393,41.857408],[129.884532,41.824164],[129.869652,41.791457],[129.855171,41.781792],[129.85246,41.764923],[129.842813,41.758783],[129.826546,41.778446],[129.813315,41.777733],[129.77476,41.759417],[129.741361,41.684018],[129.715019,41.675337],[129.690823,41.649716],[129.669409,41.575959],[129.648798,41.549403],[129.660655,41.525946],[129.65273,41.494124],[129.659403,41.464647],[129.714603,41.419646],[129.736056,41.421286],[129.758184,41.392594],[129.796641,41.386176],[129.806163,41.376044],[129.786143,41.324774],[129.770356,41.315131],[129.759125,41.292873],[129.711925,41.122626],[129.728282,41.08515],[129.719819,41.05622],[129.728282,40.978705],[129.764891,40.944414],[129.755574,40.93897],[129.752997,40.90994],[129.734272,40.891102],[129.737343,40.871456],[129.716558,40.834586],[129.698357,40.845606],[129.662852,40.838772],[129.571773,40.839716],[129.553941,40.828932],[129.551051,40.810117],[129.531997,40.807277],[129.518081,40.795467],[129.426954,40.781296],[129.351687,40.745343],[129.303233,40.673651],[129.286632,40.68358],[129.270138,40.70798],[129.233482,40.705714],[129.217703,40.696353],[129.206426,40.675546],[129.197765,40.638007],[129.174555,40.60366],[129.172618,40.568915],[129.161235,40.565549],[129.150899,40.545897],[129.077564,40.472565],[129.030116,40.47397],[128.975812,40.459933],[128.860532,40.371848],[128.764042,40.34653],[128.752005,40.335095],[128.721645,40.338947],[128.687808,40.331197],[128.669669,40.310771],[128.656655,40.310763],[128.65534,40.320177],[128.636489,40.313217],[128.618948,40.297331],[128.616447,40.271443],[128.656722,40.25714],[128.66778,40.240309],[128.664561,40.201239],[128.628875,40.180266],[128.588611,40.186673],[128.543199,40.166767],[128.527681,40.143424],[128.479799,40.134749],[128.434946,40.104002],[128.411388,40.096381],[128.364765,40.09689],[128.337765,40.067048],[128.327753,40.028216],[128.302094,40.033433],[128.263444,40.077105],[128.236322,40.067904],[128.227837,40.056206],[128.234386,40.029364],[128.19337,40.029364],[128.155121,40.016303],[128.139415,40.02733],[128.006847,40.045152],[127.997813,40.020413],[127.963715,40.004096],[127.940033,39.974758],[127.930268,39.97191],[127.906659,39.983942],[127.891038,39.961225],[127.884044,39.902086],[127.874604,39.892808],[127.78183,39.885403],[127.796397,39.875637],[127.794037,39.865668],[127.762438,39.853534],[127.727383,39.857189],[127.69575,39.848201],[127.679629,39.816439],[127.663291,39.806801],[127.623749,39.830935],[127.607188,39.810248],[127.56186,39.784003],[127.549408,39.761054],[127.520844,39.746975],[127.503754,39.715522],[127.512218,39.649482],[127.552745,39.636786],[127.570323,39.617865],[127.574555,39.595038],[127.53677,39.552012],[127.520439,39.510465],[127.562999,39.343736],[127.562104,39.31623],[127.543468,39.301947],[127.521821,39.31623],[127.5206,39.329413],[127.542247,39.371487],[127.495128,39.433417],[127.482921,39.436998],[127.425548,39.392524],[127.378429,39.378852],[127.378429,39.371487],[127.425548,39.357123],[127.453868,39.367987],[127.46754,39.363837],[127.473399,39.347561],[127.425548,39.330471],[127.408295,39.343248],[127.391938,39.341864],[127.398285,39.323676],[127.37203,39.240426],[127.393403,39.201728],[127.45224,39.165961],[127.471934,39.16828],[127.473399,39.193305],[127.491303,39.194892],[127.511729,39.15644],[127.531749,39.146145],[127.606944,39.152045],[127.631684,39.146145],[127.675629,39.11815],[127.759288,39.117011],[127.851573,39.00141],[127.885509,38.974189],[127.888682,38.961371],[127.914317,38.964179],[127.92628,38.934475],[127.961762,38.917914],[128.014659,38.85814],[128.091156,38.843736],[128.210216,38.727729],[128.282807,38.755072],[128.313243,38.717231],[128.347667,38.696723],[128.35963,38.678656],[128.364919,38.624335]]],[[[124.926741,39.604786],[124.909674,39.593554],[124.933609,39.550543],[124.883182,39.52747],[124.861664,39.507636],[124.818563,39.495444],[124.836927,39.520939],[124.849816,39.516534],[124.85697,39.527899],[124.842773,39.538426],[124.856588,39.544228],[124.854475,39.573754],[124.870522,39.580934],[124.869706,39.595657],[124.881769,39.603869],[124.880471,39.612455],[124.926741,39.604786]]],[[[124.883474,38.528551],[124.903982,38.494371],[124.822032,38.522366],[124.79949,38.50849],[124.790294,38.517401],[124.794444,38.533922],[124.844249,38.555162],[124.883474,38.528551]]],[[[125.328787,37.766669],[125.337738,37.768704],[125.295746,37.727607],[125.246837,37.699856],[125.226329,37.696357],[125.220551,37.703762],[125.250173,37.731676],[125.274587,37.733832],[125.27947,37.749416],[125.328787,37.766669]]],[[[125.147716,37.78559],[125.141368,37.799506],[125.166189,37.813707],[125.191417,37.815497],[125.147716,37.78559]]],[[[125.030447,37.836168],[125.040782,37.834459],[125.041759,37.817288],[125.01588,37.80565],[124.997732,37.808417],[125.011974,37.821845],[125.025401,37.817857],[125.030447,37.836168]]],[[[124.687673,39.527167],[124.704708,39.537076],[124.707779,39.530399],[124.697765,39.50259],[124.680149,39.507726],[124.687673,39.527167]]],[[[124.687022,39.544745],[124.661632,39.538398],[124.644786,39.547675],[124.595876,39.537909],[124.63087,39.56509],[124.673839,39.570624],[124.69809,39.562893],[124.687022,39.544745]]],[[[124.596039,39.430243],[124.592865,39.446804],[124.612559,39.457139],[124.61907,39.43301],[124.596039,39.430243]]],[[[124.214651,39.807242],[124.227065,39.821298],[124.242751,39.804633],[124.226015,39.791423],[124.211316,39.799505],[124.214651,39.807242]]]]}},{"type":"Feature","properties":{"iso3":"BTN","name":"Bhutan","continent":"Asia"},"geometry":{"type":"Polygon","coordinates":[[[90.475232,28.072344],[90.575277,28.065833],[90.621889,28.072965],[90.667468,28.090328],[90.726896,28.061699],[90.90952,28.032657],[90.975149,27.982092],[91.008842,27.96677],[91.051941,27.96279],[91.092558,27.971679],[91.194671,28.070587],[91.269705,28.072861],[91.290169,28.091413],[91.309599,28.056402],[91.341432,28.030564],[91.418843,27.994726],[91.600641,27.959276],[91.637951,27.939743],[91.652834,27.916747],[91.628339,27.852694],[91.564355,27.851372],[91.566023,27.821074],[91.605336,27.810658],[91.63577,27.782525],[91.626686,27.716423],[91.579867,27.657977],[91.573252,27.619711],[91.59506,27.546382],[91.657382,27.479151],[91.727041,27.460005],[91.779555,27.456475],[91.856578,27.466239],[91.900591,27.45973],[91.975088,27.472433],[92.023598,27.44678],[92.088776,27.29234],[92.081852,27.275132],[92.03679,27.236478],[92.027075,27.19984],[91.995862,27.158033],[91.987697,27.104031],[91.999893,27.071527],[92.049709,27.026827],[92.066969,26.994943],[92.083919,26.937323],[92.072757,26.887766],[92.03586,26.854848],[91.975088,26.846631],[91.925686,26.878671],[91.908219,26.885182],[91.89313,26.881358],[91.895507,26.853504],[91.874009,26.844306],[91.885895,26.83087],[91.886928,26.814437],[91.87866,26.803016],[91.863054,26.804773],[91.843934,26.84937],[91.825123,26.858465],[91.795254,26.853504],[91.702133,26.803481],[91.637951,26.798985],[91.593716,26.810768],[91.520646,26.79759],[91.507417,26.808029],[91.475067,26.865545],[91.420187,26.871539],[91.388457,26.858465],[91.345566,26.794696],[91.296577,26.774594],[91.27601,26.774077],[91.198185,26.802344],[91.062069,26.804567],[91.007395,26.782139],[90.717077,26.767049],[90.587783,26.780072],[90.475232,26.83242],[90.382627,26.891796],[90.348831,26.896654],[90.328574,26.890659],[90.284442,26.85707],[90.210907,26.851489],[90.17742,26.832058],[90.152202,26.771752],[90.127191,26.751392],[89.890409,26.714856],[89.839043,26.731238],[89.829741,26.72762],[89.817287,26.696201],[89.738739,26.703281],[89.685151,26.724571],[89.609806,26.712221],[89.597507,26.720954],[89.613475,26.748549],[89.611357,26.765964],[89.586087,26.784051],[89.50542,26.803688],[89.442891,26.797022],[89.341657,26.854331],[89.273599,26.843892],[89.240837,26.819759],[89.212828,26.813041],[89.128079,26.813455],[89.096504,26.821413],[89.060693,26.881461],[89.021574,26.912674],[88.996614,26.922751],[88.954549,26.912622],[88.932328,26.919237],[88.9253,26.929365],[88.924474,26.961663],[88.906645,26.981093],[88.88644,26.978975],[88.851713,26.945437],[88.845615,27.049565],[88.827632,27.097882],[88.733082,27.148972],[88.754355,27.212604],[88.775852,27.240871],[88.801174,27.256425],[88.861428,27.270378],[88.884631,27.286346],[88.892331,27.315543],[88.91516,27.330869],[88.950808,27.328229],[88.971933,27.312385],[88.997019,27.330869],[88.95106,27.433144],[88.966202,27.47803],[88.982966,27.492632],[88.972955,27.517659],[88.978366,27.530283],[89.004966,27.54967],[89.002712,27.560491],[89.016238,27.57582],[89.03337,27.578976],[89.050954,27.608282],[89.064029,27.615946],[89.091531,27.625865],[89.124655,27.614852],[89.198203,27.730582],[89.22492,27.807813],[89.336025,27.869075],[89.370131,27.909357],[89.444545,28.031184],[89.475344,28.061337],[89.515032,28.081905],[89.561489,28.13464],[89.597817,28.149807],[89.71781,28.169083],[89.755844,28.184379],[89.780855,28.228769],[89.829741,28.259155],[89.862918,28.295793],[89.91613,28.315601],[89.952524,28.308247],[90.07086,28.34523],[90.153164,28.322185],[90.176209,28.325478],[90.199254,28.348523],[90.225591,28.358399],[90.261804,28.335354],[90.261804,28.299141],[90.29147,28.261351],[90.329504,28.255796],[90.353984,28.299141],[90.386905,28.299141],[90.416535,28.28268],[90.45604,28.28268],[90.505422,28.249758],[90.54822,28.246466],[90.587726,28.233298],[90.597602,28.200376],[90.567973,28.1905],[90.54822,28.157579],[90.515299,28.154287],[90.485669,28.124657],[90.475232,28.072344]]]}},{"type":"Feature","properties":{"iso3":"OMN","name":"Oman","continent":"Asia"},"geometry":{"type":"MultiPolygon","coordinates":[[[[56.260625,25.331075],[56.349123,25.294025],[56.344375,25.266528],[56.219958,25.215258],[56.208375,25.255374],[56.260625,25.331075]],[[56.263026,25.249223],[56.288328,25.271926],[56.273812,25.281289],[56.263026,25.249223]]],[[[56.077397,26.061048],[56.181814,26.245998],[56.208263,26.263088],[56.212413,26.207831],[56.279959,26.22309],[56.294932,26.194241],[56.397472,26.213853],[56.367849,26.244086],[56.308442,26.221503],[56.315929,26.274644],[56.36378,26.279527],[56.322276,26.309638],[56.360525,26.371283],[56.462169,26.331855],[56.500987,26.35871],[56.511078,26.333482],[56.407237,26.27912],[56.420909,26.247626],[56.487315,26.235175],[56.468761,26.205512],[56.431977,26.221503],[56.472911,26.164008],[56.412446,26.158433],[56.383637,26.198065],[56.328787,26.172838],[56.36378,26.104885],[56.472992,26.098619],[56.383637,26.022284],[56.408865,26.034369],[56.400401,25.990465],[56.453298,25.94717],[56.383637,25.926093],[56.36378,25.806871],[56.301768,25.741767],[56.301768,25.762885],[56.273774,25.639309],[56.237528,25.616577],[56.156396,25.655903],[56.140376,25.715537],[56.172002,25.76525],[56.144511,25.837907],[56.17841,26.035001],[56.162701,26.073552],[56.077397,26.061048]]],[[[56.383311,24.978217],[56.611176,24.496324],[56.939464,24.115912],[57.151541,23.953559],[57.645193,23.790432],[57.777354,23.785956],[57.887706,23.720852],[58.131602,23.713324],[58.317231,23.620917],[58.584158,23.646959],[58.651541,23.570543],[58.786143,23.512112],[58.807628,23.421129],[58.929454,23.318101],[59.083669,23.055365],[59.23227,22.94302],[59.297537,22.792711],[59.529796,22.587877],[59.515798,22.56151],[59.626801,22.57982],[59.715668,22.542914],[59.734711,22.500474],[59.758962,22.493638],[59.741547,22.524726],[59.776378,22.541449],[59.82488,22.508857],[59.844574,22.445258],[59.811778,22.237372],[59.688162,22.082709],[59.645274,21.925849],[59.497895,21.756334],[59.347504,21.453559],[59.054373,21.277086],[58.854259,21.065619],[58.739024,20.86225],[58.680349,20.828355],[58.667654,20.772284],[58.71811,20.780829],[58.71811,20.753648],[58.672699,20.746405],[58.591807,20.643948],[58.521495,20.424384],[58.467459,20.369534],[58.29005,20.371405],[58.202891,20.404731],[58.21339,20.465277],[58.23463,20.423651],[58.264171,20.587633],[58.20574,20.613349],[58.084483,20.558051],[58.055349,20.467231],[57.955821,20.399563],[57.966563,20.330227],[57.85613,20.260647],[57.823741,20.201077],[57.847992,20.111762],[57.81365,19.976996],[57.68922,19.728176],[57.719981,19.653062],[57.704438,19.548733],[57.773936,19.409654],[57.750662,19.268052],[57.839854,19.029975],[57.815684,18.991767],[57.709727,18.943996],[57.501475,18.953681],[57.20753,18.90998],[56.807791,18.745592],[56.641124,18.559272],[56.56129,18.149237],[56.462576,18.084418],[56.356293,17.940009],[56.031098,17.943427],[55.453949,17.845404],[55.228201,17.538764],[55.229503,17.488593],[55.300792,17.416815],[55.253429,17.29914],[55.260265,17.23428],[55.026866,17.011135],[54.808442,16.951483],[54.60434,17.036322],[54.084972,17.011135],[54.023448,16.985338],[53.98113,16.908759],[53.73463,16.856147],[53.615408,16.75788],[53.338634,16.734809],[53.090343,16.642401],[52.801562,17.267423],[52.736243,17.289178],[51.985689,18.979732],[54.97838,19.995421],[55.637565,21.97897],[55.186843,22.703577],[55.191287,22.995368],[55.22591,23.121251],[55.534109,23.756768],[55.530595,23.874668],[55.45277,23.948565],[55.618341,24.020137],[55.78846,24.009569],[55.986794,24.06538],[55.933154,24.220719],[55.847164,24.211417],[55.754147,24.245472],[55.810887,24.389236],[55.771407,24.441093],[55.759831,24.558528],[55.818226,24.643381],[55.788667,24.855202],[55.829388,24.921167],[55.935428,24.977727],[56.005604,24.956178],[56.029272,24.861171],[55.957649,24.868664],[56.031546,24.754149],[56.099139,24.730507],[56.171176,24.82399],[56.308325,24.895174],[56.31928,24.962534],[56.383311,24.978217]]],[[[55.836192,17.490912],[55.837087,17.510077],[55.883067,17.507148],[55.836192,17.490912]]],[[[56.055349,17.559801],[56.095551,17.518866],[56.063813,17.499579],[55.986827,17.492906],[55.964203,17.519924],[56.055349,17.559801]]],[[[58.906261,20.626003],[58.950043,20.508938],[58.844086,20.437323],[58.785167,20.279527],[58.652354,20.170478],[58.642914,20.356106],[58.698253,20.425686],[58.768891,20.451606],[58.906261,20.697984],[58.906261,20.626003]]]]}},{"type":"Feature","properties":{"iso3":"UZB","name":"Uzbekistan","continent":"Asia"},"geometry":{"type":"MultiPolygon","coordinates":[[[[71.78552,39.989705],[71.767123,39.915446],[71.675346,39.925781],[71.681753,39.955082],[71.78552,39.989705]]],[[[70.958955,40.238372],[70.622128,40.199563],[70.581821,40.221732],[70.524046,40.34374],[70.371394,40.364927],[70.369637,40.475515],[70.468184,40.50249],[70.732096,40.674986],[70.767132,40.737618],[70.637424,40.770587],[70.628743,40.815856],[70.703157,40.788933],[70.696852,40.816218],[70.40116,41.039977],[70.363539,41.032432],[70.335892,40.92696],[70.280392,40.877713],[70.009659,40.75803],[69.803315,40.70563],[69.717687,40.63628],[69.66012,40.638709],[69.509224,40.77467],[69.417757,40.804229],[69.355074,40.780354],[69.314198,40.729298],[69.313474,40.609357],[69.198442,40.566517],[69.312699,40.34281],[69.305309,40.293821],[69.208364,40.298317],[69.285259,40.194964],[69.197926,40.182975],[69.019229,40.232067],[68.581116,40.164216],[68.687052,40.110318],[68.930655,40.146801],[68.986982,40.091714],[68.977267,40.064894],[68.881769,40.070837],[68.826062,40.042053],[68.761725,40.061483],[68.880787,39.878342],[68.838258,39.864648],[68.758883,39.980558],[68.775212,39.862529],[68.741623,39.819638],[68.701522,39.858447],[68.626178,39.84961],[68.600339,39.642853],[68.506702,39.56756],[68.517268,39.548765],[68.337565,39.527924],[67.717603,39.623371],[67.507435,39.552936],[67.494567,39.493714],[67.427284,39.47661],[67.386873,39.294192],[67.344395,39.273831],[67.350037,39.220058],[67.661172,39.133375],[67.690524,38.989611],[68.100938,38.979276],[68.172562,38.845279],[68.066729,38.787969],[68.075927,38.726862],[68.040322,38.673351],[68.055153,38.536305],[68.183724,38.335491],[68.35622,38.212604],[68.344334,38.115452],[68.256226,37.96156],[68.122229,37.908333],[68.050192,37.760409],[67.829224,37.527943],[67.797339,37.424435],[67.820645,37.303306],[67.785092,37.20357],[67.644635,37.251216],[67.572185,37.223155],[67.503145,37.281963],[67.259129,37.185147],[67.024105,37.377487],[66.667021,37.344311],[66.519588,37.36418],[66.494835,37.379425],[66.546615,37.45079],[66.493491,37.522207],[66.518813,37.782708],[66.645782,37.945902],[66.624336,37.993832],[66.306939,38.08039],[66.231078,38.148784],[65.876681,38.272962],[65.740204,38.224076],[65.60414,38.237409],[65.205301,38.449644],[64.977718,38.61227],[64.634897,38.744148],[64.337344,38.970956],[64.150585,38.949458],[63.709268,39.190891],[63.477551,39.402919],[62.593161,39.890228],[62.452808,40.009239],[62.421595,40.115072],[62.435754,40.194189],[62.353279,40.430402],[62.191842,40.499028],[62.134171,40.577834],[62.036812,40.736326],[61.982707,40.885671],[61.979297,40.998842],[61.877907,41.124984],[61.654355,41.249421],[61.43318,41.300323],[61.281355,41.157282],[61.09966,41.2241],[60.99114,41.212473],[60.860295,41.252987],[60.478096,41.212111],[60.094244,41.389516],[60.059207,41.434165],[60.071713,41.514366],[60.155635,41.603327],[60.049182,41.753499],[60.102408,41.795279],[60.252684,41.780061],[60.088766,41.919355],[59.906451,41.966613],[59.997195,42.010615],[59.983656,42.145594],[60.040397,42.18647],[59.866351,42.304215],[59.426481,42.286774],[59.258429,42.347545],[59.223806,42.460872],[59.146084,42.526759],[58.89442,42.547843],[58.587876,42.791188],[58.534546,42.654503],[58.258283,42.689514],[58.130643,42.638846],[58.145732,42.592569],[58.306239,42.528671],[58.494135,42.305713],[58.478218,42.291993],[58.385821,42.301321],[58.384684,42.387827],[58.325049,42.431856],[58.016024,42.499707],[57.908641,42.430434],[57.928794,42.330931],[57.888073,42.261582],[57.835467,42.240446],[57.850453,42.191431],[57.619769,42.148178],[57.382264,42.163629],[57.207805,42.07056],[57.115511,41.952092],[56.978361,41.895118],[56.950146,41.86605],[56.960481,41.647201],[57.012054,41.557826],[57.019599,41.465946],[57.07417,41.394994],[57.153751,41.37236],[57.029521,41.262599],[55.978422,41.321717],[55.975839,44.993275],[58.554906,45.557169],[61.036305,44.382822],[61.161672,44.168106],[62.026115,43.480629],[63.208007,43.627467],[64.426744,43.547033],[64.922941,43.719115],[65.271447,43.417015],[65.51691,43.297229],[65.795239,42.877203],[66.101267,42.990323],[66.053208,42.440873],[66.013727,42.40302],[66.006493,42.013431],[66.499176,41.995603],[66.602632,41.493799],[66.688208,41.199192],[66.73296,41.158057],[67.748143,41.184102],[67.834908,41.156869],[67.937434,41.20038],[68.034379,41.042716],[68.117371,41.066745],[68.121196,41.045506],[68.088226,40.885929],[67.998619,40.822057],[68.226099,40.678862],[68.461743,40.584656],[68.514815,40.619124],[68.61424,40.609099],[68.625454,40.660413],[68.554657,40.79317],[68.570574,40.902517],[68.689378,40.964943],[68.773766,41.087261],[69.031217,41.208752],[69.040313,41.376649],[69.217149,41.460054],[69.390679,41.469718],[69.393779,41.544959],[69.607565,41.658285],[69.912404,41.712856],[70.1111,41.825975],[70.357907,42.06224],[70.45542,42.093737],[70.54482,42.021855],[70.594533,42.021855],[70.734266,42.197296],[70.842373,42.192542],[71.045772,42.29096],[71.249868,42.198385],[71.238215,42.160244],[70.977145,42.044231],[70.845474,42.030356],[70.814003,41.919535],[70.648948,41.887393],[70.453663,41.71208],[70.169288,41.578342],[70.166549,41.520206],[70.344419,41.493799],[70.470782,41.404879],[70.66781,41.471372],[70.769199,41.352102],[70.770439,41.238518],[70.828524,41.249111],[70.914203,41.193042],[71.024688,41.189787],[71.164421,41.116199],[71.206382,41.188753],[71.276145,41.113151],[71.325238,41.157334],[71.393657,41.112737],[71.421459,41.162088],[71.412571,41.334687],[71.52383,41.296654],[71.585532,41.323525],[71.637415,41.431271],[71.605582,41.476849],[71.615297,41.532143],[71.671418,41.547388],[71.671108,41.437627],[71.75317,41.44729],[71.847015,41.341819],[71.871613,41.194489],[71.977033,41.195213],[72.016513,41.163535],[72.158417,41.187875],[72.185599,41.060647],[72.165135,40.999359],[72.289778,41.023544],[72.33236,41.072843],[72.395198,41.022045],[72.476744,41.011813],[72.483358,40.970575],[72.658231,40.867171],[72.830107,40.87208],[72.872998,40.834821],[73.00343,40.870168],[73.148641,40.813686],[72.783908,40.669663],[72.748355,40.575096],[72.682416,40.577679],[72.625468,40.5105],[72.351893,40.601967],[72.372254,40.503265],[72.426096,40.459545],[72.394061,40.389422],[72.224356,40.422443],[72.26363,40.452519],[72.182705,40.45779],[71.956672,40.31568],[71.958222,40.286534],[72.025402,40.250878],[72.004834,40.237287],[71.836473,40.249172],[71.707178,40.144269],[71.673072,40.147886],[71.62832,40.258887],[71.592973,40.198426],[71.521246,40.203749],[71.263949,40.318212],[71.201008,40.263848],[71.053213,40.274235],[70.958955,40.238372]],[[70.565904,41.018376],[70.56146,40.994605],[70.645072,40.935177],[70.61665,40.99352],[70.565904,41.018376]]],[[[71.176926,40.042001],[71.244002,40.046756],[71.174704,39.993994],[71.219094,39.900925],[71.021897,39.880823],[71.007634,39.911157],[71.045823,39.99203],[70.98314,40.021383],[70.954046,40.095797],[71.008564,40.157757],[71.078844,40.07864],[71.176926,40.042001]]]]}},{"type":"Feature","properties":{"iso3":"KAZ","name":"Kazakhstan","continent":"Asia"},"geometry":{"type":"MultiPolygon","coordinates":[[[[87.323796,49.085274],[86.838193,49.093852],[86.709415,48.954222],[86.789462,48.839139],[86.751893,48.729171],[86.57516,48.539829],[85.718674,48.358832],[85.528712,47.966608],[85.678987,47.274893],[85.505767,47.063898],[85.246145,47.044416],[84.767105,46.818074],[84.663545,46.983852],[83.905348,46.973956],[83.046899,47.214664],[82.291493,45.533191],[82.615711,45.435419],[82.539747,45.123655],[82.294594,45.228197],[81.950119,45.144481],[81.665227,45.347982],[80.853855,45.126497],[80.061707,45.018959],[79.858205,44.90372],[79.991737,44.793649],[80.218287,44.818092],[80.476152,44.73541],[80.355849,44.652883],[80.345101,44.103097],[80.712727,43.458873],[80.64286,43.32622],[80.788174,43.168245],[80.410213,43.048665],[80.355126,43.000581],[80.526692,42.868392],[80.227485,42.790981],[80.145423,42.607116],[80.268413,42.237966],[80.210328,42.189519],[79.917943,42.42444],[79.425673,42.469605],[79.148274,42.790981],[77.328127,42.897564],[76.976417,42.98221],[76.58502,42.894799],[75.807059,42.936771],[75.620428,42.805295],[75.204639,42.84519],[74.207697,43.24979],[73.58665,43.042283],[73.41002,42.58965],[73.505077,42.421557],[71.847738,42.834053],[71.262502,42.753567],[70.936114,42.431623],[70.879994,42.206934],[70.758141,42.19802],[70.610243,42.02741],[70.357907,42.06224],[69.912404,41.712856],[69.624566,41.66831],[69.390679,41.469718],[69.067546,41.387759],[69.035145,41.214488],[68.600133,40.930061],[68.549696,40.835028],[68.617393,40.615662],[68.471148,40.594474],[68.017326,40.80428],[68.121299,41.044369],[67.912009,41.187978],[66.710739,41.178625],[66.504137,41.993484],[66.017241,41.997619],[66.101267,42.990323],[65.812603,42.875756],[65.51691,43.297229],[64.956531,43.69736],[64.461574,43.554319],[63.208007,43.627467],[62.028321,43.480922],[61.161672,44.168106],[61.062143,44.361996],[58.531445,45.558719],[55.978422,44.996221],[55.978422,41.321717],[55.450289,41.278877],[54.950682,41.795564],[54.930838,41.909226],[54.122618,42.337598],[53.412274,42.258171],[52.978709,42.126629],[52.437671,41.748876],[52.484548,41.941636],[52.402029,42.092515],[52.676524,42.57453],[52.574474,42.749823],[52.690929,42.610989],[52.736339,42.701361],[52.145518,42.888495],[51.932791,42.834947],[51.679373,43.159735],[51.275727,43.154486],[51.27296,43.55858],[51.115001,43.660834],[50.86085,44.025377],[50.821625,44.215033],[50.27768,44.336493],[50.22462,44.567694],[50.299083,44.655341],[50.847911,44.632799],[51.114594,44.488471],[51.338634,44.554023],[51.537934,44.509345],[50.970714,44.847154],[50.949555,44.963813],[51.281749,45.037543],[51.263194,45.192572],[51.415701,45.38996],[51.543712,45.334906],[51.758311,45.457261],[51.940115,45.367336],[52.519298,45.408881],[53.083344,45.301663],[53.267345,45.350898],[52.73463,45.562812],[53.031261,45.927395],[53.156749,46.272284],[53.032563,46.470893],[53.081716,46.512437],[53.009613,46.531684],[53.207774,46.695014],[53.105805,46.73725],[53.051931,46.898424],[52.455903,47.001166],[52.112559,46.81273],[52.018891,46.936998],[51.909679,46.88109],[51.743907,46.926825],[51.655284,47.059882],[51.621104,47.007392],[51.187022,47.116889],[50.868337,47.03677],[50.569102,46.829047],[50.45338,46.89175],[49.882335,46.575873],[49.637706,46.577338],[49.578949,46.498847],[49.469086,46.594387],[49.486176,46.534654],[49.305349,46.587592],[49.366873,46.429877],[49.266287,46.464057],[49.291759,46.39643],[49.184906,46.413804],[49.222179,46.361274],[48.573241,46.55827],[48.493453,46.653484],[48.556705,46.761746],[48.739536,46.690562],[49.00629,46.76911],[48.5103,47.417443],[48.174351,47.712851],[47.435326,47.834394],[47.374245,47.685824],[47.123821,47.808039],[47.051164,47.974644],[47.192034,48.071796],[47.11948,48.08828],[47.112142,48.241553],[46.479312,48.410225],[46.753818,48.91407],[47.020881,49.096849],[47.028633,49.201494],[46.775108,49.332545],[46.899907,49.820319],[47.308719,50.044802],[47.294766,50.275434],[47.599296,50.452684],[48.074564,50.105263],[48.274035,49.863056],[48.417592,49.811689],[48.784598,49.933387],[48.874102,50.069813],[48.782841,50.111464],[48.678661,50.548544],[48.597426,50.608023],[48.830435,50.596034],[49.36942,50.82677],[49.423732,50.882063],[49.359137,50.992651],[49.460112,51.116158],[49.779059,51.102179],[50.325383,51.303459],[50.599836,51.634731],[50.764322,51.578662],[50.767009,51.7594],[51.352503,51.636229],[51.381132,51.587059],[51.241657,51.543702],[51.379478,51.467092],[51.559829,51.534582],[51.647369,51.451228],[51.744314,51.473448],[51.869164,51.673074],[52.091786,51.658708],[52.334872,51.763715],[52.52499,51.467531],[53.366902,51.493602],[53.610298,51.388415],[53.642544,51.255426],[53.974721,51.16649],[54.194035,50.958183],[54.464303,50.858034],[54.385341,50.639442],[54.455725,50.535521],[54.673593,50.634326],[54.638246,50.885732],[54.526005,50.916428],[54.525281,50.991101],[54.638246,51.027687],[55.694305,50.538777],[56.078881,50.72476],[56.174896,50.908677],[56.315456,50.88382],[56.47834,51.073034],[56.688353,50.969138],[56.716052,51.072465],[57.137938,51.095875],[57.418128,50.862375],[57.689222,50.896739],[57.796193,51.123263],[58.140564,51.056652],[58.308409,51.150031],[58.595007,51.023372],[58.55997,50.87519],[58.646683,50.801293],[58.886772,50.688948],[59.437643,50.631123],[59.551021,50.586009],[59.478157,50.552419],[59.522806,50.474646],[59.815708,50.56291],[60.021276,50.854055],[60.136205,50.844495],[60.300433,50.684659],[60.718495,50.652672],[61.372098,50.782483],[61.534156,51.206075],[61.663657,51.258397],[61.498396,51.400533],[61.048501,51.4789],[60.937396,51.611166],[60.37588,51.662532],[60.465797,51.769193],[60.060757,51.85867],[59.994611,51.936288],[61.008503,52.314999],[60.951452,52.461088],[60.699685,52.652756],[60.696171,52.734922],[61.058422,52.922171],[60.97543,52.970463],[61.424292,53.017359],[61.922556,52.938165],[62.094173,52.992477],[62.083218,53.113297],[61.162706,53.299151],[61.218206,53.492653],[61.381607,53.436119],[61.555343,53.505727],[61.528368,53.571667],[60.907321,53.613628],[61.199086,53.797131],[60.978014,53.926684],[61.192885,53.907098],[61.20477,53.992571],[61.417677,54.055978],[61.581801,53.947664],[61.777035,53.999909],[62.003636,53.932006],[62.003326,53.992313],[62.412707,54.026626],[62.408159,53.92472],[62.498903,53.877798],[62.629128,54.071171],[63.084655,54.08564],[63.156744,54.180053],[63.708648,54.250437],[63.908016,54.207493],[64.084336,54.3202],[64.910642,54.402727],[65.173779,54.310174],[65.19817,54.516157],[65.42751,54.552795],[65.444873,54.614187],[65.71297,54.597185],[65.932802,54.702554],[65.960656,54.627985],[66.097776,54.637158],[67.698482,54.867918],[67.846794,54.963933],[68.166051,54.95613],[68.304233,55.05261],[68.240878,55.191154],[68.6053,55.195598],[68.688913,55.34329],[68.970601,55.278642],[68.90244,55.419512],[69.673866,55.33404],[70.197038,55.133483],[70.441157,55.283345],[70.777571,55.307013],[70.960092,55.105578],[71.005981,54.774229],[71.252787,54.6824],[71.141218,54.563751],[71.190621,54.318184],[71.003397,54.333119],[70.977145,54.270125],[71.143698,54.113701],[71.349732,54.197675],[71.477115,54.10967],[71.680616,54.119075],[71.741388,54.242427],[71.958016,54.235967],[72.128858,54.126051],[72.190456,54.151993],[72.038424,54.346038],[72.151802,54.368259],[72.324401,54.253485],[72.298563,54.1784],[72.482945,54.135611],[72.368223,54.096337],[72.423414,53.903481],[72.673734,53.950506],[72.631773,54.053911],[72.509403,54.043576],[72.624228,54.134991],[72.942038,54.121762],[73.035262,54.02058],[73.360307,53.938414],[73.521538,53.968748],[73.601533,54.071223],[73.740646,54.057942],[73.661684,53.860848],[73.431827,53.865447],[73.244759,53.674813],[73.41095,53.430021],[73.651039,53.594766],[73.936706,53.639518],[74.409132,53.477564],[74.429699,53.653574],[74.616458,53.680704],[74.806214,53.837697],[75.157717,53.865085],[75.433979,53.986525],[75.360702,54.059544],[75.429225,54.090085],[76.183804,54.251573],[76.21481,54.342214],[76.433091,54.316582],[76.910478,54.45461],[76.752968,54.376682],[76.837718,54.296894],[76.664602,54.134061],[76.412627,54.165687],[76.495206,53.992313],[77.866802,53.272331],[80.054989,50.752872],[80.066978,50.846613],[80.439048,50.958131],[80.413417,51.168428],[80.645031,51.289248],[81.152028,51.186541],[81.05405,50.969862],[81.400798,50.959113],[81.460226,50.730341],[81.895032,50.774215],[82.475823,50.714012],[82.764539,50.906661],[82.975896,50.881908],[83.107568,50.992651],[83.433956,50.992651],[83.950565,50.780416],[84.195615,50.51144],[84.249978,50.259931],[84.975774,50.075187],[85.020112,50.033071],[84.950659,49.933284],[85.263095,49.581523],[85.580802,49.613355],[86.177251,49.463339],[86.642442,49.793861],[86.758921,49.778616],[86.618568,49.557958],[86.802432,49.52225],[86.905062,49.351924],[87.03663,49.242732],[87.271758,49.205111],[87.323796,49.085274]],[[63.383914,45.565824],[63.833964,45.715945],[63.964085,46.0205],[63.70994,46.320378],[63.26635,46.382441],[62.933864,46.240719],[62.803639,45.936164],[63.012929,45.660005],[63.383914,45.565824]]],[[[50.260265,45.009914],[50.329763,45.079901],[50.333181,44.994574],[50.260265,45.009914]]],[[[50.170258,44.830146],[49.986095,44.946763],[50.04184,45.057522],[50.113455,45.079901],[50.021007,44.975775],[50.170258,44.830146]]],[[[50.743663,44.886135],[50.697765,44.857856],[50.640798,44.933295],[50.743663,44.886135]]],[[[52.692882,45.459703],[52.702485,45.405219],[52.56129,45.456529],[52.635509,45.525621],[52.692882,45.459703]]],[[[49.822439,46.313951],[49.804698,46.210517],[49.720958,46.338121],[49.822439,46.313951]]]]}},{"type":"Feature","properties":{"iso3":"TJK","name":"Tajikistan","continent":"Asia"},"geometry":{"type":"MultiPolygon","coordinates":[[[[70.565904,41.018376],[70.61665,40.99352],[70.643419,40.952282],[70.645072,40.935177],[70.625229,40.938691],[70.562494,40.993778],[70.549781,41.015224],[70.565904,41.018376]]],[[[70.958955,40.238372],[70.979522,40.214084],[70.962883,40.189693],[70.929293,40.170624],[70.898545,40.162614],[70.845164,40.171813],[70.806716,40.156155],[70.792144,40.161374],[70.729822,40.120705],[70.66595,40.104168],[70.63944,40.084945],[70.635977,40.028514],[70.627399,39.993891],[70.613963,39.975752],[70.576601,39.952239],[70.500895,39.940561],[70.477227,39.900925],[70.455627,39.906816],[70.44803,39.919993],[70.450872,39.937408],[70.473197,39.97012],[70.520946,39.993736],[70.535622,40.015957],[70.525493,40.033682],[70.477227,40.052027],[70.324265,40.077503],[70.306282,40.08479],[70.263494,40.12427],[70.241531,40.132745],[70.14717,40.136983],[70.004595,40.208761],[69.969558,40.211603],[69.575474,40.1036],[69.543021,40.103083],[69.518009,40.125097],[69.506331,40.096933],[69.46964,40.050993],[69.463129,40.025413],[69.477288,39.968156],[69.500439,39.935703],[69.501576,39.922474],[69.405355,39.896119],[69.357296,39.959474],[69.32784,39.984744],[69.313991,39.986914],[69.240714,39.82894],[69.226296,39.751011],[69.233324,39.732666],[69.280091,39.694271],[69.287533,39.677786],[69.286189,39.539707],[69.300348,39.515625],[69.339726,39.528079],[69.352025,39.549628],[69.361637,39.552884],[69.391454,39.530508],[69.412176,39.52503],[69.477288,39.530405],[69.514392,39.537588],[69.582295,39.573555],[69.669421,39.577792],[69.710349,39.574071],[69.830445,39.536244],[69.907753,39.548492],[69.978757,39.534436],[70.019684,39.568594],[70.040355,39.573606],[70.08273,39.569782],[70.132442,39.550042],[70.148979,39.554279],[70.185204,39.610348],[70.200655,39.619495],[70.214814,39.591125],[70.20603,39.5241],[70.223289,39.519088],[70.241066,39.522395],[70.33026,39.573089],[70.384313,39.570867],[70.40147,39.584768],[70.477227,39.601201],[70.526113,39.575622],[70.59784,39.577792],[70.622128,39.563529],[70.655598,39.494664],[70.699746,39.472165],[70.705431,39.458523],[70.698092,39.41899],[70.713285,39.398423],[70.770129,39.382093],[70.840099,39.40142],[70.864181,39.400594],[70.903351,39.420851],[70.977145,39.394909],[71.009288,39.407622],[71.062928,39.495627],[71.095898,39.51237],[71.179975,39.523015],[71.249273,39.514385],[71.291958,39.548957],[71.368543,39.591486],[71.459545,39.612105],[71.509654,39.584998],[71.531375,39.553091],[71.492101,39.493663],[71.512875,39.458833],[71.554319,39.444157],[71.602792,39.442348],[71.704594,39.458988],[71.724438,39.459401],[71.740251,39.448343],[71.749243,39.425502],[71.748106,39.379561],[71.712966,39.341527],[71.710899,39.32096],[71.71834,39.301065],[71.751207,39.274245],[71.807017,39.272849],[71.959152,39.345868],[72.049793,39.368864],[72.06695,39.358477],[72.078112,39.336618],[72.094751,39.275072],[72.158623,39.262617],[72.203272,39.24081],[72.209163,39.217297],[72.228668,39.189502],[72.240272,39.189909],[72.31634,39.328815],[72.393234,39.350829],[72.476744,39.346127],[72.519015,39.375686],[72.575756,39.359304],[72.616373,39.390413],[72.633737,39.394496],[72.835275,39.356204],[72.893669,39.363903],[73.009321,39.348607],[73.071126,39.370725],[73.136032,39.353465],[73.167864,39.355377],[73.326408,39.390878],[73.343151,39.430669],[73.367645,39.443795],[73.512236,39.467411],[73.604323,39.459608],[73.632642,39.448343],[73.643804,39.351294],[73.602256,39.235772],[73.607837,39.207324],[73.631402,39.175103],[73.673776,39.142625],[73.70933,39.065472],[73.768654,39.029919],[73.81599,38.993771],[73.826119,38.976898],[73.823948,38.944937],[73.809582,38.932663],[73.717185,38.918582],[73.680804,38.872977],[73.683698,38.854942],[73.735892,38.800423],[73.736408,38.721669],[73.772272,38.674617],[73.797387,38.602839],[73.816403,38.586586],[73.887097,38.559043],[73.932882,38.529665],[74.028897,38.527236],[74.045537,38.530414],[74.058766,38.547028],[74.038095,38.579223],[74.037269,38.598472],[74.084397,38.614027],[74.095043,38.645756],[74.123361,38.669475],[74.221443,38.649709],[74.313427,38.669217],[74.334201,38.666995],[74.476622,38.612063],[74.64612,38.56111],[74.696453,38.52398],[74.760325,38.519975],[74.832879,38.463648],[74.844351,38.417243],[74.838253,38.379416],[74.784303,38.325672],[74.771074,38.29154],[74.771281,38.196274],[74.790711,38.081449],[74.809935,38.053208],[74.880421,38.02166],[74.892824,37.994013],[74.890756,37.897714],[74.913701,37.880841],[74.883212,37.843867],[74.886106,37.83056],[74.898405,37.817589],[74.949254,37.795317],[74.96145,37.785473],[74.965171,37.767463],[74.931891,37.721575],[74.923623,37.695323],[74.886106,37.653465],[74.882178,37.634422],[74.891893,37.599205],[74.945223,37.548562],[75.053434,37.493837],[75.103973,37.44061],[75.164125,37.400638],[75.091778,37.378443],[75.079582,37.361235],[75.077102,37.324209],[75.06842,37.312142],[74.951528,37.281291],[74.932924,37.272506],[74.912667,37.238994],[74.892307,37.231114],[74.862644,37.244601],[74.816859,37.306923],[74.78854,37.331159],[74.660383,37.393972],[74.631444,37.381079],[74.521167,37.375601],[74.454814,37.393636],[74.378126,37.393765],[74.343813,37.420999],[74.320869,37.413893],[74.315598,37.426916],[74.303816,37.400173],[74.223924,37.403351],[74.207697,37.389915],[74.206044,37.355654],[74.187647,37.338394],[74.052151,37.312246],[73.899292,37.265478],[73.836247,37.256745],[73.798213,37.22853],[73.746123,37.230545],[73.709227,37.217006],[73.680494,37.242457],[73.617656,37.233181],[73.601636,37.24088],[73.597295,37.261809],[73.630988,37.295993],[73.690416,37.305218],[73.739096,37.338342],[73.753462,37.428388],[73.6745,37.43105],[73.485261,37.480969],[73.440612,37.479936],[73.378394,37.452547],[73.345011,37.464484],[73.296332,37.464949],[73.260262,37.450041],[73.211479,37.40826],[73.170241,37.40826],[73.132104,37.384386],[73.087766,37.326069],[73.067509,37.315062],[72.995575,37.3093],[72.924262,37.274832],[72.902247,37.2538],[72.83052,37.239769],[72.79073,37.220262],[72.760964,37.187499],[72.657714,37.028826],[72.50868,37.011075],[72.474987,36.997484],[72.405947,37.007665],[72.259806,36.967305],[72.220325,36.94555],[72.186839,36.911392],[72.152836,36.895708],[72.126687,36.872738],[71.836576,36.699156],[71.748519,36.678641],[71.653021,36.687012],[71.61106,36.704841],[71.577367,36.733263],[71.552872,36.769591],[71.528481,36.856149],[71.463059,36.948082],[71.459958,37.010739],[71.431123,37.066989],[71.43319,37.127347],[71.453757,37.192615],[71.45014,37.21667],[71.487037,37.267055],[71.493858,37.307543],[71.48714,37.409087],[71.511221,37.485878],[71.497165,37.566545],[71.501506,37.610341],[71.522073,37.637626],[71.542537,37.719559],[71.529515,37.761133],[71.537783,37.779039],[71.57468,37.798004],[71.590286,37.815729],[71.590286,37.891435],[71.597727,37.89836],[71.567342,37.928074],[71.537059,37.944455],[71.501196,37.946212],[71.379188,37.912932],[71.341154,37.893295],[71.281829,37.924999],[71.258265,37.926472],[71.255785,37.949881],[71.272631,37.997992],[71.302397,38.04233],[71.359086,38.184105],[71.364512,38.206816],[71.358156,38.251258],[71.334384,38.280662],[71.217699,38.325827],[71.117395,38.398639],[71.076984,38.412178],[71.049802,38.408664],[70.998229,38.465664],[70.950739,38.473053],[70.943452,38.465948],[70.946759,38.443236],[70.936217,38.433004],[70.871002,38.45321],[70.843045,38.440161],[70.777261,38.446466],[70.761086,38.44352],[70.741811,38.419439],[70.683313,38.414581],[70.664865,38.405409],[70.68476,38.38665],[70.641352,38.354197],[70.600011,38.347066],[70.5966,38.309187],[70.583061,38.275081],[70.547197,38.262653],[70.470303,38.120517],[70.415371,38.094523],[70.326281,38.011273],[70.293776,37.996106],[70.283751,37.981869],[70.253934,37.973394],[70.250161,37.955617],[70.26153,37.939287],[70.214711,37.929262],[70.17213,37.946083],[70.160503,37.920658],[70.165205,37.889911],[70.196004,37.839914],[70.240343,37.827563],[70.247164,37.819166],[70.256517,37.791803],[70.275121,37.774181],[70.269592,37.762632],[70.283079,37.704831],[70.275121,37.675479],[70.253572,37.654576],[70.248301,37.623338],[70.218432,37.617447],[70.199415,37.579284],[70.157867,37.541431],[70.129135,37.532284],[70.007592,37.548846],[69.989505,37.56732],[69.955399,37.575485],[69.918812,37.617137],[69.895247,37.61817],[69.80223,37.581506],[69.754274,37.596673],[69.664977,37.576157],[69.528655,37.586027],[69.508656,37.578973],[69.491448,37.536986],[69.425405,37.49425],[69.411711,37.47252],[69.384478,37.453271],[69.37838,37.437406],[69.377036,37.380665],[69.391196,37.370692],[69.386441,37.34152],[69.417912,37.267675],[69.409851,37.245661],[69.445197,37.23641],[69.442148,37.223621],[69.407732,37.177473],[69.323913,37.120991],[69.245675,37.103886],[69.123615,37.169205],[69.096433,37.213027],[69.035765,37.251577],[69.021037,37.287958],[68.985225,37.320359],[68.965433,37.329144],[68.887867,37.338135],[68.890296,37.322943],[68.917633,37.302427],[68.915824,37.279069],[68.890296,37.281963],[68.856758,37.324906],[68.835829,37.329144],[68.813815,37.323408],[68.810197,37.312091],[68.822031,37.281963],[68.820378,37.250906],[68.759606,37.275245],[68.668862,37.278294],[68.657545,37.267675],[68.671239,37.247185],[68.648605,37.244369],[68.626901,37.206257],[68.551453,37.192615],[68.523858,37.164658],[68.403711,37.151635],[68.418025,37.128277],[68.411462,37.113369],[68.391877,37.105437],[68.307282,37.114221],[68.288317,37.103214],[68.280772,37.086652],[68.288317,37.024408],[68.277775,37.010068],[68.212559,37.021256],[68.186411,37.01831],[68.032725,36.925241],[68.011125,36.930874],[67.961825,36.98994],[67.918417,37.013814],[67.87811,37.064431],[67.832893,37.073087],[67.78535,37.096548],[67.773051,37.109984],[67.771966,37.12497],[67.780544,37.188868],[67.803954,37.233439],[67.820645,37.303306],[67.797339,37.424435],[67.801215,37.466448],[67.829224,37.527943],[67.871857,37.586802],[67.977328,37.679743],[68.050192,37.760409],[68.079648,37.806272],[68.122229,37.908333],[68.139954,37.922699],[68.217727,37.936083],[68.248733,37.948951],[68.280566,38.013236],[68.31953,38.06021],[68.344334,38.115452],[68.360664,38.174053],[68.35622,38.212604],[68.332035,38.24299],[68.25266,38.298749],[68.183724,38.335491],[68.146724,38.388743],[68.098044,38.432436],[68.086882,38.494034],[68.055153,38.536305],[68.053706,38.635937],[68.037635,38.691645],[68.04549,38.706708],[68.075927,38.726862],[68.063318,38.766317],[68.066729,38.787969],[68.135975,38.804506],[68.172562,38.845279],[68.173699,38.867319],[68.163725,38.887472],[68.134683,38.920985],[68.100938,38.979276],[68.085642,38.993771],[68.069106,38.996096],[68.019806,38.979689],[68.003373,38.982118],[67.963272,39.00191],[67.845243,38.973772],[67.690524,38.989611],[67.673254,39.002978],[67.667218,39.028368],[67.678587,39.105935],[67.66758,39.131773],[67.637711,39.13154],[67.619831,39.151255],[67.58035,39.163605],[67.499011,39.165983],[67.378192,39.199495],[67.35008,39.219829],[67.34269,39.259569],[67.346462,39.280808],[67.360622,39.291763],[67.386873,39.294192],[67.407079,39.361009],[67.414779,39.438111],[67.427284,39.47661],[67.436483,39.485705],[67.491156,39.490097],[67.487642,39.538001],[67.507435,39.552936],[67.587378,39.562651],[67.680447,39.614121],[67.717603,39.623371],[67.764525,39.622596],[68.106209,39.554124],[68.255864,39.550559],[68.337565,39.527924],[68.436267,39.528803],[68.51745,39.54844],[68.506702,39.56756],[68.520241,39.582546],[68.562926,39.603579],[68.600339,39.642853],[68.615842,39.828113],[68.626178,39.84961],[68.651086,39.844701],[68.685089,39.868007],[68.741623,39.819638],[68.757539,39.857517],[68.77144,39.860514],[68.787356,39.881701],[68.787615,39.895757],[68.755575,39.954048],[68.75201,39.972755],[68.758883,39.980558],[68.77976,39.969448],[68.815365,39.891881],[68.838258,39.864648],[68.880787,39.878342],[68.877428,39.900563],[68.789372,39.993994],[68.785031,40.03394],[68.761725,40.061483],[68.774696,40.07988],[68.813143,40.038901],[68.881769,40.070837],[68.977267,40.064894],[68.986982,40.091714],[68.977267,40.121015],[68.930655,40.146801],[68.687052,40.110318],[68.606954,40.142305],[68.581116,40.164216],[68.601993,40.17543],[68.698318,40.194964],[68.801877,40.19114],[68.856551,40.21274],[69.019229,40.232067],[69.197926,40.182975],[69.24769,40.181735],[69.285259,40.194964],[69.285259,40.218631],[69.212498,40.268758],[69.208364,40.298317],[69.234616,40.300849],[69.273115,40.289583],[69.305309,40.293821],[69.312699,40.34281],[69.306343,40.364979],[69.259731,40.437636],[69.238337,40.493964],[69.198029,40.545847],[69.198442,40.566517],[69.234254,40.585276],[69.30934,40.595818],[69.30717,40.699326],[69.314198,40.729298],[69.355074,40.780354],[69.417757,40.804229],[69.435844,40.802679],[69.477288,40.777047],[69.509224,40.77467],[69.66012,40.638709],[69.690919,40.630028],[69.717687,40.63628],[69.803315,40.70563],[70.009659,40.75803],[70.104227,40.813324],[70.207993,40.844588],[70.280392,40.877713],[70.335892,40.92696],[70.363539,41.032432],[70.40116,41.039977],[70.445705,41.025921],[70.70512,40.807433],[70.703157,40.788933],[70.64869,40.81751],[70.628743,40.815856],[70.619338,40.803195],[70.621766,40.785987],[70.637424,40.770587],[70.728892,40.754464],[70.767132,40.737618],[70.756293,40.695578],[70.732096,40.674986],[70.707239,40.668992],[70.617167,40.611941],[70.569315,40.570445],[70.525493,40.557112],[70.477796,40.505487],[70.399351,40.490191],[70.369637,40.475515],[70.353824,40.456136],[70.358785,40.427714],[70.384933,40.399706],[70.371394,40.364927],[70.442191,40.343327],[70.501929,40.35082],[70.524046,40.34374],[70.550608,40.310461],[70.581821,40.221732],[70.622128,40.199563],[70.707188,40.200183],[70.849711,40.233773],[70.958955,40.238372]]],[[[70.498725,39.881908],[70.619906,39.850695],[70.698919,39.858447],[70.70481,39.822067],[70.63298,39.79845],[70.581614,39.766566],[70.537379,39.817312],[70.490147,39.850179],[70.483739,39.882218],[70.498725,39.881908]]]]}},{"type":"Feature","properties":{"iso3":"MNG","name":"Mongolia","continent":"Asia"},"geometry":{"type":"Polygon","coordinates":[[[116.684278,49.823265],[116.037806,48.870145],[116.028194,48.767464],[115.800404,48.530372],[115.799991,48.242328],[115.51422,48.131637],[115.575715,47.909738],[115.914506,47.683912],[116.084314,47.806928],[116.243891,47.862894],[116.49969,47.836358],[116.822047,47.876304],[117.069681,47.810158],[117.360826,47.650865],[117.766899,47.993144],[118.182481,48.028206],[118.472799,47.989449],[118.542252,47.966246],[118.767406,47.756156],[119.08346,47.661562],[119.133896,47.527539],[119.310112,47.476095],[119.288822,47.429147],[119.699959,47.159526],[119.753961,47.094439],[119.770136,46.992998],[119.890439,46.88825],[119.903358,46.7264],[119.872662,46.673225],[119.697789,46.594883],[119.501263,46.628008],[119.316934,46.611678],[119.036951,46.668729],[118.967239,46.740456],[118.890551,46.713532],[118.846523,46.765493],[118.720071,46.676739],[118.268987,46.722937],[117.900638,46.607596],[117.797595,46.520262],[117.673365,46.516025],[117.556266,46.601601],[117.393795,46.57137],[117.405474,46.510806],[117.337468,46.357275],[116.831659,46.386369],[116.581959,46.298012],[116.357166,46.105559],[116.213195,45.908155],[116.251643,45.803252],[116.169891,45.709097],[116.011967,45.678557],[115.667389,45.454281],[115.33728,45.394698],[114.938855,45.373769],[114.703313,45.427151],[114.533711,45.3855],[114.418886,45.20148],[114.089294,44.961753],[113.889306,44.908268],[113.604776,44.739699],[112.748497,44.865273],[112.586027,44.923822],[112.412807,45.066036],[111.958261,45.084536],[111.738533,44.9663],[111.551361,44.69319],[111.538235,44.58343],[111.397055,44.387369],[111.410595,44.326081],[111.49059,44.282621],[111.543816,44.156737],[111.838785,43.938792],[111.944309,43.786372],[111.933353,43.696636],[111.77264,43.669299],[111.567691,43.50254],[111.401396,43.475513],[110.973412,43.3156],[110.406728,42.768605],[110.060186,42.638355],[109.912701,42.62882],[109.667342,42.54898],[109.493812,42.455213],[109.253414,42.425939],[108.961287,42.447539],[108.796852,42.398369],[108.177355,42.454309],[106.767829,42.286619],[105.218259,41.748435],[104.97383,41.586145],[104.892336,41.644772],[104.504918,41.656554],[104.500784,41.870598],[103.691427,41.759235],[103.073481,42.004517],[102.034164,42.18461],[101.886473,42.278015],[101.735371,42.461156],[101.524945,42.537456],[101.21871,42.529834],[100.016975,42.676518],[99.474476,42.564199],[97.193271,42.78726],[96.357767,42.724499],[96.318699,42.910069],[95.874385,43.247103],[95.832837,43.408902],[95.535284,43.95768],[95.327545,44.006669],[95.321447,44.148417],[95.397722,44.280502],[95.036814,44.254974],[94.69823,44.343496],[94.588055,44.4361],[94.338458,44.512116],[94.195005,44.65433],[93.927424,44.672933],[93.714,44.874575],[93.525278,44.951263],[93.165713,45.007642],[92.945055,45.005833],[92.861029,45.037872],[92.475109,44.997461],[92.218898,45.010122],[92.042991,45.074821],[91.54328,45.071824],[91.45605,45.137453],[91.249138,45.129701],[91.056798,45.217551],[90.873243,45.186184],[90.854433,45.270623],[90.796556,45.292844],[90.753251,45.42095],[90.651138,45.493142],[90.710773,45.752196],[91.002435,46.021843],[90.995923,46.113724],[90.896188,46.302033],[91.045326,46.551087],[90.998094,46.620256],[91.004812,46.74043],[90.925333,46.813139],[90.934428,46.856831],[90.885129,46.944733],[90.712116,47.014702],[90.46872,47.308922],[90.490011,47.361839],[90.448153,47.404033],[90.441228,47.493045],[90.327437,47.623037],[90.349554,47.64779],[90.082852,47.756104],[90.044612,47.879766],[89.96317,47.888654],[89.889066,47.824317],[89.751296,47.824317],[89.5418,48.031023],[89.369201,48.038154],[89.243989,47.980225],[89.074697,47.984256],[88.932328,48.096962],[88.805411,48.105954],[88.635809,48.175846],[88.580774,48.211994],[88.57297,48.32532],[88.50269,48.392551],[88.416701,48.394101],[88.304873,48.469006],[87.95182,48.575202],[87.942828,48.599489],[88.055018,48.673413],[88.05941,48.708087],[87.821078,48.788289],[87.737879,48.86937],[87.756896,48.920374],[87.8726,48.96802],[87.872238,49.00409],[87.815962,49.050599],[87.818081,49.154003],[87.956781,49.168886],[88.143953,49.27074],[88.115531,49.356575],[88.19997,49.454347],[88.633535,49.491244],[88.69565,49.446957],[88.870627,49.436002],[88.856157,49.511501],[88.88892,49.54168],[88.962662,49.46215],[89.160738,49.502716],[89.215619,49.545452],[89.178205,49.598472],[89.216445,49.634491],[89.37194,49.581678],[89.4416,49.643586],[89.702411,49.719964],[89.701532,49.75314],[89.638952,49.775464],[89.615284,49.854529],[89.667684,49.92729],[89.969423,49.96708],[90.020531,50.070743],[90.475232,50.21461],[90.683901,50.216212],[90.717594,50.280756],[91.012046,50.425295],[91.415743,50.461365],[91.475067,50.535986],[91.575733,50.561979],[91.749779,50.684091],[91.899951,50.707242],[92.15885,50.689103],[92.242772,50.720006],[92.315223,50.855863],[92.360905,50.868369],[92.443277,50.786307],[92.649776,50.674066],[92.735249,50.705227],[92.796123,50.788012],[92.961695,50.777884],[93.002933,50.634843],[93.104942,50.598825],[93.421512,50.609367],[94.25867,50.557535],[94.327503,50.404366],[94.368534,50.202725],[94.474987,50.162262],[94.624539,50.015191],[94.921575,50.045887],[95.076398,49.945531],[95.354727,49.947702],[95.500661,49.886724],[95.827876,50.020152],[95.946319,49.938503],[96.055976,49.99881],[96.346294,49.888584],[96.503287,49.922122],[96.56809,49.861764],[96.701932,49.91375],[96.969202,49.886672],[97.152964,49.750246],[97.343339,49.734175],[97.57361,49.847501],[97.566582,49.916799],[97.756338,49.961499],[97.829925,49.92331],[98.047999,50.023046],[98.262457,50.283805],[98.293462,50.518623],[98.038491,50.622958],[97.944026,50.774473],[97.990225,50.835606],[97.835713,50.940716],[97.80636,51.001126],[97.92904,51.21504],[97.922839,51.318471],[98.039731,51.4573],[98.111355,51.484714],[98.220392,51.475205],[98.228247,51.583416],[98.33222,51.718317],[98.682689,51.819474],[98.886398,52.128551],[98.962465,52.112557],[98.994712,52.058296],[99.232837,51.994243],[99.32389,51.934221],[99.709655,51.880581],[99.917911,51.749478],[100.510898,51.726895],[101.117011,51.527838],[101.241551,51.515177],[101.350175,51.450452],[101.526392,51.475826],[102.074679,51.374824],[102.183871,51.323897],[102.135295,51.240284],[102.146509,51.097632],[102.231051,50.964901],[102.216789,50.798864],[102.329392,50.718817],[102.275907,50.650191],[102.302933,50.563892],[102.513101,50.503688],[102.617798,50.399302],[102.927391,50.302977],[103.20169,50.296983],[103.276776,50.197557],[103.43873,50.192596],[103.601407,50.13353],[103.66807,50.131205],[103.785272,50.186137],[104.121685,50.148258],[104.405802,50.300548],[104.610441,50.314191],[104.901586,50.389794],[105.10576,50.390052],[105.32864,50.476455],[105.984879,50.399767],[106.044462,50.346024],[106.222281,50.292384],[106.656518,50.327007],[106.973656,50.196369],[107.048432,50.084644],[107.192196,50.006044],[107.946517,49.933491],[107.939489,49.663223],[108.002792,49.663171],[108.015711,49.602245],[108.106197,49.554341],[108.23637,49.532482],[108.334865,49.436363],[108.538057,49.32743],[109.286693,49.33854],[109.450714,49.305932],[109.51624,49.255909],[109.728527,49.266451],[110.181419,49.161962],[110.382234,49.240045],[110.603615,49.145322],[110.731359,49.137674],[111.362742,49.367634],[111.479117,49.343346],[111.661019,49.396366],[112.030195,49.411869],[112.473269,49.534135],[112.777126,49.501372],[113.043673,49.588602],[113.182683,49.801974],[113.579661,50.019945],[113.836803,50.076944],[113.973125,50.160505],[114.286285,50.276881],[114.473043,50.234041],[114.75375,50.236211],[114.997352,50.144331],[115.210156,49.97168],[115.368699,49.895405],[115.716275,49.877784],[116.053619,49.998448],[116.21764,50.013848],[116.575447,49.92176],[116.684278,49.823265]]]}},{"type":"Feature","properties":{"iso3":"VNM","name":"Vietnam","continent":"Asia"},"geometry":{"type":"MultiPolygon","coordinates":[[[[107.520393,14.704582],[107.490885,14.80424],[107.555326,14.876199],[107.461947,14.956814],[107.444687,15.011824],[107.589071,15.058178],[107.623591,15.187239],[107.656818,15.205688],[107.657594,15.282427],[107.598476,15.330616],[107.577702,15.39963],[107.493934,15.420042],[107.487475,15.481408],[107.447891,15.508124],[107.388669,15.492518],[107.24873,15.631088],[107.215295,15.727517],[107.150183,15.794283],[107.175246,15.848543],[107.390633,15.935824],[107.444738,16.00998],[107.435643,16.068839],[107.298959,16.064189],[107.13599,16.184784],[107.089101,16.281075],[106.956551,16.307068],[106.855885,16.414658],[106.846687,16.530052],[106.732482,16.417552],[106.670677,16.444424],[106.644322,16.57532],[106.540659,16.659139],[106.533425,16.97266],[106.411365,16.995708],[106.272614,17.28985],[106.233391,17.251971],[106.185435,17.257397],[106.019296,17.394495],[105.846025,17.597997],[105.735282,17.664039],[105.605212,17.85426],[105.606039,17.964124],[105.476021,18.127318],[105.472817,18.171993],[105.410031,18.201888],[105.381557,18.162768],[105.321871,18.170081],[105.292518,18.252737],[105.235933,18.249456],[105.166169,18.306791],[105.162862,18.366012],[105.079973,18.454353],[105.113615,18.580831],[105.169477,18.61486],[105.112684,18.698343],[104.919725,18.735576],[104.872906,18.777976],[104.721959,18.792007],[104.48094,18.977706],[104.210621,19.100747],[104.14773,19.182887],[103.973994,19.225288],[103.858549,19.295335],[104.089956,19.48367],[104.000969,19.680738],[104.109231,19.654874],[104.228966,19.706008],[104.295267,19.654874],[104.380068,19.685285],[104.505848,19.60281],[104.604963,19.606479],[104.675967,19.724689],[104.805003,19.790886],[104.81663,19.848092],[104.760716,19.86145],[104.780663,19.908088],[104.86903,19.977748],[104.945688,19.992373],[104.95688,20.091798],[104.903446,20.157091],[104.819162,20.220989],[104.657053,20.212695],[104.680928,20.340982],[104.589357,20.406818],[104.35981,20.439735],[104.444973,20.534613],[104.495823,20.511927],[104.542642,20.535699],[104.614071,20.642616],[104.389059,20.770981],[104.287877,20.885755],[104.099155,20.957688],[103.775557,20.834905],[103.755196,20.759406],[103.702383,20.708711],[103.713752,20.679824],[103.676338,20.656518],[103.577946,20.732896],[103.489373,20.752481],[103.426586,20.820694],[103.363799,20.787621],[103.115287,20.868391],[103.014518,21.040526],[102.951576,21.068999],[102.889099,21.166409],[102.887859,21.226923],[102.801301,21.254828],[102.878816,21.322162],[102.916798,21.438641],[102.86476,21.432181],[102.974107,21.575325],[102.95602,21.723946],[102.835149,21.716453],[102.806727,21.836084],[102.752157,21.6809],[102.657434,21.658421],[102.59103,21.901352],[102.478065,21.957576],[102.482871,22.021396],[102.20697,22.245413],[102.118655,22.397549],[102.218029,22.410675],[102.252549,22.495476],[102.376882,22.615572],[102.356263,22.658721],[102.442718,22.765175],[102.515789,22.745176],[102.535787,22.695825],[102.576198,22.713808],[102.831842,22.599707],[102.893698,22.487362],[103.029039,22.430157],[103.04418,22.486484],[103.142004,22.537799],[103.141745,22.607045],[103.244891,22.668695],[103.309642,22.787938],[103.36876,22.767139],[103.447515,22.618259],[103.503635,22.581413],[103.582545,22.755796],[103.646934,22.799049],[103.959525,22.507103],[104.02381,22.719183],[104.086856,22.791556],[104.241161,22.824396],[104.236821,22.742076],[104.35547,22.688642],[104.55122,22.832845],[104.588427,22.806852],[104.715344,22.827083],[104.823606,22.924132],[104.797923,23.085569],[104.861279,23.119598],[104.880864,23.171713],[104.945201,23.159828],[105.046642,23.226826],[105.217536,23.265351],[105.235933,23.319792],[105.312155,23.36581],[105.332258,23.317958],[105.414475,23.278477],[105.517156,23.167734],[105.539687,23.075466],[105.690324,23.043969],[105.853879,22.90465],[105.973975,22.939893],[105.989995,22.970615],[106.132105,22.975007],[106.202385,22.946998],[106.255405,22.854653],[106.457977,22.888966],[106.501178,22.921703],[106.610371,22.85287],[106.674398,22.861474],[106.731035,22.800108],[106.789843,22.797188],[106.680186,22.57945],[106.646338,22.568804],[106.587995,22.607768],[106.530324,22.449277],[106.536525,22.360548],[106.63378,22.30944],[106.662926,22.223296],[106.653107,21.968893],[106.722354,22.006978],[106.864774,21.968066],[106.920378,21.916958],[106.991898,21.935355],[107.021147,21.892257],[106.989107,21.82425],[107.172352,21.715058],[107.272656,21.718314],[107.348155,21.599355],[107.40996,21.645398],[107.445927,21.646949],[107.491196,21.58411],[107.76012,21.658214],[107.832363,21.639352],[107.991222,21.485663],[107.929698,21.442613],[107.909679,21.526516],[107.862804,21.530219],[107.847911,21.493109],[107.766856,21.520209],[107.786388,21.458401],[107.748546,21.4112],[107.676524,21.4112],[107.590587,21.293891],[107.522309,21.348538],[107.537446,21.301947],[107.415294,21.328681],[107.443126,21.293891],[107.367442,21.273383],[107.374278,21.03384],[107.224132,20.998236],[107.170909,20.93358],[107.066091,20.958726],[107.149181,21.03384],[107.092459,21.008246],[107.037934,21.032172],[106.997813,21.020168],[107.016775,20.957668],[106.863536,20.991604],[106.943126,20.90351],[106.881602,20.937649],[106.867931,20.882717],[106.783214,20.942572],[106.816905,20.969468],[106.812185,21.013373],[106.658702,21.024848],[106.67628,20.958726],[106.755138,20.938544],[106.744477,20.883002],[106.717784,20.90351],[106.699962,20.882758],[106.744477,20.848863],[106.749197,20.804348],[106.717784,20.807847],[106.805919,20.677558],[106.772472,20.707953],[106.675548,20.698635],[106.703136,20.659654],[106.654063,20.630805],[106.598155,20.655097],[106.628429,20.605862],[106.518565,20.540961],[106.579926,20.547187],[106.584483,20.496039],[106.518565,20.437323],[106.584239,20.457831],[106.563324,20.375474],[106.592593,20.275411],[106.504405,20.308254],[106.548513,20.291449],[106.569615,20.231994],[106.39503,20.204576],[106.160899,19.984076],[106.10141,19.979967],[106.114513,20.033271],[106.088878,19.973863],[106.039073,19.98843],[105.964366,19.935289],[105.932302,19.805406],[105.867442,19.773179],[105.915538,19.774482],[105.895274,19.72134],[105.866954,19.721096],[105.823904,19.598944],[105.791759,19.587592],[105.805431,19.60871],[105.812755,19.423163],[105.784923,19.403266],[105.808767,19.280178],[105.745779,19.23725],[105.737071,19.108466],[105.668305,19.089545],[105.614268,18.998603],[105.648285,18.892727],[105.716645,18.85456],[105.685802,18.831285],[105.757579,18.77204],[105.754731,18.676256],[105.766775,18.755601],[105.879242,18.510932],[105.949474,18.471015],[105.977306,18.402086],[106.112153,18.262885],[106.165782,18.26557],[106.332286,18.145209],[106.354015,18.114691],[106.306326,18.100491],[106.34669,18.059475],[106.422374,18.128363],[106.438975,18.051988],[106.518565,17.957017],[106.436046,17.881985],[106.478526,17.703518],[106.374522,17.765286],[106.285167,17.772121],[106.42921,17.731147],[106.383067,17.719184],[106.408702,17.682766],[106.417491,17.712958],[106.504405,17.682766],[106.638438,17.468899],[106.763927,17.335517],[107.111827,17.088284],[107.121267,17.018541],[107.203868,16.919257],[107.141775,16.874579],[107.190196,16.874579],[107.20753,16.904975],[107.635265,16.587226],[107.44337,16.648017],[107.663097,16.551825],[107.672862,16.49726],[107.707205,16.504543],[107.841156,16.379788],[107.79656,16.387356],[107.824067,16.304836],[107.882172,16.278062],[107.933116,16.305406],[107.930919,16.343411],[108.011974,16.319037],[108.042979,16.346381],[108.094493,16.236518],[108.046072,16.247382],[108.204356,16.216702],[108.142263,16.148383],[108.142833,16.119371],[108.236664,16.055121],[108.19752,16.00373],[108.258962,16.010565],[108.238617,16.146715],[108.331391,16.155341],[108.348399,16.134711],[108.258556,16.07099],[108.279145,15.995673],[108.388194,15.898383],[108.377126,15.874213],[108.40268,15.882392],[108.455333,15.747016],[108.618663,15.529242],[108.683442,15.517768],[108.628917,15.455715],[108.652517,15.438788],[108.690929,15.490424],[108.774587,15.375067],[108.77296,15.325344],[108.8213,15.345852],[108.796235,15.356391],[108.800141,15.429023],[108.877452,15.34398],[108.881033,15.29914],[108.943614,15.236884],[108.862478,15.152493],[108.897716,15.119859],[108.910004,15.146633],[109.005626,14.838772],[108.985525,14.836615],[109.080821,14.729478],[109.095063,14.667426],[109.076427,14.685614],[109.064464,14.57038],[109.239024,14.133002],[109.17449,14.172065],[109.184093,14.136298],[109.215099,14.119574],[109.266368,13.920722],[109.301606,13.88581],[109.303966,13.759263],[109.269786,13.755601],[109.259532,13.87401],[109.239024,13.879788],[109.221853,13.813218],[109.258962,13.77733],[109.224783,13.722113],[109.2942,13.530341],[109.211192,13.646959],[109.26588,13.533881],[109.31422,13.522895],[109.303722,13.479885],[109.334646,13.440904],[109.307384,13.406806],[109.277517,13.421617],[109.300466,13.461371],[109.262543,13.489325],[109.234141,13.410061],[109.308849,13.341457],[109.272634,13.263251],[109.2942,13.2355],[109.307384,13.283881],[109.321056,13.259019],[109.32838,13.084662],[109.467296,12.897691],[109.462901,12.862128],[109.368826,12.824612],[109.420746,12.691311],[109.469493,12.660346],[109.440278,12.564602],[109.403494,12.687445],[109.380138,12.647895],[109.354259,12.660061],[109.38559,12.70246],[109.362559,12.792914],[109.204926,12.64643],[109.204926,12.550238],[109.239024,12.583726],[109.237153,12.522284],[109.336681,12.410142],[109.297374,12.35102],[109.185069,12.45893],[109.149669,12.440375],[109.242035,12.305406],[109.182384,12.27261],[109.224783,12.200832],[109.198497,12.207953],[109.226817,12.137885],[109.213878,12.068101],[109.286794,11.967434],[109.266368,11.926459],[109.2942,11.878648],[109.228282,11.880805],[109.186209,12.117743],[109.163341,12.112006],[109.208181,11.97663],[109.125824,11.863593],[109.131602,11.830024],[109.163341,11.824042],[109.197927,11.869452],[109.203868,11.788682],[109.242931,11.735663],[109.135997,11.570217],[109.020274,11.632799],[109.038341,11.587714],[109.005626,11.343655],[108.951671,11.310126],[108.8213,11.323717],[108.766124,11.275946],[108.72934,11.181545],[108.646251,11.190497],[108.531261,11.153266],[108.481944,11.064032],[108.376313,11.026272],[108.300059,10.912828],[108.258637,10.951809],[108.106456,10.918158],[107.998302,10.699368],[107.898204,10.719957],[107.823904,10.692369],[107.586518,10.573513],[107.511404,10.501654],[107.32602,10.44245],[107.271983,10.378485],[107.190196,10.405178],[107.211925,10.443549],[107.175955,10.477444],[107.059825,10.480862],[107.059825,10.508205],[107.031912,10.474066],[107.025645,10.50137],[107.003591,10.488593],[107.031912,10.607489],[106.984141,10.699368],[107.026866,10.544176],[106.997813,10.54914],[106.997813,10.624905],[106.984141,10.566881],[107.011404,10.521877],[106.972179,10.47427],[106.943126,10.600653],[106.890554,10.644639],[106.828624,10.630276],[106.772472,10.686347],[106.747569,10.673651],[106.772472,10.603746],[106.740977,10.539984],[106.688813,10.503648],[106.662608,10.521877],[106.606781,10.447659],[106.579926,10.487738],[106.581879,10.452786],[106.597423,10.433051],[106.648936,10.474066],[106.689789,10.433051],[106.741059,10.468004],[106.781993,10.407782],[106.790782,10.284857],[106.437673,10.321845],[106.785655,10.164944],[106.79713,10.125393],[106.737071,10.054145],[106.704112,10.048896],[106.708344,10.075263],[106.653982,9.985012],[106.607432,9.97484],[106.468923,10.058987],[106.359874,10.220689],[106.292003,10.261705],[106.461681,10.035712],[106.6963,9.896552],[106.682465,9.855129],[106.674083,9.876125],[106.637869,9.825995],[106.586762,9.822943],[106.127289,10.239447],[106.19337,10.120266],[106.562999,9.747219],[106.575531,9.648627],[106.543712,9.585028],[106.497244,9.549994],[106.398204,9.54206],[106.250336,9.631171],[105.932872,9.95539],[105.838064,10.005032],[106.073497,9.747952],[106.197032,9.541164],[106.18393,9.362209],[105.538748,9.12934],[105.408214,9.000556],[105.315126,8.812237],[105.184031,8.740882],[105.101472,8.634275],[104.856212,8.565579],[104.728526,8.599514],[104.828136,8.656562],[104.845551,8.698147],[104.911632,8.685207],[104.963145,8.719387],[104.87615,8.699205],[104.864268,8.731757],[104.928966,8.747301],[104.91627,8.790473],[104.816661,8.771308],[104.774595,8.817867],[104.811717,8.937049],[104.856558,9.738037],[104.892789,9.851095],[104.969981,9.853664],[105.054861,9.933417],[105.076671,9.943427],[105.113292,9.857082],[105.107107,9.952704],[105.003266,10.092108],[104.901052,10.097317],[104.771983,10.22663],[104.707367,10.222317],[104.654145,10.14883],[104.615977,10.14643],[104.588878,10.260891],[104.503754,10.357367],[104.524913,10.41942],[104.48585,10.383287],[104.453624,10.379828],[104.455821,10.407172],[104.582536,10.531529],[104.854406,10.531322],[104.944323,10.641625],[105.042456,10.690821],[105.066227,10.746425],[105.011399,10.883833],[105.077906,10.946904],[105.097543,10.914348],[105.253296,10.883523],[105.303009,10.844016],[105.397887,10.954578],[105.523603,10.951294],[105.752904,11.015608],[105.878684,10.828074],[105.929844,10.880061],[106.177322,10.766863],[106.126938,10.908999],[106.124664,10.953183],[106.17665,10.996203],[106.160321,11.053512],[106.130865,11.084234],[106.08663,11.056329],[105.857187,11.279959],[105.872173,11.443463],[105.853208,11.546867],[105.793179,11.582884],[105.80489,11.624925],[105.840857,11.658153],[105.934081,11.642856],[106.01542,11.770497],[106.223624,11.72497],[106.287341,11.674586],[106.364184,11.688538],[106.425834,11.66208],[106.398859,11.746313],[106.436169,11.861189],[106.395416,11.965807],[106.70158,11.970795],[106.771963,12.065828],[106.953399,12.081072],[107.211884,12.30571],[107.320198,12.329223],[107.415851,12.254085],[107.514295,12.343847],[107.565093,12.606415],[107.46298,13.007321],[107.606951,13.369754],[107.604315,13.498531],[107.44324,13.783475],[107.430734,13.984471],[107.343143,14.020618],[107.31994,14.119837],[107.358594,14.238615],[107.351773,14.341968],[107.386912,14.421912],[107.455745,14.433875],[107.476726,14.475242],[107.520393,14.704582]]],[[[106.210704,9.620917],[106.279307,9.595689],[106.27003,9.534491],[106.189626,9.603827],[106.221446,9.572496],[106.196625,9.571682],[106.087169,9.754625],[106.210704,9.620917]]],[[[106.724132,10.268622],[106.7588,10.244371],[106.717784,10.231024],[106.511729,10.295885],[106.724132,10.268622]]],[[[107.172048,10.464586],[107.202647,10.438056],[107.100597,10.33515],[107.073741,10.372626],[107.172048,10.464586]]],[[[106.93629,10.439276],[106.977306,10.405178],[106.88795,10.370998],[106.879405,10.490058],[106.927501,10.521186],[106.93629,10.439276]]],[[[106.908946,10.532375],[106.855968,10.561713],[106.877696,10.635565],[106.929454,10.597561],[106.908946,10.532375]]],[[[109.32838,12.221259],[109.333507,12.189602],[109.287608,12.188951],[109.245291,12.221259],[109.32838,12.221259]]],[[[106.662608,8.739814],[106.57838,8.655463],[106.570974,8.705959],[106.658376,8.766669],[106.662608,8.739814]]],[[[106.498057,9.891181],[106.544119,9.838039],[106.422374,9.932807],[106.498057,9.891181]]],[[[104.082042,10.370998],[104.08546,10.248114],[104.033458,10.096015],[104.048025,10.025295],[104.01059,10.030463],[103.957042,10.233791],[103.849457,10.360541],[103.942149,10.374742],[103.993175,10.4501],[104.082042,10.370998]]],[[[106.874278,10.460395],[106.819591,10.46662],[106.85963,10.431789],[106.840099,10.405178],[106.770681,10.464301],[106.751964,10.566555],[106.785899,10.601386],[106.751964,10.665839],[106.85377,10.598375],[106.842459,10.55508],[106.871837,10.515204],[106.840099,10.50137],[106.874278,10.460395]]],[[[107.080333,20.800442],[107.031912,20.787421],[107.067393,20.749742],[107.031912,20.718492],[106.912852,20.8369],[107.022716,20.86225],[107.100841,20.804267],[107.080333,20.800442]]],[[[106.840099,20.879869],[106.886485,20.796129],[106.856212,20.792873],[106.819591,20.876776],[106.783865,20.852362],[106.785411,20.930813],[106.840099,20.879869]]],[[[107.525401,20.910305],[107.549571,20.956122],[107.463878,20.814114],[107.470714,20.876776],[107.525401,20.910305]]],[[[107.745128,21.020168],[107.792817,20.992255],[107.756114,20.945705],[107.745128,21.020168]]],[[[107.532725,21.020168],[107.546397,21.034898],[107.511729,20.923977],[107.41212,20.899482],[107.532725,21.040595],[107.532725,21.020168]]],[[[107.621267,21.116034],[107.5796,20.98314],[107.559418,20.986029],[107.621267,21.116034]]],[[[107.580577,21.211982],[107.603201,21.219306],[107.388682,21.047512],[107.455333,21.275702],[107.526622,21.207994],[107.580577,21.211982]]],[[[107.813487,21.3605],[107.817068,21.348538],[107.711436,21.307563],[107.813487,21.3605]]],[[[107.868663,21.390082],[107.998302,21.403754],[107.854259,21.350409],[107.872813,21.374213],[107.826915,21.370266],[107.868663,21.390082]]],[[[108.942556,10.551947],[108.966156,10.517646],[108.940196,10.504218],[108.942556,10.551947]]],[[[109.393403,12.601874],[109.400238,12.557929],[109.320323,12.627997],[109.393403,12.601874]]],[[[107.36964,20.825914],[107.383556,20.799302],[107.342133,20.828437],[107.36964,20.825914]]],[[[107.382172,20.887885],[107.367686,20.858385],[107.343516,20.877346],[107.382172,20.887885]]],[[[107.825694,21.02497],[107.856293,21.033271],[107.827403,20.989081],[107.825694,21.02497]]]]}},{"type":"Feature","properties":{"iso3":"KHM","name":"Cambodia","continent":"Asia"},"geometry":{"type":"MultiPolygon","coordinates":[[[[107.520393,14.704582],[107.532433,14.677942],[107.504011,14.602107],[107.505252,14.541026],[107.485718,14.509529],[107.464737,14.449042],[107.443136,14.423669],[107.423809,14.418966],[107.40779,14.433048],[107.386912,14.421912],[107.351773,14.341968],[107.349912,14.321556],[107.363761,14.283238],[107.358594,14.238615],[107.31994,14.119837],[107.344745,14.081312],[107.343143,14.020618],[107.354563,14.002402],[107.371565,13.996279],[107.40903,13.999922],[107.430734,13.984471],[107.431044,13.955997],[107.448046,13.909307],[107.435385,13.869697],[107.446237,13.839389],[107.438537,13.808952],[107.44324,13.783475],[107.514295,13.69255],[107.596925,13.535066],[107.604315,13.498531],[107.606951,13.369754],[107.460396,13.021609],[107.46298,13.007321],[107.481067,12.988769],[107.466081,12.952182],[107.487371,12.870559],[107.535947,12.799633],[107.540081,12.716693],[107.565093,12.606415],[107.563439,12.543628],[107.549642,12.509212],[107.55667,12.472676],[107.522253,12.366585],[107.499567,12.325812],[107.449648,12.299044],[107.415851,12.254085],[107.39301,12.252845],[107.343814,12.315115],[107.320198,12.329223],[107.27617,12.325399],[107.211884,12.30571],[107.152508,12.27703],[107.116231,12.232123],[106.953399,12.081072],[106.879295,12.062727],[106.771963,12.065828],[106.749225,12.05234],[106.70158,11.970795],[106.680496,11.965059],[106.630628,11.976169],[106.638586,11.961131],[106.504537,11.973379],[106.473738,11.952088],[106.460509,11.952915],[106.442061,11.974877],[106.394002,11.969813],[106.438753,11.863721],[106.42139,11.837573],[106.418289,11.803415],[106.397774,11.762126],[106.398859,11.746313],[106.434587,11.678428],[106.425834,11.66208],[106.412812,11.66177],[106.354314,11.69014],[106.274112,11.676808],[106.24321,11.714583],[106.223624,11.72497],[106.154636,11.746313],[106.113192,11.747088],[106.01542,11.770497],[105.992114,11.746313],[105.983071,11.706677],[105.934081,11.642856],[105.905504,11.644303],[105.85791,11.661563],[105.840857,11.658153],[105.80489,11.624925],[105.790421,11.587408],[105.80334,11.56622],[105.853208,11.546867],[105.85667,11.496276],[105.872173,11.443463],[105.844423,11.28988],[105.886746,11.267944],[105.899871,11.218593],[105.920439,11.203322],[105.973975,11.190378],[105.988755,11.176967],[106.013146,11.13927],[106.076502,11.077025],[106.08663,11.056329],[106.098102,11.077904],[106.113502,11.086921],[106.130865,11.084234],[106.160321,11.053512],[106.187864,10.976308],[106.180836,10.970262],[106.131434,10.96928],[106.122494,10.955508],[106.123424,10.927448],[106.151587,10.862981],[106.177322,10.766863],[106.15505,10.784847],[106.072212,10.796861],[106.0179,10.819806],[105.931342,10.896364],[105.908656,10.838383],[105.899355,10.828384],[105.878684,10.828074],[105.847523,10.855411],[105.821427,10.919671],[105.752904,11.015608],[105.726135,11.018372],[105.632188,10.973957],[105.473851,10.94091],[105.410496,10.963001],[105.357269,10.907966],[105.317891,10.838849],[105.253296,10.883523],[105.097543,10.914348],[105.077906,10.946904],[105.029072,10.914089],[105.011399,10.883833],[105.014809,10.84921],[105.066227,10.746425],[105.066744,10.713947],[105.042456,10.690821],[104.931352,10.630696],[104.854406,10.531322],[104.8188,10.517189],[104.773842,10.515328],[104.625531,10.533363],[104.566826,10.528067],[104.494273,10.427737],[104.469571,10.415774],[104.451345,10.419664],[104.422048,10.452297],[104.407563,10.446112],[104.363129,10.487738],[104.297699,10.480862],[104.286306,10.540473],[104.249848,10.570258],[104.230317,10.563137],[104.222667,10.570258],[104.207042,10.549994],[104.130138,10.562812],[104.089041,10.554633],[103.945567,10.588121],[103.917979,10.611233],[103.894298,10.658393],[103.876964,10.658393],[103.866384,10.699368],[103.858897,10.679592],[103.862804,10.603827],[103.820567,10.544013],[103.7671,10.535468],[103.754161,10.537746],[103.736095,10.555976],[103.701915,10.562812],[103.701915,10.555976],[103.741954,10.526272],[103.747081,10.508979],[103.655772,10.495185],[103.623871,10.500922],[103.606293,10.555976],[103.585785,10.54914],[103.570079,10.55508],[103.543793,10.596177],[103.523692,10.611233],[103.507091,10.604234],[103.501964,10.617133],[103.506847,10.635443],[103.528087,10.652167],[103.567393,10.726508],[103.605968,10.737535],[103.684174,10.74079],[103.688731,10.747748],[103.672211,10.75788],[103.678071,10.801215],[103.722423,10.84455],[103.722423,10.894843],[103.659516,11.029771],[103.674571,11.063666],[103.645844,11.082261],[103.604015,11.090644],[103.583507,11.134101],[103.56186,11.152248],[103.53297,11.162746],[103.502696,11.166083],[103.49643,11.138821],[103.468516,11.151801],[103.474457,11.133694],[103.448009,11.090399],[103.468272,11.099311],[103.470225,11.089057],[103.430837,11.006496],[103.414561,10.946357],[103.421235,10.909125],[103.40211,10.884345],[103.372895,10.884955],[103.352306,10.871894],[103.344086,10.895453],[103.277354,10.932685],[103.219005,10.892483],[103.222667,10.878119],[103.196788,10.876532],[103.181163,10.864447],[103.12672,10.881293],[103.140147,10.898586],[103.095551,10.933987],[103.112804,10.970893],[103.098481,11.080471],[103.115977,11.113837],[103.117686,11.149115],[103.088634,11.217678],[103.062266,11.219713],[103.059581,11.231838],[103.079275,11.245185],[103.0713,11.261664],[103.105642,11.299058],[103.134044,11.316148],[103.153168,11.30268],[103.15211,11.318101],[103.140147,11.357896],[103.112804,11.343655],[103.100271,11.356024],[103.092296,11.398871],[103.064464,11.447252],[103.084972,11.43301],[103.101573,11.452582],[103.129893,11.460354],[103.143321,11.45482],[103.15919,11.431098],[103.174327,11.426174],[103.133311,11.494452],[103.133311,11.508734],[103.128673,11.477484],[103.112804,11.46776],[103.091075,11.490546],[103.064464,11.503607],[103.057628,11.570217],[103.050792,11.563381],[103.057628,11.591254],[103.043305,11.594306],[103.03712,11.604926],[103.030284,11.542873],[102.998546,11.543158],[102.975108,11.529242],[102.9546,11.557115],[102.975108,11.570217],[103.00294,11.549709],[102.982432,11.583808],[102.982432,11.624823],[102.993826,11.635728],[103.024425,11.623481],[103.043305,11.624823],[103.043305,11.63227],[103.01352,11.63939],[103.009125,11.652737],[103.016775,11.652737],[103.016775,11.659573],[102.995453,11.652737],[102.989268,11.673245],[102.982432,11.673245],[102.982432,11.652737],[102.975108,11.659573],[102.975108,11.638495],[102.968761,11.638495],[102.975841,11.687323],[102.986339,11.702867],[103.021658,11.720526],[103.052582,11.705512],[103.066661,11.708197],[103.084972,11.727851],[103.069835,11.715155],[103.056,11.716132],[103.023448,11.734687],[102.982432,11.714179],[102.956065,11.766913],[102.932628,11.77912],[102.893077,11.830268],[102.907888,11.797553],[102.956798,11.746812],[102.968761,11.714179],[102.954845,11.667873],[102.965017,11.609931],[102.9546,11.570217],[102.940929,11.61518],[102.913585,11.645901],[102.928787,11.668695],[102.925118,11.725797],[102.9138,11.765536],[102.843004,11.866047],[102.797115,11.952967],[102.787142,12.002628],[102.77107,12.037354],[102.699963,12.138743],[102.692212,12.178483],[102.715053,12.342194],[102.730659,12.380072],[102.765127,12.416349],[102.762078,12.43609],[102.718412,12.465907],[102.704821,12.480325],[102.696759,12.513087],[102.664823,12.534223],[102.588549,12.609826],[102.558628,12.63122],[102.501784,12.649772],[102.479253,12.677108],[102.477961,12.719638],[102.495196,12.74603],[102.506642,12.787515],[102.483336,12.843791],[102.464836,12.927532],[102.4776,12.949934],[102.468815,12.973395],[102.490097,12.995188],[102.473156,13.006132],[102.38205,13.136615],[102.329187,13.272629],[102.330115,13.496361],[102.313424,13.541009],[102.332234,13.5646],[102.513205,13.567157],[102.597747,13.60545],[102.541058,13.6486],[102.54235,13.669709],[102.57439,13.693894],[102.674952,13.741901],[102.69862,13.761797],[102.706475,13.801949],[102.729109,13.832154],[102.772827,13.936076],[102.869772,14.020618],[102.876232,14.071313],[102.911268,14.13211],[102.918606,14.185492],[102.934058,14.200969],[103.004854,14.228771],[103.085005,14.295821],[103.118026,14.313236],[103.273675,14.351063],[103.362869,14.353466],[103.422503,14.384834],[103.449685,14.371579],[103.533401,14.419069],[103.550247,14.42186],[103.596136,14.404342],[103.616807,14.414548],[103.637064,14.44328],[103.657166,14.441161],[103.67148,14.42956],[103.674891,14.386487],[103.775247,14.366979],[103.824029,14.368039],[103.885162,14.340418],[103.902784,14.342433],[103.919837,14.364577],[103.973994,14.36729],[104.001383,14.345069],[104.110213,14.380441],[104.128352,14.366359],[104.140909,14.365998],[104.174809,14.401344],[104.185661,14.40398],[104.18349,14.391422],[104.201267,14.377987],[104.247466,14.401086],[104.325394,14.377625],[104.452621,14.356928],[104.492619,14.374007],[104.542848,14.360391],[104.562795,14.368478],[104.594628,14.41],[104.610441,14.418966],[104.66837,14.409638],[104.692865,14.433978],[104.712864,14.406848],[104.771672,14.439869],[104.78826,14.438215],[104.83141,14.411757],[104.86655,14.413772],[104.898175,14.39628],[104.97383,14.380648],[104.975949,14.301118],[105.00773,14.243835],[105.047314,14.214069],[105.101419,14.230528],[105.155007,14.33047],[105.184308,14.34574],[105.187977,14.291015],[105.197434,14.270293],[105.256913,14.182443],[105.303939,14.152393],[105.337787,14.109993],[105.36409,14.10405],[105.422175,14.107874],[105.490491,14.136916],[105.533175,14.16433],[105.561391,14.138156],[105.576532,14.144022],[105.594567,14.136348],[105.617253,14.10299],[105.643143,14.113455],[105.669343,14.100407],[105.716007,14.101543],[105.744015,14.086945],[105.787113,14.010154],[105.895581,13.924799],[105.924573,13.91711],[105.997437,13.928298],[106.069163,13.916542],[106.08384,13.934008],[106.081979,13.980957],[106.142079,14.03501],[106.149469,14.053562],[106.144559,14.072398],[106.10172,14.11516],[106.076191,14.174511],[106.012474,14.225774],[106.004051,14.245927],[106.004516,14.289982],[105.96917,14.33202],[105.973975,14.365843],[106.038158,14.347652],[106.055418,14.348428],[106.063531,14.372922],[106.17324,14.369667],[106.203936,14.399897],[106.230084,14.49046],[106.306462,14.445476],[106.393795,14.456173],[106.41922,14.466457],[106.445161,14.499478],[106.433586,14.505705],[106.434309,14.519606],[106.445781,14.529088],[106.484849,14.523817],[106.47317,14.537486],[106.47224,14.564073],[106.512496,14.590351],[106.530996,14.56596],[106.54376,14.512113],[106.585669,14.495964],[106.605358,14.466637],[106.6344,14.450902],[106.707161,14.429301],[106.766692,14.348324],[106.806896,14.312926],[106.835835,14.307061],[106.895676,14.33631],[106.933607,14.320161],[106.946113,14.32352],[106.961099,14.360391],[106.973656,14.363026],[107.027245,14.43527],[107.078559,14.400776],[107.131424,14.427544],[107.158709,14.451522],[107.180568,14.496171],[107.219739,14.497979],[107.233899,14.544927],[107.28728,14.598516],[107.305677,14.597224],[107.351566,14.561619],[107.414921,14.543429],[107.42784,14.553712],[107.430321,14.586243],[107.451766,14.632183],[107.473781,14.646265],[107.520393,14.704582]]],[[[103.784434,10.515041],[103.798595,10.505439],[103.805919,10.48432],[103.804861,10.463202],[103.794688,10.453559],[103.763845,10.456529],[103.743419,10.480862],[103.763927,10.494534],[103.760427,10.513821],[103.784434,10.515041]]],[[[103.29713,10.731024],[103.317556,10.721096],[103.318207,10.706773],[103.293224,10.696601],[103.277354,10.672675],[103.26002,10.706773],[103.213634,10.733344],[103.198497,10.762356],[103.208344,10.775702],[103.228526,10.78266],[103.245128,10.777981],[103.274669,10.74433],[103.294932,10.73843],[103.29713,10.731024]]],[[[103.03712,11.357896],[103.048676,11.330878],[103.043305,11.273424],[103.03712,11.261664],[103.007579,11.255072],[102.998057,11.260199],[103.00294,11.26911],[102.991954,11.280015],[102.988536,11.30093],[102.981456,11.40469],[102.989268,11.426174],[102.993663,11.41706],[103.016368,11.423082],[103.024181,11.417182],[103.036632,11.391995],[103.03712,11.357896]]],[[[103.030284,11.501899],[103.050792,11.46776],[103.030284,11.426174],[103.020356,11.426947],[103.023448,11.460354],[102.99586,11.513739],[103.009125,11.529242],[103.030284,11.51557],[103.030284,11.501899]]],[[[103.334158,10.58393],[103.338878,10.572414],[103.323497,10.545152],[103.292166,10.583157],[103.285167,10.599066],[103.289073,10.612738],[103.319509,10.617336],[103.312511,10.579088],[103.324718,10.573879],[103.334158,10.58393]]]]}},{"type":"Feature","properties":{"iso3":"ARE","name":"United Arab Emirates","continent":"Asia"},"geometry":{"type":"MultiPolygon","coordinates":[[[[56.279055,25.627446],[56.340017,25.60456],[56.369965,25.525702],[56.36378,25.433254],[56.368337,25.396308],[56.359223,25.37641],[56.383637,25.313463],[56.365977,25.209215],[56.36199,25.057278],[56.383311,24.978217],[56.328995,24.972689],[56.31928,24.962534],[56.308325,24.895174],[56.241662,24.842438],[56.171366,24.824069],[56.127251,24.7457],[56.099139,24.730507],[56.062138,24.731773],[56.031546,24.754149],[56.00209,24.823008],[55.96478,24.853859],[55.960852,24.881247],[55.978422,24.886105],[56.029272,24.861171],[56.005604,24.956178],[55.978422,24.971759],[55.935428,24.977727],[55.89698,24.968606],[55.829388,24.921167],[55.799105,24.886105],[55.788667,24.855202],[55.797038,24.778359],[55.792697,24.722291],[55.818226,24.643381],[55.790217,24.619868],[55.784016,24.58633],[55.759831,24.558528],[55.77368,24.49525],[55.774611,24.4259],[55.801069,24.40647],[55.810887,24.389236],[55.807373,24.340789],[55.762105,24.262965],[55.755697,24.230331],[55.830318,24.21227],[55.847164,24.211417],[55.903182,24.232243],[55.933154,24.220719],[55.960749,24.142429],[55.997853,24.08127],[55.986794,24.06538],[55.923542,24.051143],[55.807063,24.007476],[55.78846,24.009569],[55.762415,24.028147],[55.727998,24.019594],[55.646866,24.02502],[55.618341,24.020137],[55.499795,23.970605],[55.456801,23.963164],[55.45277,23.948565],[55.461555,23.930556],[55.514575,23.896605],[55.530595,23.874668],[55.538346,23.770049],[55.478298,23.67636],[55.445328,23.552259],[55.375255,23.469344],[55.321098,23.275092],[55.22591,23.121251],[55.191287,22.995471],[55.197592,22.849459],[55.186843,22.703577],[55.120387,22.623426],[52.558476,22.938575],[51.578536,24.101837],[51.569347,24.256171],[51.590668,24.28441],[51.591645,24.328599],[51.573985,24.364447],[51.593761,24.384914],[51.62379,24.339342],[51.634451,24.226874],[51.648692,24.218573],[51.662934,24.232815],[51.672618,24.278062],[51.700694,24.22191],[51.723643,24.227769],[51.740082,24.277533],[51.7588,24.290513],[51.77947,24.26203],[51.773448,24.153225],[51.785655,24.103746],[51.787771,24.04857],[51.809418,24.000678],[51.893565,23.990383],[51.928722,23.964748],[51.939138,23.969184],[51.931407,23.987982],[51.952891,23.990912],[52.016938,23.989691],[52.067393,23.963446],[52.145518,23.971991],[52.155528,23.966539],[52.171072,23.973375],[52.224376,23.974026],[52.279063,24.00137],[52.341075,24.007514],[52.378103,24.037991],[52.428071,24.052639],[52.444184,24.06269],[52.456554,24.084662],[52.574555,24.152086],[52.58074,24.199368],[52.600271,24.20954],[52.618419,24.203681],[52.670095,24.144721],[52.681326,24.140815],[52.697439,24.152167],[52.720063,24.151516],[52.782725,24.137885],[52.827647,24.152167],[52.947113,24.137885],[52.992198,24.152167],[53.00587,24.165839],[53.067231,24.121894],[53.107188,24.137885],[53.146495,24.121324],[53.163422,24.124823],[53.149669,24.132229],[53.142426,24.165839],[53.165294,24.170315],[53.215587,24.141547],[53.253754,24.098782],[53.309093,24.095771],[53.445811,24.119818],[53.47877,24.093695],[53.519298,24.096869],[53.557384,24.076402],[53.58961,24.047065],[53.629161,24.057034],[53.656993,24.048529],[53.70281,24.070502],[53.732107,24.06273],[53.878917,24.064846],[53.951182,24.103746],[54.014334,24.113267],[54.122569,24.144721],[54.153656,24.165269],[54.187022,24.203599],[54.252778,24.221096],[54.314952,24.258246],[54.323009,24.270657],[54.382579,24.254584],[54.427257,24.292141],[54.485606,24.388332],[54.483165,24.425116],[54.499278,24.432685],[54.485606,24.446967],[54.540294,24.432685],[54.513438,24.474311],[54.574392,24.446967],[54.5713,24.473334],[54.499278,24.487942],[54.440684,24.523912],[54.417328,24.528957],[54.417328,24.535102],[54.451915,24.556545],[54.465099,24.535102],[54.465831,24.554348],[54.485606,24.569892],[54.4935,24.542304],[54.512869,24.515286],[54.537446,24.49844],[54.56129,24.501614],[54.540294,24.515855],[54.581798,24.50845],[54.636404,24.597805],[54.619802,24.604315],[54.612153,24.613227],[54.615896,24.621161],[54.643403,24.630561],[54.65211,24.658393],[54.670584,24.666083],[54.650157,24.713853],[54.655528,24.721096],[54.640473,24.732611],[54.643321,24.748684],[54.691661,24.782172],[54.707042,24.8039],[54.737804,24.79092],[54.754161,24.792426],[54.773611,24.814765],[54.76002,24.830552],[54.868826,24.888658],[54.96811,24.958645],[55.049978,24.993394],[55.044607,25.013902],[55.082286,25.016832],[55.259044,25.215277],[55.263357,25.24494],[55.2824,25.260688],[55.29835,25.25849],[55.31837,25.225287],[55.301117,25.193671],[55.328868,25.201483],[55.334239,25.219224],[55.303722,25.283026],[55.339366,25.321438],[55.363292,25.324042],[55.359386,25.348578],[55.365489,25.358588],[55.376964,25.364976],[55.387055,25.357082],[55.438975,25.412787],[55.455333,25.399888],[55.465668,25.419623],[55.472504,25.412787],[55.486095,25.449937],[55.506602,25.47484],[55.494151,25.48078],[55.535655,25.562405],[55.551036,25.578599],[55.568126,25.584662],[55.542247,25.542548],[55.548188,25.529486],[55.563731,25.523749],[55.626313,25.536322],[55.656912,25.597724],[55.683442,25.623521],[55.733897,25.646796],[55.770518,25.687161],[55.842459,25.713813],[55.878103,25.740058],[55.959727,25.823676],[55.937185,25.776679],[55.948497,25.768948],[55.965994,25.834215],[56.030772,25.900865],[56.041026,25.933539],[56.007579,25.906887],[56.055349,25.988756],[56.077397,26.061048],[56.162701,26.073552],[56.183475,26.014537],[56.170555,25.87682],[56.139653,25.822973],[56.172002,25.76525],[56.141203,25.732694],[56.145131,25.670837],[56.150815,25.658848],[56.188849,25.645412],[56.205799,25.617766],[56.221508,25.613838],[56.279055,25.627446]],[[56.260625,25.331075],[56.233625,25.312526],[56.244887,25.277988],[56.208375,25.255374],[56.207625,25.220835],[56.219958,25.215258],[56.235771,25.211175],[56.252204,25.217635],[56.29315,25.245846],[56.344375,25.266528],[56.349123,25.294025],[56.309369,25.301328],[56.290688,25.327543],[56.260625,25.331075]]],[[[56.263026,25.249223],[56.259578,25.275982],[56.265075,25.281175],[56.288328,25.271926],[56.282979,25.255476],[56.263026,25.249223]]],[[[53.656993,24.158393],[53.628184,24.164211],[53.627778,24.171942],[53.72283,24.229885],[53.748302,24.234442],[53.770274,24.22724],[53.848155,24.275051],[53.853526,24.262681],[53.848155,24.254584],[53.863048,24.234687],[53.9546,24.200995],[53.964854,24.172593],[53.95102,24.149726],[53.920421,24.139838],[53.884613,24.141181],[53.854991,24.152167],[53.849376,24.174221],[53.837413,24.177436],[53.826996,24.158393],[53.834483,24.152167],[53.807302,24.135972],[53.774669,24.130113],[53.656993,24.158393]]],[[[54.190766,24.22724],[54.180837,24.245063],[54.112559,24.271674],[54.101573,24.297675],[54.115245,24.318508],[54.136974,24.32689],[54.188324,24.277493],[54.198904,24.253119],[54.190766,24.22724]]],[[[52.574474,24.34394],[52.587169,24.3605],[52.611095,24.373236],[52.634461,24.3666],[52.650855,24.324899],[52.648774,24.309516],[52.592154,24.253368],[52.556104,24.306946],[52.558239,24.326813],[52.574474,24.34394]]],[[[53.322759,24.262691],[53.308666,24.278623],[53.276008,24.288666],[53.266142,24.27381],[53.213838,24.280926],[53.186534,24.275946],[53.184581,24.287014],[53.191254,24.30036],[53.241873,24.297797],[53.329607,24.336115],[53.338327,24.33608],[53.357849,24.315161],[53.36671,24.319241],[53.361583,24.350735],[53.399099,24.401435],[53.416759,24.412828],[53.423595,24.39175],[53.446788,24.37995],[53.44044,24.341254],[53.369773,24.301218],[53.345793,24.298335],[53.331589,24.288463],[53.322759,24.262691]]],[[[54.382579,24.439521],[54.334809,24.453192],[54.334809,24.46894],[54.396251,24.522691],[54.389415,24.501573],[54.396658,24.483466],[54.451427,24.453192],[54.469737,24.436469],[54.470551,24.425035],[54.456716,24.420803],[54.382579,24.439521]]],[[[54.266368,24.294501],[54.239268,24.281195],[54.222179,24.284491],[54.183116,24.315009],[54.184581,24.337063],[54.203787,24.353746],[54.232432,24.357571],[54.273448,24.302924],[54.266368,24.294501]]],[[[54.325857,24.373033],[54.336111,24.350328],[54.32545,24.321275],[54.30893,24.31387],[54.279063,24.364447],[54.312673,24.359849],[54.292003,24.384508],[54.304861,24.385932],[54.325857,24.373033]]],[[[52.309744,24.539496],[52.332565,24.525414],[52.339238,24.501552],[52.326224,24.480646],[52.314228,24.475651],[52.283214,24.497016],[52.282338,24.510402],[52.309744,24.539496]]]]}},{"type":"Feature","properties":{"iso3":"GEO","name":"Georgia","continent":"Asia"},"geometry":{"type":"Polygon","coordinates":[[[41.551195,42.406457],[41.500173,42.64057],[41.482758,42.680243],[41.457367,42.71369],[41.424327,42.739895],[41.383474,42.75727],[41.307302,42.767646],[41.225352,42.802314],[41.205333,42.804429],[41.160899,42.790839],[41.150238,42.79564],[41.104747,42.846584],[41.081798,42.908149],[41.023123,42.989976],[40.958995,42.976386],[40.933767,42.982733],[40.903982,43.016343],[40.886567,43.024156],[40.855968,43.063056],[40.783051,43.084174],[40.682872,43.094306],[40.591807,43.085639],[40.520193,43.127265],[40.478526,43.134019],[40.398285,43.16234],[40.361176,43.165473],[40.335134,43.140855],[40.301036,43.188666],[40.268403,43.216376],[40.272797,43.247992],[40.257172,43.277411],[40.219086,43.319037],[40.133474,43.34162],[40.086925,43.370307],[39.985976,43.38899],[40.059187,43.535199],[40.096705,43.562639],[40.164297,43.575843],[40.23313,43.575765],[40.479834,43.508741],[40.519624,43.505175],[40.615536,43.535845],[40.651916,43.538971],[40.740179,43.495279],[40.874952,43.455643],[41.011791,43.375416],[41.042487,43.369834],[41.146666,43.37986],[41.180773,43.374692],[41.278751,43.333196],[41.350271,43.34335],[41.380657,43.334772],[41.41311,43.291286],[41.506128,43.25979],[41.577544,43.215296],[41.687408,43.220205],[41.82032,43.20124],[41.919332,43.205943],[42.011316,43.181861],[42.043356,43.18057],[42.075292,43.185272],[42.185363,43.225476],[42.354551,43.236018],[42.422867,43.22899],[42.534902,43.165067],[42.615207,43.13698],[42.673602,43.165893],[42.75153,43.176952],[42.829768,43.168761],[42.914827,43.121943],[43.000093,43.098662],[42.989758,43.05267],[42.998853,43.042206],[43.048256,43.016962],[43.155588,42.942393],[43.194345,42.926761],[43.517426,42.86046],[43.586259,42.835629],[43.662843,42.779845],[43.755964,42.763127],[43.800613,42.746462],[43.811775,42.717265],[43.788727,42.69308],[43.725682,42.6544],[43.722581,42.624867],[43.751107,42.598745],[43.885362,42.579211],[43.939726,42.55221],[43.973212,42.563992],[44.011504,42.600321],[44.055068,42.615307],[44.150824,42.618666],[44.197384,42.629105],[44.230147,42.653806],[44.272005,42.702382],[44.360682,42.703751],[44.508115,42.750286],[44.600977,42.749123],[44.679422,42.723672],[44.73637,42.677551],[44.761071,42.619234],[44.773473,42.609648],[44.833676,42.734085],[44.85936,42.75951],[44.902974,42.753076],[45.029788,42.688765],[45.066995,42.688455],[45.122961,42.702278],[45.155362,42.693261],[45.282693,42.586394],[45.32269,42.530118],[45.35597,42.519964],[45.47927,42.54234],[45.620657,42.530377],[45.698688,42.507587],[45.739616,42.471466],[45.736412,42.447539],[45.62138,42.224478],[45.631405,42.201172],[45.811601,42.115492],[45.881364,42.102031],[45.895162,42.091876],[45.923481,42.039631],[45.947562,42.022914],[45.995156,42.033456],[46.02673,42.01679],[46.05846,42.02033],[46.068278,42.015318],[46.074996,41.993484],[46.099181,41.985061],[46.224341,41.993484],[46.294156,41.93863],[46.406552,41.91504],[46.430892,41.890442],[46.371309,41.805692],[46.328314,41.766418],[46.297773,41.750812],[46.208321,41.755514],[46.188994,41.740141],[46.179537,41.705879],[46.180002,41.655159],[46.192767,41.610174],[46.21969,41.593302],[46.24005,41.615497],[46.2539,41.615911],[46.278394,41.578393],[46.29674,41.510387],[46.313948,41.493747],[46.366244,41.466566],[46.398284,41.458711],[46.445103,41.425948],[46.591554,41.372928],[46.607367,41.345023],[46.62287,41.349622],[46.657079,41.320631],[46.694803,41.269782],[46.674649,41.261669],[46.669482,41.229888],[46.64447,41.207977],[46.621113,41.114597],[46.601786,41.09403],[46.543546,41.097027],[46.522411,41.087002],[46.496779,41.044834],[46.47492,41.044111],[46.41265,41.09186],[46.332345,41.115889],[46.228578,41.195419],[46.135406,41.199915],[46.041613,41.165447],[45.969163,41.168289],[45.820748,41.208804],[45.709747,41.267715],[45.685872,41.29624],[45.708093,41.317117],[45.7453,41.329158],[45.74406,41.335359],[45.65559,41.352361],[45.511826,41.39458],[45.464801,41.430185],[45.396794,41.423261],[45.314422,41.451631],[45.281711,41.452923],[45.24962,41.4445],[44.955168,41.262702],[44.820706,41.273347],[44.801275,41.258516],[44.809543,41.244409],[44.847061,41.230766],[44.857706,41.219346],[44.847784,41.208907],[44.674926,41.208494],[44.612863,41.223118],[44.591366,41.21578],[44.551523,41.177023],[44.531008,41.181467],[44.516641,41.20684],[44.45494,41.180485],[44.410601,41.18772],[44.344921,41.213248],[44.308489,41.193817],[44.284976,41.190872],[44.218107,41.221568],[44.180331,41.229939],[44.168446,41.223583],[44.160074,41.1979],[44.124727,41.178056],[44.061269,41.184154],[43.955849,41.160486],[43.863245,41.158988],[43.820353,41.1455],[43.754156,41.108241],[43.566622,41.124054],[43.524144,41.122814],[43.450453,41.104676],[43.440428,41.106588],[43.451797,41.132581],[43.437586,41.156197],[43.383274,41.187203],[43.322606,41.19206],[43.230622,41.17263],[43.216204,41.180537],[43.192226,41.224978],[43.172021,41.242342],[43.103136,41.248801],[43.157241,41.26973],[43.18401,41.298979],[43.12391,41.312932],[43.002057,41.382695],[42.957719,41.437007],[42.926093,41.459073],[42.888989,41.469976],[42.868008,41.500207],[42.829974,41.472508],[42.766516,41.504341],[42.806823,41.542995],[42.819949,41.572347],[42.800932,41.57922],[42.660992,41.588264],[42.585235,41.578755],[42.565184,41.567128],[42.554952,41.550333],[42.535522,41.493489],[42.483846,41.442174],[42.463072,41.431839],[42.437854,41.430857],[42.262464,41.482327],[42.18929,41.481707],[42.158387,41.499897],[42.111775,41.493489],[42.069401,41.498605],[42.019585,41.485066],[41.947961,41.505581],[41.894011,41.485531],[41.862695,41.451786],[41.812982,41.421814],[41.760996,41.453543],[41.706839,41.463155],[41.703945,41.485117],[41.694953,41.489097],[41.669839,41.480467],[41.627257,41.480518],[41.520763,41.514228],[41.615733,41.632636],[41.676036,41.662177],[41.739757,41.749905],[41.743907,41.778632],[41.773936,41.821601],[41.773936,41.906928],[41.755707,42.006415],[41.684906,42.098944],[41.664073,42.113959],[41.649181,42.212226],[41.596202,42.349433],[41.55836,42.382799],[41.551195,42.406457]]]}},{"type":"Feature","properties":{"iso3":"AZE","name":"Azerbaijan","continent":"Asia"},"geometry":{"type":"MultiPolygon","coordinates":[[[[44.979456,41.082041],[45.018885,41.07491],[45.029995,41.046281],[45.015732,41.023234],[44.979456,41.032639],[44.96695,41.044834],[44.963953,41.073773],[44.979456,41.082041]]],[[[45.0024,41.290452],[45.24962,41.4445],[45.314422,41.451631],[45.396794,41.423261],[45.464801,41.430185],[45.511826,41.39458],[45.65559,41.352361],[45.74406,41.335359],[45.7453,41.329158],[45.708093,41.317117],[45.685872,41.29624],[45.709747,41.267715],[45.820748,41.208804],[45.969163,41.168289],[46.017428,41.163793],[46.061353,41.170925],[46.113133,41.19604],[46.210595,41.200174],[46.228578,41.195419],[46.332345,41.115889],[46.41265,41.09186],[46.456988,41.052431],[46.496779,41.044834],[46.522411,41.087002],[46.543546,41.097027],[46.601786,41.09403],[46.621113,41.114597],[46.64447,41.207977],[46.669482,41.229888],[46.674649,41.261669],[46.691703,41.268542],[46.688499,41.284355],[46.631034,41.345539],[46.607367,41.345023],[46.591554,41.372928],[46.445103,41.425948],[46.398284,41.458711],[46.366244,41.466566],[46.313948,41.493747],[46.29674,41.510387],[46.278394,41.578393],[46.2539,41.615911],[46.24005,41.615497],[46.21969,41.593302],[46.192767,41.610174],[46.180002,41.655159],[46.179537,41.705879],[46.188994,41.740141],[46.208321,41.755514],[46.276947,41.749313],[46.313741,41.756651],[46.371309,41.805692],[46.430892,41.890442],[46.525511,41.882303],[46.543546,41.874293],[46.549127,41.855379],[46.544321,41.814761],[46.549851,41.79776],[46.567576,41.786675],[46.586593,41.786779],[46.636512,41.816518],[46.69749,41.828223],[46.740795,41.851245],[46.754024,41.800886],[46.769114,41.77572],[46.834795,41.730245],[46.902232,41.712752],[46.915978,41.680945],[46.97923,41.635496],[47.003932,41.60542],[47.012613,41.5755],[47.027031,41.556948],[47.107491,41.569919],[47.125578,41.566301],[47.141391,41.5524],[47.159323,41.503514],[47.187073,41.485634],[47.200509,41.45685],[47.239059,41.415716],[47.24092,41.338925],[47.250842,41.316032],[47.268411,41.302803],[47.375588,41.259447],[47.500955,41.246321],[47.547309,41.205651],[47.567773,41.205496],[47.622498,41.229061],[47.743731,41.192681],[47.828739,41.198417],[47.894627,41.219294],[47.892146,41.283269],[47.929456,41.313552],[47.942686,41.3474],[47.953228,41.355771],[47.979169,41.352412],[48.001648,41.362076],[48.053532,41.461295],[48.086553,41.476643],[48.201843,41.493489],[48.370153,41.58015],[48.393046,41.598883],[48.455419,41.714406],[48.578949,41.845282],[48.655447,41.800605],[48.777843,41.68301],[48.79184,41.667426],[48.797618,41.643134],[48.865896,41.585395],[48.904063,41.523383],[48.941173,41.504625],[48.994477,41.440416],[49.027599,41.43122],[49.042491,41.414374],[49.135916,41.27497],[49.154307,41.166449],[49.178477,41.128852],[49.195486,41.057278],[49.243175,40.997219],[49.363129,40.894232],[49.382009,40.866645],[49.448741,40.831285],[49.471039,40.835761],[49.538829,40.788072],[49.509532,40.699042],[49.510753,40.687934],[49.53891,40.653998],[49.58961,40.62519],[49.652599,40.619208],[49.723806,40.580756],[49.816742,40.565375],[49.858653,40.566636],[49.938162,40.58747],[50.052013,40.584296],[50.109386,40.527086],[50.237559,40.496161],[50.27589,40.436591],[50.317393,40.42121],[50.350597,40.385891],[50.360525,40.36518],[50.370779,40.28262],[50.391124,40.235012],[50.387869,40.221137],[50.32309,40.296576],[50.273692,40.327338],[50.229991,40.34276],[50.127696,40.358954],[50.055186,40.351508],[50.003754,40.324205],[49.983735,40.324205],[49.955821,40.351508],[49.893403,40.369045],[49.840343,40.337836],[49.847179,40.314154],[49.819021,40.29206],[49.778331,40.275824],[49.711925,40.26435],[49.653656,40.23843],[49.577159,40.216742],[49.492524,40.153998],[49.496593,40.09455],[49.442638,40.078437],[49.432628,40.062974],[49.435069,40.042792],[49.448741,40.022528],[49.483897,39.988674],[49.435395,39.957668],[49.423676,39.935492],[49.443126,39.873358],[49.416515,39.843736],[49.421397,39.810248],[49.40089,39.796617],[49.394786,39.782457],[49.40089,39.769273],[49.396332,39.756171],[49.424815,39.718085],[49.423595,39.70954],[49.383962,39.690131],[49.318044,39.621405],[49.319021,39.604193],[49.29713,39.565579],[49.284923,39.522203],[49.285818,39.495185],[49.295746,39.476711],[49.388845,39.410793],[49.408946,39.38642],[49.397309,39.34516],[49.407074,39.323676],[49.366873,39.350979],[49.37908,39.31981],[49.407074,39.296942],[49.407074,39.289496],[49.384532,39.293687],[49.357677,39.320136],[49.306407,39.346503],[49.273123,39.336575],[49.247325,39.310696],[49.237071,39.278957],[49.237804,39.169501],[49.210785,39.090766],[49.203298,39.034125],[49.193858,39.016343],[49.118826,38.975328],[49.079275,38.963324],[49.051524,38.981024],[49.055837,39.007514],[49.125499,39.028144],[49.146821,39.063422],[49.147716,39.083441],[49.136404,39.102281],[49.116384,39.110297],[49.068614,39.111396],[49.05893,39.172797],[49.041189,39.184394],[48.967621,39.183824],[48.949555,39.151272],[48.946951,39.127509],[48.934825,39.124416],[48.936371,39.053127],[48.952647,39.031643],[48.921723,38.935452],[48.898692,38.893052],[48.867931,38.863837],[48.831798,38.871161],[48.834727,38.819281],[48.863129,38.756659],[48.874278,38.434231],[48.777725,38.444812],[48.683209,38.398019],[48.607865,38.395978],[48.575929,38.420369],[48.433715,38.569972],[48.415267,38.618109],[48.391754,38.618109],[48.341059,38.599583],[48.310312,38.600151],[48.228043,38.662189],[48.230317,38.698621],[48.222979,38.721462],[48.077974,38.780941],[48.012966,38.821559],[47.993122,38.850085],[47.990745,38.891219],[48.000046,38.902588],[48.052446,38.927909],[48.058544,38.948373],[48.243184,38.973875],[48.293672,39.004597],[48.306798,39.045396],[48.271296,39.108312],[48.199104,39.138232],[48.142157,39.181201],[48.104329,39.234841],[48.10619,39.26918],[48.124587,39.297602],[48.153525,39.319048],[48.187218,39.332587],[48.24985,39.342354],[48.302457,39.369898],[48.33894,39.378941],[48.288608,39.445035],[48.220085,39.494025],[48.052033,39.650087],[47.971418,39.704554],[47.957708,39.707256],[47.922945,39.684142],[47.823106,39.680318],[47.745282,39.623784],[47.606995,39.563581],[47.54116,39.51516],[47.448762,39.494696],[47.406904,39.476816],[47.291356,39.379613],[47.10222,39.308403],[47.020468,39.18996],[46.953754,39.16066],[46.898718,39.171744],[46.866391,39.165445],[46.837378,39.143245],[46.806011,39.102395],[46.773765,39.085367],[46.744826,39.040254],[46.65217,38.992944],[46.585352,38.907704],[46.553726,38.889824],[46.514039,38.882176],[46.475075,38.95106],[46.475798,38.975607],[46.494609,39.025526],[46.491921,39.081905],[46.479312,39.114771],[46.396268,39.164432],[46.395286,39.19518],[46.418334,39.211923],[46.453371,39.208409],[46.514142,39.184431],[46.572795,39.21151],[46.602612,39.215489],[46.59114,39.231069],[46.517656,39.278844],[46.49528,39.324009],[46.374616,39.378838],[46.36087,39.410257],[46.373996,39.435992],[46.405725,39.451185],[46.491405,39.466429],[46.498588,39.483121],[46.492025,39.510199],[46.518276,39.525444],[46.527268,39.538156],[46.524271,39.554641],[46.495435,39.575932],[46.396423,39.576655],[46.343713,39.618616],[46.309504,39.620528],[46.241187,39.593502],[46.206461,39.587921],[46.18424,39.593243],[46.131685,39.652154],[46.076546,39.668122],[46.045127,39.687553],[46.006576,39.747911],[45.97924,39.768478],[45.861882,39.804548],[45.816821,39.839171],[45.764421,39.92206],[45.742768,39.940509],[45.715431,39.950896],[45.611148,39.959164],[45.579419,39.970171],[45.576267,39.993891],[45.63957,40.025413],[45.803901,40.004484],[45.873768,40.009755],[45.894025,40.029082],[45.909528,40.082671],[45.950766,40.117191],[45.962961,40.141685],[45.9811,40.205971],[45.97924,40.223592],[45.924618,40.266174],[45.861676,40.261265],[45.819152,40.297141],[45.585413,40.398724],[45.526192,40.441047],[45.48542,40.505281],[45.455447,40.523626],[45.444647,40.566362],[45.387803,40.609512],[45.37354,40.632715],[45.373643,40.675296],[45.39881,40.708937],[45.437929,40.73338],[45.555855,40.776582],[45.58221,40.799371],[45.600968,40.840557],[45.599159,40.862675],[45.537871,40.875904],[45.47927,40.929906],[45.416432,40.961325],[45.425217,40.993675],[45.419119,41.017342],[45.391523,41.015069],[45.335351,40.99383],[45.312562,40.99662],[45.221611,41.014449],[45.120016,41.079613],[45.111024,41.049537],[45.070044,41.062094],[45.057177,41.078786],[45.067822,41.110928],[45.166731,41.107776],[45.201044,41.126741],[45.199752,41.142658],[45.134433,41.187875],[45.034853,41.197693],[45.029323,41.210096],[45.0394,41.23118],[45.0024,41.290452]],[[45.513687,40.601967],[45.547173,40.621553],[45.560712,40.647649],[45.520198,40.660413],[45.47927,40.650233],[45.471312,40.629873],[45.47927,40.609822],[45.513687,40.601967]]],[[[46.135871,38.863701],[46.067968,38.874114],[46.001822,38.897472],[45.791086,38.932095],[45.716878,38.954781],[45.627788,38.955504],[45.535565,38.968453],[45.438601,39.004235],[45.425268,39.025629],[45.434518,39.052785],[45.396381,39.073327],[45.379328,39.111154],[45.345273,39.138439],[45.353903,39.153193],[45.348219,39.163916],[45.311115,39.176292],[45.311115,39.200528],[45.28569,39.194921],[45.178927,39.219829],[45.152727,39.213525],[45.135828,39.278482],[45.096038,39.341114],[45.051699,39.386848],[45.006379,39.417957],[44.982505,39.420179],[44.957028,39.434493],[44.953307,39.441625],[44.961627,39.453769],[44.940698,39.468083],[44.928399,39.488237],[44.886438,39.605956],[44.865354,39.617583],[44.872279,39.625076],[44.809647,39.636962],[44.795746,39.652361],[44.774559,39.702797],[44.802929,39.712409],[44.927159,39.724708],[44.995992,39.760468],[45.033509,39.77039],[45.067512,39.757213],[45.151538,39.667709],[45.148334,39.57526],[45.16792,39.565545],[45.204765,39.572314],[45.233187,39.592727],[45.259955,39.599703],[45.312975,39.533815],[45.374884,39.525857],[45.434828,39.488857],[45.47927,39.497177],[45.586447,39.545391],[45.714656,39.569472],[45.737859,39.569782],[45.788088,39.548957],[45.79708,39.536348],[45.794031,39.493973],[45.803075,39.448188],[45.758633,39.369484],[45.767004,39.354395],[45.823745,39.343078],[45.887204,39.299669],[45.958827,39.272436],[45.985802,39.24944],[45.986009,39.234686],[45.955107,39.203241],[45.949009,39.177791],[45.958104,39.151513],[46.02549,39.063767],[46.07758,38.950492],[46.135871,38.863701]]],[[[45.209932,40.967991],[45.186781,40.970834],[45.17717,40.99383],[45.191846,40.997809],[45.220474,40.97905],[45.209932,40.967991]]],[[[50.618907,40.299994],[50.587576,40.300605],[50.572765,40.310045],[50.562999,40.324856],[50.565278,40.337836],[50.578298,40.330024],[50.606944,40.337836],[50.621267,40.326077],[50.625743,40.31037],[50.618907,40.299994]]],[[[50.388438,40.401679],[50.353689,40.399888],[50.358653,40.424221],[50.32602,40.458075],[50.326427,40.481879],[50.360525,40.474433],[50.362804,40.453559],[50.395274,40.420396],[50.388438,40.401679]]]]}},{"type":"Feature","properties":{"iso3":"TUR","name":"Turkey","continent":"Asia"},"geometry":{"type":"MultiPolygon","coordinates":[[[[43.440428,41.106588],[43.460479,41.022872],[43.636178,40.933523],[43.720618,40.762888],[43.707182,40.611941],[43.652508,40.529414],[43.559491,40.477892],[43.625326,40.42017],[43.594217,40.345445],[43.714933,40.180649],[43.666357,40.14892],[43.665427,40.110163],[44.032433,40.008618],[44.10447,40.035955],[44.325645,40.034663],[44.522171,39.933533],[44.594466,39.836794],[44.759107,39.723106],[44.795746,39.652361],[44.565734,39.765894],[44.459487,39.698457],[44.387967,39.414495],[44.29495,39.381215],[44.076978,39.400594],[44.020961,39.361991],[44.069434,39.287009],[44.076565,39.208693],[44.194801,39.120533],[44.179143,39.034931],[44.139197,38.993952],[44.151961,38.964625],[44.205756,38.875664],[44.275002,38.843573],[44.248648,38.721824],[44.297017,38.622321],[44.286578,38.390991],[44.424657,38.377038],[44.459177,38.322416],[44.372413,38.249501],[44.36709,38.162478],[44.227564,37.98099],[44.206376,37.908333],[44.219605,37.875312],[44.367142,37.860222],[44.450496,37.766636],[44.506461,37.779349],[44.59612,37.716381],[44.540878,37.632717],[44.583511,37.601091],[44.565941,37.447173],[44.801585,37.292686],[44.753526,37.215326],[44.766135,37.14192],[44.733786,37.167242],[44.57824,37.166415],[44.454423,37.076343],[44.343112,37.042443],[44.297223,36.969941],[44.243273,36.97777],[44.180021,37.087608],[44.248337,37.16967],[44.235005,37.236772],[44.088037,37.31116],[43.990369,37.312504],[43.89363,37.224912],[43.822007,37.202381],[43.463269,37.248684],[43.336145,37.32023],[43.263385,37.310695],[43.131971,37.367255],[42.937048,37.320152],[42.780468,37.375498],[42.722177,37.358909],[42.545237,37.140887],[42.357238,37.109984],[42.353208,37.227031],[42.211201,37.324906],[42.009249,37.175613],[41.479773,37.075568],[41.20134,37.064974],[40.896449,37.122696],[40.708967,37.100476],[39.765252,36.742151],[39.239599,36.661278],[39.03217,36.701172],[38.725005,36.693937],[38.479956,36.855736],[38.224261,36.908394],[37.819738,36.760548],[37.654063,36.732126],[37.446117,36.634199],[37.241892,36.65859],[37.053066,36.619936],[37.014515,36.642261],[37.018443,36.706649],[36.945889,36.762667],[36.659563,36.827243],[36.603274,36.746957],[36.533821,36.462478],[36.67004,36.237324],[36.439253,36.201409],[36.361429,36.218152],[36.358018,35.99398],[36.29735,36.000749],[36.269031,35.958736],[36.196891,35.951708],[36.157617,35.822569],[35.992356,35.877346],[35.980263,35.926852],[35.920835,35.915122],[35.975434,36.0185],[35.787364,36.304267],[35.918712,36.448188],[36.211192,36.642401],[36.188975,36.801744],[36.09547,36.897121],[36.020274,36.926337],[35.820649,36.785142],[35.6067,36.740383],[35.579438,36.685126],[35.634044,36.726711],[35.709158,36.719875],[35.6067,36.657782],[35.695567,36.706204],[35.631358,36.607164],[35.55714,36.58747],[35.490001,36.613918],[35.531016,36.582709],[35.445486,36.59634],[35.347992,36.544379],[34.98227,36.720771],[34.900401,36.719875],[34.907888,36.740383],[34.770763,36.816067],[34.692882,36.81387],[34.554698,36.767646],[34.276215,36.586982],[34.177745,36.473375],[34.077322,36.413886],[34.077891,36.328843],[33.999766,36.302924],[33.941417,36.213365],[33.945974,36.265204],[33.883149,36.312486],[33.705251,36.181708],[33.693858,36.14411],[33.647227,36.192572],[33.552257,36.127509],[33.458263,36.158149],[33.134044,36.131781],[33.087738,36.082831],[32.96046,36.102688],[32.803722,36.027167],[32.670665,36.046698],[32.381521,36.170152],[32.026052,36.543443],[31.769054,36.610012],[31.378591,36.767646],[31.340831,36.80858],[30.77589,36.849555],[30.686534,36.891181],[30.574474,36.789537],[30.567231,36.539862],[30.47462,36.401597],[30.519867,36.341864],[30.398611,36.205959],[30.384288,36.274237],[30.233735,36.308905],[30.158539,36.298651],[30.110606,36.240058],[30.048188,36.258775],[29.988455,36.21776],[29.844005,36.191392],[29.795258,36.145209],[29.719249,36.162665],[29.672374,36.123358],[29.623871,36.177965],[29.6421,36.186957],[29.583507,36.185452],[29.623871,36.199123],[29.494477,36.211005],[29.411632,36.267401],[29.34962,36.232611],[29.096365,36.390937],[29.130382,36.411363],[29.120291,36.535631],[29.084321,36.560248],[29.014415,36.547919],[29.035004,36.614691],[29.116873,36.634223],[29.102387,36.659613],[28.938975,36.751288],[28.87086,36.696234],[28.866873,36.634914],[28.884044,36.671454],[28.901703,36.658271],[28.841563,36.600165],[28.818614,36.611721],[28.84254,36.63052],[28.746349,36.697699],[28.616222,36.705959],[28.610362,36.816067],[28.486827,36.801744],[28.456716,36.877509],[28.387218,36.857001],[28.414724,36.837104],[28.396007,36.789496],[28.288585,36.793687],[28.278331,36.814154],[28.314952,36.822252],[28.257172,36.846177],[28.248871,36.766832],[28.295095,36.719875],[28.181895,36.684638],[28.111501,36.604193],[28.02589,36.563707],[27.970876,36.586412],[28.053966,36.609605],[28.075938,36.657782],[28.056651,36.643012],[28.048025,36.685126],[27.980154,36.675849],[28.100597,36.709621],[28.103282,36.767646],[28.130544,36.753974],[28.1067,36.802965],[27.959239,36.747138],[27.719412,36.756252],[27.671153,36.657782],[27.404307,36.665229],[27.364024,36.702582],[27.414317,36.709296],[27.449555,36.753974],[27.592459,36.76081],[27.645356,36.806464],[28.027517,36.781317],[28.055431,36.80858],[28.007009,36.829088],[28.007009,36.857001],[28.055431,36.870673],[28.027517,36.92593],[28.120128,36.93769],[28.165294,36.911607],[28.206879,36.99018],[28.3296,37.030463],[27.986583,37.035142],[27.780447,36.993598],[27.567149,36.996649],[27.562022,36.97309],[27.423513,37.027167],[27.383311,36.993598],[27.340994,37.018459],[27.299001,36.961493],[27.263194,36.963365],[27.22877,37.061835],[27.281912,37.098334],[27.27003,37.116034],[27.3213,37.13109],[27.321788,37.158677],[27.475108,37.092515],[27.565115,37.125637],[27.527843,37.18537],[27.609874,37.199652],[27.588552,37.211127],[27.614024,37.267524],[27.564789,37.275539],[27.514659,37.229315],[27.519867,37.259101],[27.463634,37.252021],[27.491384,37.327338],[27.396821,37.323147],[27.396739,37.365627],[27.438487,37.390815],[27.407237,37.412746],[27.321788,37.370917],[27.336436,37.355699],[27.204112,37.352932],[27.222504,37.476752],[27.177745,37.466539],[27.212169,37.585598],[27.011485,37.665717],[27.249522,37.74433],[27.237153,37.845445],[27.27475,37.929023],[27.239106,37.987942],[27.141124,37.986029],[26.975434,38.065253],[26.881521,38.038398],[26.835216,38.131293],[26.74464,38.215644],[26.645763,38.206732],[26.594981,38.103949],[26.390147,38.223822],[26.394867,38.251654],[26.354015,38.228258],[26.23463,38.27383],[26.307628,38.323065],[26.294119,38.369859],[26.38502,38.318427],[26.383311,38.343573],[26.475922,38.366889],[26.451508,38.426093],[26.497895,38.407294],[26.513031,38.432929],[26.431,38.473944],[26.387869,38.45425],[26.403819,38.487535],[26.348643,38.621324],[26.403005,38.677314],[26.505626,38.652655],[26.630382,38.519232],[26.643321,38.467719],[26.599294,38.466376],[26.588145,38.418687],[26.673106,38.307196],[26.694591,38.313178],[26.687266,38.419745],[26.809825,38.360053],[27.013357,38.412502],[27.088634,38.402248],[27.164236,38.446601],[27.022309,38.46247],[26.93865,38.434231],[26.814708,38.542792],[26.874197,38.507473],[26.835216,38.549018],[26.834239,38.608222],[26.79363,38.597398],[26.719086,38.652655],[26.742442,38.666246],[26.719086,38.720933],[26.818207,38.755439],[26.903494,38.734565],[26.935069,38.770453],[26.90447,38.80976],[27.055024,38.87108],[27.04127,38.94009],[26.879161,38.916205],[26.806488,38.950141],[26.79363,39.021959],[26.875255,39.090888],[26.751638,39.184638],[26.701427,39.268988],[26.609223,39.275214],[26.814708,39.399359],[26.802582,39.419176],[26.867931,39.471503],[26.925955,39.485826],[26.943858,39.560981],[26.893403,39.584377],[26.152843,39.459215],[26.069998,39.496283],[26.156749,39.649237],[26.136404,39.837592],[26.18865,40.001776],[26.25115,39.994859],[26.353201,40.052151],[26.40797,40.193671],[26.500743,40.212958],[26.735606,40.403551],[26.991466,40.388617],[27.096365,40.452297],[27.271495,40.467841],[27.303396,40.458441],[27.337576,40.370307],[27.452322,40.322008],[27.789806,40.320461],[27.883556,40.386298],[27.791759,40.39289],[27.693207,40.486274],[27.722423,40.526272],[28.014171,40.491156],[28.016775,40.451077],[27.903982,40.399888],[27.944672,40.366034],[28.347992,40.404039],[28.637706,40.36518],[28.771983,40.402533],[29.033946,40.364447],[29.133556,40.450751],[29.065684,40.481879],[28.916677,40.470893],[28.774181,40.522773],[28.792654,40.55329],[28.970063,40.639472],[29.281586,40.66592],[29.490571,40.72724],[29.559906,40.691067],[29.939301,40.735053],[29.92921,40.758043],[29.786632,40.748847],[29.666189,40.783515],[29.356944,40.762397],[29.31544,40.824449],[29.254568,40.810777],[29.294932,40.838772],[29.263927,40.869778],[29.028087,40.982123],[29.007579,41.030504],[29.062348,41.076321],[29.090587,41.140937],[29.069102,41.152777],[29.169688,41.2331],[30.136892,41.143785],[30.271251,41.211168],[30.833263,41.079901],[31.231212,41.091986],[31.401052,41.202094],[31.403575,41.316474],[32.161876,41.612006],[32.263357,41.72016],[32.417247,41.748928],[32.612559,41.839545],[32.926117,41.881822],[33.324474,42.019029],[34.694184,41.94595],[34.889008,42.007799],[34.94809,42.098782],[35.016124,42.09219],[35.081554,42.029202],[35.216319,42.023627],[35.11671,42.006903],[35.093028,41.946682],[35.224783,41.761868],[35.48585,41.645087],[35.619802,41.632636],[35.956798,41.736274],[35.911632,41.662787],[35.972911,41.728583],[36.120453,41.627753],[36.134451,41.4619],[36.390147,41.260321],[36.45102,41.240424],[36.517914,41.262641],[36.633556,41.374091],[36.758067,41.366278],[36.984874,41.294501],[37.056407,41.174506],[37.135509,41.146633],[37.299327,41.140367],[37.52475,41.037177],[37.607921,41.050442],[37.672048,41.131252],[37.783865,41.122626],[37.785167,41.060004],[37.895763,40.982123],[38.268321,40.950385],[38.330903,40.917873],[38.539399,40.926907],[38.637055,40.97602],[38.707042,40.952867],[38.908376,41.037665],[39.156505,41.077704],[39.273204,41.050442],[39.430186,41.112494],[39.630056,41.00849],[39.790212,41.002631],[39.895681,40.954779],[39.99936,40.982123],[40.125987,40.92064],[40.464854,41.050442],[40.529145,41.036282],[40.698253,41.098131],[40.827485,41.197943],[40.922048,41.190619],[41.042735,41.232489],[41.408946,41.390326],[41.520763,41.514228],[41.694953,41.489097],[41.800787,41.42569],[41.947961,41.505581],[42.143195,41.500259],[42.463072,41.431839],[42.585235,41.578755],[42.660992,41.588264],[42.819949,41.572347],[42.774887,41.514263],[42.811164,41.477159],[42.87514,41.493696],[42.987588,41.394684],[43.18401,41.298979],[43.103136,41.248801],[43.192226,41.224978],[43.216204,41.180537],[43.383274,41.187203],[43.437586,41.156197],[43.440428,41.106588]]],[[[28.016775,41.972561],[28.042328,41.904853],[27.97755,41.887356],[27.972016,41.822252],[28.097179,41.626695],[28.232758,41.518988],[28.908458,41.266547],[29.093923,41.246405],[29.099864,41.210395],[29.040782,41.164293],[29.058604,41.099595],[28.981944,41.001654],[28.797618,40.962551],[28.625255,40.968411],[28.551931,41.080512],[28.527843,41.08515],[28.553559,40.998358],[28.512462,40.992662],[28.435313,41.042914],[28.244965,41.082953],[28.013031,41.040717],[27.959239,40.975287],[27.737804,41.012641],[27.524181,40.989203],[27.424815,40.831285],[27.287934,40.703559],[27.182302,40.636379],[27.047537,40.612209],[27.001475,40.570299],[26.68336,40.455471],[26.601573,40.346137],[26.359141,40.208157],[26.327973,40.11872],[26.157481,40.055325],[26.271983,40.230414],[26.21811,40.296861],[26.232188,40.340033],[26.828949,40.601996],[26.79835,40.651557],[26.609223,40.639472],[26.505626,40.598578],[26.117361,40.601996],[26.053722,40.66059],[26.033214,40.735053],[26.112287,40.746971],[26.260391,40.920449],[26.304006,40.909029],[26.359093,40.964684],[26.336046,40.981892],[26.374183,41.03114],[26.32509,41.074083],[26.320543,41.246217],[26.39506,41.258981],[26.540168,41.351792],[26.622643,41.340372],[26.636596,41.378457],[26.596288,41.59754],[26.46441,41.648518],[26.476192,41.675726],[26.333359,41.713036],[26.334185,41.789543],[26.526112,41.824244],[26.544715,41.916435],[26.589467,41.958758],[26.930221,41.994518],[27.046545,42.082936],[27.173824,42.057072],[27.273353,42.091747],[27.533182,41.908063],[27.687074,41.968602],[27.80283,41.943074],[27.807997,41.993484],[28.016775,41.972561]]],[[[26.060557,39.837592],[26.083018,39.834947],[26.059093,39.786078],[25.978038,39.834174],[26.060557,39.837592]]],[[[26.012218,40.166571],[25.990245,40.136908],[25.765961,40.097154],[25.663259,40.126166],[25.759044,40.206732],[25.913341,40.241278],[25.969249,40.206],[25.963064,40.157131],[26.012218,40.166571]]],[[[27.657563,40.653144],[27.727794,40.642646],[27.604747,40.576809],[27.551768,40.591051],[27.526378,40.639106],[27.657563,40.653144]]],[[[27.645193,40.459866],[27.582042,40.465522],[27.60727,40.505439],[27.645193,40.459866]]]]}},{"type":"Feature","properties":{"iso3":"LAO","name":"Laos","continent":"Asia"},"geometry":{"type":"Polygon","coordinates":[[[102.118655,22.397549],[102.20697,22.245413],[102.467626,22.034005],[102.478065,21.957576],[102.59103,21.901352],[102.650664,21.657801],[102.752157,21.6809],[102.806727,21.836084],[102.84719,21.704464],[102.95602,21.723946],[102.974107,21.586694],[102.84967,21.425412],[102.904189,21.452697],[102.878816,21.322162],[102.801301,21.254828],[102.878144,21.23762],[102.946822,21.075872],[103.014518,21.040526],[103.136371,20.85046],[103.347676,20.789068],[103.426586,20.820694],[103.489373,20.752481],[103.577946,20.732896],[103.676338,20.656518],[103.713752,20.679824],[103.70724,20.721837],[103.754576,20.742921],[103.775557,20.834905],[104.092282,20.961202],[104.278937,20.891542],[104.38167,20.778371],[104.452621,20.763592],[104.492309,20.702097],[104.615195,20.646493],[104.542642,20.535699],[104.495823,20.511927],[104.444973,20.534613],[104.366425,20.458494],[104.432364,20.411055],[104.575508,20.414052],[104.666407,20.351782],[104.689299,20.310002],[104.653023,20.225795],[104.69085,20.196546],[104.819162,20.220989],[104.907994,20.175333],[104.904893,20.134638],[104.95688,20.091798],[104.953211,20.009271],[104.780663,19.908088],[104.760716,19.86145],[104.81663,19.848092],[104.805003,19.790886],[104.675967,19.724689],[104.604963,19.606479],[104.522798,19.599373],[104.380068,19.685285],[104.295267,19.654874],[104.200203,19.698586],[104.088716,19.651902],[104.000969,19.680738],[104.089956,19.48367],[104.038796,19.41339],[103.952807,19.390962],[103.84842,19.299908],[103.972754,19.225288],[104.14773,19.182887],[104.210621,19.100747],[104.259603,19.10413],[104.400738,18.992279],[104.497683,18.967991],[104.721959,18.792007],[104.872906,18.777976],[104.937243,18.731158],[105.112684,18.698343],[105.169477,18.61486],[105.113615,18.580831],[105.079973,18.454353],[105.162862,18.366012],[105.156661,18.319839],[105.229266,18.255321],[105.283113,18.250179],[105.340112,18.162639],[105.410031,18.201888],[105.472817,18.171993],[105.603431,17.969184],[105.605212,17.85426],[105.735282,17.664039],[105.846025,17.597997],[106.019296,17.394495],[106.185435,17.257397],[106.284551,17.284786],[106.306358,17.176524],[106.394932,17.068003],[106.411365,16.995811],[106.496838,16.963927],[106.524536,16.989248],[106.540659,16.659139],[106.640188,16.586637],[106.670677,16.444424],[106.742404,16.421531],[106.846687,16.530052],[106.862603,16.430574],[106.954071,16.313837],[107.108273,16.267484],[107.142018,16.176998],[107.298959,16.064189],[107.435643,16.068839],[107.44355,16.01892],[107.375544,15.919081],[107.186253,15.859395],[107.148787,15.773457],[107.215295,15.727517],[107.24873,15.631088],[107.303558,15.599747],[107.369342,15.496058],[107.473781,15.488255],[107.512641,15.409422],[107.57636,15.403054],[107.664363,15.253153],[107.578012,15.047248],[107.445565,15.025389],[107.453937,14.967873],[107.549642,14.895268],[107.494296,14.788763],[107.522253,14.718689],[107.414921,14.543429],[107.305677,14.597224],[107.272191,14.585364],[107.219739,14.497979],[107.10078,14.407623],[107.042954,14.430722],[106.933607,14.320161],[106.835835,14.307061],[106.719253,14.417881],[106.552441,14.506945],[106.518438,14.585002],[106.393795,14.456173],[106.296746,14.447879],[106.235975,14.484362],[106.189156,14.378891],[106.038158,14.347652],[105.973975,14.365843],[106.012474,14.225774],[106.149469,14.053562],[106.069163,13.916542],[105.899665,13.922614],[105.787113,14.010154],[105.744015,14.086945],[105.541237,14.159189],[105.36409,14.10405],[105.256913,14.182443],[105.184308,14.34574],[105.40569,14.423048],[105.507544,14.564048],[105.489147,14.786334],[105.550642,14.902296],[105.534157,14.934025],[105.58356,14.977588],[105.443775,15.133806],[105.560254,15.270929],[105.561494,15.320901],[105.477468,15.352811],[105.604282,15.439214],[105.640921,15.68199],[105.568522,15.749376],[105.412046,15.79976],[105.362488,15.95479],[105.423932,16.002125],[105.058114,16.121188],[105.015481,16.276734],[104.76516,16.511345],[104.748417,16.571909],[104.778338,16.715828],[104.740356,17.002581],[104.809912,17.171666],[104.816423,17.372791],[104.714517,17.515263],[104.452001,17.665951],[104.352627,17.819327],[104.270307,17.874001],[104.210879,18.008618],[104.122357,18.095279],[103.975441,18.330665],[103.873949,18.283226],[103.801395,18.338262],[103.5488,18.415415],[103.306851,18.425672],[103.233988,18.35578],[103.286336,18.280332],[103.1573,18.237027],[103.138593,18.166722],[103.07131,18.125561],[103.073067,18.035515],[103.037927,17.990686],[102.938605,18.008928],[102.852719,17.972031],[102.686734,17.873535],[102.660793,17.812867],[102.609426,17.837],[102.599608,17.955184],[102.412229,17.9942],[102.306706,18.051457],[102.153537,18.210104],[102.078503,18.213799],[101.904301,18.037117],[101.773922,18.058563],[101.729067,17.912189],[101.577551,17.868109],[101.53404,17.80956],[101.556261,17.792145],[101.470426,17.722589],[101.381904,17.720728],[101.404022,17.715561],[101.383765,17.684916],[101.247029,17.592157],[101.128897,17.461158],[100.901934,17.561927],[100.885656,17.595878],[100.953817,17.699799],[101.000842,17.884801],[101.157525,18.04045],[101.159282,18.204058],[101.127966,18.280952],[101.152409,18.316377],[101.05102,18.39247],[101.035621,18.447841],[101.23473,18.658449],[101.209202,18.746325],[101.223309,18.855491],[101.326404,19.020546],[101.229149,19.143587],[101.207755,19.334687],[101.172356,19.376389],[101.192872,19.452793],[101.251731,19.494444],[101.254884,19.547154],[101.225015,19.585214],[101.095824,19.567282],[101.002548,19.610613],[100.885656,19.612447],[100.745509,19.485013],[100.633268,19.542167],[100.549294,19.494548],[100.474259,19.524985],[100.383516,19.763859],[100.483975,19.8807],[100.548674,20.158021],[100.468782,20.18572],[100.344345,20.389971],[100.240372,20.372814],[100.152522,20.239153],[100.102964,20.263596],[100.097073,20.348371],[100.180169,20.638173],[100.27453,20.76199],[100.383671,20.831701],[100.536685,20.807672],[100.65213,20.876608],[100.515704,20.886478],[100.543454,21.0274],[100.625516,21.054117],[100.689388,21.15933],[100.721996,21.303662],[100.851342,21.314772],[101.174527,21.551657],[101.171426,21.403398],[101.226462,21.370893],[101.208995,21.245526],[101.259741,21.179484],[101.517607,21.242632],[101.5729,21.228163],[101.596517,21.173386],[101.635946,21.189457],[101.688294,21.145842],[101.75599,21.143258],[101.820224,21.247283],[101.715114,21.321129],[101.734751,21.554396],[101.803842,21.625916],[101.752321,21.659144],[101.727981,21.73268],[101.751546,21.80637],[101.680594,21.922642],[101.616309,21.953648],[101.555434,22.090332],[101.561532,22.176115],[101.518227,22.228205],[101.55099,22.276678],[101.601219,22.276988],[101.654549,22.446125],[101.71315,22.491548],[101.784877,22.472221],[101.8426,22.383338],[101.867921,22.378842],[101.891641,22.429691],[101.994994,22.447416],[102.118655,22.397549]]]}},{"type":"Feature","properties":{"iso3":"KGZ","name":"Kyrgyzstan","continent":"Asia"},"geometry":{"type":"Polygon","coordinates":[[[80.210328,42.189519],[80.224591,42.125569],[80.256527,42.084357],[80.257561,42.065263],[80.231206,42.033689],[80.181906,42.020976],[79.930862,42.023276],[79.842909,42.00183],[79.812833,41.97762],[79.783274,41.905092],[79.747514,41.879745],[79.610985,41.867626],[79.554658,41.837602],[79.489856,41.819257],[79.390844,41.772697],[79.30413,41.787554],[79.282323,41.783497],[79.19592,41.729521],[79.088743,41.702546],[78.976192,41.6418],[78.915834,41.63317],[78.807313,41.578445],[78.658278,41.532453],[78.645049,41.52372],[78.619211,41.478089],[78.51038,41.454422],[78.41757,41.400471],[78.359899,41.377527],[78.343466,41.362024],[78.339332,41.344041],[78.359692,41.287455],[78.34946,41.270402],[78.275356,41.228854],[78.190503,41.11775],[78.074955,41.039512],[78.036508,41.036101],[77.997647,41.049795],[77.831042,41.062973],[77.650278,40.997137],[77.580721,40.997705],[77.503517,40.981066],[77.474888,40.982047],[77.388795,41.011658],[77.332985,41.02065],[77.243171,41.005664],[77.118838,41.011658],[77.007733,41.044214],[76.860972,41.013208],[76.820871,40.97781],[76.766818,40.944685],[76.757413,40.925772],[76.770848,40.867119],[76.762477,40.847017],[76.674214,40.795444],[76.647859,40.764851],[76.630805,40.728885],[76.62078,40.611321],[76.609411,40.59711],[76.556391,40.56569],[76.531173,40.534995],[76.498927,40.464611],[76.476499,40.436138],[76.330152,40.348081],[76.313512,40.343327],[76.299353,40.355677],[76.273411,40.434122],[76.244162,40.441202],[76.185044,40.384203],[76.151351,40.368131],[76.07611,40.391954],[76.051616,40.390197],[75.962422,40.357331],[75.921495,40.309117],[75.901858,40.298885],[75.858553,40.296353],[75.772046,40.31015],[75.681819,40.291702],[75.656291,40.32307],[75.638308,40.386115],[75.669314,40.432365],[75.666936,40.450245],[75.617947,40.493964],[75.605648,40.569411],[75.587665,40.611941],[75.559863,40.63287],[75.523793,40.63318],[75.481832,40.614111],[75.26324,40.480166],[75.229237,40.470347],[75.212494,40.444716],[75.19389,40.441254],[75.13808,40.463888],[75.064389,40.443837],[75.002378,40.4473],[74.879181,40.505074],[74.835359,40.511637],[74.820063,40.493964],[74.787404,40.420738],[74.794638,40.405545],[74.853859,40.35883],[74.862128,40.32617],[74.830915,40.319917],[74.746683,40.336505],[74.705755,40.331286],[74.654388,40.291547],[74.565402,40.24695],[74.476622,40.172433],[74.369858,40.105822],[74.333788,40.09373],[74.272293,40.093833],[74.20315,40.109853],[74.167596,40.10639],[74.069515,40.067788],[74.003989,40.060812],[73.966368,40.033268],[73.952106,40.008257],[73.944044,39.970068],[73.893195,39.918133],[73.880689,39.86501],[73.844102,39.838086],[73.823018,39.805685],[73.819814,39.766721],[73.829529,39.746981],[73.879345,39.727912],[73.893505,39.710394],[73.904253,39.64647],[73.926784,39.592882],[73.921617,39.582133],[73.870457,39.546786],[73.848029,39.489735],[73.838314,39.475679],[73.820744,39.468186],[73.632642,39.448343],[73.604323,39.459608],[73.476889,39.464776],[73.367645,39.443795],[73.343151,39.430669],[73.326408,39.390878],[73.167864,39.355377],[73.136032,39.353465],[73.071126,39.370725],[73.009321,39.348607],[72.893669,39.363903],[72.835275,39.356204],[72.633737,39.394496],[72.616373,39.390413],[72.575756,39.359304],[72.519015,39.375686],[72.476744,39.346127],[72.393234,39.350829],[72.31634,39.328815],[72.240272,39.189909],[72.228903,39.189237],[72.209163,39.217297],[72.203272,39.24081],[72.158623,39.262617],[72.094751,39.275072],[72.078112,39.336618],[72.06695,39.358477],[72.049793,39.368864],[71.959152,39.345868],[71.807017,39.272849],[71.751207,39.274245],[71.71834,39.301065],[71.710899,39.32096],[71.712966,39.341527],[71.748106,39.379561],[71.749243,39.425502],[71.740251,39.448343],[71.724438,39.459401],[71.704594,39.458988],[71.602792,39.442348],[71.554319,39.444157],[71.512875,39.458833],[71.492101,39.493663],[71.531375,39.553091],[71.510911,39.584148],[71.459545,39.612105],[71.368543,39.591486],[71.291958,39.548957],[71.249273,39.514385],[71.179975,39.523015],[71.095898,39.51237],[71.062928,39.495627],[71.009288,39.407622],[70.977145,39.394909],[70.903351,39.420851],[70.864181,39.400594],[70.840099,39.40142],[70.770129,39.382093],[70.713285,39.398423],[70.698092,39.41899],[70.705431,39.458523],[70.699746,39.472165],[70.655976,39.493714],[70.622128,39.563529],[70.59784,39.577792],[70.526113,39.575622],[70.477227,39.601201],[70.40147,39.584768],[70.384313,39.570867],[70.33026,39.573089],[70.241066,39.522395],[70.223289,39.519088],[70.20603,39.5241],[70.214814,39.591125],[70.200655,39.619495],[70.185204,39.610348],[70.148979,39.554279],[70.132442,39.550042],[70.08273,39.569782],[70.040355,39.573606],[70.019684,39.568594],[69.978757,39.534436],[69.907753,39.548492],[69.830445,39.536244],[69.710349,39.574071],[69.669421,39.577792],[69.582295,39.573555],[69.514392,39.537588],[69.412176,39.52503],[69.391454,39.530508],[69.361637,39.552884],[69.352025,39.549628],[69.339726,39.528079],[69.300348,39.515625],[69.286189,39.539707],[69.287533,39.677786],[69.280091,39.694271],[69.233324,39.732666],[69.226296,39.751011],[69.240714,39.82894],[69.310322,39.984796],[69.32784,39.984744],[69.357296,39.959474],[69.405355,39.896119],[69.501576,39.922474],[69.500439,39.935703],[69.477288,39.968156],[69.463129,40.025413],[69.46964,40.050993],[69.506331,40.096933],[69.518009,40.125097],[69.543021,40.103083],[69.575474,40.1036],[69.969558,40.211603],[70.004595,40.208761],[70.14717,40.136983],[70.241531,40.132745],[70.263494,40.12427],[70.306282,40.08479],[70.324265,40.077503],[70.477227,40.052027],[70.525493,40.033682],[70.535622,40.015957],[70.520946,39.993736],[70.473197,39.97012],[70.450872,39.937408],[70.44803,39.919993],[70.455627,39.906816],[70.477227,39.900925],[70.500895,39.940561],[70.576601,39.952239],[70.613963,39.975752],[70.627399,39.993891],[70.635977,40.028514],[70.63944,40.084945],[70.66595,40.104168],[70.729822,40.120705],[70.797725,40.161942],[70.806716,40.156155],[70.845164,40.171813],[70.898545,40.162614],[70.929293,40.170624],[70.962883,40.189693],[70.979522,40.214084],[70.958955,40.238372],[70.995129,40.266587],[71.053213,40.274235],[71.201008,40.263848],[71.239558,40.321106],[71.253821,40.324413],[71.283225,40.29842],[71.365132,40.294131],[71.396551,40.271548],[71.441355,40.260903],[71.477115,40.220802],[71.521246,40.203749],[71.592973,40.198426],[71.61013,40.246382],[71.62832,40.258887],[71.660153,40.224471],[71.673072,40.147886],[71.707178,40.144269],[71.775908,40.179926],[71.805467,40.225298],[71.836473,40.249172],[72.01889,40.240026],[72.025402,40.250878],[72.019821,40.258732],[71.958222,40.286534],[71.951091,40.30152],[71.956672,40.31568],[72.043178,40.349321],[72.069637,40.369423],[72.099299,40.426371],[72.165858,40.454431],[72.254225,40.458307],[72.263415,40.452651],[72.259599,40.44239],[72.216501,40.434949],[72.211768,40.425836],[72.269624,40.424045],[72.370497,40.38565],[72.394061,40.389422],[72.414422,40.410713],[72.426204,40.45934],[72.415662,40.479287],[72.363469,40.512309],[72.370083,40.557732],[72.348483,40.585379],[72.351893,40.601967],[72.381556,40.612148],[72.447908,40.560471],[72.515294,40.54564],[72.585781,40.508743],[72.625468,40.5105],[72.65048,40.532152],[72.664226,40.577783],[72.719209,40.564864],[72.748355,40.575096],[72.760034,40.641758],[72.783908,40.669663],[72.890982,40.695088],[72.976765,40.736068],[73.070609,40.762474],[73.118048,40.782938],[73.148641,40.813686],[73.14337,40.833839],[73.053556,40.83632],[73.00343,40.870168],[72.870311,40.818181],[72.868658,40.864122],[72.830107,40.87208],[72.701226,40.863243],[72.658231,40.867171],[72.619474,40.88009],[72.545577,40.956519],[72.483358,40.970575],[72.484702,41.004682],[72.476744,41.011813],[72.395198,41.022045],[72.374321,41.031967],[72.33236,41.072843],[72.314066,41.061681],[72.289778,41.023544],[72.165135,40.999359],[72.185599,41.041062],[72.185599,41.060647],[72.169889,41.168651],[72.158417,41.187875],[72.132889,41.199295],[72.108497,41.196401],[72.033773,41.15661],[71.977033,41.195213],[71.897658,41.184929],[71.871613,41.194489],[71.868822,41.279239],[71.863034,41.312208],[71.847015,41.341819],[71.745212,41.45282],[71.730433,41.451166],[71.729709,41.430082],[71.721648,41.424759],[71.696119,41.447445],[71.681443,41.422847],[71.671935,41.425483],[71.689505,41.493799],[71.68413,41.534055],[71.671418,41.547388],[71.62739,41.543202],[71.595454,41.493747],[71.633694,41.449616],[71.637415,41.431271],[71.618811,41.377786],[71.585532,41.323525],[71.557937,41.301718],[71.52383,41.296654],[71.480629,41.310761],[71.418772,41.3474],[71.412571,41.334687],[71.421459,41.162088],[71.416085,41.127362],[71.393657,41.112737],[71.325238,41.157334],[71.289478,41.113874],[71.276145,41.113151],[71.253821,41.13749],[71.241522,41.175162],[71.230153,41.187255],[71.206382,41.188753],[71.185711,41.180227],[71.189949,41.127465],[71.18013,41.108138],[71.123079,41.158212],[71.085769,41.162036],[71.024688,41.189787],[70.977145,41.19635],[70.914203,41.193042],[70.865731,41.233195],[70.828524,41.249111],[70.770439,41.238518],[70.758037,41.25216],[70.75628,41.269627],[70.77106,41.331018],[70.769199,41.352102],[70.70357,41.445482],[70.66781,41.471372],[70.633807,41.467496],[70.511334,41.414476],[70.453198,41.405484],[70.398989,41.464964],[70.344936,41.493489],[70.203446,41.505633],[70.166549,41.520206],[70.148255,41.552452],[70.169288,41.578342],[70.453663,41.71208],[70.506476,41.78559],[70.550091,41.824063],[70.648948,41.887393],[70.679696,41.901113],[70.779328,41.909665],[70.814003,41.919535],[70.825113,41.93633],[70.828059,41.993743],[70.845474,42.030356],[70.977145,42.044231],[71.118429,42.122908],[71.201008,42.140788],[71.238215,42.160244],[71.253201,42.197555],[71.217854,42.206365],[71.077604,42.281167],[71.045772,42.29096],[71.014042,42.287704],[70.947793,42.248146],[70.897822,42.261608],[70.858134,42.291063],[70.852657,42.306075],[70.932703,42.3762],[70.939835,42.387827],[70.929913,42.412296],[70.961952,42.468107],[70.977145,42.478752],[71.041017,42.4548],[71.064168,42.470329],[71.066287,42.482137],[71.057864,42.493402],[71.012699,42.526036],[71.00319,42.563527],[71.040656,42.580529],[71.127007,42.590606],[71.142768,42.602543],[71.148091,42.6174],[71.149021,42.677939],[71.157548,42.687938],[71.211446,42.705224],[71.245449,42.747133],[71.262502,42.753567],[71.329785,42.737031],[71.347562,42.742844],[71.404613,42.794883],[71.477115,42.78354],[71.504193,42.789612],[71.566308,42.757236],[71.693536,42.811807],[71.847738,42.834053],[71.956982,42.804598],[72.10488,42.750337],[72.164101,42.765091],[72.292362,42.76106],[72.358405,42.741397],[72.476744,42.682564],[72.583817,42.678275],[72.725824,42.652876],[72.780601,42.620449],[72.815224,42.573036],[72.874549,42.543993],[72.942348,42.536035],[73.115051,42.550841],[73.189052,42.520765],[73.301396,42.507071],[73.316589,42.493712],[73.314419,42.441571],[73.326201,42.428677],[73.417461,42.41705],[73.476889,42.399067],[73.505105,42.402943],[73.505518,42.420926],[73.417565,42.556163],[73.41002,42.58965],[73.412707,42.627322],[73.423869,42.662772],[73.503554,42.794082],[73.504278,42.827594],[73.489498,42.877823],[73.493012,42.894954],[73.57094,43.031922],[73.634089,43.062463],[73.805551,43.114734],[73.864256,43.116103],[73.90167,43.13096],[73.935053,43.199716],[73.965335,43.216924],[74.039852,43.181861],[74.213899,43.202635],[74.216586,43.216924],[74.178759,43.261702],[74.25865,43.215761],[74.348774,43.191034],[74.400554,43.159537],[74.462772,43.148634],[74.558167,43.115044],[74.61129,43.058174],[74.71392,42.999883],[74.862851,42.975828],[74.948531,42.944848],[74.976849,42.926477],[75.066146,42.902602],[75.178594,42.84966],[75.496611,42.823925],[75.555936,42.825217],[75.620428,42.805295],[75.646163,42.806096],[75.703833,42.830488],[75.73825,42.861571],[75.770599,42.92565],[75.797161,42.936192],[75.858966,42.939809],[75.999113,42.91764],[76.064535,42.93397],[76.163754,42.921154],[76.254498,42.921154],[76.340487,42.901672],[76.382965,42.910069],[76.414074,42.885497],[76.48053,42.916968],[76.58502,42.894799],[76.644345,42.911129],[76.707907,42.913661],[76.74625,42.928879],[76.753899,42.940765],[76.792966,42.943065],[76.83348,42.971745],[76.897662,42.974536],[76.956884,42.988514],[77.124005,42.958904],[77.178679,42.913196],[77.328127,42.897564],[77.418561,42.922239],[77.501553,42.914539],[77.557777,42.888133],[77.647797,42.909501],[77.71384,42.907589],[77.781226,42.895626],[77.809958,42.871286],[77.883855,42.893223],[77.929331,42.885006],[77.986175,42.860202],[78.030616,42.854672],[78.229777,42.865007],[78.31122,42.850512],[78.38553,42.878237],[78.429559,42.880665],[78.496118,42.875601],[78.594303,42.850228],[78.687114,42.804598],[78.807933,42.79558],[78.888135,42.771215],[78.954281,42.768424],[78.992935,42.757133],[79.030866,42.756151],[79.108794,42.785348],[79.148274,42.790981],[79.173389,42.785632],[79.180831,42.77553],[79.176076,42.713931],[79.206359,42.656467],[79.242119,42.629776],[79.321287,42.602181],[79.353016,42.577299],[79.398388,42.496942],[79.425673,42.469605],[79.47642,42.453973],[79.571918,42.449529],[79.696458,42.459838],[79.917943,42.42444],[79.960111,42.403511],[80.012098,42.349509],[80.077003,42.305765],[80.16661,42.208717],[80.210328,42.189519]],[[71.78552,39.989705],[71.706868,39.956115],[71.681753,39.955082],[71.665527,39.940199],[71.696843,39.913844],[71.741801,39.90077],[71.757304,39.903095],[71.789757,39.979318],[71.78552,39.989705]],[[71.176926,40.042001],[71.078844,40.07864],[71.031199,40.146905],[71.008564,40.157757],[70.977145,40.144579],[70.954046,40.095797],[70.958438,40.063085],[70.98314,40.021383],[70.994509,40.008877],[71.045823,39.99203],[71.050371,39.962885],[71.007634,39.911157],[71.009288,39.885732],[71.021897,39.880823],[71.060964,39.904129],[71.079981,39.903405],[71.098895,39.8755],[71.208449,39.888781],[71.219094,39.900925],[71.221058,39.931724],[71.17703,39.968156],[71.174704,39.993994],[71.237284,40.031098],[71.244002,40.046756],[71.223745,40.057866],[71.176926,40.042001]],[[70.498725,39.881908],[70.483739,39.882218],[70.490147,39.850179],[70.537379,39.817312],[70.581614,39.766566],[70.63298,39.79845],[70.70481,39.822067],[70.698919,39.858447],[70.619906,39.850695],[70.498725,39.881908]]]}},{"type":"Feature","properties":{"iso3":"ARM","name":"Armenia","continent":"Asia"},"geometry":{"type":"MultiPolygon","coordinates":[[[[45.0024,41.290452],[45.0394,41.23118],[45.029323,41.210096],[45.034853,41.197693],[45.134433,41.187875],[45.199752,41.142658],[45.201044,41.126741],[45.166731,41.107776],[45.067822,41.110928],[45.057177,41.078786],[45.070044,41.062094],[45.111024,41.049537],[45.120016,41.079613],[45.221611,41.014449],[45.312562,40.99662],[45.335351,40.99383],[45.391523,41.015069],[45.419119,41.017342],[45.425217,40.993675],[45.416432,40.961325],[45.47927,40.929906],[45.537871,40.875904],[45.599159,40.862675],[45.600968,40.840557],[45.58221,40.799371],[45.555855,40.776582],[45.437929,40.73338],[45.39881,40.708937],[45.373643,40.675296],[45.37354,40.632715],[45.387803,40.609512],[45.444647,40.566362],[45.455447,40.523626],[45.48542,40.505281],[45.526192,40.441047],[45.585413,40.398724],[45.818371,40.2978],[45.861676,40.261265],[45.924618,40.266174],[45.97924,40.223592],[45.9811,40.205971],[45.962961,40.141685],[45.950766,40.117191],[45.909528,40.082671],[45.894025,40.029082],[45.873768,40.009755],[45.803901,40.004484],[45.63957,40.025413],[45.576267,39.993891],[45.579419,39.970171],[45.611148,39.959164],[45.715431,39.950896],[45.742768,39.940509],[45.764421,39.92206],[45.816821,39.839171],[45.861882,39.804548],[45.97924,39.768478],[46.006576,39.747911],[46.045127,39.687553],[46.076546,39.668122],[46.131685,39.652154],[46.18424,39.593243],[46.206461,39.587921],[46.241187,39.593502],[46.309504,39.620528],[46.343713,39.618616],[46.396423,39.576655],[46.495435,39.575932],[46.524271,39.554641],[46.527268,39.538156],[46.518276,39.525444],[46.492025,39.510199],[46.498588,39.483121],[46.491405,39.466429],[46.405725,39.451185],[46.373996,39.435992],[46.36087,39.410257],[46.374616,39.378838],[46.49528,39.324009],[46.517656,39.278844],[46.59114,39.231069],[46.602612,39.215489],[46.572795,39.21151],[46.514142,39.184431],[46.453371,39.208409],[46.418334,39.211923],[46.395286,39.19518],[46.396268,39.164432],[46.479312,39.114771],[46.491921,39.081905],[46.494609,39.025526],[46.475798,38.975607],[46.475075,38.95106],[46.514039,38.882176],[46.378233,38.924705],[46.291314,38.913931],[46.202482,38.870548],[46.135871,38.863701],[46.07758,38.950492],[46.02549,39.063767],[45.958104,39.151513],[45.949009,39.177791],[45.955107,39.203241],[45.986009,39.234686],[45.985802,39.24944],[45.958827,39.272436],[45.887204,39.299669],[45.823745,39.343078],[45.767004,39.354395],[45.758633,39.369484],[45.803075,39.448188],[45.794031,39.49387],[45.79708,39.536348],[45.765454,39.561566],[45.714656,39.569472],[45.586447,39.545391],[45.47927,39.497177],[45.434828,39.488857],[45.374884,39.525857],[45.312975,39.533815],[45.259955,39.599703],[45.233187,39.592727],[45.204765,39.572314],[45.16792,39.565545],[45.148334,39.57526],[45.151538,39.667709],[45.067512,39.757213],[45.033509,39.77039],[44.995992,39.760468],[44.927159,39.724708],[44.802929,39.712409],[44.774559,39.702797],[44.692031,39.793024],[44.647693,39.805117],[44.611519,39.837311],[44.598187,39.831007],[44.591056,39.857827],[44.567491,39.87302],[44.55912,39.896894],[44.522171,39.933533],[44.464345,39.97229],[44.325645,40.034663],[44.255262,40.043397],[44.135476,40.022313],[44.10447,40.035955],[44.032433,40.008618],[43.912131,40.024328],[43.802783,40.070734],[43.711213,40.090732],[43.665427,40.110163],[43.652508,40.138998],[43.666357,40.14892],[43.711626,40.156465],[43.721393,40.169384],[43.673075,40.227727],[43.691369,40.23863],[43.675969,40.265967],[43.594217,40.345445],[43.625326,40.42017],[43.563625,40.464715],[43.559491,40.477892],[43.5937,40.509001],[43.638969,40.522592],[43.631476,40.536855],[43.652508,40.529414],[43.651475,40.553391],[43.664807,40.574062],[43.707182,40.611941],[43.699534,40.634575],[43.729351,40.677105],[43.720618,40.762888],[43.659536,40.851978],[43.647651,40.913886],[43.636178,40.933523],[43.565433,40.988145],[43.522387,41.004475],[43.479599,41.009126],[43.460479,41.022872],[43.436294,41.08323],[43.440428,41.106588],[43.566622,41.124054],[43.754156,41.108241],[43.820353,41.1455],[43.863245,41.158988],[43.955849,41.160486],[44.061269,41.184154],[44.124727,41.178056],[44.160074,41.1979],[44.168446,41.223583],[44.180331,41.229939],[44.218107,41.221568],[44.284976,41.190872],[44.308489,41.193817],[44.344921,41.213248],[44.410601,41.18772],[44.45494,41.180485],[44.516641,41.20684],[44.531008,41.181467],[44.551523,41.177023],[44.591366,41.21578],[44.612863,41.223118],[44.674926,41.208494],[44.847784,41.208907],[44.857706,41.219346],[44.847061,41.230766],[44.809543,41.244409],[44.801275,41.258516],[44.820706,41.273347],[44.955168,41.262702],[45.0024,41.290452]],[[44.979456,41.082041],[44.963953,41.073773],[44.96695,41.044834],[44.979456,41.032639],[45.015732,41.023234],[45.029995,41.046281],[45.018885,41.07491],[44.979456,41.082041]],[[45.209932,40.967991],[45.220474,40.97905],[45.191846,40.997809],[45.17717,40.99383],[45.186781,40.970834],[45.209932,40.967991]]],[[[45.513687,40.601967],[45.47927,40.609822],[45.471312,40.629873],[45.47927,40.650233],[45.520198,40.660413],[45.560712,40.647649],[45.547173,40.621553],[45.513687,40.601967]]]]}},{"type":"Feature","properties":{"iso3":"IRQ","name":"Iraq","continent":"Asia"},"geometry":{"type":"Polygon","coordinates":[[[44.766135,37.14192],[44.760658,37.085644],[44.885715,37.005081],[44.883441,36.886845],[44.823393,36.809331],[44.979456,36.749024],[45.045911,36.668047],[44.993408,36.549656],[45.005914,36.518702],[45.083739,36.412817],[45.238871,36.402999],[45.282693,36.274893],[45.258508,36.262232],[45.348322,36.087514],[45.313699,36.010413],[45.33809,35.979304],[45.453122,36.011653],[45.53999,35.99398],[45.646857,35.933208],[45.749021,35.810994],[46.07696,35.856986],[46.163518,35.797506],[46.302992,35.826548],[46.327074,35.8035],[46.253486,35.727743],[46.037065,35.691569],[45.995879,35.658393],[45.963995,35.494165],[46.120161,35.318517],[46.101454,35.234285],[46.154164,35.226636],[46.130393,35.131397],[46.151064,35.111605],[46.009212,35.06091],[45.913197,35.087317],[45.861882,35.032798],[45.850203,34.906811],[45.755119,34.909963],[45.745404,34.840975],[45.666752,34.80692],[45.635023,34.736951],[45.705613,34.557737],[45.500664,34.591688],[45.503455,34.494175],[45.426767,34.45751],[45.46077,34.340463],[45.55756,34.311964],[45.544537,34.15063],[45.380361,33.97356],[45.47927,33.941185],[45.645151,33.697918],[45.721116,33.640764],[45.72773,33.590096],[45.885964,33.63092],[45.927925,33.550873],[45.852581,33.494365],[45.968232,33.494236],[46.036239,33.367939],[46.164189,33.243347],[46.167187,33.168338],[46.030296,33.105681],[46.12042,33.061678],[46.09701,32.95432],[46.273433,32.959488],[46.479312,32.891792],[46.715887,32.756012],[47.090593,32.474556],[47.321948,32.468226],[47.410832,32.395285],[47.40246,32.323506],[47.504004,32.226742],[47.490413,32.15654],[47.578057,32.106155],[47.834475,31.805708],[47.678929,31.407851],[47.672935,30.994698],[48.001545,30.994647],[48.013586,30.463878],[48.140916,30.441916],[48.200086,30.323938],[48.296359,30.319753],[48.408704,30.202344],[48.381108,30.145345],[48.453145,30.001426],[48.554942,29.956488],[48.520518,29.9289],[48.411876,29.938422],[48.119151,30.044989],[47.969005,30.004055],[47.934825,30.107082],[47.948009,29.994045],[47.674175,30.098216],[47.358225,30.092118],[47.197098,30.03424],[47.110488,29.960911],[46.85345,29.44456],[46.532436,29.095745],[46.357459,29.063137],[44.698232,29.199718],[42.075395,31.079861],[40.424126,31.920533],[39.157744,32.121348],[39.291999,32.244519],[39.235775,32.352858],[39.046329,32.308494],[39.028759,32.328338],[38.979977,32.472102],[39.057181,32.496596],[38.774511,33.371685],[40.690467,34.331497],[40.936033,34.386068],[40.98802,34.42852],[41.204234,34.793123],[41.20134,35.243018],[41.261078,35.494165],[41.363501,35.655241],[41.354509,35.825566],[41.236583,36.077024],[41.276994,36.354785],[41.385411,36.516377],[41.817323,36.599731],[42.376806,37.062001],[42.357238,37.109984],[42.564668,37.152049],[42.709465,37.347179],[42.77158,37.374903],[42.937048,37.320152],[43.114815,37.371131],[43.263385,37.310695],[43.336145,37.32023],[43.463269,37.248684],[43.80206,37.20357],[43.89363,37.224912],[43.990369,37.312504],[44.069025,37.313727],[44.235005,37.236772],[44.248337,37.16967],[44.180021,37.087608],[44.22777,36.994125],[44.284821,36.969166],[44.343112,37.042443],[44.454423,37.076343],[44.610279,37.178352],[44.766135,37.14192]]]}},{"type":"Feature","properties":{"iso3":"IRN","name":"Iran","continent":"Asia"},"geometry":{"type":"MultiPolygon","coordinates":[[[[44.806993,39.639902],[44.872279,39.625076],[44.940698,39.468083],[45.087976,39.350726],[45.146267,39.228666],[45.30171,39.201381],[45.429712,39.059477],[45.438601,39.004235],[46.126052,38.862668],[46.367588,38.92362],[46.553726,38.889824],[46.866162,39.165362],[46.953754,39.16066],[47.030907,39.199598],[47.10222,39.308403],[47.291356,39.379613],[47.406904,39.476816],[47.54116,39.51516],[47.823106,39.680318],[47.971418,39.704554],[48.33894,39.378941],[48.153525,39.319048],[48.10619,39.26918],[48.142157,39.181201],[48.256258,39.119784],[48.301475,39.05803],[48.293672,39.004597],[48.058544,38.948373],[48.000046,38.902588],[47.993122,38.850085],[48.21037,38.729756],[48.310312,38.600151],[48.415267,38.618109],[48.607865,38.395978],[48.777725,38.444812],[48.874278,38.434068],[48.874848,38.242743],[48.944509,37.903388],[49.014496,37.739163],[49.132498,37.623358],[49.441742,37.494859],[49.826182,37.453559],[49.933767,37.474433],[50.195649,37.38935],[50.322276,37.153266],[50.478852,37.03498],[51.004731,36.767646],[51.909028,36.582709],[53.447602,36.881903],[53.885916,36.905829],[54.006521,36.952623],[54.004242,36.914618],[53.947602,36.898749],[53.609141,36.876899],[53.70102,36.816596],[53.889171,36.793606],[54.014334,36.821112],[54.033539,36.949123],[53.997244,36.99372],[54.02003,37.027737],[53.913748,37.34276],[54.186594,37.323744],[54.533343,37.440817],[54.638969,37.433272],[54.783663,37.517453],[54.809398,37.603339],[54.787281,37.651863],[54.826658,37.735269],[55.121731,37.944713],[55.447395,38.083671],[55.708672,38.118656],[55.978422,38.065895],[56.299747,38.080235],[56.325481,38.10522],[56.297059,38.165785],[56.436482,38.255082],[56.585207,38.234567],[56.729384,38.27105],[57.038409,38.187283],[57.163983,38.276476],[57.207288,38.27074],[57.344334,38.081062],[57.327074,37.994116],[57.352395,37.967529],[57.496263,37.922312],[57.691186,37.92027],[57.800017,37.867638],[58.173534,37.781623],[58.206814,37.678735],[58.357812,37.633311],[58.462302,37.637497],[58.549325,37.701576],[58.68172,37.642716],[58.779802,37.65964],[58.795615,37.687727],[59.034567,37.624526],[59.211714,37.516316],[59.312276,37.530346],[59.351653,37.493837],[59.37036,37.319429],[59.478157,37.204138],[59.572725,37.18339],[59.604971,37.123885],[59.653237,37.149672],[60.019209,37.025803],[60.34229,36.637145],[61.165806,36.636318],[61.186167,36.552809],[61.146686,36.357265],[61.223064,36.128804],[61.141415,35.982353],[61.241047,35.893883],[61.231745,35.671881],[61.290036,35.548064],[61.200843,35.401148],[61.195055,35.318104],[61.102451,35.25666],[61.096353,35.193202],[61.147306,35.102096],[61.074752,34.933114],[61.06545,34.814724],[60.959927,34.723205],[60.957964,34.649411],[60.699685,34.516396],[60.890474,34.318914],[60.643667,34.306641],[60.492772,34.139028],[60.528016,33.84145],[60.486881,33.71138],[60.511789,33.638387],[60.655553,33.559891],[60.911971,33.528446],[60.912075,33.501522],[60.832183,33.484495],[60.829082,33.416282],[60.5676,33.151285],[60.562949,33.058268],[60.830323,32.248885],[60.81482,32.087862],[60.778336,32.021044],[60.821744,31.494668],[61.686911,31.373177],[61.742308,31.32088],[61.826334,31.034593],[61.7852,30.831401],[60.844379,29.858179],[61.337372,29.374384],[61.342333,29.25452],[61.478035,29.087476],[61.4708,29.047866],[61.566505,28.870978],[61.89279,28.5426],[62.362787,28.418887],[62.575643,28.229027],[62.761523,28.246442],[62.735684,27.994985],[62.814698,27.494964],[62.756045,27.348099],[62.778783,27.299833],[62.742351,27.266812],[62.892419,27.213482],[63.189559,27.254462],[63.271259,27.203405],[63.319628,27.117312],[63.260924,27.115607],[63.231365,27.065843],[63.261647,26.871746],[63.182272,26.83025],[63.163772,26.645093],[62.753564,26.644163],[62.671037,26.597706],[62.428003,26.564788],[62.306977,26.51368],[62.243415,26.350641],[62.123835,26.373999],[62.103268,26.325113],[61.832949,26.225377],[61.760085,25.837597],[61.66035,25.769178],[61.676369,25.6928],[61.643193,25.613321],[61.620042,25.285486],[61.588227,25.202094],[61.562348,25.244818],[61.552745,25.205064],[61.482595,25.193671],[61.524181,25.173163],[61.497406,25.125434],[61.420584,25.096869],[61.411717,25.059408],[61.185068,25.123249],[61.170269,25.16444],[61.03061,25.209784],[60.633474,25.27497],[60.604747,25.397162],[60.532074,25.44892],[60.403331,25.388861],[60.402029,25.344672],[60.470063,25.303087],[60.423523,25.304965],[60.319223,25.329851],[60.271251,25.379584],[60.207367,25.373114],[60.215974,25.33828],[60.181977,25.319892],[60.045325,25.363858],[59.903806,25.329863],[59.774873,25.389869],[59.53799,25.39975],[59.453902,25.461607],[59.043956,25.399604],[58.923513,25.513373],[58.825206,25.56037],[58.546397,25.593655],[58.389659,25.610297],[58.207286,25.549302],[58.07309,25.563625],[57.963227,25.693183],[57.884044,25.691636],[57.787446,25.635443],[57.771251,25.730455],[57.734711,25.747707],[57.520681,25.743557],[57.304373,25.79975],[57.253591,25.95897],[57.198578,25.995022],[57.166759,26.082994],[57.212901,26.166246],[57.133067,26.263739],[57.087901,26.398993],[57.090017,26.618801],[57.024913,26.850979],[56.93572,26.945543],[56.973318,27.002997],[56.871349,27.00845],[56.844086,27.040229],[56.875987,27.064399],[56.808849,27.139553],[56.757335,27.12523],[56.353038,27.201606],[56.123709,27.160631],[55.939301,27.026679],[55.665863,26.995429],[55.554454,26.899888],[55.575043,26.907172],[55.580414,26.859117],[55.521739,26.784573],[55.442231,26.759914],[55.270844,26.792548],[55.205903,26.726386],[55.118175,26.707587],[54.801524,26.498236],[54.619965,26.508246],[54.56129,26.584662],[54.389415,26.605129],[54.308116,26.714993],[54.171397,26.706122],[53.995128,26.745592],[53.728282,26.704739],[53.491547,26.854315],[53.444102,26.975653],[53.028656,27.104071],[52.732188,27.301337],[52.601329,27.352932],[52.579112,27.392768],[52.666515,27.415351],[52.670095,27.448635],[52.459646,27.632636],[52.244884,27.681383],[52.011241,27.832709],[51.683443,27.830581],[51.496424,27.893041],[51.428156,27.961147],[51.399876,27.931713],[51.269759,28.140454],[51.28533,28.240912],[51.149425,28.39053],[51.08074,28.533922],[51.058849,28.735907],[50.978689,28.816636],[50.87615,28.832017],[50.804861,28.93358],[50.823253,28.996649],[50.899262,28.949449],[50.929942,29.054633],[50.816417,29.144192],[50.693696,29.12344],[50.643809,29.143459],[50.633067,29.195502],[50.687022,29.283881],[50.655284,29.449123],[50.456065,29.634101],[50.396983,29.654731],[50.243826,29.866848],[50.144867,29.938056],[50.127696,30.120673],[50.073416,30.195746],[49.914561,30.203925],[49.600759,30.030097],[49.532237,30.022935],[49.469086,30.161689],[49.245128,30.15648],[49.221202,30.264553],[49.178477,30.225898],[49.143321,30.233547],[48.921153,30.380764],[49.082367,30.403795],[49.202891,30.346625],[49.263845,30.449652],[49.211192,30.506334],[49.183849,30.487047],[48.981456,30.515611],[48.945649,30.479722],[49.02947,30.450263],[49.017345,30.414944],[48.946462,30.421576],[48.880138,30.374579],[48.85963,30.31623],[48.936046,30.21011],[48.915294,30.042182],[48.659516,30.052232],[48.658702,29.983629],[48.61085,29.957017],[48.464307,29.989127],[48.383072,30.13842],[48.397025,30.220999],[48.305713,30.312828],[48.192076,30.331276],[48.140916,30.441916],[48.013586,30.463878],[48.001545,30.994647],[47.672935,30.994698],[47.678929,31.407851],[47.834475,31.805708],[47.580232,32.103495],[47.491344,32.148633],[47.509224,32.213797],[47.395794,32.33702],[47.416413,32.387973],[47.343342,32.458692],[47.265311,32.484685],[47.152553,32.455178],[47.090593,32.474556],[46.715887,32.756012],[46.479312,32.891792],[46.273433,32.959488],[46.09701,32.95432],[46.075719,32.994344],[46.126156,33.047984],[46.030296,33.105681],[46.153441,33.154256],[46.174318,33.18118],[46.155301,33.260219],[46.036239,33.367939],[45.974434,33.490799],[45.852581,33.494365],[45.915626,33.535809],[45.885964,33.63092],[45.734552,33.583119],[45.485781,33.938653],[45.380361,33.97356],[45.544537,34.15063],[45.55756,34.311964],[45.46077,34.340463],[45.417052,34.444359],[45.4987,34.486242],[45.500664,34.591688],[45.695588,34.550244],[45.683495,34.660211],[45.627375,34.720828],[45.676571,34.818289],[45.745404,34.840975],[45.755119,34.909963],[45.850203,34.906811],[45.857025,35.021274],[45.913197,35.087317],[46.009212,35.06091],[46.143106,35.099512],[46.169254,35.216249],[46.115407,35.226326],[46.120161,35.318517],[45.963995,35.494165],[45.983115,35.5353],[45.959344,35.578708],[45.999238,35.572145],[45.995879,35.658393],[46.037065,35.691569],[46.23788,35.715547],[46.325058,35.787843],[46.281392,35.828305],[46.163518,35.797506],[46.07696,35.856986],[45.749021,35.810994],[45.646857,35.933208],[45.53999,35.99398],[45.32052,35.99398],[45.348322,36.087514],[45.264193,36.250192],[45.282693,36.274893],[45.238871,36.402999],[45.083739,36.412817],[44.991393,36.53374],[45.035266,36.689596],[44.996199,36.741686],[44.831248,36.791916],[44.883441,36.886845],[44.887368,37.015933],[44.752699,37.103318],[44.753526,37.215326],[44.801585,37.292686],[44.565941,37.447173],[44.587438,37.584012],[44.540878,37.632717],[44.59612,37.716381],[44.534418,37.769194],[44.429102,37.779142],[44.367142,37.860222],[44.202087,37.897171],[44.236038,37.993832],[44.36709,38.162478],[44.372413,38.249501],[44.459177,38.322416],[44.424657,38.377038],[44.289524,38.382258],[44.297017,38.622321],[44.256812,38.653921],[44.250508,38.709215],[44.275002,38.843573],[44.205756,38.875664],[44.158007,38.957468],[44.194801,39.120533],[44.077702,39.200063],[44.026025,39.386176],[44.176507,39.411549],[44.29495,39.381215],[44.387967,39.414495],[44.455043,39.687139],[44.565734,39.765894],[44.806993,39.639902]]],[[[54.526378,26.309638],[54.526378,26.251939],[54.490896,26.278713],[54.492198,26.309638],[54.526378,26.309638]]],[[[54.036876,26.48843],[53.963064,26.492174],[53.902843,26.5362],[54.018809,26.555569],[54.036876,26.48843]]],[[[53.317149,26.799994],[53.22283,26.799547],[53.158458,26.838568],[53.382009,26.803127],[53.317149,26.799994]]],[[[56.322276,26.834418],[56.341156,26.87934],[56.404145,26.893052],[56.379161,26.83869],[56.322276,26.834418]]],[[[56.212413,27.002997],[56.287446,26.955146],[56.193533,26.924547],[56.080821,26.785346],[55.947032,26.696275],[55.876638,26.742906],[55.772716,26.688381],[55.685557,26.690497],[55.520518,26.603258],[55.285411,26.559963],[55.273774,26.649807],[55.351899,26.647447],[55.764496,26.793891],[55.781016,26.889635],[55.739431,26.932929],[55.757986,26.954047],[55.897716,26.906806],[56.041026,26.975653],[56.212413,27.002997]]],[[[56.472992,27.106024],[56.508474,27.074368],[56.495291,27.052314],[56.434581,27.054836],[56.472992,27.106024]]],[[[50.305817,29.271275],[50.334651,29.258661],[50.316531,29.207572],[50.305817,29.271275]]],[[[54.54656,25.9265],[54.553233,25.899848],[54.509776,25.913764],[54.54656,25.9265]]],[[[55.894298,26.679429],[55.903982,26.64525],[55.869314,26.613023],[55.855479,26.64411],[55.894298,26.679429]]],[[[53.639415,26.688788],[53.65919,26.66885],[53.601248,26.679592],[53.639415,26.688788]]],[[[55.048676,25.885769],[55.032644,25.854641],[55.015636,25.871853],[55.048676,25.885769]]]]}},{"type":"Feature","properties":{"iso3":"QAT","name":"Qatar","continent":"Asia"},"geometry":{"type":"Polygon","coordinates":[[[50.807872,24.746649],[50.826671,24.748684],[50.852794,24.770006],[50.85963,24.7956],[50.851085,24.890815],[50.796641,25.003607],[50.807384,25.031643],[50.808604,25.069159],[50.775727,25.091864],[50.757823,25.186225],[50.764985,25.204291],[50.757823,25.269355],[50.765798,25.323554],[50.750987,25.419623],[50.763845,25.482408],[50.750987,25.494696],[50.778005,25.527045],[50.797093,25.529896],[50.820508,25.491293],[50.820486,25.471829],[50.847179,25.467353],[50.827891,25.525051],[50.832856,25.578518],[50.818533,25.595771],[50.785004,25.60456],[50.796397,25.617255],[50.836925,25.628811],[50.846528,25.649848],[50.857188,25.650824],[50.87615,25.631781],[50.868663,25.559556],[50.881521,25.535142],[50.898692,25.532213],[50.90919,25.597724],[50.920584,25.608344],[50.949555,25.597724],[50.97755,25.646145],[50.924327,25.63231],[50.903168,25.640123],[50.887543,25.680894],[50.894867,25.728095],[50.90919,25.745103],[50.901703,25.789537],[50.915538,25.786444],[50.932872,25.810614],[50.945567,25.798489],[50.949555,25.775295],[50.972992,25.797512],[50.970714,25.830512],[50.963878,25.823676],[50.949392,25.837958],[50.951182,25.85928],[50.977306,25.916449],[50.984223,25.98135],[51.004731,25.967027],[51.027354,26.026923],[51.047374,26.053046],[51.141856,26.087795],[51.176117,26.139594],[51.194347,26.133531],[51.251231,26.160102],[51.33074,26.121161],[51.346853,26.104885],[51.347179,26.039008],[51.376638,26.022895],[51.388438,25.967027],[51.403982,25.954088],[51.511974,25.946112],[51.559418,25.913764],[51.577485,25.880845],[51.594493,25.758246],[51.583507,25.741767],[51.563324,25.762885],[51.544607,25.737372],[51.555024,25.720649],[51.573985,25.734931],[51.590099,25.7119],[51.576834,25.688666],[51.556814,25.681627],[51.552908,25.707587],[51.505138,25.687161],[51.54713,25.663153],[51.552908,25.652981],[51.54949,25.631171],[51.505138,25.612006],[51.491384,25.618232],[51.491547,25.550645],[51.471934,25.521389],[51.516938,25.440172],[51.511974,25.330227],[51.518809,25.297065],[51.590017,25.283759],[51.607595,25.255113],[51.616547,25.137193],[51.605724,25.034247],[51.611013,25.022366],[51.602306,25.013821],[51.586925,24.953437],[51.539399,24.898871],[51.528819,24.874416],[51.500255,24.855373],[51.47283,24.759426],[51.455821,24.740668],[51.443614,24.679755],[51.381521,24.635077],[51.37615,24.611884],[51.340587,24.569892],[51.328949,24.584784],[51.346853,24.635077],[51.339122,24.646186],[51.285981,24.645006],[51.284434,24.662502],[51.278087,24.662991],[51.220958,24.644232],[51.214854,24.627183],[51.147451,24.576279],[51.095465,24.560182],[50.978883,24.567726],[50.928602,24.587208],[50.881008,24.636404],[50.807872,24.746649]]]}},{"type":"Feature","properties":{"iso3":"SAU","name":"Saudi Arabia","continent":"Asia"},"geometry":{"type":"MultiPolygon","coordinates":[[[[50.807872,24.746649],[50.881008,24.636404],[50.978883,24.567726],[51.095465,24.560182],[51.268809,24.624498],[51.306407,24.610826],[51.29656,24.521918],[51.395274,24.631334],[51.498302,24.583564],[51.336192,24.447943],[51.277843,24.318996],[51.479015,24.310858],[51.569347,24.256171],[51.593522,24.078325],[52.558476,22.938575],[55.105297,22.620946],[55.186843,22.703577],[55.637565,21.97897],[54.97838,19.995421],[51.978615,18.995638],[49.035849,18.57972],[48.161949,18.148919],[47.589012,17.463276],[47.428569,17.093104],[47.161338,16.947442],[46.970342,16.956847],[46.710099,17.275381],[46.322629,17.224066],[45.430384,17.312019],[45.165387,17.428395],[44.149015,17.40483],[44.08535,17.343439],[43.982307,17.356823],[43.915128,17.301839],[43.892649,17.34008],[43.730643,17.35243],[43.577061,17.482965],[43.412885,17.519965],[43.167887,17.33052],[43.252171,17.27197],[43.156156,17.2097],[43.118432,17.086245],[43.135899,17.009609],[43.108717,16.926978],[43.145821,16.834477],[43.211502,16.796857],[43.168507,16.737222],[43.179979,16.664617],[43.097762,16.677794],[43.036267,16.536304],[42.917411,16.483801],[42.872452,16.401636],[42.78948,16.370958],[42.794932,16.452826],[42.728689,16.547187],[42.712413,16.730618],[42.635753,16.815172],[42.575857,16.832343],[42.541759,16.877997],[42.534516,17.010321],[42.44752,17.049018],[42.401703,17.16352],[42.3567,17.18244],[42.384044,17.120998],[42.362966,17.024807],[42.307872,17.444322],[42.093516,17.652086],[41.97934,17.710639],[41.869477,17.820502],[41.787608,17.833564],[41.719249,17.909247],[41.507172,18.228258],[41.438162,18.464179],[41.363292,18.558661],[41.275401,18.592027],[41.216563,18.686347],[41.239513,18.848334],[41.171235,18.871649],[41.137218,18.957709],[41.176524,19.067369],[41.068614,19.125393],[41.041677,19.245754],[40.955903,19.343329],[40.944672,19.505683],[40.760427,19.60871],[40.794444,19.601264],[40.798025,19.692328],[40.744884,19.777004],[40.674001,19.794989],[40.64503,19.784735],[40.656586,19.759508],[40.533539,19.903998],[40.522634,19.97248],[40.313487,20.090725],[40.083832,20.279242],[39.968028,20.275092],[39.903087,20.308254],[39.947113,20.262152],[39.923188,20.263577],[39.778331,20.342719],[39.567393,20.567694],[39.591075,20.580268],[39.492931,20.706244],[39.506033,20.746405],[39.43629,20.756659],[39.417654,20.805325],[39.450694,20.817816],[39.359711,20.862616],[39.352794,20.919867],[39.306814,20.926093],[39.237804,21.062893],[39.185395,21.097235],[39.163259,21.205878],[39.08074,21.315009],[39.171072,21.40412],[39.158946,21.507799],[39.142751,21.54092],[39.110362,21.528144],[39.092296,21.576565],[39.077403,21.691555],[39.101248,21.759996],[39.066742,21.725246],[38.949598,21.921916],[38.931254,22.006073],[38.959144,22.034443],[38.986214,22.002239],[39.01002,22.024115],[39.040375,22.235785],[39.13738,22.4147],[39.070256,22.365828],[39.081517,22.546792],[38.993012,22.708564],[39.014659,22.758979],[38.945486,22.831204],[38.971446,22.763861],[38.851001,22.929721],[38.941417,22.850531],[38.964692,22.870429],[38.937348,22.912095],[38.799571,22.998684],[38.779063,23.041164],[38.79835,23.149604],[38.777619,23.139292],[38.711436,23.235745],[38.601573,23.551947],[38.560883,23.545722],[38.59547,23.528388],[38.540064,23.543245],[38.452647,23.784003],[38.079135,24.070388],[37.935321,24.139007],[37.983072,24.165664],[37.93953,24.161441],[37.937292,24.21085],[37.923905,24.155547],[37.865634,24.149888],[37.676091,24.291236],[37.625987,24.28144],[37.628394,24.24804],[37.52272,24.267732],[37.429403,24.367307],[37.417958,24.400966],[37.454954,24.406871],[37.456669,24.441249],[37.228526,24.737698],[37.230317,24.792548],[37.178722,24.799384],[37.148611,24.85102],[37.256602,24.871243],[37.279959,24.964097],[37.242198,25.175279],[37.105317,25.32217],[37.077403,25.431057],[36.944102,25.635199],[36.817393,25.757961],[36.779552,25.724066],[36.702322,25.779975],[36.66212,25.879096],[36.705821,25.943752],[36.696056,26.022284],[36.512706,26.110989],[36.30893,26.498236],[36.229828,26.625556],[36.097667,26.753974],[36.031993,26.906806],[35.831716,27.092719],[35.784028,27.2355],[35.559581,27.455634],[35.41505,27.75137],[35.181488,28.002916],[35.226899,28.033149],[35.216319,28.054389],[35.051931,28.119574],[34.927745,28.078599],[34.838878,28.078599],[34.866222,28.112779],[34.836762,28.116278],[34.804861,28.071194],[34.793712,28.11107],[34.681977,28.135159],[34.613048,28.030219],[34.606212,28.096015],[34.574392,28.094062],[34.627126,28.176663],[34.651703,28.167792],[34.803775,28.527133],[34.77847,28.6645],[34.945323,29.3369],[36.069457,29.200028],[36.477081,29.494609],[36.728745,29.853528],[37.470198,29.994553],[37.647552,30.330863],[37.97332,30.494522],[36.959532,31.490999],[38.963337,31.994379],[39.157744,32.121348],[40.37028,31.938465],[42.075395,31.079861],[44.691825,29.201836],[46.357459,29.063137],[46.532436,29.095745],[47.433363,28.994717],[47.549945,28.770596],[47.581674,28.631483],[47.668129,28.533505],[48.432781,28.54048],[48.49464,28.500149],[48.507823,28.415717],[48.476085,28.400784],[48.523936,28.414455],[48.522227,28.318834],[48.618419,28.217271],[48.606456,28.126451],[48.653331,28.049872],[48.77589,28.011949],[48.753266,27.947984],[48.87794,27.836819],[48.852794,27.737494],[48.852875,27.817939],[48.821788,27.766832],[48.820567,27.830024],[48.778819,27.71955],[48.803966,27.736477],[48.84547,27.667141],[48.880138,27.687567],[48.869802,27.618557],[48.831798,27.612494],[48.893809,27.632961],[48.914317,27.571519],[48.926036,27.613837],[48.9817,27.614569],[49.071625,27.539496],[49.239757,27.545111],[49.309825,27.456692],[49.119802,27.441148],[49.195486,27.40644],[49.246918,27.423774],[49.226085,27.34276],[49.312755,27.344957],[49.345225,27.182807],[49.37086,27.218736],[49.40089,27.207831],[49.377696,27.159166],[49.399099,27.144721],[49.435069,27.166815],[49.431895,27.142768],[49.508311,27.133979],[49.50408,27.187934],[49.572113,27.194159],[49.564626,27.116685],[49.699474,26.958238],[49.871837,26.862494],[49.972992,26.842353],[50.158458,26.664862],[50.161876,26.639228],[50.037852,26.695217],[50.006358,26.747626],[49.988455,26.724433],[50.03061,26.494615],[50.19158,26.403551],[50.216563,26.32392],[50.21225,26.191311],[50.154552,26.166246],[50.141368,26.035956],[50.0324,26.201077],[49.975841,26.139594],[50.0088,26.086493],[49.996918,26.017279],[50.101329,25.989488],[50.118337,25.867865],[50.257498,25.631903],[50.144705,25.733344],[50.148692,25.699856],[50.196056,25.687161],[50.347992,25.482123],[50.374278,25.461168],[50.381358,25.512885],[50.462901,25.446926],[50.520356,25.314765],[50.562185,25.054836],[50.606293,25.042711],[50.72641,24.881659],[50.750011,24.753119],[50.771332,24.726955],[50.807872,24.746649]]],[[[42.186438,16.705528],[42.188199,16.605264],[42.155836,16.584977],[42.083815,16.626718],[42.117633,16.659855],[42.085753,16.693525],[41.955457,16.670115],[41.867396,16.728569],[41.824941,16.798237],[41.778168,16.81269],[41.755614,16.878387],[41.828084,16.858608],[41.898467,16.751484],[42.064606,16.728382],[42.021739,16.755805],[42.062185,16.814195],[42.186438,16.705528]]],[[[41.918893,16.791155],[41.84303,16.880347],[41.928477,16.954901],[41.858572,16.996405],[41.938162,16.972886],[41.939919,16.901473],[41.985181,16.853596],[41.944102,16.853013],[41.938162,16.821357],[42.001958,16.772556],[41.918893,16.791155]]],[[[49.56544,27.351752],[49.688813,27.317694],[49.56544,27.297797],[49.531261,27.346177],[49.463878,27.306627],[49.501231,27.360541],[49.56544,27.351752]]],[[[37.026866,25.419623],[37.031261,25.398749],[36.946544,25.441881],[36.951834,25.467515],[36.999278,25.469428],[37.026866,25.419623]]],[[[36.942149,25.418362],[36.914806,25.370917],[36.878673,25.373725],[36.776134,25.489163],[36.906423,25.431627],[36.91627,25.396877],[36.942149,25.418362]]],[[[36.849376,25.533026],[36.841319,25.570014],[36.866547,25.557522],[36.849376,25.533026]]],[[[36.790212,25.49787],[36.734386,25.546617],[36.681163,25.544135],[36.691254,25.567206],[36.879161,25.443345],[36.790212,25.49787]]],[[[36.900727,25.549302],[36.904633,25.603176],[36.927582,25.52851],[36.900727,25.549302]]],[[[36.683116,25.572333],[36.667654,25.54975],[36.510509,25.610419],[36.491466,25.645087],[36.54363,25.702867],[36.537934,25.639838],[36.683116,25.572333]]],[[[36.544281,25.73135],[36.542491,25.801947],[36.583669,25.857896],[36.555431,25.796332],[36.611095,25.709459],[36.544281,25.73135]]]]}},{"type":"Feature","properties":{"iso3":"PAK","name":"Pakistan","continent":"Asia"},"geometry":{"type":"MultiPolygon","coordinates":[[[[75.981083,36.445444],[75.96883,36.301971],[76.014409,36.230399],[75.894313,36.097384],[75.922321,36.031652],[76.08996,35.978115],[76.166027,35.806239],[76.384102,35.828202],[76.537168,35.902513],[76.570757,35.751256],[76.763407,35.647076],[76.913161,35.378277],[77.048971,35.110442],[77.013108,34.986393],[76.933836,34.928877],[76.817047,34.940762],[76.757619,34.915131],[76.743873,34.819271],[76.652613,34.746976],[76.553187,34.72584],[76.438156,34.762892],[76.154969,34.661658],[76.023401,34.677161],[75.795818,34.507921],[75.611643,34.49836],[75.348093,34.55722],[75.212907,34.644967],[75.017777,34.629722],[74.285832,34.768887],[74.120881,34.690855],[73.919343,34.642538],[73.925957,34.564971],[73.779817,34.396067],[73.804208,34.327492],[73.93774,34.304212],[73.990553,34.218507],[73.995411,34.176442],[73.893298,34.11474],[73.916242,34.02795],[73.976704,34.004592],[74.228368,34.012886],[74.272293,33.96214],[74.177518,33.857547],[74.034581,33.828608],[73.966162,33.734531],[73.968332,33.662081],[74.141552,33.549374],[74.157778,33.494236],[74.085121,33.314324],[73.991793,33.252571],[74.002335,33.177692],[74.153851,33.040181],[74.311257,32.994292],[74.336682,32.870139],[74.306503,32.809911],[74.34619,32.76689],[74.418951,32.784615],[74.573773,32.75255],[74.653562,32.837428],[74.685291,32.831227],[74.632581,32.568168],[74.689322,32.471352],[74.83815,32.474866],[74.906983,32.445178],[75.023668,32.466262],[75.230167,32.380195],[75.359048,32.261675],[75.29807,32.159795],[75.195751,32.128634],[75.17415,32.086828],[75.040825,32.09799],[74.955662,32.032206],[74.828641,32.025437],[74.783683,31.942858],[74.698417,31.950247],[74.550415,31.826999],[74.492641,31.714551],[74.614598,31.477821],[74.506387,31.175411],[74.536773,31.115156],[74.650254,31.093142],[74.519306,30.962452],[74.441585,30.946174],[74.401277,30.893103],[74.31074,30.884473],[74.155711,30.659577],[74.067448,30.610536],[74.057526,30.531367],[73.85175,30.372669],[73.934639,30.261048],[73.944354,30.188288],[73.739716,30.048451],[73.557815,30.012536],[73.370332,29.927322],[73.232873,29.536596],[72.930359,29.047685],[72.354581,28.767186],[72.256499,28.645591],[72.149942,28.353774],[71.908303,28.135571],[71.860864,27.950207],[71.560727,27.868533],[71.226329,27.845356],[70.831573,27.701463],[70.710391,27.74115],[70.640732,27.854787],[70.633187,27.93163],[70.534898,28.015965],[70.456247,28.039788],[70.359509,28.016327],[70.101953,27.81174],[69.993536,27.571083],[69.534443,27.125581],[69.465093,26.80777],[69.50416,26.735165],[69.815562,26.580291],[70.056064,26.589076],[70.158074,26.530113],[70.146912,26.217419],[70.078285,26.099648],[70.064281,25.99552],[70.249231,25.707683],[70.360129,25.673473],[70.592259,25.708819],[70.653857,25.674455],[70.654478,25.39659],[70.734886,25.267348],[70.848574,25.163323],[70.915237,24.946618],[71.056632,24.69282],[70.977145,24.639686],[70.954821,24.584521],[70.974355,24.472202],[71.082772,24.411508],[71.007118,24.363966],[70.917717,24.361718],[70.840926,24.30583],[70.857566,24.271672],[70.755453,24.231442],[70.567661,24.272809],[70.562907,24.424092],[70.416353,24.401948],[70.109705,24.3049],[70.052137,24.202064],[69.972039,24.165219],[69.714587,24.168578],[69.563071,24.276762],[69.280815,24.283739],[69.166713,24.253172],[69.067701,24.288441],[68.980781,24.255394],[68.890296,24.319473],[68.848903,24.244025],[68.819654,24.250304],[68.79919,24.329085],[68.747307,24.331177],[68.724466,23.965179],[68.431564,23.967143],[68.353636,23.939289],[68.348882,23.964611],[68.300409,23.910505],[68.254934,23.929109],[68.183517,23.8433],[68.157481,23.905097],[68.149099,23.694525],[68.102224,23.733832],[68.098888,23.709296],[68.062755,23.723131],[68.102224,23.809516],[68.024181,23.935248],[68.053884,23.829413],[68.024425,23.774604],[67.905935,23.85928],[67.868907,23.850491],[67.863292,23.902818],[67.839041,23.823391],[67.718598,23.843695],[67.73227,23.795233],[67.631602,23.803453],[67.651215,23.929755],[67.614513,23.850084],[67.546641,23.898261],[67.491059,23.883124],[67.532237,23.929145],[67.463634,23.982001],[67.46811,24.021959],[67.533051,24.070258],[67.509776,24.052069],[67.341319,24.086371],[67.279145,24.281236],[67.285981,24.329576],[67.362478,24.34394],[67.28297,24.357611],[67.286632,24.439521],[67.2588,24.419094],[67.210948,24.50845],[67.230805,24.525092],[67.183604,24.590318],[67.252615,24.590318],[67.149587,24.635077],[67.245128,24.761664],[67.176036,24.757717],[67.148204,24.799791],[67.073741,24.795803],[67.08253,24.774156],[66.965099,24.843573],[66.960216,24.817816],[66.882091,24.85102],[66.654145,24.839179],[66.704438,24.892035],[66.681326,24.948879],[66.737153,25.181098],[66.710216,25.239244],[66.547862,25.365627],[66.591156,25.399604],[66.531016,25.518134],[66.492849,25.518052],[66.375499,25.625678],[66.203949,25.593207],[66.094412,25.47484],[66.20045,25.48786],[66.279145,25.549994],[66.336436,25.553371],[66.411957,25.491116],[66.492198,25.481024],[66.45753,25.453762],[66.498383,25.398505],[66.359548,25.465237],[66.251801,25.472886],[65.858409,25.417548],[65.671641,25.347398],[65.467784,25.385443],[65.400727,25.366685],[65.395356,25.392279],[65.23227,25.370673],[65.143403,25.295885],[64.744395,25.324042],[64.66863,25.255113],[64.66863,25.206732],[64.710216,25.179389],[64.65504,25.165717],[64.615245,25.173163],[64.610606,25.251695],[64.56544,25.27025],[64.448009,25.235745],[64.360688,25.283026],[64.094493,25.335883],[64.083751,25.426744],[64.155284,25.446926],[64.127289,25.453762],[63.989594,25.425442],[64.061697,25.399156],[64.066742,25.346259],[63.944102,25.334906],[63.737804,25.385321],[63.57252,25.364976],[63.469493,25.289252],[63.515391,25.206855],[63.144054,25.260932],[63.027843,25.220364],[62.770518,25.261908],[62.477179,25.259064],[62.489431,25.214179],[62.413829,25.206529],[62.34311,25.155463],[62.381052,25.087572],[62.256055,25.098627],[62.318126,25.141832],[62.275184,25.19989],[62.145193,25.218411],[62.068045,25.178142],[62.097179,25.107123],[61.881114,25.103013],[61.847341,25.037909],[61.729551,25.021783],[61.783051,25.187974],[61.588227,25.202094],[61.620042,25.285486],[61.643193,25.613321],[61.673475,25.65828],[61.66035,25.769178],[61.754504,25.819975],[61.832949,26.225377],[62.094173,26.314829],[62.123835,26.373999],[62.265119,26.360976],[62.248996,26.416528],[62.291991,26.501226],[62.41064,26.55683],[62.70194,26.60401],[62.742712,26.641321],[63.163772,26.645093],[63.182272,26.83025],[63.264851,26.890039],[63.234982,26.941147],[63.235602,27.075868],[63.30242,27.123358],[63.271259,27.203405],[63.189559,27.254462],[62.892419,27.213482],[62.742351,27.266812],[62.778783,27.299833],[62.756045,27.348099],[62.814698,27.494964],[62.735684,27.994985],[62.761523,28.246442],[62.575643,28.229027],[62.362787,28.418887],[61.89279,28.5426],[61.566505,28.870978],[61.510901,29.007378],[61.470284,29.035903],[61.478035,29.087476],[61.332824,29.274907],[61.337372,29.374384],[60.844379,29.858179],[62.477509,29.407819],[63.568605,29.497477],[64.086093,29.386605],[64.172599,29.4843],[64.477697,29.570367],[65.036371,29.540162],[66.195628,29.835338],[66.340529,29.956571],[66.221725,30.073721],[66.300893,30.225598],[66.321822,30.437368],[66.267975,30.601389],[66.366264,30.922868],[66.550025,30.976973],[66.663093,31.083117],[66.696993,31.195823],[66.943283,31.314731],[67.002091,31.315867],[67.035267,31.235924],[67.346204,31.20776],[67.749435,31.328011],[67.770364,31.394674],[67.611459,31.410797],[67.568981,31.52986],[67.696312,31.520816],[67.842711,31.623497],[67.955211,31.633212],[68.046575,31.688403],[68.159126,31.825914],[68.255037,31.766383],[68.49802,31.725248],[68.540601,31.762507],[68.418748,31.783022],[68.527476,31.822968],[68.675787,31.774702],[68.803841,31.602568],[69.040106,31.673107],[69.29885,31.93769],[69.251049,32.13065],[69.268102,32.301337],[69.232859,32.462671],[69.426025,32.655088],[69.376313,32.771877],[69.48721,32.885875],[69.487727,33.028373],[69.547517,33.075011],[69.771844,33.114776],[69.880933,33.089248],[69.994725,33.127333],[70.048003,33.194073],[70.124794,33.199034],[70.294448,33.318949],[70.285715,33.382873],[70.163758,33.488655],[70.174093,33.632108],[70.118128,33.716522],[69.972659,33.744841],[69.847188,33.926948],[69.889253,34.031206],[70.002838,34.043789],[70.521979,33.938705],[70.862217,33.964775],[70.894308,34.009372],[71.062618,34.054253],[71.122046,34.356819],[70.991511,34.443067],[70.956991,34.532002],[71.076571,34.578511],[71.080601,34.672923],[71.189535,34.737054],[71.289478,34.87503],[71.46957,34.949702],[71.508947,35.072021],[71.637932,35.189688],[71.529825,35.300895],[71.622429,35.429621],[71.587806,35.470911],[71.584188,35.564187],[71.492721,35.609559],[71.515355,35.701491],[71.356399,35.933053],[71.165919,36.045708],[71.313972,36.194019],[71.55835,36.327861],[71.542227,36.356387],[71.600725,36.449301],[71.766916,36.391837],[71.794408,36.407598],[71.773221,36.480048],[72.038838,36.580456],[72.070877,36.632287],[72.154179,36.645465],[72.169682,36.711352],[72.454109,36.757964],[72.565214,36.820596],[73.640083,36.896638],[73.834077,36.882866],[74.035305,36.815583],[74.094319,36.831241],[74.129666,36.898421],[74.235706,36.902167],[74.43559,37.003221],[74.521373,36.958495],[74.561784,37.029679],[74.66245,37.054484],[74.824301,36.994125],[74.866779,36.916559],[74.924966,36.970871],[75.100149,36.994125],[75.351297,36.915784],[75.431912,36.722928],[75.49258,36.720705],[75.570508,36.766749],[75.728741,36.723186],[75.874779,36.619471],[75.981083,36.445444]]],[[[67.375499,24.06273],[67.477794,24.051215],[67.426931,24.007514],[67.375499,24.06273]]]]}},{"type":"Feature","properties":{"iso3":"THA","name":"Thailand","continent":"Asia"},"geometry":{"type":"MultiPolygon","coordinates":[[[[102.913585,11.645901],[102.893321,11.76968],[102.783458,11.892279],[102.766938,12.011786],[102.631847,12.152045],[102.641368,12.175482],[102.573904,12.208726],[102.557302,12.183743],[102.573985,12.049262],[102.473643,12.148993],[102.295909,12.190009],[102.265391,12.27147],[102.351899,12.323676],[102.352061,12.367255],[102.324474,12.365302],[102.342459,12.351304],[102.310232,12.31623],[102.283539,12.341376],[102.304047,12.427395],[102.276703,12.392564],[102.27003,12.440375],[102.20102,12.433539],[102.273448,12.326158],[102.228282,12.323676],[102.087169,12.464748],[102.078136,12.509263],[102.098643,12.495592],[102.105642,12.522895],[102.047862,12.542304],[102.064464,12.570746],[102.022227,12.568549],[102.064464,12.522935],[102.056977,12.468329],[102.022472,12.519517],[101.960785,12.537258],[101.954356,12.601304],[101.947276,12.540717],[101.80836,12.687934],[101.704438,12.707913],[101.659841,12.660102],[101.465099,12.63231],[101.428884,12.596869],[101.087738,12.680609],[100.988617,12.649359],[100.974457,12.598049],[100.926117,12.619127],[100.917654,12.662584],[100.857921,12.652655],[100.87143,12.673774],[100.837413,12.707913],[100.919932,12.81094],[100.868175,12.929023],[100.933604,13.002753],[100.882823,13.087836],[100.944509,13.220038],[100.919281,13.310777],[100.985362,13.373033],[100.970876,13.437201],[100.995779,13.489325],[100.888927,13.468248],[100.679861,13.509223],[100.58961,13.561957],[100.59783,13.61225],[100.555919,13.510891],[100.264985,13.497545],[100.038829,13.402737],[99.962738,13.309882],[99.967133,13.259019],[100.073985,13.152777],[100.10434,13.057318],[99.96046,12.667914],[100.010997,12.383246],[99.9817,12.279934],[100.015636,12.180325],[99.855317,11.968411],[99.811046,11.753079],[99.751801,11.709866],[99.641856,11.523261],[99.573741,11.344062],[99.586192,11.213853],[99.496349,11.13288],[99.51531,10.881537],[99.451671,10.875312],[99.37672,10.685492],[99.313162,10.647366],[99.288259,10.562934],[99.24464,10.535142],[99.268321,10.508205],[99.240408,10.456977],[99.290538,10.399237],[99.285004,10.364488],[99.151622,10.357367],[99.158458,10.30272],[99.254649,10.234442],[99.201345,10.210639],[99.151622,10.103461],[99.178884,10.025295],[99.144786,9.788235],[99.181407,9.643256],[99.323578,9.391547],[99.235525,9.33633],[99.255056,9.232489],[99.443858,9.19599],[99.50172,9.220282],[99.535818,9.281684],[99.752778,9.31977],[99.853526,9.294664],[99.919444,9.086493],[99.967133,8.605658],[100.157563,8.385728],[100.18629,8.397203],[100.175059,8.466457],[100.131114,8.514553],[100.22047,8.448717],[100.271495,8.317084],[100.440196,7.476996],[100.5746,7.209153],[100.548139,7.19705],[100.425548,7.267564],[100.406016,7.527655],[100.358927,7.57861],[100.272634,7.531073],[100.275564,7.576972],[100.323497,7.6164],[100.320567,7.707953],[100.288748,7.788316],[100.210623,7.780911],[100.142914,7.700019],[100.17921,7.531195],[100.278819,7.362209],[100.370128,7.332709],[100.384939,7.266303],[100.426872,7.245309],[100.395518,7.21133],[100.424436,7.171206],[100.519988,7.135553],[100.580821,7.167629],[100.585701,7.207171],[100.765147,6.98314],[100.849946,6.962063],[100.997573,6.856675],[101.191417,6.861884],[101.244267,6.902029],[101.351329,6.875922],[101.262543,6.94477],[101.291731,6.954572],[101.557384,6.841783],[101.771658,6.500718],[102.072765,6.257758],[102.060002,6.094797],[101.934739,5.981729],[101.912931,5.859308],[101.812266,5.752544],[101.784154,5.7381],[101.726793,5.78647],[101.665918,5.765592],[101.634085,5.855587],[101.557914,5.911346],[101.248993,5.786986],[101.212302,5.681515],[101.122179,5.62989],[100.967201,5.781018],[101.015312,5.898349],[101.07877,5.938166],[101.094273,6.085754],[101.052519,6.134562],[101.088279,6.233522],[100.974281,6.272616],[100.928909,6.240628],[100.842816,6.243935],[100.805609,6.414803],[100.731505,6.487021],[100.612649,6.449168],[100.387391,6.522084],[100.329204,6.557766],[100.263316,6.700006],[100.173296,6.703416],[100.135572,6.457721],[100.093516,6.540107],[100.063324,6.506578],[99.867524,6.7626],[99.685802,6.877346],[99.712901,6.951646],[99.68214,6.992662],[99.695486,7.059882],[99.748057,7.126044],[99.677582,7.123277],[99.672374,7.170722],[99.621104,7.13703],[99.557872,7.197455],[99.545421,7.266303],[99.603526,7.376166],[99.549571,7.301825],[99.508149,7.384955],[99.470714,7.279975],[99.365896,7.336371],[99.292735,7.620673],[99.249766,7.627753],[99.255707,7.657375],[99.130544,7.767239],[99.091482,7.69184],[99.033214,7.722805],[99.014415,7.815009],[99.070323,7.907904],[99.028087,7.903754],[98.917979,8.051337],[98.857921,8.00845],[98.800304,8.052436],[98.770274,8.023668],[98.744151,8.214911],[98.727061,8.253852],[98.712738,8.225898],[98.703136,8.298529],[98.624034,8.281155],[98.6421,8.385932],[98.422211,8.306342],[98.453136,8.294013],[98.462901,8.216132],[98.424978,8.148424],[98.391287,8.136542],[98.286876,8.219916],[98.199474,8.534369],[98.209727,8.581488],[98.247325,8.514553],[98.253103,8.534654],[98.219493,8.575629],[98.22283,8.712388],[98.261567,8.850653],[98.391287,9.035305],[98.332693,9.026068],[98.370779,9.103583],[98.322276,9.209377],[98.370779,9.226467],[98.352306,9.235907],[98.457205,9.548529],[98.486827,9.528062],[98.528494,9.575873],[98.46339,9.604438],[98.511974,9.650214],[98.493663,9.71369],[98.543956,9.706488],[98.565766,9.742621],[98.5088,9.770819],[98.574962,9.824652],[98.549001,9.809272],[98.512706,9.836859],[98.622081,9.947821],[98.603526,9.993598],[98.72047,10.227932],[98.790383,10.500265],[98.756793,10.666068],[98.83007,10.763556],[98.986133,10.840321],[99.001533,10.957627],[99.063648,10.95742],[99.206172,11.100021],[99.428173,11.496896],[99.440576,11.597278],[99.5307,11.630919],[99.606871,11.725694],[99.630022,11.815766],[99.554057,11.895037],[99.574004,11.976324],[99.518401,12.025934],[99.53287,12.144531],[99.466311,12.126031],[99.448844,12.147218],[99.473752,12.187268],[99.387039,12.465907],[99.403265,12.575926],[99.21413,12.73465],[99.155322,12.904485],[99.16483,12.975514],[99.093207,13.038327],[99.114084,13.188085],[99.190152,13.229504],[99.188808,13.407917],[99.152531,13.714875],[99.108813,13.762701],[99.084835,13.878534],[98.917714,14.096376],[98.54771,14.377676],[98.418209,14.607559],[98.243336,14.805118],[98.198998,15.051382],[98.160447,15.106366],[98.17719,15.220597],[98.232898,15.226798],[98.283024,15.289972],[98.392268,15.258243],[98.396195,15.347617],[98.474537,15.383481],[98.533551,15.325965],[98.559906,15.355317],[98.540269,15.711962],[98.58068,15.95913],[98.555875,16.055507],[98.630186,16.060003],[98.679589,16.126149],[98.798444,16.104444],[98.883711,16.25875],[98.903348,16.363447],[98.839579,16.472432],[98.788626,16.374557],[98.698399,16.28495],[98.663259,16.286656],[98.631633,16.463131],[98.456657,16.723218],[98.520529,16.814117],[98.49004,16.843211],[98.524559,16.850445],[98.515981,16.878971],[98.417899,17.029039],[98.299664,17.064748],[98.221012,17.20076],[98.100606,17.302614],[98.08872,17.372791],[98.035494,17.405037],[97.982784,17.505444],[97.768947,17.67918],[97.683991,17.816536],[97.685541,17.880718],[97.75179,17.980764],[97.617948,18.241678],[97.643786,18.291314],[97.573816,18.333094],[97.528341,18.26532],[97.486483,18.29214],[97.357602,18.539903],[97.427469,18.489519],[97.509531,18.491276],[97.617948,18.553158],[97.737941,18.570496],[97.759748,18.622792],[97.723368,18.851977],[97.661873,18.913782],[97.727812,19.037082],[97.804087,19.097957],[97.815145,19.190561],[97.76967,19.257275],[97.806154,19.301097],[97.767706,19.390368],[97.848735,19.493979],[97.848632,19.567644],[98.013583,19.651747],[98.017924,19.789388],[98.045622,19.807629],[98.205922,19.721485],[98.237548,19.664692],[98.474537,19.70531],[98.536548,19.677095],[98.80785,19.806544],[98.883711,19.745463],[99.000913,19.821013],[99.016829,20.041],[99.073466,20.101229],[99.158422,20.123553],[99.321203,20.06627],[99.441403,20.101617],[99.520571,20.170966],[99.439956,20.382168],[99.671259,20.310131],[99.7696,20.328424],[99.855693,20.428057],[99.932484,20.442733],[100.099295,20.317805],[100.134642,20.239102],[100.240372,20.372814],[100.344345,20.389971],[100.45731,20.196391],[100.536685,20.153474],[100.550586,20.106526],[100.474259,19.865352],[100.383516,19.763859],[100.46196,19.537103],[100.549294,19.494548],[100.633268,19.542167],[100.762614,19.495478],[100.879816,19.613584],[101.002548,19.610613],[101.095824,19.567282],[101.225015,19.585214],[101.254884,19.547154],[101.251731,19.494444],[101.192872,19.452793],[101.172356,19.376389],[101.210907,19.320631],[101.229149,19.143587],[101.326404,19.020546],[101.223309,18.855491],[101.209202,18.746325],[101.23473,18.658449],[101.030298,18.427791],[101.152409,18.316377],[101.12838,18.245735],[101.159282,18.204058],[101.157525,18.04045],[101.008284,17.89524],[100.886017,17.57376],[101.14719,17.472475],[101.247029,17.592157],[101.401593,17.706672],[101.381904,17.720728],[101.449807,17.749254],[101.468307,17.720367],[101.556261,17.792145],[101.53404,17.80956],[101.577551,17.868109],[101.729067,17.912189],[101.790407,18.073575],[101.904301,18.037117],[102.071268,18.208502],[102.171934,18.200286],[102.306706,18.051457],[102.445509,17.977767],[102.599608,17.955184],[102.595577,17.850074],[102.68291,17.810077],[102.672988,17.865371],[102.852719,17.972031],[102.938605,18.008928],[103.037927,17.990686],[103.073067,18.035515],[103.07131,18.125561],[103.138593,18.166722],[103.168204,18.249766],[103.295379,18.287774],[103.233678,18.349269],[103.244065,18.380068],[103.38664,18.441459],[103.801395,18.338262],[103.873949,18.283226],[103.929294,18.32759],[104.000039,18.318444],[104.264312,17.884646],[104.352627,17.819327],[104.452001,17.665951],[104.702632,17.527303],[104.788932,17.428963],[104.818335,17.240241],[104.740356,17.002581],[104.778338,16.715828],[104.754515,16.528915],[105.007419,16.283555],[105.058114,16.121188],[105.423232,16.00504],[105.362488,15.95479],[105.412046,15.79976],[105.568522,15.749376],[105.640921,15.68199],[105.61038,15.457171],[105.477468,15.352811],[105.558032,15.325138],[105.563975,15.272531],[105.463102,15.189436],[105.443775,15.133806],[105.593068,14.990792],[105.534157,14.934025],[105.550642,14.902296],[105.489147,14.786334],[105.507544,14.564048],[105.420314,14.435218],[105.155007,14.33047],[105.101419,14.230528],[105.047314,14.214069],[104.975949,14.301118],[104.97383,14.380648],[104.78826,14.438215],[104.594628,14.41],[104.542848,14.360391],[104.247466,14.401086],[104.189175,14.382302],[104.185661,14.40398],[104.148454,14.369615],[104.001383,14.345069],[103.919837,14.364577],[103.885162,14.340418],[103.682229,14.3838],[103.637064,14.44328],[103.596136,14.404342],[103.533401,14.419069],[103.457023,14.374421],[103.138231,14.319747],[102.918606,14.185492],[102.869772,14.020618],[102.772827,13.936076],[102.702651,13.771202],[102.54235,13.669709],[102.597747,13.60545],[102.513205,13.567157],[102.332234,13.5646],[102.328203,13.27516],[102.38205,13.136615],[102.490157,12.996081],[102.466283,12.937919],[102.505557,12.777774],[102.479253,12.677108],[102.588549,12.609826],[102.763751,12.425261],[102.720066,12.36121],[102.692212,12.178483],[102.9138,11.765536],[102.913585,11.645901]]],[[[97.871837,9.379584],[97.843598,9.424954],[97.868419,9.420396],[97.871837,9.379584]]],[[[99.698741,9.542222],[99.703461,9.521308],[99.668142,9.519192],[99.698741,9.542222]]],[[[99.684255,9.620022],[99.678071,9.610419],[99.675304,9.624457],[99.684255,9.620022]]],[[[99.247813,6.574856],[99.217296,6.536933],[99.158458,6.554389],[99.247813,6.574856]]],[[[99.672374,6.516547],[99.646821,6.50967],[99.600271,6.583441],[99.656993,6.723822],[99.704438,6.558295],[99.672374,6.516547]]],[[[99.405447,7.266303],[99.445811,7.250922],[99.394298,7.205471],[99.377778,7.252346],[99.405447,7.266303]]],[[[99.034923,7.644273],[99.117442,7.479193],[99.099946,7.467231],[99.031261,7.561916],[99.034923,7.644273]]],[[[99.124278,7.657375],[99.117442,7.595893],[99.044607,7.663398],[99.124278,7.657375]]],[[[98.540538,8.104926],[98.602387,8.063463],[98.603526,7.903754],[98.570811,7.939358],[98.583018,8.006781],[98.540538,8.104926]]],[[[98.41863,7.903754],[98.439626,7.901923],[98.398123,7.815009],[98.362315,7.832424],[98.309093,7.767727],[98.257986,7.926418],[98.281423,8.191799],[98.320811,8.179104],[98.343516,8.109198],[98.439138,8.082506],[98.397472,7.955024],[98.41863,7.903754]]],[[[98.637543,8.171291],[98.62143,8.102525],[98.587657,8.101752],[98.570079,8.118883],[98.637543,8.171291]]],[[[98.295665,9.145168],[98.323009,9.076239],[98.274181,9.035956],[98.240489,9.048977],[98.248383,9.143378],[98.295665,9.145168]]],[[[100.07016,9.586412],[100.090668,9.56094],[100.060883,9.463813],[99.956309,9.421617],[99.92628,9.493964],[99.93629,9.577704],[100.043712,9.564154],[100.07016,9.586412]]],[[[98.411632,9.768297],[98.398123,9.706244],[98.384939,9.727932],[98.411632,9.768297]]],[[[100.035411,9.7956],[100.067231,9.775621],[100.090099,9.665269],[99.999197,9.710354],[99.970551,9.764594],[100.035411,9.7956]]],[[[102.564138,11.707953],[102.605968,11.684516],[102.598318,11.563381],[102.53004,11.604926],[102.549815,11.752346],[102.564138,11.707953]]],[[[102.399669,12.043158],[102.441173,11.967434],[102.379161,12.002834],[102.37794,11.979641],[102.29949,11.97248],[102.249522,12.153022],[102.342784,12.123603],[102.399669,12.043158]]],[[[97.869965,9.425238],[97.84962,9.442125],[97.895274,9.467353],[97.869965,9.425238]]],[[[98.288422,9.004462],[98.310883,8.978176],[98.270518,8.877183],[98.252208,8.997016],[98.288422,9.004462]]]]}},{"type":"Feature","properties":{"iso3":"KWT","name":"Kuwait","continent":"Asia"},"geometry":{"type":"MultiPolygon","coordinates":[[[[47.948009,29.994045],[47.975271,29.942572],[47.982677,29.860663],[47.995616,29.827704],[48.021739,29.779731],[48.052419,29.742987],[48.078868,29.743964],[48.119151,29.654527],[48.161306,29.60163],[48.180917,29.562217],[48.176758,29.541916],[48.154518,29.53909],[48.113536,29.554633],[48.085948,29.575019],[48.023859,29.584809],[47.965531,29.576298],[47.91062,29.531789],[47.849258,29.501979],[47.807043,29.467622],[47.763865,29.412933],[47.718387,29.394195],[47.704717,29.363633],[47.791744,29.372481],[47.837304,29.387505],[47.851152,29.380198],[47.822612,29.363431],[47.816434,29.337556],[47.840926,29.322931],[47.857903,29.323029],[47.899185,29.335249],[47.905387,29.359263],[47.920202,29.364872],[47.939326,29.359433],[47.98574,29.393761],[48.025238,29.354885],[48.063274,29.343368],[48.100266,29.349954],[48.095376,29.257746],[48.106131,29.213525],[48.133804,29.153617],[48.158458,29.017279],[48.225922,28.91828],[48.240977,28.905666],[48.27947,28.894436],[48.276866,28.839586],[48.328787,28.759955],[48.393565,28.743394],[48.379649,28.710354],[48.386729,28.675116],[48.366222,28.688707],[48.365977,28.675727],[48.379893,28.66767],[48.367686,28.656724],[48.352712,28.661444],[48.351817,28.64053],[48.361013,28.635565],[48.386729,28.653998],[48.397146,28.583319],[48.432465,28.540717],[47.668129,28.533505],[47.659809,28.560041],[47.596815,28.608823],[47.581674,28.631483],[47.55842,28.69148],[47.549945,28.770596],[47.494496,28.904025],[47.434086,28.994588],[46.532436,29.095745],[46.711856,29.271393],[46.774488,29.363532],[46.85345,29.44456],[46.883112,29.512515],[46.957836,29.620441],[46.97737,29.657984],[46.988842,29.712658],[47.025429,29.772137],[47.110488,29.960911],[47.144698,30.003338],[47.197098,30.03424],[47.358225,30.092118],[47.674175,30.098216],[47.731432,30.088552],[47.948009,29.994045]]],[[[48.338227,29.462795],[48.37322,29.443061],[48.389008,29.424872],[48.397356,29.387497],[48.316867,29.427013],[48.269242,29.429685],[48.27003,29.455878],[48.281098,29.471096],[48.338227,29.462795]]],[[[48.352712,29.709784],[48.303071,29.645209],[48.266287,29.615953],[48.229015,29.599921],[48.185802,29.603949],[48.161632,29.629706],[48.085134,29.767808],[48.046072,29.800482],[48.113292,29.839097],[48.119151,29.873603],[48.085297,29.87991],[48.095063,29.894721],[48.133556,29.879869],[48.158702,29.879218],[48.166515,29.885932],[48.160818,29.901557],[48.193696,29.916449],[48.197439,29.92536],[48.181407,29.935085],[48.147227,29.935126],[48.140391,29.969794],[48.122732,29.969672],[48.11671,29.974066],[48.12086,29.981391],[48.16212,29.995673],[48.188731,29.983547],[48.344493,29.790595],[48.359548,29.754462],[48.352712,29.709784]]],[[[48.078868,30.004055],[48.05836,29.983547],[48.031098,29.971015],[48.010753,29.980455],[48.009288,29.986884],[48.054698,30.024482],[48.109223,30.027981],[48.10613,30.017646],[48.078868,30.004055]]]]}},{"type":"Feature","properties":{"iso3":"TLS","name":"East Timor","continent":"Asia"},"geometry":{"type":"MultiPolygon","coordinates":[[[[124.450531,-9.18019],[124.427939,-9.299483],[124.401688,-9.331832],[124.347893,-9.37462],[124.345412,-9.404179],[124.328617,-9.433015],[124.332338,-9.466605],[124.310066,-9.488722],[124.257511,-9.501228],[124.253997,-9.438699],[124.23715,-9.405213],[124.210692,-9.378858],[124.197463,-9.373174],[124.167232,-9.380615],[124.121085,-9.426917],[124.090286,-9.421543],[124.06269,-9.397875],[124.03004,-9.341974],[124.159353,-9.296482],[124.190766,-9.255141],[124.221202,-9.241143],[124.385753,-9.202325],[124.405284,-9.185317],[124.450531,-9.18019]]],[[[124.919507,-8.962016],[124.974783,-8.922133],[125.036876,-8.824802],[125.096446,-8.795831],[125.106456,-8.688735],[125.12794,-8.645603],[125.144298,-8.631443],[125.237315,-8.605564],[125.273936,-8.610935],[125.314789,-8.590427],[125.381033,-8.571466],[125.46697,-8.573663],[125.541515,-8.545017],[125.603526,-8.548923],[125.63087,-8.52158],[125.678884,-8.530369],[125.733165,-8.52158],[125.850597,-8.483819],[125.897716,-8.481134],[126.002208,-8.499444],[126.042247,-8.518813],[126.069102,-8.52158],[126.133474,-8.504002],[126.240245,-8.494806],[126.305024,-8.453546],[126.370128,-8.425958],[126.411632,-8.419122],[126.450938,-8.440688],[126.511974,-8.452081],[126.548839,-8.486749],[126.720225,-8.412856],[126.755544,-8.419122],[126.799327,-8.410089],[126.842133,-8.391046],[126.967052,-8.309015],[127.088878,-8.362726],[127.13795,-8.362726],[127.18629,-8.332452],[127.206065,-8.332615],[127.220388,-8.357599],[127.306,-8.395196],[127.313243,-8.415216],[127.303233,-8.432306],[127.092621,-8.603123],[127.021169,-8.675714],[126.93922,-8.692153],[126.846202,-8.752537],[126.694184,-8.763442],[126.660655,-8.774184],[126.624034,-8.799005],[126.583263,-8.805841],[126.544119,-8.850274],[126.507823,-8.911879],[126.472423,-8.942804],[126.430186,-8.954685],[126.165863,-8.988377],[126.121918,-9.006524],[125.947113,-9.125746],[125.928477,-9.131606],[125.849864,-9.1242],[125.816905,-9.148207],[125.742686,-9.157322],[125.678559,-9.193048],[125.593028,-9.18963],[125.552094,-9.217218],[125.378754,-9.28102],[125.29127,-9.345473],[125.263682,-9.357354],[125.211111,-9.41961],[125.130544,-9.43377],[125.061615,-9.485772],[125.0463,-9.409864],[125.023769,-9.374724],[125.023407,-9.345578],[124.965995,-9.293385],[124.954109,-9.241502],[124.957933,-9.211943],[124.974469,-9.191893],[125.007232,-9.186105],[125.034517,-9.188172],[125.059684,-9.210496],[125.073947,-9.211323],[125.106968,-9.188482],[125.150634,-9.185381],[125.145002,-9.145177],[125.162365,-9.060634],[125.139421,-9.024771],[125.086814,-8.98622],[125.076479,-8.990768],[125.065317,-9.023221],[125.051829,-9.035003],[124.965891,-9.077274],[124.933025,-9.074484],[124.90791,-9.037483],[124.922483,-8.986324],[124.919507,-8.962016]]],[[[125.569347,-8.196384],[125.605154,-8.153009],[125.632498,-8.135024],[125.650645,-8.142836],[125.59669,-8.299249],[125.573578,-8.317315],[125.517589,-8.292169],[125.503673,-8.270766],[125.514171,-8.247735],[125.569347,-8.196384]]]]}},{"type":"Feature","properties":{"iso3":"BRN","name":"Brunei","continent":"Asia"},"geometry":{"type":"MultiPolygon","coordinates":[[[[115.146169,4.908515],[115.146801,4.88562],[115.182251,4.861229],[115.207365,4.825598],[115.272684,4.636772],[115.277025,4.613053],[115.266897,4.516857],[115.272478,4.474663],[115.285603,4.435363],[115.358261,4.350278],[115.360741,4.329556],[115.346272,4.313769],[115.324361,4.314596],[115.274338,4.34002],[115.255114,4.339245],[115.220698,4.359761],[115.169952,4.361259],[115.113004,4.382369],[115.091817,4.405417],[115.079828,4.503964],[115.026808,4.660027],[115.022777,4.741365],[115.029778,4.820642],[115.048106,4.801825],[115.086192,4.835639],[115.130219,4.852037],[115.116466,4.896064],[115.125173,4.90766],[115.146169,4.908515]]],[[[114.9817,4.889065],[114.958905,4.866293],[114.948363,4.818932],[114.932447,4.809139],[114.878186,4.812808],[114.855759,4.806659],[114.805426,4.764568],[114.743192,4.730585],[114.741347,4.712943],[114.773903,4.636824],[114.788166,4.461202],[114.806046,4.433322],[114.847904,4.423736],[114.84563,4.395108],[114.828991,4.340486],[114.781965,4.284933],[114.782585,4.264418],[114.813798,4.277104],[114.817208,4.259664],[114.787133,4.207212],[114.766875,4.131816],[114.674891,4.04407],[114.627762,4.016681],[114.586628,4.021435],[114.569368,4.064404],[114.477384,4.144968],[114.453303,4.183699],[114.432529,4.246925],[114.41992,4.260129],[114.360492,4.253876],[114.282667,4.264909],[114.276259,4.289016],[114.296723,4.316663],[114.289902,4.361311],[114.276259,4.381853],[114.268508,4.437741],[114.245564,4.481433],[114.216728,4.48766],[114.20908,4.50815],[114.118956,4.561635],[114.064179,4.570032],[113.99879,4.601142],[114.25172,4.592678],[114.326671,4.606879],[114.395763,4.645738],[114.529307,4.693793],[114.601817,4.779975],[114.722667,4.876044],[114.928396,5.000556],[115.057791,5.054104],[115.082856,5.057196],[115.101736,5.049872],[115.103201,5.036851],[115.057384,5.012641],[115.022797,4.933743],[114.9817,4.889065]]]]}},{"type":"Feature","properties":{"iso3":"MMR","name":"Myanmar","continent":"Asia"},"geometry":{"type":"MultiPolygon","coordinates":[[[[92.575879,21.977574],[92.658354,22.032816],[92.683779,22.154308],[92.836121,22.046511],[92.867024,21.966516],[92.906194,22.017314],[92.974924,21.990907],[92.967172,22.062685],[93.02257,22.120976],[93.036419,22.206243],[93.141735,22.187277],[93.123132,22.218387],[93.173672,22.259418],[93.16592,22.386593],[93.099154,22.51196],[93.079517,22.77272],[93.175532,22.881705],[93.138221,23.005264],[93.152381,23.049938],[93.272787,23.00591],[93.3749,23.129726],[93.432364,23.647317],[93.374796,23.739017],[93.35919,23.890946],[93.302966,23.995281],[93.32219,24.080056],[93.368285,24.07848],[93.474842,23.957505],[93.571063,23.968021],[93.612404,24.009052],[93.711106,24.005461],[93.803711,23.936059],[93.912334,23.939005],[94.099713,23.842628],[94.128859,23.853905],[94.363676,24.46582],[94.474987,24.597389],[94.507957,24.689011],[94.581544,24.73012],[94.708565,25.02589],[94.689135,25.138518],[94.553329,25.204147],[94.608003,25.394627],[94.850778,25.562782],[94.999917,25.731557],[95.00064,25.922036],[95.151225,26.049936],[95.101719,26.093395],[95.094484,26.195043],[95.041775,26.287596],[95.064202,26.392602],[95.042601,26.459678],[95.132622,26.620805],[95.223262,26.670363],[95.260573,26.647625],[95.410641,26.701627],[95.489809,26.810716],[95.574765,26.816142],[95.639981,26.886422],[95.709227,26.907454],[95.777957,26.995149],[95.888855,27.027034],[96.013188,27.190796],[96.142586,27.25751],[96.510936,27.292495],[96.5869,27.353577],[96.636406,27.335542],[96.705239,27.36076],[96.853757,27.248725],[96.865332,27.171624],[97.038035,27.08703],[97.119167,27.087288],[97.101287,27.183303],[96.881352,27.444114],[96.87019,27.61909],[97.241227,27.907858],[97.333521,27.894164],[97.355122,28.023045],[97.292903,28.095082],[97.323496,28.217478],[97.384371,28.284838],[97.447829,28.297602],[97.445349,28.382971],[97.527721,28.529526],[97.613607,28.481984],[97.670451,28.511284],[97.765329,28.352431],[97.897518,28.355325],[97.978753,28.2806],[97.984851,28.224221],[98.126961,28.124279],[98.107117,27.973074],[98.177294,27.912923],[98.145771,27.860729],[98.196621,27.823187],[98.201788,27.736551],[98.294703,27.536615],[98.328602,27.522869],[98.383276,27.555787],[98.410251,27.684254],[98.522182,27.656298],[98.56435,27.603536],[98.647239,27.611727],[98.679279,27.577336],[98.674421,27.386598],[98.707701,27.337247],[98.672561,27.175603],[98.682689,27.110078],[98.737776,27.048686],[98.718139,26.842497],[98.750385,26.792009],[98.731989,26.713513],[98.755553,26.625043],[98.707391,26.371053],[98.642175,26.254523],[98.700259,26.165329],[98.644449,26.097891],[98.625742,26.144348],[98.54554,26.105643],[98.575409,25.995107],[98.616233,25.979397],[98.690234,25.865554],[98.600317,25.801734],[98.50947,25.838062],[98.332633,25.566968],[98.289432,25.55038],[98.150215,25.613063],[98.104637,25.506765],[98.108357,25.388891],[98.044899,25.311944],[97.90992,25.207558],[97.82362,25.261612],[97.800986,25.237634],[97.754064,25.113559],[97.703628,25.073923],[97.708278,24.927291],[97.765226,24.834661],[97.66394,24.829778],[97.532785,24.723324],[97.513252,24.438587],[97.6473,24.432334],[97.689572,24.346474],[97.64451,24.302394],[97.718407,24.277667],[97.720061,24.147442],[97.516456,23.942829],[97.624666,23.846711],[97.87664,24.014401],[98.10505,24.101527],[98.330669,24.099486],[98.434952,24.13026],[98.597113,24.083079],[98.855289,24.138967],[98.856219,24.083802],[98.658815,23.961123],[98.663672,23.796947],[98.777877,23.7693],[98.849604,23.614735],[98.780874,23.532854],[98.889602,23.406789],[98.86211,23.340592],[98.910686,23.297597],[98.859009,23.179387],[99.009388,23.162153],[99.05507,23.109598],[99.184881,23.094845],[99.21661,23.057379],[99.333812,23.129623],[99.403265,23.068335],[99.478196,23.065751],[99.538038,22.926431],[99.484501,22.910256],[99.42993,22.936741],[99.403575,22.841062],[99.316966,22.754116],[99.353449,22.484107],[99.243068,22.393156],[99.175062,22.168674],[99.14447,22.153533],[99.252887,22.102786],[99.538968,22.106714],[99.633536,22.084751],[99.683868,22.039018],[99.723659,22.070592],[99.821018,22.017779],[99.847838,22.055037],[99.942406,22.045529],[99.96566,21.963002],[99.917963,21.82916],[99.95026,21.721156],[100.142807,21.654907],[100.08865,21.581836],[100.089994,21.52892],[100.187145,21.427892],[100.341968,21.530367],[100.383671,21.527834],[100.44346,21.463497],[100.621744,21.469078],[100.834909,21.657542],[101.068693,21.762032],[101.118871,21.75981],[101.173855,21.611912],[101.157112,21.519669],[101.003426,21.405981],[100.8146,21.3002],[100.725407,21.311672],[100.689388,21.15933],[100.637557,21.069671],[100.561851,21.0351],[100.517823,20.906322],[100.534204,20.873921],[100.65213,20.882757],[100.626602,20.853509],[100.536685,20.807672],[100.383671,20.831701],[100.221613,20.70959],[100.149266,20.548101],[100.099295,20.317805],[99.932484,20.442733],[99.837709,20.416843],[99.78717,20.334083],[99.671259,20.310131],[99.420629,20.375553],[99.518917,20.212178],[99.508734,20.152805],[99.441403,20.101617],[99.295675,20.062497],[99.177749,20.121796],[99.073466,20.101229],[99.016829,20.041],[99.000913,19.821013],[98.899317,19.748615],[98.80785,19.806544],[98.532621,19.675854],[98.488799,19.706705],[98.237548,19.664692],[98.132232,19.766056],[98.024538,19.802978],[98.008312,19.639112],[97.848632,19.567644],[97.848735,19.493979],[97.767086,19.397525],[97.810804,19.11222],[97.727812,19.037082],[97.661873,18.913782],[97.723368,18.851977],[97.75179,18.582484],[97.509531,18.491276],[97.416617,18.49603],[97.351401,18.551169],[97.486483,18.29214],[97.528341,18.26532],[97.560587,18.328262],[97.643786,18.291314],[97.617948,18.241678],[97.75179,17.980764],[97.676136,17.830334],[97.768947,17.67918],[97.991672,17.495729],[98.094715,17.358631],[98.100606,17.302614],[98.278993,17.136578],[98.299664,17.064748],[98.417899,17.029039],[98.50947,16.892665],[98.524559,16.850445],[98.49004,16.843211],[98.520529,16.814117],[98.454693,16.740995],[98.631633,16.463131],[98.656954,16.301642],[98.682379,16.273478],[98.788626,16.374557],[98.839579,16.472432],[98.902521,16.381637],[98.888672,16.274563],[98.807229,16.110542],[98.697159,16.126872],[98.611582,16.046929],[98.546987,16.047497],[98.583781,15.976959],[98.540269,15.711962],[98.559906,15.355317],[98.533551,15.325965],[98.474537,15.383481],[98.40343,15.360097],[98.394748,15.264909],[98.295116,15.292608],[98.232898,15.226798],[98.17719,15.220597],[98.168072,15.082771],[98.1988,15.051583],[98.243336,14.805118],[98.418209,14.607559],[98.54771,14.377676],[98.935284,14.085395],[99.092173,13.863574],[99.101165,13.778824],[99.152531,13.714875],[99.190152,13.229504],[99.102095,13.171342],[99.093207,13.038327],[99.16483,12.975514],[99.155322,12.904485],[99.224465,12.717468],[99.404747,12.566941],[99.391276,12.44534],[99.470135,12.197396],[99.452255,12.12939],[99.545789,12.13187],[99.518401,12.025934],[99.566976,11.993326],[99.561395,11.87292],[99.630022,11.815766],[99.542585,11.640479],[99.440576,11.597278],[99.428173,11.496896],[99.212993,11.108264],[99.063648,10.95742],[99.001533,10.957627],[98.9697,10.823113],[98.905415,10.814406],[98.766715,10.688754],[98.747905,10.623125],[98.790383,10.500265],[98.747406,10.350531],[98.543142,9.987454],[98.490733,10.204332],[98.528494,10.364203],[98.459321,10.715399],[98.498302,10.731594],[98.528494,10.693101],[98.521007,10.740953],[98.563243,10.727281],[98.59669,10.837144],[98.624034,10.843207],[98.578868,10.87519],[98.712413,10.924384],[98.696544,11.00259],[98.722423,11.044867],[98.658214,11.131985],[98.724132,11.156195],[98.750987,11.257066],[98.702647,11.379055],[98.715343,11.443183],[98.774913,11.453518],[98.763438,11.506252],[98.720225,11.522406],[98.741547,11.665025],[98.805919,11.673245],[98.83546,11.71011],[98.891612,11.693671],[98.78297,11.755113],[98.825694,11.825873],[98.80893,11.851304],[98.703136,11.697455],[98.647634,11.700507],[98.603526,11.803616],[98.706554,11.878648],[98.549001,11.878648],[98.664073,11.920356],[98.721446,11.997789],[98.703136,12.048082],[98.64503,12.07807],[98.63087,12.146186],[98.673106,12.159166],[98.703298,12.237779],[98.59669,12.193996],[98.539073,12.241767],[98.552013,12.279608],[98.706554,12.347886],[98.607432,12.41828],[98.628429,12.492133],[98.708751,12.505561],[98.623057,12.558173],[98.673106,12.625393],[98.692882,12.725287],[98.641775,12.728095],[98.673025,12.746812],[98.617442,12.777411],[98.641775,12.782416],[98.634288,12.878607],[98.601248,12.911038],[98.578461,13.186754],[98.500499,13.249172],[98.46046,13.35578],[98.473155,13.413031],[98.45281,13.379462],[98.394054,13.542792],[98.257335,13.706366],[98.233653,14.002631],[98.197032,14.048163],[98.18686,13.54385],[98.144298,13.537095],[98.129731,13.582343],[98.158458,13.64232],[98.082774,13.769965],[98.110118,13.790351],[98.11085,13.902167],[98.061697,14.010077],[98.107677,14.110012],[98.101085,14.19184],[97.9935,14.330512],[97.995942,14.449693],[97.962087,14.45775],[97.885509,14.684068],[97.943126,14.720201],[98.027599,14.647528],[97.94988,14.798896],[97.931163,14.752183],[97.904063,14.797756],[97.902192,14.737698],[97.845958,14.729926],[97.794932,14.880154],[97.812836,14.983344],[97.779796,15.025784],[97.80836,15.031155],[97.822765,15.209296],[97.769379,15.223334],[97.72641,15.339586],[97.79477,15.407904],[97.716807,15.749457],[97.727061,15.843207],[97.582286,16.009101],[97.568858,16.062405],[97.61964,16.125434],[97.648204,16.259223],[97.637218,16.477362],[97.673839,16.533433],[97.740082,16.559231],[97.423106,16.523424],[97.370291,16.483547],[97.329828,16.679847],[97.311194,16.652366],[97.255445,16.697869],[97.240489,16.874579],[97.219493,16.826158],[97.219493,16.901272],[97.183279,16.921536],[97.198985,16.997463],[97.157237,17.086859],[97.17449,17.112494],[97.260997,17.107327],[97.158051,17.129299],[97.130626,17.079413],[97.068614,17.25137],[96.904552,17.375312],[96.888357,17.444281],[96.82488,17.398383],[96.910655,17.317084],[96.849376,17.212958],[96.910899,17.024807],[96.87908,16.934719],[96.820811,16.907538],[96.848888,16.860297],[96.801036,16.737372],[96.679473,16.574868],[96.615943,16.518005],[96.436261,16.477768],[96.273123,16.582099],[96.225759,16.761298],[96.274913,16.80268],[96.171153,16.771552],[96.240896,16.650133],[96.23463,16.576361],[96.327322,16.453437],[96.3213,16.415269],[96.285336,16.365993],[96.118988,16.321763],[96.006602,16.387356],[96.067556,16.310248],[95.979991,16.223131],[95.942393,16.219062],[95.948578,16.239325],[95.883067,16.209174],[95.889903,16.243964],[95.797699,16.144924],[95.755544,16.14525],[95.724864,16.222846],[95.73227,16.127265],[95.664724,15.949205],[95.431977,15.733629],[95.374197,15.715033],[95.287934,15.740139],[95.282563,15.838324],[95.364268,15.984565],[95.361583,16.148383],[95.327485,16.107408],[95.345714,15.996487],[95.251638,15.868232],[95.27296,16.00373],[95.239024,15.950344],[95.212738,15.786566],[95.173595,15.777818],[95.125743,15.817613],[95.137543,16.006659],[95.128917,16.03852],[95.107758,15.983873],[95.097667,16.025133],[95.13795,16.100328],[95.225922,16.11994],[95.183604,16.140937],[95.121593,16.131659],[95.070567,16.074856],[95.033946,15.805732],[94.949962,15.762641],[94.858653,15.78262],[94.896739,15.83926],[94.848399,15.863756],[94.83961,15.962063],[94.924083,16.03852],[94.889334,16.017401],[94.868419,16.142035],[94.986827,16.232245],[94.868419,16.173896],[94.856456,16.0185],[94.721202,15.856676],[94.658702,15.854478],[94.601329,15.92121],[94.703136,15.982367],[94.792654,16.147895],[94.705333,16.020657],[94.56658,15.935492],[94.663341,16.079983],[94.673595,16.274726],[94.73227,16.360663],[94.705821,16.47309],[94.731619,16.510199],[94.677013,16.531968],[94.683849,16.364081],[94.62794,16.260199],[94.583995,16.236518],[94.635509,16.326483],[94.618175,16.342027],[94.583669,16.274848],[94.515636,16.287258],[94.507009,16.189602],[94.428071,16.074164],[94.321462,15.989936],[94.239513,15.976304],[94.209239,16.044501],[94.215099,16.15766],[94.268321,16.527493],[94.341319,16.548407],[94.327647,16.600246],[94.398448,16.775784],[94.382335,16.901272],[94.464692,16.949652],[94.444347,16.949652],[94.456716,17.050605],[94.48878,17.124213],[94.454356,17.18008],[94.530447,17.181952],[94.511974,17.275214],[94.546153,17.319648],[94.594493,17.292304],[94.560313,17.582099],[94.615001,17.545559],[94.447439,17.973334],[94.490571,18.072496],[94.422862,18.242499],[94.327647,18.258734],[94.331065,18.303127],[94.378591,18.287095],[94.405284,18.330308],[94.258962,18.509019],[94.25294,18.627997],[94.148936,18.731024],[94.279307,18.738511],[94.228038,18.735541],[94.153087,18.821031],[94.148936,18.868232],[94.135102,18.820461],[94.038097,18.859117],[94.041189,18.997626],[94.086925,19.080512],[94.030528,19.087958],[94.073904,19.373847],[94.03061,19.315904],[94.033376,19.204535],[93.994395,19.159084],[93.947113,19.159654],[93.925466,19.210273],[93.910411,19.190985],[93.955577,19.118313],[93.983409,18.956692],[93.920258,18.867377],[93.669688,19.032701],[93.642345,19.134223],[93.487071,19.333726],[93.484141,19.392727],[93.552989,19.430569],[93.611339,19.403266],[93.621349,19.334377],[93.796886,19.235175],[93.929942,19.29975],[93.980968,19.37226],[93.991059,19.45718],[93.923839,19.462388],[93.739594,19.617499],[93.738455,19.651353],[93.800059,19.65648],[93.813162,19.739488],[93.761078,19.674872],[93.713145,19.697659],[93.741873,19.754055],[93.721934,19.768988],[93.648448,19.725165],[93.635509,19.759508],[93.60141,19.718573],[93.60141,19.783433],[93.660655,19.870836],[93.738048,19.882473],[93.745372,19.916571],[93.726248,19.936591],[93.566742,19.885932],[93.511974,19.970445],[93.531912,19.984849],[93.435313,19.95539],[93.413585,19.977525],[93.382335,20.088528],[93.361827,20.026435],[93.340668,20.1022],[93.272472,20.047512],[93.136078,20.081529],[93.23585,19.847235],[93.238292,19.82099],[93.131521,20.006578],[93.10613,19.93065],[93.168956,19.809394],[92.975922,20.087836],[92.974132,20.117255],[93.080089,20.170478],[93.086925,20.14997],[93.115489,20.202623],[92.990489,20.154934],[93.04127,20.332017],[93.091319,20.381008],[93.100434,20.431098],[93.043224,20.364936],[93.031016,20.409654],[93.073253,20.554633],[93.022634,20.452541],[93.016287,20.324856],[92.898448,20.135688],[92.860362,20.124945],[92.773611,20.216742],[92.864024,20.300767],[92.942882,20.321234],[92.840505,20.390123],[92.815278,20.504706],[92.78533,20.462958],[92.758556,20.472113],[92.778982,20.478258],[92.720714,20.592231],[92.63502,20.697984],[92.704438,20.589057],[92.737478,20.44477],[92.731212,20.259182],[92.653168,20.41828],[92.539887,20.527533],[92.507009,20.60928],[92.381114,20.700141],[92.270518,21.049018],[92.174973,21.175608],[92.183654,21.317201],[92.236261,21.417092],[92.284527,21.419055],[92.322664,21.461895],[92.389637,21.376526],[92.524512,21.361126],[92.558722,21.25984],[92.633756,21.282216],[92.590245,21.495537],[92.575879,21.977574]]],[[[98.057465,9.796861],[98.018321,9.794908],[98.015391,9.826402],[98.057465,9.796861]]],[[[98.228689,10.519965],[98.207367,10.483466],[98.185313,10.501166],[98.228689,10.519965]]],[[[98.429535,10.977729],[98.442556,11.002997],[98.452891,10.986274],[98.429535,10.977729]]],[[[97.464529,11.782457],[97.444347,11.800238],[97.476899,11.788235],[97.464529,11.782457]]],[[[97.836925,12.772447],[97.852794,12.806545],[97.863536,12.766832],[97.836925,12.772447]]],[[[98.295665,10.048896],[98.243907,9.96011],[98.120616,9.861314],[98.127452,9.96011],[98.23463,10.054185],[98.295665,10.048896]]],[[[98.185802,10.121161],[98.178966,10.192857],[98.240896,10.167792],[98.185802,10.04206],[98.185802,10.121161]]],[[[97.911469,10.494534],[97.943533,10.443793],[97.910167,10.401923],[97.889415,10.419989],[97.911469,10.494534]]],[[[98.493663,10.891099],[98.542247,10.860053],[98.541515,10.79621],[98.509532,10.786607],[98.526378,10.810858],[98.493663,10.891099]]],[[[97.890391,10.884955],[97.896332,10.913275],[97.951834,10.919094],[97.883556,10.84455],[97.890391,10.884955]]],[[[98.267751,10.837144],[98.295665,10.734687],[98.250743,10.693101],[98.241954,10.814399],[98.198741,10.881659],[98.165294,10.919094],[98.077403,10.888088],[98.171886,10.978664],[98.267751,10.837144]]],[[[98.528494,10.974311],[98.48585,10.955878],[98.478363,10.993354],[98.531912,11.083808],[98.543142,10.96011],[98.528494,10.974311]]],[[[98.275157,11.248033],[98.29835,11.248603],[98.247325,11.214504],[98.221853,11.261908],[98.281423,11.275946],[98.275157,11.248033]]],[[[98.278331,11.799791],[98.320079,11.72191],[98.283539,11.509426],[98.275157,11.48078],[98.237641,11.493801],[98.201996,11.466254],[98.219981,11.453518],[98.176524,11.449164],[98.278331,11.799791]]],[[[98.53533,11.803616],[98.556407,11.758734],[98.53419,11.542629],[98.42921,11.583157],[98.379405,11.691107],[98.410411,11.768622],[98.370779,11.789252],[98.53533,11.803616]]],[[[98.055431,11.701117],[98.08961,11.63227],[98.016612,11.697496],[98.013927,11.864976],[98.057953,11.729071],[98.082286,11.734687],[98.055431,11.701117]]],[[[97.664399,11.905951],[97.671886,11.837714],[97.642833,11.867662],[97.664399,11.905951]]],[[[98.254161,11.85814],[98.265391,11.908515],[98.28419,11.865465],[98.254161,11.85814]]],[[[98.267751,11.933905],[98.227061,11.953925],[98.252208,11.974758],[98.267751,11.933905]]],[[[98.603526,11.967434],[98.658214,11.933905],[98.572602,11.931627],[98.495779,11.888495],[98.46339,11.920803],[98.439138,12.112006],[98.509532,12.016791],[98.603526,11.967434]]],[[[98.096446,12.187161],[98.119477,12.197577],[98.140147,12.148383],[98.039399,12.207343],[98.046153,12.26203],[98.091807,12.288642],[98.123302,12.249661],[98.096446,12.187161]]],[[[98.065278,12.365302],[98.000255,12.269029],[97.945567,12.310045],[97.966075,12.358466],[97.939952,12.366278],[98.007009,12.401597],[98.013927,12.358466],[98.041759,12.358466],[98.07252,12.42121],[98.101248,12.404771],[98.087738,12.360053],[98.065278,12.365302]]],[[[98.514171,12.495592],[98.495616,12.405829],[98.474294,12.424994],[98.499848,12.513088],[98.514171,12.495592]]],[[[98.254161,12.567613],[98.289887,12.526313],[98.260509,12.495266],[98.229747,12.527411],[98.254161,12.567613]]],[[[97.822765,12.58747],[97.845714,12.597968],[97.849946,12.537258],[97.822765,12.58747]]],[[[98.466319,12.583726],[98.455821,12.45775],[98.349946,12.325914],[98.302013,12.337958],[98.336111,12.450914],[98.302745,12.598578],[98.315603,12.687445],[98.405528,12.638983],[98.425466,12.529731],[98.450938,12.60399],[98.466319,12.583726]]],[[[98.295665,13.084662],[98.336436,13.073879],[98.300548,13.019965],[98.314301,12.925523],[98.240489,13.139309],[98.261485,13.214342],[98.295665,13.084662]]],[[[97.931895,13.85928],[97.925059,13.783596],[97.914317,13.828437],[97.931895,13.85928]]],[[[93.396007,14.140448],[93.394786,14.076361],[93.374848,14.064683],[93.396007,14.140448]]],[[[93.675792,14.859198],[93.724376,14.913804],[93.704438,14.870998],[93.675792,14.859198]]],[[[97.664399,15.565579],[97.664399,15.504096],[97.65089,15.592231],[97.664399,15.565579]]],[[[94.827973,15.932034],[94.837413,15.864407],[94.803722,15.796576],[94.724864,15.811957],[94.827973,15.932034]]],[[[94.66212,16.221869],[94.629649,16.075181],[94.5796,16.013251],[94.478038,15.966132],[94.410167,15.83926],[94.389659,16.000922],[94.485362,16.058987],[94.611583,16.221747],[94.642833,16.24551],[94.66212,16.221869]]],[[[97.589366,16.415269],[97.547461,16.199928],[97.459269,16.301362],[97.484874,16.363918],[97.452159,16.449408],[97.50408,16.508002],[97.606293,16.483547],[97.589366,16.415269]]],[[[93.745372,18.799994],[93.731944,18.689683],[93.645274,18.679348],[93.484141,18.874986],[93.621755,18.910346],[93.663341,18.873196],[93.742442,18.872301],[93.745372,18.799994]]],[[[93.970714,19.416938],[93.917166,19.318305],[93.802745,19.276679],[93.749848,19.333319],[93.738048,19.403266],[93.641775,19.492011],[93.688162,19.559475],[93.723643,19.556383],[93.819998,19.471503],[93.880219,19.479193],[93.970714,19.416938]]],[[[93.505219,19.807318],[93.511974,19.745836],[93.440684,19.81094],[93.402843,19.95307],[93.505219,19.872219],[93.505219,19.807318]]],[[[92.964041,20.036689],[93.024913,19.827826],[92.908702,20.074856],[92.964041,20.036689]]]]}},{"type":"Feature","properties":{"iso3":"BGD","name":"Bangladesh","continent":"Asia"},"geometry":{"type":"MultiPolygon","coordinates":[[[[92.575879,21.977574],[92.593035,21.886934],[92.575568,21.733972],[92.590245,21.495537],[92.603267,21.420089],[92.639234,21.3187],[92.642851,21.298443],[92.633756,21.282216],[92.590865,21.248885],[92.570608,21.247283],[92.558722,21.25984],[92.543943,21.320922],[92.524512,21.361126],[92.498674,21.366604],[92.465394,21.359834],[92.400282,21.370996],[92.381162,21.384794],[92.367933,21.435437],[92.354703,21.451818],[92.322664,21.461895],[92.284527,21.419055],[92.236261,21.417092],[92.21156,21.354873],[92.17828,21.299735],[92.185205,21.24041],[92.174973,21.175608],[92.224272,21.093184],[92.265147,21.061103],[92.257091,20.981106],[92.261485,20.940253],[92.271983,20.90351],[92.305431,20.851955],[92.333263,20.767727],[92.333995,20.746405],[92.325531,20.738715],[92.301036,20.762274],[92.209727,20.930813],[92.18629,21.005845],[92.134125,21.047512],[92.096853,21.105862],[92.052501,21.154771],[92.043956,21.192043],[92.052257,21.256659],[92.045258,21.299547],[91.952973,21.44184],[91.949718,21.458401],[91.960134,21.45425],[91.982921,21.488837],[91.999034,21.499498],[92.017914,21.493109],[91.995372,21.52261],[91.990001,21.561998],[92.022146,21.599351],[92.017914,21.616034],[92.035818,21.640448],[92.035899,21.668158],[92.022797,21.676825],[92.029307,21.704901],[92.025401,21.712836],[92.01238,21.664211],[92.000743,21.649807],[91.983897,21.650133],[91.976085,21.662055],[91.983897,21.70539],[91.977061,21.70539],[91.971934,21.688218],[91.962657,21.689521],[91.949718,21.715969],[91.952973,21.738349],[91.990001,21.759996],[91.983897,21.766832],[91.967296,21.755439],[91.960297,21.763821],[91.966563,21.778876],[91.990001,21.787909],[91.990001,21.794827],[91.908702,21.781155],[91.899262,21.789496],[91.911388,21.834703],[91.929373,21.843166],[91.921641,21.85342],[91.925548,21.86286],[91.949718,21.876695],[91.949718,21.884182],[91.929942,21.878648],[91.915701,21.862454],[91.898204,21.944892],[91.88087,21.969184],[91.88087,22.007025],[91.855235,22.109198],[91.853526,22.143622],[91.863943,22.139594],[91.862071,22.150621],[91.853282,22.148749],[91.846039,22.116889],[91.839854,22.116889],[91.812999,22.180325],[91.816905,22.220282],[91.839854,22.246649],[91.83839,22.263088],[91.812022,22.281399],[91.808849,22.306342],[91.874034,22.336005],[91.908051,22.42475],[91.887706,22.42475],[91.877452,22.363349],[91.791352,22.301907],[91.793956,22.286038],[91.826345,22.267768],[91.825938,22.248481],[91.80893,22.236274],[91.78712,22.237942],[91.771658,22.260321],[91.743663,22.411078],[91.676036,22.534613],[91.548106,22.700344],[91.516368,22.712226],[91.476817,22.761176],[91.462413,22.761908],[91.458344,22.797065],[91.490001,22.880561],[91.490489,22.904527],[91.483084,22.904527],[91.462413,22.833441],[91.430431,22.816311],[91.416759,22.799994],[91.414724,22.75373],[91.38502,22.770697],[91.346446,22.774848],[91.346446,22.767401],[91.367442,22.761664],[91.370128,22.752183],[91.360118,22.743394],[91.290782,22.73843],[91.332774,22.720201],[91.329926,22.705715],[91.317393,22.697211],[91.284434,22.692288],[91.244802,22.698391],[91.243907,22.717434],[91.231212,22.724311],[91.181895,22.726467],[91.199229,22.698798],[91.192149,22.691636],[91.168956,22.692288],[91.168956,22.684882],[91.253429,22.660712],[91.264496,22.640815],[91.241569,22.575396],[91.202743,22.54322],[91.127343,22.527026],[91.089201,22.54443],[91.06958,22.571557],[91.058604,22.614325],[91.018321,22.683092],[91.003754,22.678656],[91.032237,22.636868],[91.037934,22.588609],[90.985118,22.574368],[90.954926,22.575832],[90.941742,22.585883],[90.935557,22.599677],[90.908214,22.617865],[90.884125,22.654486],[90.876475,22.682807],[90.835948,22.684882],[90.819509,22.726467],[90.794932,22.74136],[90.771007,22.784817],[90.717459,22.940619],[90.640147,23.038031],[90.629405,23.064399],[90.640147,23.18887],[90.665212,23.248765],[90.661143,23.267646],[90.667328,23.267646],[90.65089,23.300238],[90.650157,23.313544],[90.661143,23.322252],[90.653656,23.329739],[90.628429,23.321519],[90.611339,23.342475],[90.599132,23.391181],[90.600271,23.449937],[90.608735,23.472724],[90.633311,23.486762],[90.69158,23.486477],[90.715017,23.498358],[90.715831,23.535142],[90.705577,23.554511],[90.678233,23.55508],[90.702159,23.528388],[90.695323,23.50788],[90.666759,23.518215],[90.607758,23.491116],[90.588145,23.534166],[90.592052,23.562486],[90.608165,23.585761],[90.633311,23.596625],[90.627126,23.603461],[90.61964,23.596625],[90.61199,23.606106],[90.558767,23.590399],[90.564464,23.576402],[90.547211,23.563788],[90.514659,23.563788],[90.476329,23.582953],[90.498383,23.557278],[90.568696,23.547512],[90.576834,23.539496],[90.578949,23.449856],[90.559906,23.418402],[90.551931,23.384955],[90.518321,23.398261],[90.322439,23.433295],[90.250336,23.466946],[90.24936,23.45539],[90.38852,23.372382],[90.428477,23.326117],[90.503591,23.301744],[90.569102,23.294989],[90.606619,23.247219],[90.61085,23.23078],[90.614513,23.195461],[90.593516,23.219875],[90.602875,23.141303],[90.599132,23.117499],[90.571951,23.081732],[90.553722,23.078559],[90.555919,23.096829],[90.565603,23.103827],[90.558767,23.110663],[90.522797,23.080146],[90.453624,23.072333],[90.448904,23.055732],[90.468272,22.99608],[90.507009,22.942084],[90.510427,22.918199],[90.54005,22.896552],[90.52003,22.880194],[90.476329,22.884101],[90.457205,22.861762],[90.436046,22.800605],[90.40797,22.794664],[90.424001,22.781684],[90.419932,22.768256],[90.406423,22.763088],[90.394298,22.774848],[90.372569,22.76142],[90.435232,22.733303],[90.444591,22.751654],[90.461681,22.748847],[90.492931,22.709906],[90.512706,22.611477],[90.500173,22.592353],[90.459239,22.579291],[90.442068,22.493638],[90.462657,22.520982],[90.46046,22.551174],[90.472504,22.575588],[90.487315,22.583726],[90.524099,22.583075],[90.559744,22.562323],[90.606619,22.465766],[90.586192,22.473212],[90.586436,22.450588],[90.618419,22.376654],[90.613455,22.314887],[90.581554,22.238227],[90.557953,22.203355],[90.50115,22.176703],[90.488292,22.138617],[90.450043,22.080797],[90.43865,22.075995],[90.408458,22.085924],[90.387462,22.102607],[90.421641,22.198879],[90.40797,22.240424],[90.410899,22.284247],[90.394298,22.288235],[90.398692,22.267483],[90.39088,22.208808],[90.410492,22.195705],[90.412852,22.178046],[90.392589,22.143012],[90.3838,22.145738],[90.377126,22.133612],[90.369884,22.08983],[90.334727,22.041815],[90.308604,21.984036],[90.290701,21.890326],[90.272716,21.857408],[90.217621,21.813463],[90.184825,21.800971],[90.092947,21.830268],[90.088552,21.846747],[90.095388,21.859442],[90.112478,21.856269],[90.104991,21.870266],[90.126231,21.90119],[90.126231,21.931952],[90.098481,21.878607],[90.066905,21.85342],[90.049327,21.85102],[90.024425,21.862454],[90.033946,21.943549],[90.044932,21.966132],[90.085785,22.00023],[90.105642,22.054267],[90.164073,22.113227],[90.195079,22.109524],[90.216156,22.123236],[90.239106,22.172268],[90.236095,22.198879],[90.205821,22.132961],[90.148285,22.110785],[90.088878,22.051174],[90.057953,21.99372],[90.038097,21.986558],[89.996349,22.00023],[90.010753,22.041205],[90.035411,22.059801],[90.034679,22.10517],[90.042735,22.131252],[90.07838,22.164049],[90.052582,22.155463],[90.024425,22.089016],[89.982758,22.044623],[89.982758,21.986558],[89.967784,21.974555],[89.949718,21.980902],[89.934418,21.997707],[89.914561,22.061672],[89.90089,22.201972],[89.880382,22.240424],[89.876801,22.274726],[89.900157,22.33393],[90.010102,22.49022],[89.947439,22.439683],[89.920421,22.391832],[89.872895,22.418606],[89.884125,22.363511],[89.880382,22.342231],[89.838715,22.267768],[89.861339,22.211005],[89.872895,22.143622],[89.871349,22.091864],[89.846202,22.070624],[89.797211,22.075995],[89.797211,22.068508],[89.835948,22.049465],[89.847911,22.033881],[89.852387,22.010443],[89.846202,21.972317],[89.887218,21.900092],[89.880382,21.884182],[89.850922,21.877509],[89.81422,21.840806],[89.786388,21.828925],[89.775727,21.827582],[89.76588,21.846747],[89.725841,21.828925],[89.709158,21.830064],[89.661306,21.849351],[89.652599,21.878852],[89.663341,21.896308],[89.646983,21.925116],[89.618988,21.869859],[89.64975,21.826361],[89.700694,21.784857],[89.689952,21.765204],[89.668224,21.750881],[89.631521,21.764065],[89.59547,21.759996],[89.605968,21.719062],[89.586925,21.700832],[89.565684,21.713365],[89.53712,21.753811],[89.527354,21.812812],[89.530284,21.835761],[89.564464,21.884182],[89.563487,21.973131],[89.5713,22.031236],[89.605968,22.113227],[89.593761,22.155422],[89.567882,22.18891],[89.567231,22.202826],[89.605968,22.256903],[89.610606,22.298896],[89.626475,22.336005],[89.580821,22.277248],[89.577159,22.2685],[89.586192,22.245429],[89.549164,22.205268],[89.576345,22.145494],[89.579356,22.113227],[89.566742,22.082099],[89.551443,21.994045],[89.532888,21.984687],[89.52475,22.000149],[89.523448,22.044623],[89.53712,22.089016],[89.492035,22.188381],[89.493012,22.273505],[89.483165,22.295071],[89.475759,22.295071],[89.467459,22.22899],[89.475759,22.102607],[89.483165,22.102607],[89.494151,22.136868],[89.518321,22.081],[89.509125,22.041205],[89.491873,22.034573],[89.490408,22.023993],[89.521821,21.962307],[89.512543,21.909125],[89.46461,21.859198],[89.465831,21.781317],[89.442719,21.746649],[89.406423,21.717353],[89.395193,21.716376],[89.36964,21.743313],[89.362804,21.78384],[89.365896,21.828925],[89.386974,21.90119],[89.35963,21.972317],[89.352224,21.972317],[89.345958,21.957017],[89.35963,21.91767],[89.355968,21.892524],[89.328868,21.864651],[89.30128,21.809394],[89.283946,21.822089],[89.294688,21.757799],[89.273692,21.698798],[89.276622,21.687567],[89.297537,21.678127],[89.248709,21.645901],[89.229259,21.643948],[89.21046,21.65412],[89.204438,21.672675],[89.220714,21.709418],[89.187673,21.81151],[89.174083,21.810045],[89.154552,21.786851],[89.119395,21.800971],[89.104666,21.815863],[89.07781,21.914252],[89.091482,22.00023],[89.057384,22.06509],[89.060395,22.129869],[89.078159,22.150845],[89.076196,22.17503],[89.062295,22.211565],[89.00912,22.285618],[89.023537,22.294816],[89.001523,22.333677],[88.989482,22.39667],[89.002505,22.427986],[88.970982,22.527928],[88.927988,22.548134],[88.950312,22.561983],[88.95641,22.584979],[88.908144,22.740784],[88.936876,22.782331],[88.944524,22.848012],[88.905147,22.866435],[88.893468,22.879638],[88.838794,22.975808],[88.8513,23.07513],[88.864787,23.100271],[88.954704,23.183806],[88.959975,23.202693],[88.822671,23.237963],[88.775697,23.221633],[88.710016,23.241218],[88.69658,23.252354],[88.685935,23.293308],[88.719266,23.348292],[88.767894,23.467277],[88.770168,23.488826],[88.756835,23.498799],[88.719421,23.468104],[88.704642,23.495182],[88.647643,23.535076],[88.609247,23.588794],[88.57142,23.592334],[88.561705,23.602023],[88.566356,23.62874],[88.541551,23.638765],[88.561188,23.741007],[88.552713,23.774984],[88.577518,23.818521],[88.577621,23.85516],[88.593589,23.866916],[88.653121,23.869784],[88.71415,23.925156],[88.714357,23.964404],[88.701593,23.995281],[88.725002,24.038379],[88.700921,24.04365],[88.674101,24.08264],[88.68299,24.124291],[88.67808,24.154289],[88.69379,24.175321],[88.731456,24.189771],[88.746397,24.214079],[88.737508,24.287097],[88.714564,24.315416],[88.660149,24.338257],[88.634517,24.294125],[88.475405,24.315468],[88.401301,24.369418],[88.138785,24.49525],[88.10995,24.500986],[88.086023,24.53672],[88.081838,24.599869],[88.05724,24.634105],[88.02179,24.645603],[88.027164,24.67573],[88.048455,24.711206],[88.053209,24.754976],[88.07698,24.761177],[88.088245,24.796136],[88.094808,24.803112],[88.107779,24.801097],[88.140955,24.844583],[88.114911,24.912021],[88.16452,24.941114],[88.20245,24.9453],[88.232836,24.918273],[88.242758,24.880601],[88.313606,24.868302],[88.322753,24.874684],[88.37567,24.94561],[88.391018,24.99509],[88.414117,25.021523],[88.425796,25.051056],[88.434168,25.116659],[88.43148,25.173038],[88.441299,25.18973],[88.475405,25.195104],[88.554677,25.171126],[88.570697,25.173245],[88.599119,25.19314],[88.634259,25.192262],[88.724537,25.166475],[88.784224,25.160946],[88.81709,25.196809],[88.898635,25.169318],[88.924163,25.167871],[88.909642,25.189161],[88.927884,25.192727],[88.929073,25.229417],[88.975323,25.265229],[88.984935,25.284969],[88.975323,25.302643],[88.902873,25.303418],[88.880187,25.323468],[88.841998,25.332822],[88.799623,25.395609],[88.816315,25.437208],[88.814919,25.458602],[88.772338,25.501959],[88.741952,25.512759],[88.742572,25.495189],[88.706192,25.491675],[88.66635,25.462891],[88.593589,25.495086],[88.530286,25.500202],[88.485586,25.542628],[88.475405,25.562575],[88.423781,25.592237],[88.41944,25.653784],[88.392981,25.680759],[88.320273,25.725253],[88.259915,25.789021],[88.227462,25.804266],[88.127726,25.774914],[88.087574,25.830983],[88.074396,25.908135],[88.088039,25.923225],[88.125866,26.0134],[88.151032,26.031332],[88.156407,26.061408],[88.139922,26.085334],[88.163796,26.140473],[88.218884,26.18016],[88.326267,26.21592],[88.334535,26.230803],[88.336602,26.281808],[88.366781,26.313434],[88.413807,26.340202],[88.431687,26.362216],[88.448637,26.353431],[88.497626,26.352708],[88.495456,26.378081],[88.461143,26.45389],[88.353552,26.484586],[88.34301,26.477196],[88.335621,26.448206],[88.322546,26.451772],[88.315105,26.465052],[88.313865,26.481537],[88.352829,26.578689],[88.385282,26.623544],[88.394377,26.618015],[88.397891,26.55869],[88.411016,26.545099],[88.462383,26.528821],[88.526823,26.475388],[88.591161,26.461228],[88.611521,26.430843],[88.656273,26.415133],[88.652242,26.391517],[88.66852,26.385729],[88.667435,26.368159],[88.709706,26.340616],[88.712238,26.328265],[88.702988,26.309661],[88.645834,26.27602],[88.663404,26.264444],[88.747947,26.292505],[88.784017,26.279947],[88.807995,26.233439],[88.824841,26.226566],[88.840654,26.232043],[88.855641,26.265116],[88.875794,26.277364],[88.902718,26.272919],[88.946849,26.232922],[88.975323,26.224344],[89.019455,26.234472],[89.039712,26.247185],[89.034338,26.265788],[89.004365,26.27571],[89.007983,26.297156],[88.981731,26.291833],[88.966021,26.328472],[88.912433,26.348935],[88.891866,26.368779],[88.891246,26.385781],[88.911968,26.421231],[88.94101,26.439421],[89.010877,26.390173],[89.043743,26.381078],[89.057282,26.36263],[89.055215,26.347023],[89.102912,26.327335],[89.103532,26.313692],[89.094799,26.309506],[89.068857,26.314261],[89.069426,26.287389],[89.103377,26.22517],[89.11919,26.146622],[89.131593,26.133755],[89.212621,26.098977],[89.237633,26.0581],[89.272979,26.043476],[89.296906,26.018155],[89.335301,25.998569],[89.351476,25.996864],[89.391422,26.015467],[89.411266,25.993195],[89.485628,25.998724],[89.518184,25.962086],[89.541697,25.959709],[89.559163,26.022237],[89.602882,26.055258],[89.611357,26.072208],[89.603864,26.084662],[89.567018,26.087091],[89.566915,26.098977],[89.604225,26.120732],[89.569395,26.130086],[89.562781,26.142591],[89.586759,26.169205],[89.614406,26.164192],[89.606396,26.211011],[89.61332,26.219383],[89.653008,26.22269],[89.658175,26.159231],[89.706545,26.154167],[89.718482,26.145537],[89.728766,26.114169],[89.749849,26.083887],[89.755844,26.032417],[89.789434,25.987976],[89.814135,25.99614],[89.828656,25.979397],[89.825607,25.965703],[89.792017,25.949115],[89.834392,25.931752],[89.830051,25.90798],[89.786953,25.839147],[89.783129,25.814446],[89.801526,25.724684],[89.834392,25.634767],[89.82323,25.489143],[89.795015,25.374163],[89.807365,25.304503],[89.819044,25.284969],[89.908134,25.296907],[90.130085,25.211589],[90.286923,25.180066],[90.364644,25.149991],[90.399784,25.149009],[90.50138,25.168801],[90.583339,25.162031],[90.62344,25.171436],[90.707672,25.152988],[90.737955,25.169421],[90.753974,25.167561],[90.793972,25.145391],[90.82198,25.142291],[91.135346,25.191228],[91.190847,25.189471],[91.235702,25.201925],[91.283968,25.178981],[91.431866,25.13795],[91.480752,25.135263],[91.523436,25.145185],[91.548758,25.161101],[91.566121,25.159964],[91.596197,25.128907],[91.638675,25.124049],[91.662033,25.127201],[91.677432,25.152626],[91.710712,25.144668],[91.730142,25.167457],[91.793704,25.165338],[91.900571,25.177586],[91.956278,25.169783],[92.001753,25.18296],[92.033999,25.181668],[92.092911,25.164718],[92.116165,25.139449],[92.150995,25.129733],[92.172699,25.131955],[92.208046,25.098107],[92.233677,25.084956],[92.303544,25.074285],[92.328142,25.048007],[92.381058,25.023435],[92.386876,24.995444],[92.41186,24.987527],[92.453769,24.958231],[92.457828,24.953558],[92.450028,24.946636],[92.483791,24.928221],[92.49454,24.894864],[92.477693,24.86391],[92.380748,24.836702],[92.363592,24.841017],[92.358321,24.853652],[92.290418,24.891298],[92.252177,24.902977],[92.223032,24.891376],[92.217658,24.874581],[92.234928,24.824991],[92.233781,24.777533],[92.182931,24.647256],[92.163604,24.5592],[92.110894,24.514293],[92.107587,24.405979],[92.08826,24.38164],[92.062732,24.37102],[91.949974,24.375387],[91.948837,24.363527],[91.971368,24.329679],[91.972194,24.316062],[91.921862,24.34451],[91.899847,24.33805],[91.905945,24.260639],[91.87711,24.158036],[91.864501,24.150594],[91.844244,24.155323],[91.813755,24.183124],[91.807037,24.221133],[91.732933,24.234284],[91.723011,24.220977],[91.732623,24.164314],[91.72115,24.148992],[91.703684,24.142946],[91.666167,24.155917],[91.639502,24.211702],[91.629063,24.215319],[91.606015,24.118865],[91.581831,24.096101],[91.517545,24.085198],[91.404581,24.103129],[91.363033,24.099848],[91.350837,24.074242],[91.339055,23.995229],[91.327066,23.987865],[91.291616,23.994816],[91.274149,23.988227],[91.250378,23.964042],[91.216272,23.908387],[91.212758,23.88074],[91.228157,23.84498],[91.205213,23.771573],[91.194981,23.755166],[91.141754,23.739896],[91.132349,23.720646],[91.136587,23.69889],[91.168936,23.685377],[91.175241,23.670313],[91.166456,23.654087],[91.139687,23.65357],[91.140824,23.6121],[91.169866,23.561974],[91.195084,23.495182],[91.22733,23.468775],[91.25813,23.373639],[91.287275,23.355552],[91.265778,23.329352],[91.27725,23.303256],[91.300504,23.142309],[91.313527,23.101046],[91.337401,23.071074],[91.370887,23.062779],[91.374608,23.095723],[91.355901,23.179646],[91.355695,23.224139],[91.372128,23.261889],[91.394349,23.262664],[91.413572,23.248634],[91.436517,23.214863],[91.439617,23.22264],[91.446438,23.215535],[91.446438,23.197887],[91.461218,23.184426],[91.503283,23.044408],[91.515582,23.038802],[91.523643,22.995213],[91.536562,22.981854],[91.576766,22.968806],[91.582968,22.947903],[91.602398,22.952967],[91.625756,22.981544],[91.646943,22.976583],[91.706991,22.995368],[91.738307,23.024668],[91.760941,23.065492],[91.773757,23.064898],[91.795564,23.089496],[91.749159,23.232407],[91.743681,23.272327],[91.762595,23.321549],[91.817682,23.400924],[91.905118,23.446632],[91.940775,23.495182],[91.942325,23.53443],[91.915971,23.65016],[91.91442,23.688323],[91.922688,23.722972],[91.936641,23.72354],[92.00351,23.647421],[92.019013,23.640057],[92.042371,23.64556],[92.059631,23.659487],[92.108414,23.718243],[92.150788,23.731653],[92.1943,23.648144],[92.209389,23.661606],[92.222102,23.707779],[92.238741,23.716848],[92.259309,23.706487],[92.261686,23.685119],[92.250007,23.642615],[92.252797,23.609309],[92.291038,23.495285],[92.301477,23.431801],[92.325351,23.403508],[92.326695,23.375267],[92.348606,23.354105],[92.347055,23.315426],[92.357494,23.278942],[92.332689,23.226258],[92.327625,23.171429],[92.35305,23.029913],[92.352223,22.960331],[92.359871,22.926612],[92.378681,22.900438],[92.411858,22.887932],[92.426327,22.87106],[92.442037,22.762927],[92.480691,22.726159],[92.495883,22.695618],[92.500844,22.560536],[92.517381,22.51258],[92.577015,22.168674],[92.575568,22.143301],[92.537328,22.128625],[92.559962,22.061342],[92.575879,21.977574]]],[[[91.935557,21.759996],[91.938731,21.71483],[91.974864,21.648749],[91.983897,21.609198],[91.970225,21.523586],[91.961111,21.506171],[91.894542,21.506781],[91.899669,21.486029],[91.877126,21.481024],[91.862559,21.49494],[91.855235,21.519477],[91.871104,21.547675],[91.874034,21.581855],[91.847911,21.688788],[91.853526,21.725816],[91.872325,21.754828],[91.89796,21.743313],[91.902843,21.730292],[91.887706,21.684963],[91.903331,21.702867],[91.909516,21.726793],[91.901215,21.774319],[91.935557,21.781155],[91.935557,21.759996]]],[[[89.115733,21.781155],[89.139008,21.766832],[89.144705,21.739325],[89.132498,21.721625],[89.102306,21.736762],[89.051524,21.793199],[89.06422,21.822089],[89.063813,21.841457],[89.045665,21.91706],[89.057384,21.91767],[89.067638,21.904364],[89.092784,21.793402],[89.115733,21.781155]]],[[[91.887706,21.866156],[91.83253,21.725816],[91.823985,21.742621],[91.839854,21.825507],[91.83253,21.876695],[91.843435,21.906968],[91.867198,21.931952],[91.887706,21.866156]]],[[[90.593516,21.986558],[90.593516,21.966132],[90.606619,21.938788],[90.590831,21.935126],[90.580821,21.912502],[90.565603,21.91767],[90.540782,21.875922],[90.521251,21.861477],[90.503591,21.862454],[90.503591,21.869859],[90.531505,21.876695],[90.510427,21.897854],[90.521983,21.938788],[90.593516,21.986558]]],[[[90.332205,21.938788],[90.37143,21.994778],[90.394298,22.00023],[90.390636,21.978258],[90.365489,21.938707],[90.341563,21.860297],[90.322927,21.843899],[90.318614,21.892808],[90.332205,21.938788]]],[[[90.387462,22.048041],[90.381114,22.023098],[90.33961,21.972317],[90.358653,22.022691],[90.373871,22.045559],[90.387462,22.048041]]],[[[90.435232,22.041205],[90.473318,22.003648],[90.486176,21.976793],[90.476329,21.945014],[90.415538,21.900539],[90.402354,21.906887],[90.394298,21.938788],[90.411876,21.97602],[90.415538,22.038316],[90.428477,22.048041],[90.435232,22.041205]]],[[[90.544444,22.061672],[90.538341,22.068508],[90.483653,22.03498],[90.49171,22.080146],[90.503103,22.09634],[90.533458,22.110053],[90.560069,22.137681],[90.57252,22.137397],[90.592784,22.15941],[90.613455,22.164049],[90.593516,22.102607],[90.586192,22.130561],[90.559744,22.023749],[90.538341,22.00023],[90.519542,21.994696],[90.509044,21.999416],[90.503591,22.024115],[90.544444,22.061672]]],[[[90.941742,22.205024],[90.947113,22.211615],[90.956716,22.198879],[90.956716,22.144843],[90.948985,22.121649],[90.929373,22.116889],[90.9192,22.132148],[90.920258,22.160061],[90.935557,22.21247],[90.941742,22.205024]]],[[[90.97641,22.185777],[90.982921,22.259182],[90.996918,22.253485],[90.997813,22.235093],[90.987804,22.19538],[90.97641,22.185777]]],[[[90.952891,22.226752],[90.937185,22.232733],[90.956716,22.277655],[90.960216,22.322984],[90.97641,22.363349],[90.989513,22.340766],[90.994395,22.302069],[90.990082,22.281399],[90.952891,22.226752]]],[[[91.148847,22.357057],[91.15645,22.332079],[91.171397,22.319648],[91.186785,22.227757],[91.141468,22.146201],[91.093689,22.118859],[91.063294,22.089848],[91.022472,22.094875],[91.005111,22.116822],[91.059093,22.192043],[91.068274,22.240733],[91.074801,22.38859],[91.092257,22.391338],[91.148847,22.357057]]],[[[90.61964,22.42475],[90.60141,22.429185],[90.601573,22.44831],[90.614431,22.449042],[90.633149,22.431627],[90.658702,22.379543],[90.661143,22.355902],[90.647472,22.383775],[90.640391,22.366034],[90.646739,22.326077],[90.640147,22.308743],[90.633311,22.349677],[90.640147,22.349677],[90.61964,22.42475]]],[[[90.647472,22.42475],[90.653494,22.483466],[90.665294,22.469143],[90.667328,22.439032],[90.647472,22.42475]]],[[[91.158619,22.503423],[91.199988,22.514694],[91.21083,22.495521],[91.201017,22.472196],[91.159533,22.450674],[91.134163,22.44948],[91.11371,22.461415],[91.123562,22.489146],[91.158619,22.503423]]],[[[91.467557,22.58631],[91.556361,22.47821],[91.563633,22.435621],[91.555179,22.402031],[91.507519,22.396797],[91.476052,22.413317],[91.446517,22.453242],[91.423786,22.525302],[91.446765,22.576304],[91.467557,22.58631]]],[[[90.790553,22.495333],[90.855024,22.434665],[90.835022,22.339616],[90.836192,22.178168],[90.827891,22.152411],[90.77475,22.075914],[90.757335,22.061672],[90.750011,22.075995],[90.717784,22.048407],[90.691661,22.007025],[90.647472,21.994045],[90.639415,22.016099],[90.681814,22.102607],[90.625987,22.027167],[90.610037,22.024115],[90.603526,22.044013],[90.607758,22.072333],[90.633311,22.123114],[90.622244,22.145087],[90.631847,22.182115],[90.678477,22.282782],[90.687999,22.377631],[90.677745,22.426703],[90.681814,22.445258],[90.647472,22.548285],[90.574962,22.598863],[90.558767,22.602932],[90.556326,22.674709],[90.58546,22.768052],[90.613455,22.781684],[90.650564,22.787421],[90.684095,22.694373],[90.746979,22.596907],[90.76694,22.517531],[90.790553,22.495333]]],[[[90.645254,22.849289],[90.678233,22.808336],[90.590956,22.813919],[90.531559,22.769237],[90.534612,22.728775],[90.520993,22.711765],[90.49822,22.733832],[90.492849,22.753241],[90.45574,22.767401],[90.464203,22.778876],[90.463145,22.834052],[90.473399,22.865139],[90.537608,22.866767],[90.544444,22.880683],[90.592296,22.881903],[90.645254,22.849289]]],[[[90.667328,22.95303],[90.633311,22.95303],[90.667328,22.918199],[90.636241,22.921332],[90.599132,22.959174],[90.524099,22.95303],[90.508067,22.975775],[90.528005,23.007636],[90.56129,23.03262],[90.586192,23.034898],[90.667328,22.95303]]],[[[90.510427,23.069037],[90.515636,23.051947],[90.469493,23.007636],[90.45574,23.062812],[90.510427,23.069037]]],[[[90.524099,23.322252],[90.506114,23.314195],[90.487071,23.319037],[90.437266,23.361802],[90.426606,23.375963],[90.429698,23.385159],[90.45574,23.384955],[90.539399,23.350002],[90.577647,23.323635],[90.586192,23.301744],[90.529552,23.333564],[90.524099,23.322252]]]]}},{"type":"Feature","properties":{"iso3":"AFG","name":"Afghanistan","continent":"Asia"},"geometry":{"type":"Polygon","coordinates":[[[74.542354,37.021669],[74.537393,36.962241],[74.456984,37.004383],[74.394043,36.994022],[74.235706,36.902167],[74.1153,36.889532],[74.103931,36.841318],[74.035305,36.815583],[73.772892,36.892013],[73.191842,36.877027],[72.867727,36.830415],[72.629602,36.832947],[72.454109,36.757964],[72.213607,36.726442],[72.149632,36.689338],[72.154179,36.645465],[72.070877,36.632287],[72.038838,36.580456],[71.773221,36.480048],[71.782626,36.396539],[71.600725,36.449301],[71.53892,36.319283],[71.223073,36.125393],[71.169913,36.030802],[71.356399,35.933053],[71.515355,35.701491],[71.483316,35.62656],[71.59349,35.549356],[71.587806,35.470911],[71.622429,35.429621],[71.529825,35.300895],[71.633694,35.203124],[71.604135,35.138166],[71.508947,35.072021],[71.504297,35.000604],[71.459958,34.942674],[71.289478,34.87503],[71.203075,34.748164],[71.080601,34.672923],[71.065822,34.55846],[70.956991,34.532002],[70.991511,34.443067],[71.122046,34.356819],[71.108093,34.165228],[71.046702,34.041877],[70.894308,34.009372],[70.862217,33.964775],[70.521979,33.938705],[70.328193,33.957282],[70.002838,34.043789],[69.872613,34.017227],[69.847188,33.926948],[69.957518,33.752695],[70.108154,33.727296],[70.173473,33.607872],[70.154973,33.506612],[70.285715,33.382873],[70.294448,33.318949],[70.124794,33.199034],[70.059785,33.198052],[69.994725,33.127333],[69.880933,33.089248],[69.771844,33.114776],[69.547517,33.075011],[69.487727,33.028373],[69.477288,32.856833],[69.37807,32.752317],[69.429126,32.667361],[69.232859,32.462671],[69.268102,32.301337],[69.251049,32.13065],[69.29885,31.93769],[69.040106,31.673107],[68.803841,31.602568],[68.705449,31.70127],[68.675787,31.774702],[68.5051,31.822658],[68.418748,31.783022],[68.5498,31.753515],[68.460968,31.730467],[68.255037,31.766383],[68.138559,31.824674],[68.052259,31.695431],[67.955211,31.633212],[67.842711,31.623497],[67.696312,31.520816],[67.568981,31.52986],[67.611459,31.410797],[67.770364,31.394674],[67.764731,31.334058],[67.364601,31.210706],[67.035267,31.235924],[67.002091,31.315867],[66.943283,31.314731],[66.696993,31.195823],[66.663093,31.083117],[66.550025,30.976973],[66.366264,30.922868],[66.267975,30.601389],[66.321822,30.437368],[66.305286,30.24477],[66.221725,30.073721],[66.332364,29.966079],[66.195628,29.835338],[65.036371,29.540162],[64.477697,29.570367],[64.172599,29.4843],[64.086093,29.386605],[63.568605,29.497477],[62.477509,29.407819],[60.844379,29.858179],[61.802253,30.847059],[61.826438,31.014956],[61.742722,31.239541],[61.749233,31.30238],[61.686911,31.373177],[60.821744,31.494668],[60.774926,32.027194],[60.808825,32.07117],[60.830323,32.248885],[60.562949,33.058268],[60.561502,33.137307],[60.818644,33.404887],[60.849856,33.494365],[60.919788,33.512571],[60.846032,33.555782],[60.655553,33.559891],[60.511789,33.638387],[60.486881,33.71138],[60.528016,33.84145],[60.492772,34.139028],[60.643667,34.306641],[60.890474,34.318914],[60.699685,34.516396],[60.957964,34.649411],[60.959927,34.723205],[61.06545,34.814724],[61.074752,34.933114],[61.147306,35.102096],[61.101521,35.183228],[61.102451,35.25666],[61.187097,35.300379],[61.195055,35.390089],[61.290036,35.548064],[61.277014,35.609197],[61.360936,35.621031],[61.386878,35.559536],[61.604746,35.430603],[62.00746,35.438923],[62.219023,35.30627],[62.275713,35.151034],[62.431879,35.280638],[62.595641,35.22059],[62.69362,35.248392],[62.918206,35.388177],[63.066827,35.425591],[63.100727,35.524964],[63.07494,35.609817],[63.207697,35.683198],[63.112044,35.769911],[63.084397,35.826083],[63.104086,35.856469],[63.430216,35.871042],[63.582093,35.959047],[63.765906,35.977288],[63.889826,36.029637],[64.045114,35.998734],[64.044648,36.09232],[64.123352,36.146064],[64.266134,36.152471],[64.318947,36.219754],[64.477697,36.271637],[64.594382,36.424186],[64.604821,36.660554],[64.778764,36.93847],[64.755613,37.053631],[64.778764,37.118046],[65.063088,37.233232],[65.536857,37.257107],[65.629461,37.365421],[65.648168,37.493837],[65.758859,37.564117],[66.294434,37.331211],[67.005915,37.384386],[67.085083,37.349633],[67.259129,37.185147],[67.503145,37.281963],[67.561385,37.2199],[67.633163,37.254058],[67.746593,37.229408],[67.775997,37.207549],[67.78535,37.096548],[67.87811,37.064431],[68.032725,36.925241],[68.186411,37.01831],[68.277775,37.010068],[68.307282,37.114221],[68.411462,37.113369],[68.403711,37.151635],[68.532747,37.168999],[68.630777,37.213828],[68.671239,37.247185],[68.657545,37.267675],[68.808492,37.251629],[68.835829,37.329144],[68.904714,37.276692],[68.917633,37.302427],[68.885077,37.334828],[68.985225,37.320359],[69.145732,37.156958],[69.245675,37.103886],[69.308617,37.116882],[69.442148,37.223621],[69.376313,37.418854],[69.508656,37.578973],[69.812668,37.585846],[69.918812,37.617137],[70.016894,37.545978],[70.157867,37.541431],[70.253934,37.630805],[70.281891,37.719559],[70.247164,37.819166],[70.179158,37.860791],[70.17213,37.946083],[70.26153,37.939287],[70.25042,37.964144],[70.460071,38.112248],[70.595773,38.338178],[70.676698,38.37492],[70.683313,38.414581],[70.777261,38.446466],[70.936217,38.433004],[70.974045,38.473673],[71.358156,38.251258],[71.359086,38.184105],[71.258265,37.926472],[71.341154,37.893295],[71.537059,37.944455],[71.597727,37.89836],[71.594214,37.833764],[71.531168,37.751754],[71.493858,37.307543],[71.431123,37.066989],[71.552872,36.769591],[71.653021,36.687012],[71.836576,36.699156],[72.259806,36.967305],[72.657714,37.028826],[72.79073,37.220262],[73.067509,37.315062],[73.132104,37.384386],[73.296332,37.464949],[73.485261,37.480969],[73.753462,37.428388],[73.722249,37.322452],[73.597295,37.261809],[73.702405,37.221166],[74.163256,37.330074],[74.223924,37.403351],[74.303816,37.400173],[74.315598,37.426916],[74.512692,37.377229],[74.660383,37.393972],[74.78854,37.331159],[74.892307,37.231114],[74.783269,37.219667],[74.721464,37.297776],[74.609017,37.230183],[74.500083,37.23163],[74.441585,37.170549],[74.38226,37.172047],[74.38257,37.126572],[74.542354,37.021669]]]}},{"type":"Feature","properties":{"iso3":"TKM","name":"Turkmenistan","continent":"Asia"},"geometry":{"type":"MultiPolygon","coordinates":[[[[61.269676,35.618499],[61.229161,35.698597],[61.247352,35.876209],[61.205804,35.940495],[61.143585,35.965506],[61.222754,36.117538],[61.146686,36.357265],[61.186167,36.552809],[61.165806,36.636318],[60.34229,36.637145],[60.019209,37.025803],[59.653237,37.149672],[59.591535,37.132334],[59.555982,37.197782],[59.461724,37.207601],[59.444671,37.264187],[59.382039,37.305683],[59.356304,37.480633],[59.312276,37.530346],[59.211714,37.516316],[59.045625,37.619617],[58.801093,37.694651],[58.76926,37.656798],[58.68172,37.642716],[58.529791,37.700387],[58.479665,37.644112],[58.371765,37.630366],[58.206814,37.678735],[58.156687,37.788186],[57.785031,37.872573],[57.691186,37.92027],[57.496263,37.922312],[57.352395,37.967529],[57.327074,37.994116],[57.344334,38.081062],[57.185894,38.276476],[57.038409,38.187283],[56.738996,38.269603],[56.60133,38.236866],[56.436482,38.255082],[56.303364,38.179428],[56.325481,38.10522],[56.299747,38.080235],[56.214067,38.06884],[55.978422,38.065895],[55.738437,38.118605],[55.447395,38.083671],[55.130309,37.95231],[54.85663,37.761133],[54.787281,37.651863],[54.808158,37.579284],[54.783663,37.517453],[54.653956,37.438905],[54.533343,37.440817],[54.186594,37.323744],[53.913748,37.34276],[53.82488,37.744859],[53.80714,38.031968],[53.866466,38.265082],[53.836111,38.606147],[53.926931,38.773668],[53.971365,38.934272],[53.89975,38.972846],[53.870942,39.028388],[53.772146,39.033108],[53.728038,39.101386],[53.701508,39.078518],[53.72462,39.241685],[53.660004,39.200385],[53.683767,39.083441],[53.598318,39.241685],[53.576671,39.203437],[53.564952,39.34516],[53.389415,39.310614],[53.403168,39.337877],[53.170177,39.352484],[53.149913,39.344143],[53.185883,39.326361],[53.184093,39.213813],[53.161469,39.179592],[53.094737,39.419867],[53.27589,39.664862],[53.313731,39.65884],[53.248546,39.607896],[53.21697,39.525051],[53.426768,39.535956],[53.492198,39.48078],[53.577159,39.467841],[53.573741,39.527289],[53.615408,39.49494],[53.736176,39.51789],[53.629161,39.570705],[53.646495,39.607896],[53.571625,39.6164],[53.533458,39.680487],[53.539724,39.646308],[53.444102,39.701077],[53.449229,39.648586],[53.416759,39.64997],[53.429861,39.762519],[53.382009,39.762519],[53.574474,39.967922],[53.419607,40.006496],[53.282725,39.940009],[53.172374,39.997463],[53.053559,39.967922],[53.072439,39.989814],[52.974864,39.974311],[52.896007,40.008857],[52.930186,39.895941],[53.046886,39.748236],[53.008067,39.766343],[52.905284,39.874579],[52.892833,39.934231],[52.738455,40.053616],[52.768321,40.153795],[52.698985,40.273871],[52.736583,40.484565],[52.863129,40.658108],[52.868175,40.694159],[52.833181,40.704901],[52.931326,40.975653],[52.916515,41.08515],[52.965505,41.049384],[53.031749,40.899807],[53.121918,40.87226],[53.070811,40.827867],[53.107432,40.773912],[53.2046,40.776068],[53.249766,40.812567],[53.256033,40.768948],[53.330821,40.776068],[53.382009,40.831285],[53.398692,40.762763],[53.483084,40.737047],[53.541677,40.761623],[53.587413,40.891588],[53.614757,40.891547],[53.652843,40.867865],[53.721039,40.625678],[53.862641,40.626166],[53.937755,40.671617],[54.010753,40.657864],[54.080333,40.676093],[54.095225,40.697821],[54.063243,40.708482],[54.171072,40.729682],[54.232188,40.728339],[54.220714,40.69538],[54.252696,40.676581],[54.403575,40.673651],[54.362641,40.687934],[54.430431,40.721422],[54.310557,40.730658],[54.273285,40.87226],[54.248302,40.874986],[54.331716,40.926907],[54.465831,40.865953],[54.437836,40.817043],[54.62436,40.836493],[54.699555,40.879096],[54.76002,40.965033],[54.690115,41.059231],[54.767426,41.03677],[54.600434,41.192328],[54.073985,41.487982],[54.030284,41.569485],[54.008556,41.764838],[53.901622,41.914618],[53.906912,42.062934],[53.818696,42.124416],[53.681814,42.143948],[53.296723,42.078843],[53.163829,42.103705],[52.960297,41.984361],[52.769216,41.675605],[52.880544,41.697903],[52.916515,41.674221],[52.815684,41.388739],[52.844005,41.24018],[52.903982,41.140204],[52.882335,41.050442],[52.760997,41.37759],[52.562185,41.519477],[52.595551,41.640041],[52.450206,41.734809],[52.478843,41.780345],[52.978709,42.126629],[53.412274,42.258171],[54.122618,42.337598],[54.738291,42.04821],[54.907067,41.932144],[54.950682,41.795564],[55.228391,41.472819],[55.478298,41.266785],[55.635498,41.264356],[55.910106,41.326626],[57.010194,41.254124],[57.161399,41.367967],[57.07417,41.394994],[57.019599,41.465946],[57.012054,41.557826],[56.960481,41.647201],[56.950146,41.86605],[56.978361,41.895118],[57.115511,41.952092],[57.207805,42.07056],[57.382264,42.163629],[57.619769,42.148178],[57.850453,42.191431],[57.835467,42.240446],[57.873707,42.249644],[57.937476,42.354238],[57.908641,42.430434],[57.997731,42.493428],[58.060879,42.502265],[58.117207,42.461518],[58.225727,42.466582],[58.325049,42.431856],[58.384684,42.387827],[58.397603,42.287859],[58.478218,42.291993],[58.494135,42.305713],[58.306239,42.528671],[58.121341,42.624247],[58.282675,42.68892],[58.534546,42.654503],[58.587876,42.791188],[58.89442,42.547843],[59.146084,42.526759],[59.223806,42.460872],[59.258429,42.347545],[59.426481,42.286774],[59.866351,42.304215],[60.028201,42.199518],[60.036986,42.169701],[59.974458,42.09924],[59.997195,42.010615],[59.908002,41.979816],[59.91751,41.952427],[60.088766,41.919355],[60.252684,41.780061],[60.102408,41.795279],[60.049182,41.753499],[60.16473,41.584956],[60.071713,41.514366],[60.059207,41.434165],[60.094244,41.389516],[60.478096,41.212111],[60.860295,41.252987],[60.978014,41.202809],[61.004318,41.229533],[61.081884,41.224513],[61.281355,41.157282],[61.43318,41.300323],[61.654355,41.249421],[61.877907,41.124984],[61.970822,41.01543],[62.044771,40.714984],[62.134171,40.577834],[62.213442,40.486574],[62.343615,40.439393],[62.435754,40.194189],[62.421595,40.115072],[62.452808,40.009239],[62.593161,39.890228],[63.477551,39.402919],[63.709268,39.190891],[64.150585,38.949458],[64.337344,38.970956],[64.634897,38.744148],[64.977718,38.61227],[65.205301,38.449644],[65.60414,38.237409],[65.740204,38.224076],[65.876681,38.272962],[66.231078,38.148784],[66.408328,38.042847],[66.590385,38.012978],[66.645782,37.945902],[66.518813,37.782708],[66.493491,37.522207],[66.542687,37.466758],[66.497005,37.397744],[66.519588,37.36418],[66.469927,37.329764],[66.294434,37.331211],[66.142918,37.385058],[66.079666,37.440868],[65.855184,37.507944],[65.776532,37.572902],[65.648323,37.494147],[65.624087,37.345138],[65.536857,37.257107],[65.063088,37.233232],[64.807909,37.135512],[64.76016,37.092621],[64.765225,36.904622],[64.592005,36.621073],[64.594382,36.424186],[64.477697,36.271637],[64.303651,36.211538],[64.276056,36.159241],[64.123352,36.146064],[64.036225,36.076404],[64.045579,36.011291],[63.889826,36.029637],[63.765906,35.977288],[63.582093,35.959047],[63.430216,35.871042],[63.104086,35.856469],[63.105688,35.782882],[63.207697,35.683198],[63.076646,35.6247],[63.097213,35.535455],[63.066827,35.425591],[62.918206,35.388177],[62.708606,35.25604],[62.595641,35.22059],[62.431879,35.280638],[62.275713,35.151034],[62.219023,35.30627],[62.00746,35.438923],[61.604746,35.430603],[61.401244,35.549821],[61.344193,35.630901],[61.269676,35.618499]]],[[[53.029959,39.061347],[53.081716,39.097724],[53.053966,39.026801],[53.102061,38.755072],[53.038422,38.916938],[53.029959,39.061347]]],[[[53.468516,39.584947],[53.508637,39.585517],[53.539724,39.539618],[53.521983,39.516099],[53.491873,39.508612],[53.468516,39.584947]]]]}},{"type":"Feature","properties":{"iso3":"JOR","name":"Jordan","continent":"Asia"},"geometry":{"type":"Polygon","coordinates":[[[35.611758,32.6819],[35.635995,32.679143],[35.740175,32.740535],[35.769734,32.748054],[35.788234,32.734411],[35.895721,32.713276],[35.922489,32.693768],[35.940369,32.692502],[35.945743,32.684104],[35.941196,32.673536],[35.955355,32.657439],[36.003621,32.655088],[36.005998,32.607907],[36.06987,32.516595],[36.15586,32.5152],[36.177357,32.527318],[36.387887,32.379317],[36.463955,32.369395],[36.480181,32.360791],[36.653504,32.342859],[36.689574,32.319656],[36.728641,32.327795],[36.806569,32.313042],[38.056726,32.994344],[38.774511,33.371685],[39.057181,32.496596],[38.979977,32.476055],[39.028759,32.328338],[39.046329,32.308494],[39.235775,32.352858],[39.256342,32.342678],[39.291999,32.244519],[39.266471,32.212867],[39.146168,32.125844],[39.146375,32.118144],[39.116816,32.102899],[38.998064,32.006936],[38.96344,31.994482],[36.959532,31.490999],[37.480017,31.007256],[37.981071,30.499483],[37.647552,30.330863],[37.491696,30.011193],[37.470198,29.994553],[36.756237,29.865517],[36.728745,29.853528],[36.70487,29.831152],[36.477081,29.494609],[36.069457,29.200028],[36.016437,29.189951],[34.949385,29.351686],[34.962413,29.359768],[34.969005,29.450832],[34.997813,29.517971],[34.996837,29.533881],[34.955577,29.558987],[34.95986,29.586206],[34.989833,29.651964],[35.002545,29.733096],[35.048951,29.842314],[35.054118,29.923394],[35.086261,30.034034],[35.129049,30.089741],[35.145276,30.123382],[35.145276,30.154905],[35.124812,30.21609],[35.125225,30.244667],[35.141762,30.313965],[35.162122,30.361404],[35.140005,30.406155],[35.140005,30.430185],[35.205324,30.617099],[35.263821,30.71978],[35.279531,30.780241],[35.316635,30.822823],[35.322216,30.88995],[35.334928,30.912585],[35.385261,30.963279],[35.391565,31.023947],[35.438488,31.103736],[35.443242,31.132209],[35.436214,31.159546],[35.410686,31.204608],[35.3957,31.25768],[35.422261,31.303],[35.423915,31.324601],[35.416473,31.331835],[35.452854,31.400823],[35.464222,31.568565],[35.480139,31.641119],[35.527578,31.735067],[35.55941,31.765349],[35.538326,31.819299],[35.549075,31.839195],[35.524684,31.919241],[35.545871,31.944563],[35.524684,32.011691],[35.522824,32.057838],[35.528301,32.075098],[35.545148,32.086828],[35.535226,32.110806],[35.551969,32.135197],[35.546698,32.147031],[35.55941,32.155093],[35.555173,32.174394],[35.572536,32.237594],[35.55941,32.237594],[35.572536,32.251908],[35.560857,32.28263],[35.565612,32.313352],[35.556517,32.328209],[35.551969,32.374821],[35.565612,32.367948],[35.545148,32.409573],[35.5591,32.413966],[35.551969,32.429443],[35.55941,32.429443],[35.556207,32.434791],[35.565612,32.443706],[35.55941,32.450527],[35.572536,32.456728],[35.561271,32.477089],[35.579978,32.49148],[35.561374,32.519179],[35.551969,32.518817],[35.551969,32.525587],[35.565612,32.525587],[35.55941,32.55295],[35.565612,32.546102],[35.579978,32.560391],[35.565612,32.607546],[35.572536,32.62124],[35.564061,32.625477],[35.560547,32.640903],[35.611758,32.6819]]]}},{"type":"Feature","properties":{"iso3":"NPL","name":"Nepal","continent":"Asia"},"geometry":{"type":"Polygon","coordinates":[[[88.118218,27.860885],[88.164623,27.845356],[88.166587,27.833599],[88.154598,27.815151],[88.159662,27.77412],[88.134858,27.723167],[88.11088,27.639503],[88.02334,27.494912],[88.039308,27.42949],[88.014762,27.378072],[88.035122,27.322571],[87.989337,27.218391],[87.985461,27.14837],[87.969183,27.110801],[88.009491,27.045637],[88.055948,27.018042],[88.096824,26.959337],[88.151394,26.862806],[88.167827,26.762915],[88.163383,26.705141],[88.101681,26.581944],[88.079822,26.517556],[88.074189,26.453942],[88.044321,26.405676],[88.006648,26.369864],[87.975488,26.366557],[87.914768,26.40826],[87.897301,26.443452],[87.870688,26.460712],[87.852084,26.46066],[87.821595,26.437509],[87.768988,26.451461],[87.756173,26.446914],[87.74222,26.410482],[87.727544,26.403764],[87.68119,26.424228],[87.586984,26.378029],[87.552051,26.386711],[87.480324,26.423401],[87.416452,26.426967],[87.356404,26.403712],[87.326225,26.353328],[87.314029,26.343768],[87.30049,26.34599],[87.2453,26.370226],[87.2191,26.408105],[87.135022,26.394204],[87.10629,26.404746],[87.066706,26.465621],[87.041333,26.580187],[87.029912,26.579774],[86.972448,26.531973],[86.875968,26.494921],[86.865684,26.472442],[86.821863,26.438129],[86.796438,26.431514],[86.738199,26.44371],[86.713601,26.414565],[86.5579,26.484018],[86.494906,26.527839],[86.353674,26.582616],[86.316002,26.580963],[86.308613,26.60215],[86.284428,26.61202],[86.195855,26.582668],[86.152653,26.600651],[86.115859,26.602563],[86.041704,26.645455],[86.01137,26.654447],[85.952148,26.642044],[85.866366,26.579929],[85.828538,26.566131],[85.809728,26.603028],[85.780996,26.599204],[85.712887,26.653206],[85.702241,26.68845],[85.709631,26.76245],[85.701828,26.796608],[85.687772,26.811853],[85.598578,26.854383],[85.439622,26.78772],[85.421535,26.782656],[85.385878,26.788444],[85.337044,26.746792],[85.302369,26.737336],[85.194934,26.758885],[85.165685,26.786273],[85.162016,26.851024],[85.122845,26.8657],[85.043987,26.843737],[85.018562,26.845804],[85.018045,26.874433],[84.952726,26.897636],[84.924046,26.955668],[84.851751,26.982127],[84.828289,26.994839],[84.817489,27.0106],[84.801934,27.013753],[84.760697,26.999025],[84.627268,27.03649],[84.62148,27.057988],[84.654398,27.125374],[84.657654,27.203405],[84.631919,27.277044],[84.606546,27.310479],[84.577039,27.329031],[84.289408,27.376108],[84.267703,27.388562],[84.225536,27.440393],[84.185848,27.438636],[84.165746,27.472174],[84.121563,27.494964],[84.11717,27.513283],[84.099548,27.516874],[84.079601,27.509536],[84.028907,27.453726],[84.007668,27.440807],[83.923022,27.449954],[83.834087,27.434037],[83.87119,27.38944],[83.87765,27.369907],[83.877391,27.361742],[83.854602,27.34505],[83.663399,27.43228],[83.590432,27.45662],[83.480981,27.469746],[83.387034,27.470469],[83.360989,27.462201],[83.355925,27.452486],[83.355821,27.428663],[83.370962,27.410214],[83.362746,27.385616],[83.32435,27.341691],[83.282441,27.330943],[83.249419,27.348099],[83.21924,27.393781],[83.169631,27.431195],[83.132786,27.444217],[83.010468,27.443391],[82.947164,27.457317],[82.876264,27.487548],[82.752137,27.494964],[82.72971,27.518166],[82.709246,27.630924],[82.69705,27.669397],[82.679687,27.694409],[82.652143,27.70415],[82.526156,27.675211],[82.440683,27.666426],[82.401926,27.677175],[82.347924,27.726009],[82.270409,27.760477],[82.151037,27.848275],[82.090369,27.872331],[82.051611,27.905171],[82.02722,27.912406],[81.975905,27.916953],[81.946398,27.905352],[81.883198,27.849051],[81.855654,27.850937],[81.750131,27.909667],[81.688946,27.963204],[81.615049,27.981239],[81.561925,28.025991],[81.473455,28.066402],[81.458211,28.07728],[81.435267,28.129783],[81.396044,28.160634],[81.357907,28.165982],[81.338115,28.132728],[81.307057,28.123814],[81.296205,28.12831],[81.299409,28.142521],[81.276775,28.153787],[81.295947,28.167455],[81.282356,28.191588],[81.224323,28.250783],[81.190372,28.338116],[81.169701,28.361319],[81.146344,28.372249],[81.000409,28.397002],[80.9878,28.430979],[80.976018,28.436922],[80.941188,28.432684],[80.905273,28.440849],[80.88667,28.452786],[80.872252,28.496866],[80.798406,28.505703],[80.781663,28.514746],[80.727093,28.559679],[80.67862,28.574717],[80.635625,28.627866],[80.563589,28.647038],[80.555837,28.678948],[80.517596,28.680033],[80.487624,28.656469],[80.493412,28.575647],[80.488451,28.562444],[80.408352,28.626342],[80.349751,28.620218],[80.329701,28.627479],[80.291047,28.689671],[80.257044,28.702745],[80.233273,28.732718],[80.162063,28.753285],[80.11421,28.802584],[80.036386,28.837026],[80.031115,28.897798],[80.04052,28.932809],[80.052922,28.949113],[80.099431,28.977276],[80.107906,28.994588],[80.104702,29.027609],[80.113073,29.072206],[80.132607,29.110214],[80.16351,29.123366],[80.220664,29.126079],[80.233066,29.139308],[80.213739,29.196565],[80.218803,29.211086],[80.236063,29.213076],[80.258181,29.202456],[80.278748,29.268085],[80.280092,29.31015],[80.254977,29.316635],[80.242161,29.367408],[80.213739,29.416888],[80.217666,29.434639],[80.257457,29.450064],[80.266242,29.47213],[80.320089,29.515822],[80.327221,29.52484],[80.327221,29.548585],[80.350785,29.562073],[80.385201,29.604835],[80.386752,29.626823],[80.354402,29.70488],[80.354299,29.730279],[80.368975,29.757926],[80.395227,29.776582],[80.454861,29.790586],[80.476152,29.80614],[80.549533,29.89368],[80.57134,29.946855],[80.641413,29.963444],[80.715827,30.013311],[80.769674,30.077287],[80.829825,30.117129],[80.849669,30.143381],[80.83644,30.170046],[80.883684,30.21028],[80.903309,30.180433],[80.920827,30.17666],[80.988162,30.196556],[81.006507,30.188908],[81.074203,30.071912],[81.084454,30.027876],[81.097768,30.016929],[81.148101,30.023233],[81.194506,30.004475],[81.21683,30.008195],[81.227269,30.022458],[81.225719,30.050467],[81.257086,30.063541],[81.272021,30.079922],[81.275948,30.095373],[81.266956,30.125087],[81.277705,30.131857],[81.322405,30.133769],[81.350052,30.15723],[81.361834,30.204772],[81.377854,30.232626],[81.368036,30.301046],[81.387259,30.345126],[81.387518,30.373909],[81.407413,30.37918],[81.42612,30.372514],[81.46281,30.341353],[81.509371,30.328382],[81.520688,30.331948],[81.536811,30.37856],[81.576705,30.390963],[81.591588,30.414269],[81.614015,30.416904],[81.779018,30.358045],[81.844389,30.371171],[81.887177,30.354996],[81.941231,30.353962],[81.969032,30.328279],[82.049854,30.339235],[82.088767,30.330088],[82.093211,30.31474],[82.0821,30.257327],[82.084994,30.230817],[82.095898,30.213454],[82.155688,30.181363],[82.127576,30.124364],[82.135224,30.089741],[82.153827,30.058166],[82.210671,30.064419],[82.255733,30.039666],[82.318882,30.031811],[82.347304,30.003441],[82.394433,30.003131],[82.457065,29.95409],[82.541814,29.923239],[82.618502,29.839833],[82.635865,29.829033],[82.666974,29.835028],[82.688988,29.827741],[82.681754,29.797717],[82.690952,29.780741],[82.751517,29.739323],[82.781076,29.705113],[82.815544,29.690127],[82.836576,29.659793],[82.899725,29.688422],[82.931919,29.664185],[82.975896,29.66403],[83.032895,29.620467],[83.064935,29.57879],[83.079559,29.579643],[83.093357,29.615144],[83.150046,29.625635],[83.173558,29.621268],[83.187253,29.612095],[83.197175,29.589099],[83.229317,29.575948],[83.26084,29.542048],[83.26332,29.527088],[83.247197,29.494738],[83.26394,29.473008],[83.327968,29.485023],[83.355201,29.460735],[83.35701,29.415363],[83.38724,29.393504],[83.393132,29.356245],[83.428168,29.333456],[83.437212,29.305241],[83.493384,29.276147],[83.502996,29.261032],[83.523718,29.183594],[83.56139,29.176231],[83.583818,29.162149],[83.639266,29.154759],[83.654992,29.160414],[83.675078,29.208761],[83.69549,29.226176],[83.719727,29.233591],[83.79321,29.234754],[83.868865,29.263435],[83.883438,29.282012],[83.914392,29.289402],[83.957955,29.28904],[83.973251,29.277025],[83.975835,29.263745],[84.012525,29.270204],[84.035211,29.247622],[84.08973,29.256613],[84.112364,29.209097],[84.155462,29.206642],[84.161663,29.192534],[84.13226,29.143804],[84.137996,29.124657],[84.166211,29.098458],[84.175461,29.057401],[84.220575,29.0389],[84.231427,29.025981],[84.206725,28.940664],[84.235147,28.90002],[84.285997,28.873743],[84.354003,28.861289],[84.376586,28.848835],[84.422733,28.799173],[84.450845,28.73388],[84.498594,28.72786],[84.551821,28.706388],[84.616209,28.69365],[84.632642,28.668794],[84.682975,28.650759],[84.677756,28.604405],[84.755632,28.585414],[84.781781,28.558904],[84.81196,28.54198],[84.92849,28.538466],[84.954948,28.574303],[85.002491,28.594431],[85.02528,28.628409],[85.054942,28.638692],[85.11189,28.608823],[85.160982,28.595],[85.16801,28.583192],[85.153748,28.524901],[85.123155,28.504592],[85.109461,28.459298],[85.077577,28.435681],[85.08569,28.381008],[85.080212,28.318789],[85.087395,28.304113],[85.109409,28.292254],[85.173591,28.30432],[85.223924,28.271686],[85.259581,28.266932],[85.312601,28.282771],[85.345364,28.261248],[85.362572,28.259672],[85.41523,28.296439],[85.43156,28.297059],[85.475692,28.279102],[85.52065,28.282926],[85.565299,28.275381],[85.59894,28.250835],[85.611807,28.251145],[85.639093,28.287887],[85.675059,28.306387],[85.679142,28.332897],[85.692939,28.335222],[85.699761,28.269102],[85.734487,28.221534],[85.782753,28.1881],[85.848279,28.158928],[85.863368,28.143348],[85.87174,28.110921],[85.889103,28.090276],[85.898302,28.036016],[85.956593,27.976226],[85.951218,27.91623],[85.96269,27.891374],[85.98026,27.885172],[86.061703,27.889048],[86.112862,27.926798],[86.095602,27.957855],[86.098134,27.985631],[86.079169,28.001134],[86.084699,28.043871],[86.068731,28.076763],[86.15596,28.156525],[86.176011,28.153011],[86.186036,28.133529],[86.187173,28.108699],[86.172238,28.071828],[86.203038,28.002581],[86.278072,27.983694],[86.327733,27.939691],[86.362976,27.946099],[86.425298,27.909925],[86.496921,27.937882],[86.510461,27.952429],[86.516197,28.012245],[86.538366,28.047178],[86.544154,28.093015],[86.553559,28.104151],[86.569527,28.106606],[86.612315,28.080277],[86.661976,28.106838],[86.699648,28.098751],[86.731739,28.076918],[86.732204,28.034957],[86.739801,28.021495],[86.76998,28.01209],[86.840466,28.014777],[86.868165,27.994881],[86.876898,27.970645],[86.893073,27.954186],[86.914725,27.945117],[87.005676,27.951499],[87.062003,27.908427],[87.116522,27.844581],[87.155796,27.825796],[87.232897,27.829724],[87.290516,27.816081],[87.335837,27.846363],[87.363845,27.855252],[87.385343,27.849412],[87.369116,27.819078],[87.369116,27.803937],[87.531587,27.836803],[87.551327,27.831894],[87.573342,27.805022],[87.589981,27.804609],[87.636077,27.823652],[87.700466,27.805642],[87.726821,27.807761],[87.779841,27.839439],[87.825884,27.906566],[87.836685,27.908323],[87.856115,27.898608],[87.93456,27.895301],[87.978433,27.880522],[88.029954,27.893337],[88.118218,27.860885]]]}},{"type":"Feature","properties":{"iso3":"YEM","name":"Yemen","continent":"Asia"},"geometry":{"type":"MultiPolygon","coordinates":[[[[51.978615,18.995638],[52.730145,17.299875],[52.801562,17.267423],[53.090343,16.642401],[52.984874,16.62816],[52.532563,16.447252],[52.292735,16.263821],[52.160004,16.002102],[52.175466,15.877916],[52.224376,15.846747],[52.228363,15.616116],[51.913097,15.515326],[51.865408,15.4501],[51.7588,15.445624],[51.679942,15.403469],[51.655284,15.33275],[51.54949,15.322984],[51.382009,15.238023],[50.554047,15.04857],[50.179535,14.843329],[50.051768,14.818752],[49.942149,14.838772],[49.372406,14.649807],[49.190196,14.54857],[49.181895,14.516588],[49.092784,14.519599],[49.009939,14.401109],[49.006033,14.331204],[48.882335,14.243232],[48.85255,14.166978],[48.701834,14.046698],[48.564789,14.046047],[48.47755,13.996731],[48.338227,14.016303],[48.188731,13.969143],[48.177582,14.009182],[48.016856,14.057278],[47.645681,13.873196],[47.398204,13.654853],[46.911876,13.533271],[46.700694,13.430325],[46.247813,13.432115],[45.665782,13.341986],[45.494151,13.194648],[45.403005,13.070136],[45.193533,13.012681],[45.118175,12.961737],[45.039317,12.756293],[44.97934,12.782294],[45.042491,12.820868],[45.009288,12.856676],[44.867442,12.794827],[44.871837,12.769965],[44.91627,12.774888],[44.881358,12.729885],[44.785167,12.772284],[44.727794,12.742011],[44.706879,12.793647],[44.610606,12.819566],[44.542817,12.797309],[44.415538,12.670152],[44.191173,12.619127],[44.149425,12.624986],[44.198416,12.639065],[44.191173,12.660468],[44.153494,12.655951],[43.961436,12.599595],[43.8296,12.680609],[43.619395,12.749579],[43.468028,12.683905],[43.473155,12.846625],[43.226329,13.283881],[43.284516,13.58039],[43.280935,13.722113],[43.233165,13.87637],[43.09552,14.083956],[42.96339,14.507758],[42.965994,14.53026],[43.006114,14.454779],[43.021983,14.471096],[42.990489,14.68008],[42.883637,14.883694],[42.881602,14.904608],[42.945649,14.811428],[42.937266,14.948472],[42.880138,15.024848],[42.864024,15.13642],[42.733409,15.209296],[42.637706,15.190863],[42.61671,15.229722],[42.682628,15.246487],[42.704275,15.355455],[42.699392,15.311672],[42.774262,15.260443],[42.781993,15.215074],[42.803071,15.245185],[42.778331,15.47899],[42.719249,15.570014],[42.691905,15.702094],[42.834809,15.915351],[42.840099,16.097805],[42.790701,16.368638],[42.898187,16.418896],[42.906766,16.479357],[43.036267,16.536304],[43.097762,16.677794],[43.162926,16.661516],[43.186077,16.683272],[43.168507,16.737222],[43.211502,16.796857],[43.157345,16.825382],[43.112644,16.910028],[43.118432,17.086245],[43.156156,17.2097],[43.248605,17.25192],[43.241836,17.293416],[43.165044,17.32592],[43.303072,17.459039],[43.412885,17.519965],[43.487144,17.517485],[43.619539,17.458832],[43.730643,17.35243],[43.886706,17.353671],[43.903294,17.30432],[44.003908,17.36783],[44.08535,17.343439],[44.169376,17.40235],[45.165387,17.428395],[45.430384,17.312019],[46.322629,17.224066],[46.710099,17.275381],[46.970342,16.956847],[47.161338,16.947442],[47.427575,17.091826],[47.589012,17.463276],[48.161949,18.148919],[49.035849,18.57972],[51.978615,18.995638]]],[[[53.248326,12.121302],[53.286884,12.127337],[53.310267,12.111444],[53.248326,12.121302]]],[[[53.053068,12.17492],[53.086378,12.134344],[52.985265,12.162727],[53.053068,12.17492]]],[[[52.289199,12.200815],[52.374685,12.200588],[52.388464,12.148868],[52.24023,12.156877],[52.068487,12.222008],[52.118435,12.241549],[52.289199,12.200815]]],[[[43.428966,12.673774],[43.435802,12.632148],[43.392751,12.653062],[43.428966,12.673774]]],[[[54.470662,12.543566],[54.540294,12.550238],[54.40234,12.467224],[54.245942,12.433539],[54.154959,12.359809],[53.731165,12.300414],[53.572147,12.334614],[53.505626,12.416327],[53.309744,12.537665],[53.384532,12.557318],[53.396027,12.656468],[53.518946,12.714351],[53.654755,12.704758],[53.762894,12.619703],[53.846104,12.598605],[53.875995,12.647294],[54.008097,12.645744],[54.119395,12.701117],[54.470662,12.543566]]],[[[42.719249,13.742621],[42.782563,13.779934],[42.75408,13.697903],[42.688569,13.663804],[42.719249,13.742621]]],[[[42.760265,14.064683],[42.801606,14.012274],[42.781749,13.919989],[42.691905,14.01317],[42.760265,14.064683]]],[[[42.635997,15.445543],[42.581554,15.391588],[42.628184,15.398668],[42.56837,15.268866],[42.545746,15.29442],[42.55893,15.392971],[42.635997,15.445543]]]]}},{"type":"Feature","properties":{"iso3":"HKG","name":"Hong Kong S.A.R.","continent":"Asia"},"geometry":{"type":"MultiPolygon","coordinates":[[[[114.229828,22.555813],[114.209321,22.523708],[114.230398,22.532945],[114.242035,22.550198],[114.254568,22.550971],[114.253266,22.539455],[114.27003,22.52558],[114.278005,22.529853],[114.27768,22.511664],[114.289236,22.505194],[114.298513,22.501003],[114.332774,22.511949],[114.335134,22.506415],[114.253754,22.451768],[114.231212,22.469794],[114.211762,22.470567],[114.217133,22.447943],[114.20224,22.458075],[114.167491,22.448065],[114.211762,22.4206],[114.209321,22.398668],[114.23821,22.43537],[114.267182,22.430732],[114.272553,22.409654],[114.288992,22.426011],[114.276459,22.443996],[114.301606,22.456529],[114.300792,22.465033],[114.323741,22.480048],[114.33074,22.474107],[114.325043,22.46426],[114.335704,22.461737],[114.332774,22.440009],[114.337413,22.431586],[114.342784,22.43769],[114.347585,22.422919],[114.359874,22.461168],[114.370209,22.440009],[114.39975,22.436143],[114.401296,22.412746],[114.381765,22.419053],[114.370209,22.397976],[114.384939,22.387356],[114.38974,22.365953],[114.376394,22.370632],[114.37558,22.353461],[114.36085,22.345771],[114.357595,22.332424],[114.352306,22.351915],[114.34197,22.345771],[114.332774,22.359768],[114.334321,22.375312],[114.320404,22.380764],[114.318614,22.38939],[114.300059,22.381578],[114.278005,22.390977],[114.268728,22.378445],[114.276459,22.348049],[114.266368,22.365953],[114.258393,22.362087],[114.272553,22.320705],[114.29127,22.316555],[114.292084,22.305162],[114.303884,22.306708],[114.311615,22.297309],[114.297699,22.285631],[114.290538,22.28795],[114.289561,22.273912],[114.300059,22.277045],[114.303152,22.269192],[114.296723,22.258287],[114.278331,22.270453],[114.273367,22.295762],[114.264822,22.301947],[114.266368,22.315985],[114.255544,22.322333],[114.253022,22.295762],[114.238943,22.281684],[114.195486,22.318264],[114.186534,22.308743],[114.191417,22.301947],[114.171886,22.288723],[114.159516,22.322252],[114.12436,22.342231],[114.123546,22.337144],[114.104828,22.369859],[114.097504,22.363023],[114.079112,22.365953],[114.020518,22.350369],[114.014985,22.358995],[113.982677,22.366767],[113.970632,22.387071],[113.964366,22.380683],[113.97462,22.372056],[113.944835,22.362087],[113.914399,22.376125],[113.918305,22.387844],[113.896983,22.408759],[113.94101,22.426785],[113.954112,22.44949],[113.97755,22.458848],[113.998627,22.488552],[114.012706,22.486111],[114.01116,22.472886],[114.026785,22.478258],[114.03061,22.49551],[114.057953,22.504869],[114.091464,22.534388],[114.113995,22.528807],[114.128878,22.538109],[114.148722,22.538109],[114.161951,22.560536],[114.173217,22.563946],[114.183035,22.556195],[114.229828,22.555813]]],[[[114.13738,22.178778],[114.11085,22.177069],[114.114106,22.216132],[114.104259,22.215969],[114.1067,22.235785],[114.125743,22.213446],[114.132823,22.216132],[114.125743,22.205227],[114.154633,22.203599],[114.139089,22.191107],[114.145356,22.178697],[114.13738,22.178778]]],[[[114.215587,22.285631],[114.23585,22.277818],[114.251475,22.25906],[114.245291,22.241889],[114.256114,22.203599],[114.243663,22.20128],[114.232758,22.211493],[114.222667,22.238837],[114.216807,22.23432],[114.222667,22.224758],[114.211762,22.216132],[114.219493,22.191881],[114.207693,22.189561],[114.206554,22.212388],[114.191417,22.209947],[114.193696,22.225531],[114.182709,22.23253],[114.183849,22.241034],[114.167247,22.227851],[114.160981,22.240383],[114.12908,22.248887],[114.112559,22.271511],[114.139089,22.288723],[114.165701,22.279364],[114.196788,22.291856],[114.215587,22.285631]]],[[[113.846446,22.197089],[113.839203,22.204901],[113.839203,22.234198],[113.849213,22.234198],[113.849213,22.244127],[113.856781,22.245998],[113.850597,22.256741],[113.876801,22.272284],[113.892507,22.292711],[113.921479,22.291856],[113.928396,22.284857],[113.961925,22.301174],[113.976736,22.298082],[114.017345,22.335517],[114.020518,22.328518],[114.043793,22.345771],[114.054861,22.33633],[114.050222,22.319932],[114.031423,22.324571],[114.029633,22.308987],[114.012706,22.311347],[114.012706,22.298082],[114.022146,22.301907],[114.018891,22.264594],[113.995372,22.267768],[114.007253,22.252102],[113.992442,22.241197],[114.014985,22.227078],[114.000173,22.216132],[113.981944,22.208238],[113.980642,22.23725],[113.945649,22.23725],[113.921479,22.223985],[113.918305,22.219224],[113.928396,22.210761],[113.919119,22.205024],[113.906261,22.204006],[113.892507,22.222398],[113.846446,22.197089]]]]}},{"type":"Feature","properties":{"iso3":"PHL","name":"Philippines","continent":"Asia"},"geometry":{"type":"MultiPolygon","coordinates":[[[[120.860688,5.574368],[120.904552,5.538031],[120.897797,5.498521],[120.819835,5.54328],[120.860688,5.574368]]],[[[121.902354,6.033637],[121.929047,6.045356],[121.868419,5.999742],[121.784679,6.059556],[121.902354,6.033637]]],[[[125.79127,6.948188],[125.776866,6.894029],[125.717621,7.052232],[125.671723,7.081977],[125.715831,7.19595],[125.781912,7.135199],[125.79127,6.948188]]],[[[122.97169,7.383612],[122.826996,7.291327],[122.808604,7.304877],[122.7942,7.383938],[122.82838,7.430813],[122.882986,7.397284],[122.90504,7.43773],[122.97169,7.383612]]],[[[121.252452,9.631171],[121.210948,9.575873],[121.258637,9.644843],[121.252452,9.631171]]],[[[125.990245,9.685736],[125.984141,9.589504],[125.946951,9.56623],[125.918142,9.617499],[125.934825,9.759914],[125.990245,9.685736]]],[[[126.569184,7.301093],[126.610362,7.277045],[126.47641,7.06623],[126.466156,7.003119],[126.417491,6.980048],[126.349457,7.000067],[126.309581,6.94892],[126.33961,6.786526],[126.242686,6.919257],[126.191905,6.925116],[126.192556,6.883368],[126.17213,6.903876],[126.257172,6.744818],[126.18572,6.286851],[126.095063,6.514106],[126.082693,6.830878],[125.983409,6.920885],[125.986501,7.006293],[125.902599,7.101142],[125.845388,7.350246],[125.668305,7.257025],[125.639008,7.088772],[125.509939,7.01557],[125.480642,6.913235],[125.403575,6.811835],[125.377615,6.674221],[125.397472,6.598456],[125.421886,6.582343],[125.43214,6.61579],[125.534516,6.512844],[125.589854,6.499172],[125.706554,6.149726],[125.699229,6.040473],[125.667328,5.950141],[125.436371,5.617662],[125.371267,5.572943],[125.302419,5.59219],[125.295095,5.691067],[125.181163,5.798326],[125.278005,5.979234],[125.250743,6.093085],[125.168956,6.111965],[125.088715,5.884711],[124.963634,5.858588],[124.605805,5.992336],[124.201671,6.221747],[124.054942,6.43769],[124.036632,6.799709],[123.968923,6.81273],[123.974864,6.965318],[124.02947,7.115139],[124.183767,7.226386],[124.246755,7.40412],[124.167328,7.431912],[124.065196,7.602729],[123.910899,7.69892],[123.7942,7.710517],[123.703949,7.809394],[123.586925,7.839342],[123.456879,7.811469],[123.448253,7.766425],[123.497813,7.708808],[123.485688,7.66356],[123.353526,7.572089],[123.451671,7.452541],[123.431,7.36872],[123.355968,7.410346],[123.264415,7.526353],[123.199474,7.482001],[123.140636,7.513129],[123.127615,7.572577],[123.186778,7.626207],[123.117931,7.74136],[123.05714,7.667304],[122.995616,7.467271],[122.905284,7.543402],[122.862559,7.465562],[122.807384,7.465562],[122.792491,7.522691],[122.83074,7.549791],[122.804373,7.758612],[122.630707,7.776313],[122.443858,7.608588],[122.485118,7.553697],[122.46754,7.522854],[122.443614,7.499701],[122.451427,7.534166],[122.428477,7.532904],[122.347992,7.452541],[122.37908,7.391588],[122.280447,7.294501],[122.24936,7.118109],[122.15447,6.928127],[122.118663,6.89643],[122.037934,6.917385],[121.937022,6.978949],[121.898936,7.057196],[121.933442,7.217922],[122.053477,7.316881],[122.034679,7.36579],[122.069998,7.513658],[122.137218,7.572984],[122.104991,7.770819],[122.239594,7.965725],[122.360037,8.040473],[122.638438,8.108547],[122.667735,8.14997],[122.7588,8.116034],[122.945323,8.161851],[123.013682,8.232408],[122.958181,8.302395],[123.031016,8.474555],[123.082042,8.519232],[123.195079,8.542222],[123.300955,8.524237],[123.363536,8.623277],[123.427582,8.644232],[123.390147,8.719387],[123.51295,8.698879],[123.521821,8.622545],[123.581309,8.582831],[123.633067,8.668443],[123.710297,8.633246],[123.844737,8.452216],[123.882986,8.164496],[123.767751,8.059027],[123.702403,8.045803],[123.688975,7.968329],[123.968923,8.167792],[124.23227,8.212877],[124.274669,8.281073],[124.261729,8.32453],[124.321788,8.514553],[124.405772,8.607896],[124.469981,8.624823],[124.571544,8.528144],[124.657481,8.514553],[124.636485,8.431952],[124.663097,8.475816],[124.753184,8.50023],[124.771495,8.615871],[124.746349,8.670966],[124.77711,8.717353],[124.781749,8.971137],[124.809418,9.009467],[124.915294,8.994127],[125.115733,8.830552],[125.187348,8.875922],[125.177745,9.007392],[125.208751,9.086493],[125.311778,8.99433],[125.441173,8.980414],[125.516612,9.015937],[125.542003,9.189195],[125.398692,9.681057],[125.45574,9.812812],[125.589203,9.754625],[125.643565,9.611274],[125.848969,9.537177],[125.952403,9.45303],[125.96339,9.47248],[125.910981,9.404934],[125.993907,9.397773],[125.996593,9.324652],[126.057953,9.245998],[126.2199,9.30565],[126.178966,9.093004],[126.312755,8.956244],[126.338227,8.837633],[126.300059,8.768297],[126.240245,8.735053],[126.261485,8.698879],[126.138438,8.654039],[126.110525,8.607123],[126.167247,8.526597],[126.268321,8.555487],[126.401052,8.502183],[126.380056,8.395575],[126.33253,8.347073],[126.379893,8.302069],[126.346446,8.195502],[126.459321,8.24018],[126.466156,8.095526],[126.431488,8.0456],[126.453136,7.980129],[126.383067,7.885688],[126.487478,7.746731],[126.582856,7.719428],[126.569184,7.62637],[126.60727,7.485175],[126.562999,7.410346],[126.589692,7.389838],[126.569184,7.301093]]],[[[125.295095,9.970649],[125.306163,9.937445],[125.267426,9.924506],[125.145763,10.070705],[125.124522,10.151801],[125.216482,10.129625],[125.295095,9.970649]]],[[[124.379731,10.691311],[124.389985,10.641303],[124.284353,10.603827],[124.340994,10.711819],[124.379731,10.691311]]],[[[124.465831,10.713609],[124.520681,10.665758],[124.5088,10.641547],[124.40919,10.648261],[124.408458,10.683824],[124.465831,10.713609]]],[[[125.822032,10.734687],[125.826915,10.70893],[125.769379,10.700385],[125.684093,10.752753],[125.687266,10.805162],[125.731456,10.808051],[125.760509,10.740953],[125.822032,10.734687]]],[[[119.632091,11.069892],[119.64796,11.015286],[119.579763,11.045966],[119.576671,11.084052],[119.632091,11.069892]]],[[[119.613129,11.200263],[119.632335,11.181627],[119.609874,11.156724],[119.567149,11.15705],[119.613129,11.200263]]],[[[124.59962,11.563381],[124.625011,11.532701],[124.592459,11.481635],[124.467133,11.477729],[124.354991,11.67121],[124.523204,11.686265],[124.59962,11.563381]]],[[[124.815196,11.63227],[124.856212,11.604926],[124.838878,11.540025],[124.787852,11.570217],[124.732677,11.721625],[124.815196,11.63227]]],[[[122.297211,18.403876],[122.324962,18.336615],[122.306977,18.251288],[122.16977,18.100491],[122.183116,17.996487],[122.136078,17.744289],[122.156586,17.619289],[122.246349,17.374905],[122.414561,17.319078],[122.443614,17.265611],[122.411632,17.260443],[122.41684,17.145819],[122.519298,17.127834],[122.521495,17.072008],[122.422699,16.794338],[122.211436,16.449408],[122.197113,16.291693],[122.231944,16.319037],[122.205333,16.242499],[121.997895,16.031073],[122.132579,16.225491],[122.107758,16.263821],[122.066905,16.190131],[121.752289,16.07689],[121.57781,15.932074],[121.554861,15.828925],[121.585216,15.765448],[121.642263,15.736884],[121.594493,15.67475],[121.619802,15.667467],[121.495616,15.532457],[121.464122,15.421536],[121.381602,15.352688],[121.391124,15.266262],[121.487559,15.163316],[121.508149,15.062812],[121.615001,14.87287],[121.594493,14.859198],[121.726085,14.72016],[121.629161,14.702826],[121.608165,14.630194],[121.662446,14.417385],[121.754649,14.255764],[121.744884,14.177151],[121.93629,13.995185],[122.231944,13.90644],[122.183442,13.988959],[122.293305,13.97012],[122.313731,14.016303],[122.208669,14.087633],[122.162934,14.167792],[122.177257,14.146674],[122.266612,14.227607],[122.300141,14.092027],[122.345714,14.131334],[122.337657,14.207587],[122.355479,14.195054],[122.41627,14.324774],[122.470958,14.345893],[122.519298,14.324774],[122.505056,14.345893],[122.527843,14.3487],[122.634613,14.286038],[122.677989,14.294664],[122.671397,14.339423],[122.69752,14.338446],[122.873302,14.265204],[123.042247,14.098049],[123.033214,14.023139],[123.078136,13.988105],[123.08839,13.901435],[123.049815,13.775824],[123.108246,13.722113],[123.214692,13.728949],[123.301768,13.789455],[123.280935,13.891832],[123.33546,13.982164],[123.29005,13.934556],[123.21811,13.992743],[123.259044,14.031195],[123.252289,14.068101],[123.314301,14.051093],[123.327159,14.096015],[123.362153,14.043606],[123.342052,14.027777],[123.390147,14.03734],[123.375824,14.010077],[123.417328,13.918443],[123.444672,13.961656],[123.492524,13.920722],[123.681407,13.88467],[123.711681,13.934394],[123.804047,13.837633],[123.937755,13.784003],[123.965505,13.714667],[123.859386,13.742621],[123.797374,13.687974],[123.570486,13.722968],[123.526622,13.606024],[123.536306,13.5633],[123.667247,13.485582],[123.743419,13.340318],[123.848155,13.241889],[123.767589,13.224311],[123.745779,13.064154],[123.787364,13.051174],[123.894542,13.1435],[124.071137,13.016099],[124.12672,13.078681],[124.188243,13.039537],[124.118826,12.925482],[124.129405,12.677191],[124.066742,12.541449],[123.983165,12.54678],[123.878591,12.645209],[123.842052,12.801215],[123.79363,12.831448],[123.863048,12.872382],[123.912283,12.842027],[124.002452,12.879706],[124.025157,12.955308],[123.881602,12.966498],[123.839366,12.88817],[123.729747,12.846259],[123.731293,12.883287],[123.677257,12.884182],[123.703298,12.927191],[123.615733,12.889472],[123.450206,13.029283],[123.38502,13.044094],[123.310069,13.012356],[123.278982,13.120185],[123.300792,13.2355],[123.190929,13.359036],[123.168793,13.449205],[122.859141,13.606106],[122.828949,13.64175],[122.862559,13.69477],[122.753103,13.810492],[122.653168,13.826077],[122.540294,13.958564],[122.51588,13.934394],[122.41627,13.961656],[122.509613,13.820014],[122.497569,13.652045],[122.635997,13.537095],[122.567149,13.56387],[122.663259,13.420478],[122.692556,13.248765],[122.604828,13.177558],[122.505056,13.239203],[122.50115,13.368069],[122.375987,13.540839],[122.319021,13.592231],[122.20753,13.614325],[122.059906,13.804633],[121.989431,13.810045],[121.786306,13.948676],[121.718435,13.955308],[121.499034,13.859076],[121.433442,13.796373],[121.43629,13.700995],[121.464122,13.69477],[121.278819,13.595038],[121.158702,13.639472],[121.047537,13.627265],[121.053477,13.722113],[120.990977,13.783637],[120.903087,13.692939],[120.882335,13.705227],[120.929047,13.783596],[120.906261,13.89647],[120.87672,13.912258],[120.704845,13.927436],[120.722911,13.855414],[120.662283,13.85928],[120.649669,13.784247],[120.601329,13.969143],[120.628917,13.981269],[120.619477,14.104234],[120.573497,14.174547],[120.601329,14.181383],[120.627452,14.269599],[120.713145,14.298529],[120.87794,14.458889],[120.970388,14.501899],[120.943126,14.65351],[120.830089,14.763617],[120.6421,14.787014],[120.585704,14.902818],[120.536469,14.723212],[120.57838,14.65941],[120.58839,14.466986],[120.481456,14.423977],[120.410167,14.452053],[120.382009,14.480292],[120.367361,14.620754],[120.285411,14.653754],[120.242361,14.729641],[120.292247,14.82567],[120.209321,14.880032],[120.175548,14.757392],[120.090099,14.794338],[120.005138,15.269436],[119.888194,15.429023],[119.963878,15.51435],[119.904307,15.597073],[119.919688,15.690334],[119.867198,15.743069],[119.896251,15.83747],[119.878917,15.91474],[119.828298,15.955715],[119.785167,15.928656],[119.75587,15.944566],[119.778331,16.137844],[119.755707,16.203437],[119.790782,16.341864],[119.916352,16.380845],[119.901866,16.2508],[120.061534,16.173],[120.138845,16.046129],[120.292247,16.055609],[120.299083,16.017401],[120.35255,16.05272],[120.361013,16.073188],[120.334646,16.065253],[120.397716,16.154039],[120.397472,16.22899],[120.336274,16.292182],[120.276134,16.611884],[120.306651,16.613918],[120.319591,16.819322],[120.434093,16.982123],[120.403087,17.221625],[120.443696,17.388495],[120.40211,17.518866],[120.333832,17.556383],[120.353201,17.678127],[120.412446,17.712836],[120.398692,17.796332],[120.472667,17.991604],[120.470063,18.09101],[120.579112,18.325141],[120.57016,18.501776],[120.611095,18.53856],[120.770844,18.561469],[120.812999,18.644517],[120.90919,18.567206],[121.106781,18.642727],[121.592052,18.384711],[121.649669,18.313951],[121.634939,18.355129],[121.659679,18.364814],[121.852794,18.287991],[121.97462,18.286038],[122.111583,18.392768],[122.145763,18.507392],[122.199392,18.522854],[122.297211,18.403876]]],[[[120.251964,5.266506],[120.226817,5.129381],[120.184581,5.136461],[120.182384,5.204413],[120.145518,5.183295],[120.120942,5.218004],[120.085948,5.150702],[120.025401,5.160549],[119.954112,5.075507],[119.819347,5.059801],[119.821788,5.130561],[120.076834,5.254828],[120.187836,5.34512],[120.208751,5.347968],[120.216319,5.276842],[120.251964,5.266506]]],[[[120.588145,6.380764],[120.582856,6.261461],[120.506114,6.244086],[120.488617,6.260159],[120.588145,6.380764]]],[[[122.296723,6.633246],[122.3213,6.588568],[122.235362,6.571194],[122.166352,6.444525],[121.96225,6.404853],[121.880056,6.503241],[121.879568,6.556138],[121.806814,6.619289],[121.839203,6.668931],[121.940196,6.677314],[122.066661,6.740709],[122.296723,6.633246]]],[[[118.537608,7.006293],[118.503103,6.971422],[118.428396,7.006293],[118.510265,7.047187],[118.537608,7.006293]]],[[[117.084972,8.057847],[117.073009,7.861518],[117.009939,7.800279],[116.955821,7.921088],[116.961681,8.061998],[116.996755,8.02733],[117.005138,8.054836],[117.084972,8.057847]]],[[[117.030528,8.068264],[116.99586,8.103013],[117.057872,8.123481],[117.06837,8.09276],[117.030528,8.068264]]],[[[117.167735,8.178127],[117.20574,8.155504],[117.161794,8.156724],[117.167735,8.178127]]],[[[117.32545,8.32274],[117.355317,8.30272],[117.359548,8.219062],[117.289724,8.184312],[117.279633,8.311103],[117.32545,8.32274]]],[[[117.242849,8.315253],[117.264496,8.313788],[117.243337,8.282904],[117.190115,8.26203],[117.181407,8.287991],[117.242849,8.343207],[117.242849,8.315253]]],[[[124.78419,9.199774],[124.80128,9.096259],[124.77947,9.079495],[124.67213,9.125393],[124.636485,9.182359],[124.708507,9.25019],[124.78419,9.199774]]],[[[123.698009,9.165025],[123.722423,9.149115],[123.703298,9.128363],[123.578461,9.107001],[123.47462,9.197089],[123.564952,9.226142],[123.626964,9.293931],[123.703868,9.233303],[123.698009,9.165025]]],[[[126.165863,9.829169],[126.180186,9.8015],[126.138845,9.765611],[126.048595,9.754625],[125.972667,9.841498],[126.014415,9.864488],[125.983409,9.901801],[126.071462,10.059068],[126.12672,9.956041],[126.117849,9.866889],[126.165863,9.829169]]],[[[124.565278,9.870754],[124.624034,9.801825],[124.585216,9.732082],[124.499848,9.768297],[124.410492,9.658433],[124.2942,9.606757],[123.937511,9.617499],[123.871755,9.645006],[123.863048,9.734198],[123.801036,9.757758],[123.886078,9.914862],[124.050792,9.979315],[124.116222,10.08983],[124.222667,10.151923],[124.331309,10.161526],[124.355968,10.110297],[124.382498,10.143785],[124.577647,10.033922],[124.565278,9.870754]]],[[[125.719574,9.911689],[125.714529,9.880845],[125.678559,9.87759],[125.658051,9.939032],[125.593028,9.992987],[125.601329,10.080268],[125.521007,10.062567],[125.497081,10.103461],[125.522146,10.316962],[125.562511,10.378485],[125.610362,10.370998],[125.637706,10.460395],[125.684825,10.399888],[125.638682,10.261379],[125.706554,10.069322],[125.681977,10.021552],[125.719574,9.911689]]],[[[119.950206,10.603746],[120.000011,10.580471],[119.984141,10.531317],[119.942719,10.515041],[119.918793,10.548041],[119.914887,10.480862],[119.788585,10.456977],[119.778331,10.535468],[119.757091,10.534003],[119.843516,10.642239],[119.950206,10.603746]]],[[[122.711111,10.734687],[122.737071,10.640041],[122.68686,10.506008],[122.634451,10.444241],[122.526378,10.432359],[122.482432,10.503363],[122.545909,10.540717],[122.528575,10.591213],[122.564138,10.652574],[122.658458,10.748033],[122.711111,10.734687]]],[[[123.574474,10.830959],[123.485688,10.54914],[123.344737,10.347968],[123.296641,10.111477],[123.156749,9.867621],[123.170421,9.69599],[123.135427,9.618354],[123.177419,9.589911],[123.135509,9.55268],[123.180919,9.537421],[123.321137,9.343166],[123.317638,9.256903],[123.230154,9.107611],[123.033214,9.035305],[122.957693,9.081244],[122.8449,9.347073],[122.657237,9.401435],[122.551768,9.490953],[122.464366,9.646959],[122.423106,9.658433],[122.395193,9.836615],[122.461599,9.965806],[122.707774,9.986396],[122.872813,10.100409],[122.869395,10.350531],[122.814708,10.515041],[122.910411,10.597561],[122.97169,10.721096],[122.952159,10.847724],[122.993826,10.906724],[123.259776,10.994818],[123.3296,10.951402],[123.403575,10.953192],[123.396251,10.92593],[123.521821,10.919908],[123.574474,10.830959]]],[[[124.047374,10.834052],[124.020763,10.747748],[124.054942,10.590074],[124.018728,10.380805],[123.992849,10.357367],[123.979666,10.377183],[123.972911,10.326606],[123.868663,10.248196],[123.808116,10.23664],[123.656993,10.069322],[123.62908,9.887519],[123.488292,9.566474],[123.342459,9.406806],[123.314301,9.507636],[123.404959,9.878404],[123.387055,9.973782],[123.706798,10.461982],[123.729259,10.569241],[123.849294,10.752631],[123.934581,10.970445],[123.917735,11.028957],[123.945079,11.097846],[123.972911,11.077338],[123.958751,11.17593],[124.045665,11.277167],[124.074718,11.26911],[124.068126,11.233344],[123.999522,11.077338],[124.051931,11.043158],[124.047374,10.834052]]],[[[123.801036,11.179145],[123.818044,11.154731],[123.733653,11.154283],[123.704845,11.241197],[123.732758,11.283759],[123.754649,11.289537],[123.801036,11.179145]]],[[[119.671886,10.552558],[119.714122,10.53266],[119.709972,10.494534],[119.575857,10.38052],[119.378266,10.344143],[119.285981,10.261379],[119.1963,10.056342],[118.774181,9.934149],[118.750499,9.887519],[118.777843,9.734198],[118.700938,9.775539],[118.716319,9.692572],[118.758311,9.683336],[118.497895,9.313666],[118.365001,9.193061],[118.136974,9.130845],[118.013682,8.8876],[117.755382,8.690172],[117.565603,8.661078],[117.503184,8.500718],[117.344981,8.471259],[117.198009,8.334784],[117.263927,8.610093],[117.375987,8.746812],[117.435557,8.773139],[117.66863,9.066636],[117.750011,9.069403],[117.79656,9.163275],[117.889985,9.250556],[117.989513,9.267401],[118.016368,9.243232],[118.126964,9.337836],[118.360118,9.658433],[118.530528,9.774237],[118.763682,10.120754],[118.77947,10.056301],[118.832367,10.083645],[118.822276,10.194525],[118.949718,10.22016],[118.949718,10.282213],[119.02475,10.309556],[119.017914,10.357367],[118.97641,10.357367],[118.989757,10.383287],[119.072032,10.391506],[119.111095,10.480658],[119.127208,10.394924],[119.152843,10.398505],[119.263927,10.494127],[119.247244,10.542955],[119.309093,10.57453],[119.344981,10.723578],[119.223399,10.850816],[119.252615,10.887274],[119.237071,10.932685],[119.278575,10.927558],[119.291677,10.884955],[119.271251,10.884955],[119.312836,10.878119],[119.333263,10.823472],[119.46754,10.732652],[119.456798,10.830959],[119.370128,10.867743],[119.35906,10.92768],[119.319102,10.94302],[119.319998,11.000881],[119.325938,11.022773],[119.360606,11.000963],[119.325938,11.090399],[119.415294,11.05622],[119.43214,11.122219],[119.38795,11.186591],[119.428966,11.227525],[119.420584,11.297553],[119.491059,11.420885],[119.569021,11.261664],[119.516368,11.117499],[119.572439,11.015326],[119.517589,11.011868],[119.507335,10.874945],[119.531586,10.81981],[119.593435,10.837144],[119.590831,10.672431],[119.653575,10.675116],[119.671886,10.552558]]],[[[119.867198,11.51557],[119.869802,11.440619],[119.832856,11.378363],[119.832856,11.426174],[119.782074,11.411322],[119.730235,11.456448],[119.728689,11.478013],[119.781016,11.447699],[119.785167,11.494452],[119.823578,11.472561],[119.82602,11.508734],[119.867198,11.51557]]],[[[125.273936,10.323188],[125.26002,10.261054],[125.159353,10.281806],[125.134044,10.257961],[125.144054,10.200995],[125.117035,10.197496],[125.041759,10.364203],[124.979747,10.364203],[125.041759,10.028998],[124.882823,10.134955],[124.795177,10.143378],[124.765798,10.18594],[124.792247,10.32567],[124.735606,10.420315],[124.798106,10.659125],[124.778819,10.821438],[124.637218,10.994208],[124.562673,10.99433],[124.553559,10.908596],[124.514496,10.873684],[124.396821,10.953803],[124.404307,11.30268],[124.354747,11.328681],[124.370291,11.374945],[124.311371,11.466783],[124.297537,11.526801],[124.32602,11.554389],[124.480154,11.385199],[124.503266,11.443834],[124.629893,11.304429],[124.744395,11.328559],[124.854666,11.430976],[124.984141,11.381334],[124.96518,11.306383],[125.023448,11.227932],[125.034434,11.248033],[125.054454,11.010647],[125.013845,10.754584],[125.11199,10.707465],[125.194102,10.602973],[125.196544,10.446845],[125.273936,10.323188]]],[[[123.170421,11.48078],[123.122081,11.330634],[123.131358,11.182685],[123.04127,11.163398],[123.028331,11.109849],[122.950694,11.035793],[122.947276,11.062323],[122.789317,10.97606],[122.798025,10.875434],[122.744802,10.79564],[122.642751,10.781236],[122.589854,10.698717],[122.214529,10.634467],[122.101817,10.569322],[122.015798,10.445461],[121.949718,10.433173],[121.932465,10.508694],[121.984874,10.647284],[121.937022,10.775702],[122.045095,11.017401],[122.041759,11.300442],[122.107188,11.657945],[122.084483,11.724677],[121.853852,11.769436],[121.891856,11.88524],[121.958995,11.933173],[122.094412,11.834662],[122.377208,11.733222],[122.622325,11.508734],[122.654145,11.565985],[122.692638,11.542467],[122.724783,11.611762],[122.830333,11.605292],[122.944509,11.522406],[122.875824,11.465644],[122.900727,11.437934],[123.08961,11.52969],[123.156749,11.59809],[123.164399,11.537991],[123.129242,11.493801],[123.170421,11.48078]]],[[[120.02475,11.892971],[120.073253,11.865302],[120.039073,11.81037],[120.079926,11.789252],[120.047048,11.70893],[119.96697,11.664374],[119.950206,11.709377],[119.998057,11.796088],[119.943696,11.767035],[119.921153,11.788316],[119.854015,11.954413],[119.904796,11.976874],[120.021658,11.926459],[120.02475,11.892971]]],[[[120.347504,12.029486],[120.326427,11.995307],[120.251801,11.990871],[120.1421,12.029486],[120.114106,11.967434],[120.00115,12.011176],[119.89503,12.207668],[119.860362,12.159166],[119.872325,12.251695],[119.922374,12.276516],[119.87794,12.308092],[119.908702,12.323676],[119.935883,12.276516],[120.021495,12.253119],[120.196056,12.112006],[120.224132,12.219184],[120.251964,12.142483],[120.342133,12.080756],[120.319591,12.036322],[120.347504,12.029486]]],[[[122.687511,12.402818],[122.670177,12.317532],[122.625336,12.280992],[122.446056,12.396674],[122.423025,12.462877],[122.48113,12.493354],[122.632091,12.484524],[122.687511,12.402818]]],[[[125.712738,11.148749],[125.779633,11.052395],[125.760509,11.022773],[125.666677,11.141669],[125.588064,11.12226],[125.563813,11.156806],[125.531098,11.102281],[125.482432,11.127631],[125.424653,11.090399],[125.416515,11.116604],[125.306,11.147447],[125.232921,11.097846],[125.172374,11.265204],[125.000987,11.289781],[125.00294,11.419745],[124.917328,11.487047],[124.869884,11.46776],[124.828298,11.508734],[124.900076,11.548774],[124.89031,11.570217],[124.977794,11.59276],[124.991222,11.670315],[125.034434,11.727851],[125.055431,11.714179],[125.043712,11.757758],[124.892426,11.761461],[124.794119,11.85814],[124.823985,11.905829],[124.751964,11.910305],[124.679861,12.029731],[124.493175,12.097805],[124.390798,12.221869],[124.276215,12.533271],[124.293468,12.579983],[124.358409,12.544908],[124.67921,12.515937],[124.867931,12.530341],[124.87672,12.583726],[125.049571,12.529364],[125.099783,12.574652],[125.156993,12.575995],[125.272146,12.49901],[125.34962,12.3994],[125.312836,12.366685],[125.31601,12.302069],[125.450694,12.273627],[125.538259,12.183498],[125.459483,12.125678],[125.525157,12.056952],[125.443858,11.927883],[125.490489,11.799791],[125.447276,11.767768],[125.500499,11.701117],[125.470876,11.602607],[125.55421,11.436265],[125.637706,11.368476],[125.555024,11.211859],[125.599132,11.189114],[125.63087,11.200263],[125.628917,11.236314],[125.712738,11.148749]]],[[[124.054942,11.799791],[124.054861,11.725572],[123.855642,11.913398],[123.742931,11.926947],[123.716075,11.966742],[123.732677,12.008368],[123.659434,12.042955],[123.546397,12.188056],[123.485362,12.218085],[123.412364,12.188178],[123.354747,12.095404],[123.159679,11.917792],[123.210216,12.114976],[123.27003,12.159166],[123.259776,12.193996],[123.293956,12.235541],[123.21811,12.228095],[123.273448,12.423651],[123.231944,12.580634],[123.347341,12.55093],[123.355968,12.495592],[123.321137,12.450914],[123.434093,12.518622],[123.54713,12.460883],[123.609223,12.378892],[123.588145,12.35102],[123.621918,12.368354],[123.688243,12.337795],[123.79363,12.187161],[123.788422,12.231269],[123.818126,12.231838],[123.899425,12.18773],[124.054942,11.954413],[123.999522,12.008368],[124.058279,11.87519],[124.054942,11.799791]]],[[[122.279633,12.605455],[122.31129,12.536689],[122.279633,12.474514],[122.245616,12.570746],[122.279633,12.605455]]],[[[122.115245,12.666327],[122.156261,12.632148],[122.019054,12.10456],[121.965017,12.161444],[121.963715,12.228095],[121.973318,12.204495],[122.005382,12.231838],[121.929698,12.296373],[121.924083,12.339342],[121.993175,12.441799],[121.99586,12.592719],[122.115245,12.666327]]],[[[123.787364,12.375556],[123.769216,12.358954],[123.583181,12.623928],[123.609223,12.687445],[123.732677,12.591254],[123.787364,12.375556]]],[[[123.280284,12.864936],[123.375824,12.69359],[123.251964,12.832709],[123.035492,13.004381],[122.973888,13.018704],[122.958263,13.120022],[122.992198,13.153551],[123.039806,13.128079],[123.160167,12.937567],[123.280284,12.864936]]],[[[121.526134,12.704495],[121.545665,12.611233],[121.43629,12.512397],[121.412446,12.414984],[121.443614,12.365302],[121.381602,12.35102],[121.394542,12.307685],[121.34018,12.316636],[121.247813,12.219916],[121.113617,12.251288],[121.101085,12.330512],[121.142589,12.310045],[121.094412,12.345404],[121.08725,12.323676],[120.994884,12.413723],[120.916352,12.512397],[120.912446,12.634711],[120.854503,12.715318],[120.797862,12.729438],[120.758311,13.002387],[120.664887,13.155911],[120.525157,13.225653],[120.439952,13.427232],[120.340099,13.386298],[120.306651,13.444322],[120.321544,13.487779],[120.403168,13.52733],[120.737315,13.468248],[120.977387,13.530341],[120.973155,13.482733],[121.026866,13.421576],[121.108653,13.415961],[121.121593,13.372016],[121.190278,13.440904],[121.440766,13.209418],[121.43629,13.146064],[121.544444,13.130316],[121.549164,13.090644],[121.481944,12.990871],[121.485606,12.768459],[121.526134,12.704495]]],[[[122.101573,13.416693],[122.120291,13.356635],[122.0088,13.204779],[121.817231,13.341946],[121.814301,13.450507],[121.873057,13.568508],[121.90919,13.522895],[121.997895,13.550767],[122.039561,13.489325],[122.115245,13.464993],[122.101573,13.416693]]],[[[120.260916,13.711575],[120.268565,13.678697],[120.108246,13.776842],[120.093028,13.865302],[120.222179,13.815416],[120.271739,13.752509],[120.260916,13.711575]]],[[[124.417979,13.872952],[124.407481,13.683743],[124.366059,13.660712],[124.333344,13.572455],[124.293468,13.604071],[124.235199,13.591539],[124.187755,13.522895],[124.047374,13.606024],[124.035899,13.680813],[124.107432,13.745103],[124.129405,13.818305],[124.129649,14.064846],[124.207774,14.091254],[124.308116,13.90644],[124.329763,13.933092],[124.417979,13.872952]]],[[[122.104747,14.102607],[122.172699,14.053534],[122.177013,14.007066],[121.96518,14.142971],[121.926606,14.221259],[121.964041,14.226142],[122.104747,14.102607]]],[[[122.235362,14.797756],[122.256602,14.745917],[122.104991,14.837836],[122.203868,14.838772],[122.206309,14.796617],[122.235362,14.797756]]],[[[122.005382,15.010688],[122.048188,14.999457],[122.053071,14.962226],[122.005382,14.99018],[121.971528,14.862047],[122.02589,14.736314],[122.004161,14.673651],[121.940196,14.640082],[121.908702,14.670966],[121.933849,14.76496],[121.831391,14.940579],[121.826427,15.012152],[121.927989,15.052232],[121.993826,15.042914],[122.005382,15.010688]]],[[[121.388438,18.902981],[121.46697,18.881781],[121.406749,18.850816],[121.279145,18.862006],[121.388438,18.902981]]],[[[121.971202,18.984931],[121.990896,18.961127],[121.847179,18.824368],[121.871593,18.971259],[121.941661,19.010728],[121.971202,18.984931]]],[[[121.210948,19.176703],[121.252208,19.081285],[121.244965,19.018459],[121.190278,19.087348],[121.210948,19.176703]]],[[[121.526134,19.320705],[121.546723,19.282864],[121.470958,19.269232],[121.349864,19.370307],[121.395763,19.403266],[121.516612,19.393541],[121.526134,19.320705]]],[[[121.977306,19.577379],[121.997732,19.564927],[121.960948,19.491767],[121.896821,19.556871],[121.977306,19.577379]]],[[[121.841645,20.346015],[121.89324,20.313666],[121.869314,20.27619],[121.841645,20.346015]]],[[[122.009776,20.488471],[122.032725,20.473456],[121.938975,20.3487],[121.916026,20.375922],[122.009776,20.488471]]],[[[121.877208,20.770331],[121.829845,20.698961],[121.786388,20.70307],[121.855805,20.838324],[121.877208,20.770331]]],[[[119.483246,4.850898],[119.503591,4.764228],[119.467052,4.666449],[119.435395,4.902777],[119.483246,4.850898]]],[[[121.217459,5.820746],[121.23113,5.80093],[121.13502,5.807074],[121.162852,5.848049],[121.217459,5.820746]]],[[[121.381602,6.005683],[121.421235,5.987128],[121.419444,5.947984],[121.281423,5.859036],[121.227794,5.942125],[121.088227,5.891181],[121.008311,5.923774],[120.943614,5.886868],[120.876313,5.942572],[120.905528,6.015041],[121.077403,6.095282],[121.179047,6.063625],[121.217784,5.998928],[121.271251,6.02619],[121.381602,6.005683]]],[[[121.628917,6.657416],[121.623302,6.567532],[121.58961,6.620103],[121.628917,6.657416]]],[[[121.094493,10.895819],[121.062266,10.817572],[121.017589,10.834133],[121.094493,10.895819]]],[[[120.285167,11.930162],[120.263438,11.916164],[120.277192,11.831773],[120.203298,11.947577],[120.2588,11.967597],[120.285167,11.930162]]],[[[121.406423,12.062445],[121.401866,12.002834],[121.371837,12.011135],[121.358653,12.114691],[121.406423,12.062445]]],[[[119.959727,8.880601],[119.960623,8.877102],[119.958344,8.877183],[119.959727,8.880601]]],[[[119.969249,8.880927],[119.968272,8.884101],[119.971934,8.882392],[119.969249,8.880927]]],[[[119.965343,8.887193],[119.964854,8.884996],[119.963227,8.88703],[119.965343,8.887193]]],[[[119.967784,8.891547],[119.967296,8.88935],[119.965668,8.891425],[119.967784,8.891547]]],[[[121.723969,12.913967],[121.684744,12.920152],[121.68865,12.94717],[121.723969,12.913967]]],[[[121.088634,13.530341],[121.043468,13.561225],[121.091319,13.562323],[121.088634,13.530341]]],[[[121.936697,21.065619],[121.929698,21.064521],[121.934825,21.073228],[121.936697,21.065619]]],[[[121.947439,21.116156],[121.954275,21.118394],[121.949067,21.106879],[121.947439,21.116156]]],[[[119.830903,4.82095],[119.85377,4.808254],[119.833995,4.796617],[119.830903,4.82095]]],[[[119.836925,4.86286],[119.798595,4.879788],[119.804373,4.927436],[119.842621,4.904853],[119.836925,4.86286]]],[[[119.79656,5.057603],[119.752126,5.036078],[119.79835,5.121039],[119.79656,5.057603]]],[[[125.418712,5.425482],[125.42335,5.377916],[125.343272,5.380601],[125.358165,5.422065],[125.418712,5.425482]]],[[[120.860118,5.703843],[120.860118,5.675849],[120.808116,5.664293],[120.807384,5.695705],[120.860118,5.703843]]],[[[120.904307,5.759101],[120.924327,5.711737],[120.89088,5.709784],[120.904307,5.759101]]],[[[123.841319,9.642401],[123.862315,9.608547],[123.804535,9.560289],[123.765147,9.549954],[123.737641,9.579088],[123.841319,9.642401]]],[[[124.606944,10.140326],[124.597667,10.094184],[124.529552,10.068549],[124.535655,10.114691],[124.606944,10.140326]]],[[[121.474132,11.866848],[121.510509,11.855943],[121.495372,11.827826],[121.42628,11.842434],[121.474132,11.866848]]],[[[124.206228,12.081244],[124.228038,12.073676],[124.150238,12.04385],[124.206228,12.081244]]],[[[121.115977,12.196763],[121.108653,12.162502],[121.051606,12.220933],[121.059906,12.278388],[121.115977,12.196763]]],[[[124.16863,12.398139],[124.1338,12.459418],[124.176606,12.432685],[124.16863,12.398139]]],[[[124.148611,13.185777],[124.069021,13.203762],[124.138845,13.234198],[124.209646,13.195787],[124.196788,13.173326],[124.148611,13.185777]]],[[[124.086274,13.260443],[124.025401,13.221991],[123.914806,13.279608],[124.086274,13.260443]]],[[[123.89031,13.274075],[123.884288,13.229926],[123.845958,13.27025],[123.848888,13.354153],[123.92213,13.329983],[123.89031,13.274075]]],[[[123.801524,13.366034],[123.775157,13.391588],[123.827485,13.373114],[123.801524,13.366034]]],[[[122.411794,14.725816],[122.397797,14.685858],[122.319347,14.683498],[122.411794,14.725816]]],[[[120.005056,16.268622],[119.992931,16.23017],[119.922374,16.303778],[119.98406,16.3487],[120.005056,16.268622]]],[[[123.991649,10.324284],[124.038621,10.329503],[123.988518,10.266874],[123.933196,10.254348],[123.947809,10.306539],[123.991649,10.324284]]]]}},{"type":"Feature","properties":{"iso3":"LKA","name":"Sri Lanka","continent":"Asia"},"geometry":{"type":"MultiPolygon","coordinates":[[[[81.875987,7.091946],[81.89031,7.019924],[81.884613,6.98017],[81.838552,6.821438],[81.831554,6.765367],[81.808279,6.707953],[81.779796,6.663601],[81.786632,6.639268],[81.775645,6.610419],[81.681488,6.462144],[81.650076,6.430854],[81.592052,6.389879],[81.547699,6.370673],[81.362071,6.225409],[81.324962,6.20539],[81.204438,6.162746],[81.202729,6.177191],[81.187673,6.181586],[81.176443,6.150377],[81.112559,6.120307],[80.90268,6.070787],[80.877452,6.061103],[80.862315,6.039862],[80.835216,6.045152],[80.809093,6.035102],[80.714366,5.957913],[80.656261,5.957913],[80.590831,5.923733],[80.539561,5.944281],[80.46518,5.94066],[80.444021,5.970893],[80.411957,5.959947],[80.378591,5.964748],[80.358409,5.97842],[80.340994,5.970933],[80.331228,5.982815],[80.247569,6.009182],[80.211355,6.033555],[80.203868,6.02619],[80.097097,6.132351],[80.031993,6.266343],[80.012055,6.361314],[79.993663,6.39411],[79.977875,6.458197],[79.964203,6.471869],[79.975352,6.478583],[79.970225,6.531155],[79.863048,6.807196],[79.848155,6.890204],[79.848155,6.962144],[79.861583,7.011664],[79.813731,7.180732],[79.820323,7.205512],[79.819998,7.190253],[79.848155,7.122952],[79.861176,7.137193],[79.861583,7.167222],[79.85434,7.19184],[79.826345,7.210395],[79.833832,7.232815],[79.778575,7.602729],[79.792979,7.602729],[79.802013,7.659329],[79.788829,7.688178],[79.785981,7.743354],[79.760265,7.868394],[79.721934,7.985541],[79.696788,8.098293],[79.696788,8.130316],[79.701427,8.127916],[79.707205,8.142076],[79.696788,8.219062],[79.72877,8.249701],[79.749034,8.30386],[79.778575,8.350043],[79.744477,8.281155],[79.757091,8.263739],[79.778575,8.259996],[79.7588,8.212877],[79.746104,8.206122],[79.744477,8.164496],[79.72755,8.110907],[79.729503,8.081122],[79.751964,8.054633],[79.731944,8.013129],[79.763845,7.990139],[79.810232,7.986518],[79.833832,8.003079],[79.818858,8.040188],[79.793468,8.072821],[79.827159,8.136542],[79.813487,8.171291],[79.806651,8.24018],[79.827159,8.277737],[79.848155,8.438178],[79.865896,8.461412],[79.87379,8.538072],[79.916515,8.575995],[79.941661,8.642483],[79.950531,8.739814],[79.926443,8.801907],[79.930186,8.88349],[79.915538,8.938544],[79.947113,8.948676],[80.005138,9.000556],[80.048025,9.026272],[80.105642,9.192857],[80.115977,9.233832],[80.118175,9.300442],[80.066173,9.332587],[80.052989,9.391547],[80.087087,9.414984],[80.14088,9.430325],[80.162852,9.459215],[80.197032,9.473456],[80.161306,9.520575],[80.067882,9.57803],[80.052989,9.596381],[80.085216,9.595364],[80.175955,9.54857],[80.233409,9.534247],[80.272227,9.504136],[80.278087,9.493313],[80.26588,9.487128],[80.272146,9.473456],[80.26588,9.466702],[80.286876,9.452704],[80.426606,9.50019],[80.504242,9.483303],[80.567149,9.455227],[80.614594,9.446194],[80.546723,9.492418],[80.496349,9.510484],[80.471446,9.528062],[80.444021,9.528062],[80.432872,9.519761],[80.368663,9.530219],[80.297537,9.591254],[80.186046,9.648505],[80.173595,9.648668],[80.175955,9.624335],[80.199962,9.599189],[80.186046,9.584133],[80.115489,9.635728],[80.094005,9.644843],[80.13559,9.603827],[80.087413,9.618354],[80.000987,9.674709],[79.959239,9.692816],[79.958018,9.685736],[79.947032,9.693183],[79.937022,9.727362],[79.909679,9.768297],[79.970714,9.815131],[79.988455,9.822943],[80.122325,9.818915],[80.130138,9.77733],[80.170909,9.767279],[80.180431,9.755805],[80.219005,9.756374],[80.338552,9.629218],[80.441742,9.57689],[80.444021,9.583319],[80.407725,9.601508],[80.319835,9.672756],[80.247813,9.755072],[80.138682,9.798733],[80.136729,9.81391],[80.157725,9.822943],[80.246755,9.825873],[80.26059,9.81623],[80.278982,9.769843],[80.409923,9.617499],[80.468272,9.581366],[80.744395,9.359687],[80.798839,9.294867],[80.786713,9.28856],[80.762543,9.308336],[80.736501,9.308987],[80.79363,9.250556],[80.813894,9.239529],[80.803559,9.271633],[80.823904,9.270494],[80.882172,9.145168],[80.840099,9.155992],[80.834483,9.14175],[80.873057,9.126451],[80.875336,9.103583],[80.896495,9.116604],[80.916352,9.062161],[80.958263,9.010891],[80.944347,9.000556],[80.930675,9.020982],[80.875336,9.04149],[80.922862,8.992255],[80.923188,8.973212],[80.935069,8.964911],[80.914887,8.943915],[80.930675,8.931627],[80.947602,8.932929],[80.978363,8.980048],[81.046723,8.882148],[81.092784,8.85163],[81.114268,8.799994],[81.150157,8.777167],[81.176524,8.698879],[81.179047,8.708482],[81.19752,8.705715],[81.194591,8.696112],[81.2317,8.651068],[81.231619,8.633043],[81.204356,8.610093],[81.224864,8.616929],[81.246593,8.570136],[81.249766,8.545803],[81.224946,8.541815],[81.229991,8.557929],[81.223318,8.570868],[81.21225,8.572699],[81.204356,8.555487],[81.218028,8.522528],[81.210623,8.507066],[81.159028,8.534573],[81.142345,8.527574],[81.129405,8.510321],[81.133962,8.501288],[81.149425,8.503648],[81.170258,8.520697],[81.213145,8.472398],[81.281098,8.467027],[81.296641,8.476793],[81.286388,8.50023],[81.334158,8.514553],[81.365733,8.482164],[81.389415,8.363715],[81.351817,8.40469],[81.356212,8.364976],[81.362071,8.350043],[81.399262,8.33926],[81.448497,8.127997],[81.430349,8.103135],[81.403575,8.191799],[81.396251,8.191799],[81.396251,8.136542],[81.435557,8.093166],[81.452403,8.09455],[81.458263,8.116034],[81.464366,8.116034],[81.480642,8.065375],[81.519705,7.999335],[81.533946,8.013617],[81.540212,7.986314],[81.56072,7.999335],[81.565929,7.986802],[81.56072,7.958401],[81.59547,7.917426],[81.583588,7.91234],[81.575857,7.88939],[81.587576,7.855292],[81.608246,7.831692],[81.636404,7.835517],[81.651215,7.801744],[81.710704,7.731147],[81.713145,7.711819],[81.69101,7.705186],[81.64324,7.754136],[81.626638,7.760199],[81.60255,7.74844],[81.59547,7.726264],[81.618988,7.719224],[81.636404,7.7331],[81.659028,7.723334],[81.663748,7.705146],[81.711599,7.650539],[81.705089,7.638861],[81.711599,7.622545],[81.717784,7.630072],[81.714041,7.643663],[81.749034,7.622545],[81.77296,7.567979],[81.766124,7.540676],[81.771821,7.527818],[81.757579,7.505439],[81.779796,7.472357],[81.769054,7.464626],[81.771007,7.456977],[81.793305,7.465562],[81.800792,7.410346],[81.807791,7.410346],[81.821462,7.458726],[81.818696,7.473375],[81.82602,7.474189],[81.855724,7.412177],[81.880707,7.327094],[81.875987,7.091946]]],[[[81.73878,7.660468],[81.725108,7.69892],[81.725108,7.739814],[81.806326,7.598578],[81.823253,7.511379],[81.822602,7.49136],[81.807791,7.479193],[81.786713,7.501776],[81.787364,7.593451],[81.73878,7.660468]]],[[[79.714122,9.075629],[79.698009,9.089586],[79.701182,9.099189],[79.714122,9.103583],[79.7588,9.103583],[79.841645,9.077216],[79.882335,9.053778],[79.916515,9.020982],[79.85434,9.04149],[79.909679,8.973212],[79.885753,8.976223],[79.799815,9.048977],[79.758962,9.067043],[79.714122,9.075629]]],[[[79.730805,9.50019],[79.714692,9.485053],[79.666026,9.491278],[79.655772,9.503892],[79.658702,9.555365],[79.67628,9.53498],[79.719249,9.524359],[79.730805,9.50019]]],[[[79.895844,9.617499],[79.864919,9.651516],[79.840668,9.699408],[79.860525,9.756252],[79.882335,9.760891],[79.893891,9.757432],[79.888438,9.723619],[79.894705,9.688178],[79.902843,9.678941],[79.926443,9.678941],[79.933604,9.654731],[79.973399,9.633775],[79.977875,9.624335],[79.957774,9.617174],[79.926524,9.629462],[79.895844,9.617499]]]]}},{"type":"Feature","properties":{"iso3":"JPN","name":"Japan","continent":"Asia"},"geometry":{"type":"MultiPolygon","coordinates":[[[[129.783214,31.799628],[129.798595,31.763658],[129.72934,31.644232],[129.695977,31.621447],[129.659374,31.641935],[129.783214,31.799628]]],[[[131.65979,32.47682],[131.689132,32.421737],[131.641368,32.399237],[131.59254,32.303656],[131.447276,31.876899],[131.455903,31.821974],[131.496349,31.795966],[131.455333,31.620917],[131.390798,31.548814],[131.338227,31.372626],[131.249848,31.388129],[131.200342,31.457373],[131.071788,31.449612],[131.013611,31.36307],[131.104015,31.328843],[131.092591,31.276051],[131.124747,31.288346],[131.06025,31.225315],[131.008159,31.221082],[130.956228,31.131171],[130.657722,31.003191],[130.663339,31.069506],[130.728689,31.111558],[130.764784,31.186509],[130.796646,31.325346],[130.747325,31.435492],[130.703417,31.459305],[130.705333,31.528754],[130.590889,31.585988],[130.687836,31.619452],[130.758637,31.563788],[130.810313,31.650946],[130.776378,31.710273],[130.644786,31.714748],[130.529145,31.513251],[130.520518,31.43244],[130.562673,31.334377],[130.66033,31.27143],[130.639822,31.186469],[130.586436,31.155422],[130.516856,31.175442],[130.451144,31.249388],[130.222205,31.2463],[130.207774,31.336615],[130.118988,31.408637],[130.244884,31.404853],[130.293268,31.444704],[130.334483,31.562405],[130.32545,31.642076],[130.171431,31.790137],[130.181,31.826972],[130.22283,31.824449],[130.220438,31.929595],[130.174106,31.998756],[130.204048,32.048285],[130.179861,32.093451],[130.248302,32.133734],[130.278656,32.100531],[130.319591,32.118232],[130.469574,32.347113],[130.503184,32.327216],[130.5713,32.45189],[130.550466,32.491685],[130.598806,32.505357],[130.570079,32.554592],[130.668305,32.648749],[130.448009,32.621405],[130.616466,32.703762],[130.605642,32.796454],[130.441254,32.923651],[130.41505,33.09162],[130.258149,33.178656],[130.127565,33.120937],[130.22231,32.975205],[130.188536,32.915321],[130.115408,32.880276],[130.153635,32.842457],[130.243588,32.875284],[130.33942,32.856579],[130.372244,32.793402],[130.360827,32.687963],[130.18148,32.592327],[130.128133,32.683871],[130.207585,32.752162],[130.190233,32.783482],[130.093789,32.79486],[129.97038,32.744563],[129.958508,32.764782],[129.894929,32.662689],[129.740351,32.568442],[129.85906,32.724514],[129.823795,32.721985],[129.63843,32.926546],[129.681612,33.094092],[129.755266,33.055216],[129.741664,32.991035],[129.766328,33.017954],[129.812308,32.994804],[129.789935,32.912245],[129.831586,32.850508],[129.883206,32.875693],[129.987878,32.841714],[129.985691,32.863087],[129.931224,32.928894],[129.945623,33.015758],[129.881444,33.062763],[129.83407,33.043135],[129.797515,33.077309],[129.74648,33.06559],[129.722856,33.158404],[129.680747,33.114879],[129.656098,33.184882],[129.564138,33.211127],[129.580413,33.371007],[129.644379,33.362372],[129.673185,33.398539],[129.701008,33.353007],[129.807465,33.348131],[129.837901,33.285386],[129.861863,33.390046],[129.797172,33.467582],[129.81844,33.484212],[129.871349,33.442939],[129.836835,33.513254],[129.854579,33.532854],[129.942149,33.531684],[129.975389,33.454143],[130.016856,33.445787],[130.044626,33.485741],[130.167979,33.534084],[130.098481,33.581692],[130.208011,33.665076],[130.285411,33.576972],[130.390866,33.604874],[130.398692,33.669135],[130.336168,33.647678],[130.294281,33.689239],[130.345498,33.662472],[130.444591,33.718207],[130.488943,33.855373],[130.756049,33.943681],[130.913585,33.891181],[131.007148,33.966055],[130.965994,33.813056],[131.006945,33.813088],[131.009776,33.746161],[131.102976,33.624253],[131.36762,33.574802],[131.417703,33.581682],[131.521045,33.676371],[131.667366,33.667192],[131.729538,33.580236],[131.737295,33.484608],[131.706243,33.409583],[131.64031,33.416571],[131.596234,33.3494],[131.506029,33.363074],[131.51038,33.273404],[131.822174,33.244032],[131.884449,33.268306],[131.809574,33.127649],[131.900401,33.129136],[131.880511,33.07504],[131.929217,33.068271],[131.934469,33.092018],[131.967133,33.061672],[131.996113,33.091711],[132.013438,33.06387],[131.94535,33.047499],[131.903168,32.983059],[131.959239,32.944525],[132.081189,32.94323],[131.994802,32.903551],[131.955577,32.827541],[131.997813,32.829657],[131.980724,32.799262],[131.882498,32.783433],[131.855925,32.686084],[131.80064,32.680833],[131.749034,32.594062],[131.708793,32.585903],[131.68214,32.535061],[131.736501,32.491685],[131.65979,32.47682]]],[[[134.689789,33.82807],[134.751231,33.834906],[134.579377,33.76417],[134.32626,33.580128],[134.244634,33.46075],[134.190255,33.248329],[134.106224,33.294332],[134.025536,33.4154],[133.925205,33.493693],[133.739397,33.537507],[133.607733,33.515825],[133.465909,33.454324],[133.439708,33.401679],[133.292247,33.364691],[133.254568,33.326239],[133.269379,33.252346],[133.217947,33.165839],[133.165033,33.1372],[133.098867,33.032648],[133.018259,33.024023],[133.001702,32.986957],[133.002452,32.86933],[132.961059,32.864101],[132.955477,32.814619],[133.027599,32.739651],[133.002208,32.711656],[132.91505,32.777981],[132.791515,32.740668],[132.711401,32.789525],[132.627661,32.752093],[132.623377,32.799496],[132.709158,32.90941],[132.524181,32.930243],[132.537852,32.895819],[132.504161,32.891669],[132.472272,32.933672],[132.501475,32.993232],[132.481408,33.023528],[132.419704,33.051922],[132.3967,33.016594],[132.407922,33.069329],[132.483165,33.067694],[132.449067,33.10871],[132.490082,33.132758],[132.450206,33.136664],[132.458607,33.173706],[132.394676,33.203895],[132.485702,33.169153],[132.541394,33.262558],[132.484735,33.290841],[132.52561,33.314664],[132.390274,33.316188],[132.421153,33.375556],[132.402354,33.362616],[132.381114,33.466051],[132.025487,33.344904],[132.09432,33.408487],[132.412364,33.53498],[132.500612,33.624998],[132.676606,33.715644],[132.71237,33.904549],[132.754937,33.91032],[132.769862,33.99627],[132.91911,34.068406],[132.906206,34.113165],[132.942384,34.141262],[133.127011,33.933291],[133.322608,33.990553],[133.510997,33.965237],[133.633962,34.060777],[133.648123,34.124661],[133.632986,34.19831],[133.55836,34.259467],[133.701427,34.231269],[133.937022,34.375067],[134.081309,34.347724],[134.143565,34.391791],[134.182628,34.32095],[134.212169,34.347235],[134.260427,34.334418],[134.257823,34.294176],[134.439767,34.208349],[134.607145,34.250845],[134.634302,34.165932],[134.599783,34.009467],[134.695963,33.951893],[134.690714,33.895734],[134.646251,33.853095],[134.717052,33.847968],[134.689789,33.82807]]],[[[133.121349,36.109768],[133.12322,36.062934],[133.079112,36.020941],[133.081309,36.080146],[133.121349,36.109768]]],[[[133.090587,36.117865],[133.113617,36.113511],[133.093272,36.109768],[133.090587,36.117865]]],[[[133.074229,36.127916],[133.044932,36.055121],[133.01002,36.081529],[132.981456,36.039862],[132.949392,36.061957],[133.074229,36.127916]]],[[[133.422211,34.445014],[133.295421,34.324897],[133.269786,34.322414],[133.304698,34.37759],[133.258474,34.38231],[133.276622,34.40176],[133.247325,34.4265],[133.185557,34.280504],[133.076427,34.259589],[133.072276,34.317532],[133.168468,34.355048],[133.093272,34.389797],[133.059093,34.332343],[132.853038,34.28734],[132.836192,34.311103],[132.756602,34.232327],[132.656261,34.199286],[132.544688,34.20425],[132.496837,34.362494],[132.346039,34.348822],[132.222504,34.238959],[132.243663,34.166938],[132.199067,34.064765],[132.213227,33.989651],[132.13559,33.938422],[132.150076,33.830146],[132.055919,33.777167],[132.113292,33.844875],[132.099457,33.87226],[131.852061,33.998358],[131.791352,33.964057],[131.777517,33.985745],[131.823904,34.020168],[131.741466,34.05622],[131.585134,34.026679],[131.578868,33.985745],[131.493012,34.028144],[131.402517,33.981391],[131.389903,34.03974],[131.272227,33.926825],[131.187022,33.932766],[131.103165,34.030217],[131.035595,34.047975],[130.926291,33.922691],[130.879405,33.937934],[130.912577,34.053342],[130.861583,34.112738],[130.920909,34.17064],[130.876231,34.270006],[130.889659,34.331204],[131.033607,34.381789],[130.9463,34.392401],[130.947765,34.418931],[130.976396,34.438967],[131.022634,34.409369],[131.133923,34.411562],[131.172699,34.367743],[131.192719,34.42475],[131.281214,34.407958],[131.229503,34.417711],[131.208995,34.36933],[131.414317,34.423977],[131.454763,34.51911],[131.536469,34.565619],[131.615242,34.664881],[131.858409,34.714504],[131.873758,34.759223],[132.236495,35.034818],[132.31685,35.062346],[132.467678,35.213148],[132.638679,35.294645],[132.674023,35.385425],[132.635359,35.440955],[132.969737,35.516995],[133.091345,35.587539],[133.308772,35.577189],[133.260509,35.509955],[133.38069,35.456415],[133.580182,35.533603],[133.731145,35.502907],[134.173662,35.536271],[134.536987,35.672203],[134.915704,35.644367],[135.210134,35.763373],[135.25066,35.757815],[135.304047,35.68891],[135.188175,35.565045],[135.196041,35.539895],[135.235246,35.584548],[135.238739,35.542026],[135.324436,35.524446],[135.319021,35.446967],[135.352518,35.486984],[135.394867,35.476467],[135.402354,35.507025],[135.337796,35.537478],[135.463222,35.603327],[135.45239,35.571781],[135.529552,35.492743],[135.648945,35.542834],[135.66977,35.534369],[135.634613,35.493557],[135.724431,35.490732],[135.748351,35.513719],[135.706093,35.562095],[135.738446,35.570531],[135.834321,35.534369],[135.801502,35.568003],[135.854747,35.579047],[135.816018,35.630856],[135.971053,35.625981],[135.956005,35.728325],[136.019705,35.765347],[136.046847,35.703722],[136.027006,35.680947],[136.069114,35.66188],[136.099864,35.759833],[135.993454,35.885142],[135.963217,35.999923],[136.134845,36.224552],[136.119422,36.246444],[136.196738,36.264362],[136.382293,36.391071],[136.689685,36.730827],[136.760555,36.870599],[136.767613,36.980999],[136.718413,37.076261],[136.726736,37.126614],[136.676444,37.137401],[136.674473,37.175472],[136.726145,37.26964],[136.721531,37.32533],[136.783767,37.373892],[136.934766,37.399457],[137.255491,37.524594],[137.340966,37.517094],[137.351205,37.445676],[137.245983,37.413556],[137.255821,37.31526],[137.108721,37.28345],[137.014171,37.184882],[136.930431,37.221625],[136.868671,37.110912],[136.874685,37.069648],[136.914236,37.082424],[136.963227,37.051744],[137.04713,37.098822],[137.054446,36.96675],[136.987742,36.871022],[137.005544,36.835924],[137.156993,36.76081],[137.298673,36.757009],[137.383606,36.800145],[137.447602,36.933539],[137.896739,37.057522],[138.097502,37.171059],[138.244895,37.183789],[138.550629,37.377916],[138.746593,37.596869],[138.857677,37.827826],[139.059881,37.945942],[139.215943,37.989934],[139.425141,38.151272],[139.492686,38.454169],[139.599215,38.648254],[139.773844,38.817117],[139.916843,39.262499],[139.99531,39.327329],[140.048577,39.50467],[140.059296,39.727492],[140.027599,39.82453],[139.966482,39.880072],[139.921397,39.898505],[139.760102,39.858059],[139.697731,39.988566],[139.822113,39.961086],[139.904193,40.017695],[139.978038,40.125474],[140.024263,40.355016],[139.946056,40.41885],[139.928503,40.57097],[139.856781,40.590155],[139.998156,40.742104],[140.045977,40.76777],[140.122359,40.744766],[140.270763,40.812405],[140.321922,41.027445],[140.382335,40.988267],[140.396511,41.027013],[140.326905,41.041187],[140.300162,41.111277],[140.248095,41.123361],[140.320433,41.14978],[140.338221,41.258896],[140.462248,41.183887],[140.548598,41.226243],[140.632702,41.194258],[140.641287,41.04149],[140.703122,40.853292],[140.799223,40.839081],[140.852068,40.883849],[140.870726,40.915135],[140.847246,40.947608],[140.902885,41.008996],[140.981402,40.959769],[140.975066,40.937755],[141.111346,40.872633],[141.185249,40.911215],[141.277882,41.15533],[141.205911,41.26472],[141.161232,41.278467],[141.113372,41.214363],[141.034135,41.185861],[140.977562,41.196478],[140.814525,41.128462],[140.765796,41.145019],[140.803148,41.329544],[140.913572,41.546857],[141.276096,41.353196],[141.463442,41.403817],[141.390817,41.161011],[141.390262,40.933933],[141.437387,40.670141],[141.482412,40.574069],[141.519696,40.537986],[141.57555,40.542279],[141.681,40.450995],[141.830414,40.251166],[141.810232,40.192776],[141.877208,40.139309],[141.842459,40.07038],[141.955333,39.974921],[141.945079,39.931301],[142.0088,39.752753],[141.966319,39.598456],[142.036143,39.638983],[142.027354,39.594713],[142.069347,39.540473],[141.966319,39.47134],[141.970876,39.443264],[142.050629,39.476996],[142.038097,39.424018],[141.950206,39.391547],[141.964122,39.375556],[141.905284,39.330471],[141.983653,39.327135],[141.914887,39.294867],[141.932628,39.275214],[141.899099,39.248521],[141.949229,39.228013],[141.878673,39.207587],[141.915782,39.169989],[141.843761,39.15233],[141.908865,39.109768],[141.817149,39.090888],[141.859711,39.07331],[141.848155,39.035102],[141.727712,39.036282],[141.74822,38.98786],[141.717133,38.946845],[141.673106,38.981024],[141.693614,38.995307],[141.651052,38.996812],[141.673595,38.851955],[141.6421,38.888495],[141.588552,38.882229],[141.589366,38.826077],[141.530528,38.780829],[141.566417,38.703559],[141.463064,38.661363],[141.532237,38.638414],[141.467052,38.569525],[141.542247,38.533433],[141.542817,38.481391],[141.514822,38.508043],[141.477224,38.418443],[141.549083,38.385159],[141.501231,38.371527],[141.542817,38.302639],[141.525401,38.267808],[141.425548,38.343573],[141.439708,38.371527],[141.304454,38.407904],[141.202403,38.38581],[141.174978,38.324368],[141.131847,38.371527],[141.079438,38.360907],[141.048676,38.309475],[141.080577,38.294908],[140.966807,38.170478],[140.91977,37.965155],[141.021983,37.706732],[141.04184,37.377143],[141.007823,37.133857],[140.960297,36.966213],[140.835216,36.908433],[140.75172,36.785061],[140.623546,36.50609],[140.616873,36.337795],[140.564107,36.283096],[140.57838,36.160956],[140.646034,36.01332],[140.868762,35.696754],[140.661056,35.688635],[140.483467,35.565991],[140.385919,35.380999],[140.413097,35.301215],[140.37763,35.176357],[140.348935,35.180516],[140.321214,35.130394],[140.134603,35.122645],[139.990968,35.020502],[139.926396,34.907357],[139.8431,34.899982],[139.756994,34.956284],[139.867686,35.013332],[139.835785,35.027248],[139.818974,35.157663],[139.866327,35.246205],[139.849334,35.293554],[139.782153,35.314177],[139.892743,35.364184],[139.900121,35.423104],[140.097822,35.555322],[139.983614,35.668645],[139.920532,35.662067],[139.939579,35.636891],[139.912071,35.624087],[139.774855,35.617637],[139.775625,35.641104],[139.788097,35.513251],[139.642302,35.454261],[139.68686,35.400702],[139.642142,35.388481],[139.657505,35.286647],[139.734228,35.265203],[139.728025,35.207084],[139.666456,35.193893],[139.685069,35.140448],[139.616285,35.134002],[139.601793,35.201835],[139.623959,35.211617],[139.544178,35.307893],[139.414856,35.318815],[139.183538,35.263267],[139.145957,35.235227],[139.158051,35.136461],[139.120771,35.150257],[139.076732,35.075094],[139.105968,35.049384],[139.100603,34.974755],[139.142589,34.942288],[139.14088,34.870551],[138.998759,34.733284],[138.982432,34.644477],[138.940826,34.661107],[138.835297,34.595893],[138.745942,34.709174],[138.774262,34.751288],[138.748127,34.813209],[138.762996,34.893987],[138.789806,34.906806],[138.761894,34.979903],[138.78609,35.026439],[138.893809,35.020006],[138.803332,35.121909],[138.696186,35.138976],[138.554082,35.096069],[138.497883,35.03257],[138.514293,34.980178],[138.367108,34.917309],[138.328298,34.855292],[138.340831,34.826483],[138.215989,34.712283],[138.193614,34.641506],[138.240328,34.602561],[138.190176,34.601228],[137.967585,34.66654],[137.792166,34.63939],[137.546998,34.677289],[137.016095,34.578785],[137.07283,34.664599],[137.101085,34.639146],[137.167654,34.656684],[137.282255,34.731179],[137.299671,34.706847],[137.33259,34.720338],[137.320815,34.755252],[137.297928,34.797191],[137.222827,34.816263],[137.170839,34.763865],[137.140533,34.787813],[137.028817,34.780157],[136.962404,34.857996],[136.978852,34.924221],[136.915564,34.77596],[136.971857,34.713404],[136.945392,34.698471],[136.855968,34.739814],[136.864734,34.821545],[136.827726,34.871941],[136.823465,34.954855],[136.882796,35.071048],[136.871821,35.093395],[136.848865,35.039469],[136.830118,35.078831],[136.839327,35.03252],[136.725597,35.027248],[136.65919,34.983954],[136.639316,34.889049],[136.53494,34.765695],[136.519542,34.680854],[136.568126,34.596381],[136.852306,34.485541],[136.924327,34.423977],[136.916759,34.376166],[136.875255,34.36933],[136.895681,34.266913],[136.7942,34.253119],[136.787934,34.277411],[136.8296,34.266547],[136.856212,34.294176],[136.702647,34.295152],[136.723399,34.331285],[136.67628,34.326402],[136.622895,34.274604],[136.532888,34.271674],[136.514822,34.229804],[136.336681,34.184027],[136.299001,34.154283],[136.308442,34.090033],[136.230235,34.082099],[136.275401,33.979967],[136.204845,33.971422],[136.228526,33.938381],[136.104744,33.891411],[135.937067,33.617473],[135.959871,33.593088],[135.809184,33.505037],[135.772024,33.444919],[135.770752,33.468229],[135.444835,33.550849],[135.327695,33.671193],[135.402354,33.701117],[135.232583,33.781998],[135.152758,33.875854],[135.065454,33.885572],[135.091998,33.992036],[135.162771,34.03974],[135.111095,34.065741],[135.114919,34.101793],[135.187022,34.135932],[135.135427,34.227688],[135.061044,34.267275],[135.105031,34.318117],[135.208985,34.342278],[135.372562,34.484513],[135.408324,34.540975],[135.412934,34.692084],[135.286863,34.705443],[135.253605,34.676998],[135.25489,34.70091],[135.220067,34.690774],[135.242349,34.650752],[135.204403,34.677261],[135.045769,34.624967],[134.744395,34.766547],[134.524913,34.760647],[134.491222,34.787055],[134.431407,34.730455],[134.368419,34.735989],[134.326671,34.704332],[134.220714,34.728461],[134.278819,34.698228],[134.170665,34.645982],[134.189464,34.636868],[134.14796,34.596991],[134.083669,34.581529],[133.994395,34.60871],[133.925141,34.577867],[133.942556,34.555121],[133.98406,34.589057],[134.046153,34.581529],[133.93629,34.451239],[133.794444,34.442939],[133.699962,34.525946],[133.470063,34.423977],[133.522472,34.483059],[133.430349,34.472968],[133.422211,34.445014]]],[[[143.896495,44.158149],[143.957205,44.152004],[143.813731,44.168402],[143.896495,44.158149]]],[[[145.767426,43.387274],[145.813243,43.378607],[145.621349,43.303412],[145.5171,43.174994],[145.302501,43.173489],[145.154063,43.13227],[145.122732,43.088202],[145.152192,43.084621],[145.099294,43.044623],[145.003103,43.044623],[145.023692,42.996283],[145.000173,42.986151],[144.868826,42.988471],[144.798676,43.046698],[144.735606,42.979478],[144.783458,42.93476],[144.741954,42.924221],[144.464854,42.937079],[144.323009,43.002631],[144.042003,42.926581],[143.886404,42.844184],[143.575206,42.603339],[143.348969,42.319159],[143.331065,42.10692],[143.226085,41.932278],[142.959727,42.105373],[142.459972,42.271308],[142.167752,42.459859],[142.06258,42.470728],[141.817149,42.599595],[141.636485,42.61579],[141.427745,42.564399],[140.964692,42.300482],[140.931651,42.328762],[140.97462,42.346625],[140.733653,42.564154],[140.500662,42.579169],[140.417003,42.538153],[140.32545,42.432807],[140.288585,42.350165],[140.291759,42.259589],[140.530284,42.111762],[140.713552,42.13349],[140.974294,41.913764],[141.106944,41.871772],[141.199962,41.799465],[141.006358,41.712144],[140.823985,41.770697],[140.708018,41.745551],[140.733409,41.793647],[140.660411,41.827135],[140.604259,41.736274],[140.470063,41.687201],[140.433279,41.64468],[140.432384,41.530829],[140.274669,41.482367],[140.185069,41.403795],[140.038259,41.442572],[139.979828,41.581732],[140.083018,41.800767],[140.12672,41.814032],[140.138438,41.967515],[140.061046,42.080024],[139.79835,42.235907],[139.767589,42.310981],[139.836762,42.423896],[139.832774,42.588813],[139.876964,42.663398],[140.037852,42.686021],[140.200369,42.814276],[140.281505,42.75727],[140.377126,42.893785],[140.521169,42.996283],[140.43922,43.134019],[140.338064,43.210517],[140.360118,43.325181],[140.43393,43.328437],[140.487153,43.372382],[140.809906,43.19245],[141.011241,43.22899],[141.021983,43.174994],[141.187266,43.141506],[141.303966,43.197252],[141.42335,43.317857],[141.439708,43.407782],[141.359874,43.523586],[141.391368,43.579088],[141.337413,43.712836],[141.38502,43.791327],[141.528168,43.841213],[141.640636,43.937934],[141.670177,44.066636],[141.655447,44.276923],[141.747244,44.424221],[141.796072,44.64175],[141.753591,44.885443],[141.586436,45.164374],[141.583751,45.251166],[141.649181,45.34101],[141.639415,45.421129],[141.665701,45.450426],[141.704438,45.402086],[141.823253,45.422553],[141.919444,45.515855],[142.221202,45.299628],[142.539317,45.018459],[142.630707,44.883734],[142.981456,44.586493],[143.340099,44.386542],[143.396495,44.322943],[143.776622,44.189276],[143.695323,44.189846],[143.728282,44.113471],[143.929698,44.098944],[143.999197,44.133979],[144.119314,44.129055],[144.171723,44.106024],[144.105479,44.031562],[144.138357,44.020697],[144.242931,44.119208],[144.268321,44.049384],[144.379405,43.956488],[144.740489,43.914618],[144.831228,43.942206],[145.201671,44.205797],[145.341482,44.345526],[145.371837,44.248765],[145.144298,43.952948],[145.072276,43.761542],[145.218516,43.589667],[145.311697,43.366767],[145.393565,43.305365],[145.27003,43.346381],[145.258311,43.327094],[145.321625,43.276272],[145.5171,43.22899],[145.496593,43.270575],[145.582286,43.335761],[145.661632,43.379828],[145.767426,43.387274]]],[[[123.814708,24.39175],[123.934418,24.367499],[123.873057,24.258246],[123.683442,24.285305],[123.683767,24.323472],[123.748057,24.329576],[123.776866,24.419745],[123.814708,24.39175]]],[[[123.002615,24.474311],[122.998383,24.439521],[122.94752,24.439521],[122.944591,24.466254],[123.002615,24.474311]]],[[[124.329112,24.583564],[124.241873,24.363715],[124.14031,24.341986],[124.143077,24.384914],[124.077891,24.428453],[124.112315,24.463365],[124.211925,24.446967],[124.329112,24.583564]]],[[[141.357758,24.789618],[141.302582,24.734361],[141.29949,24.785875],[141.357758,24.789618]]],[[[125.387218,24.782172],[125.444835,24.756741],[125.3838,24.726955],[125.2588,24.733385],[125.260265,24.885199],[125.387218,24.782172]]],[[[131.255138,25.874986],[131.27711,25.858385],[131.259288,25.837226],[131.212087,25.829047],[131.255138,25.874986]]],[[[126.810069,26.351874],[126.78891,26.303453],[126.697765,26.369045],[126.752126,26.390692],[126.810069,26.351874]]],[[[142.193207,26.646064],[142.175059,26.630072],[142.139008,26.662502],[142.111339,26.721177],[142.193207,26.646064]]],[[[128.337657,26.796942],[128.308116,26.700873],[128.243337,26.633287],[128.151622,26.612454],[128.145193,26.564114],[128.036388,26.52733],[127.947276,26.451158],[127.838878,26.425238],[127.910167,26.323065],[127.840831,26.32392],[127.777517,26.233344],[127.768403,26.197659],[127.823578,26.186754],[127.796886,26.139716],[127.725352,26.089586],[127.651703,26.084377],[127.638194,26.214748],[127.739106,26.309231],[127.722504,26.429918],[127.805186,26.447577],[127.960216,26.564114],[127.955903,26.594794],[127.894298,26.60928],[127.87794,26.686591],[127.987315,26.692939],[128.004405,26.634752],[128.057384,26.644761],[128.225922,26.800971],[128.255056,26.886298],[128.337657,26.796942]]],[[[142.193207,27.091742],[142.241059,27.084296],[142.23463,27.050035],[142.198578,27.051093],[142.193207,27.091742]]],[[[128.700694,27.45482],[128.604747,27.361802],[128.526866,27.371894],[128.538422,27.417629],[128.700694,27.45482]]],[[[128.98878,27.811103],[129.029633,27.773261],[128.989513,27.707465],[128.929454,27.686713],[128.894542,27.728217],[128.894542,27.891303],[128.947032,27.91413],[128.98878,27.811103]]],[[[129.296641,28.119574],[129.350434,28.086493],[129.230642,28.096666],[129.195811,28.195461],[129.269298,28.174872],[129.264171,28.134711],[129.296641,28.119574]]],[[[130.030284,28.373481],[129.978201,28.283759],[129.913585,28.297105],[130.030284,28.373481]]],[[[129.70753,28.462144],[129.708507,28.428778],[129.619314,28.400784],[129.498871,28.287502],[129.461192,28.291693],[129.430431,28.254096],[129.456879,28.225735],[129.401541,28.163316],[129.351817,28.160549],[129.375987,28.119574],[129.286632,28.177924],[129.269298,28.229438],[129.145763,28.249945],[129.270844,28.255357],[129.290375,28.284084],[129.227712,28.304592],[129.252452,28.321519],[129.413341,28.393297],[129.516368,28.393297],[129.626231,28.482733],[129.632498,28.434882],[129.667247,28.502997],[129.70753,28.462144]]],[[[129.714854,29.654527],[129.745942,29.661038],[129.721039,29.606147],[129.714854,29.654527]]],[[[129.893565,29.874742],[129.927257,29.825873],[129.863402,29.824607],[129.832772,29.873078],[129.893565,29.874742]]],[[[130.674571,30.374579],[130.603751,30.252469],[130.485977,30.225777],[130.437713,30.23897],[130.376247,30.394436],[130.488345,30.457026],[130.674571,30.374579]]],[[[131.052013,30.840237],[131.087934,30.782606],[131.057615,30.611269],[130.966961,30.4794],[130.963282,30.386144],[130.870381,30.343904],[130.849382,30.461264],[130.930221,30.54086],[130.952797,30.685496],[131.052013,30.840237]]],[[[130.153087,32.203762],[130.194102,32.176418],[130.149262,32.1105],[130.111095,32.193305],[130.153087,32.203762]]],[[[130.410004,32.511623],[130.468516,32.511623],[130.362315,32.374986],[130.358653,32.412909],[130.241954,32.395494],[130.22169,32.421861],[130.213634,32.450426],[130.290294,32.497952],[130.363048,32.527086],[130.410004,32.511623]]],[[[130.160492,32.546332],[130.198985,32.48017],[130.205577,32.346625],[130.011974,32.190619],[130.009125,32.252143],[129.958344,32.237535],[129.965343,32.258205],[130.064301,32.306789],[129.979747,32.332994],[130.030284,32.482408],[130.00294,32.533352],[130.160492,32.546332]]],[[[128.878427,32.673925],[128.893712,32.657618],[128.857899,32.643409],[128.793224,32.652493],[128.77311,32.571666],[128.603819,32.630598],[128.65268,32.667914],[128.660818,32.782782],[128.699653,32.743771],[128.80849,32.799908],[128.878427,32.673925]]],[[[139.791026,33.135321],[139.877452,33.087592],[139.845225,33.04678],[139.787608,33.058417],[139.743419,33.118598],[139.750824,33.14525],[139.791026,33.135321]]],[[[129.097992,32.988267],[129.169628,33.005817],[129.182807,32.984686],[129.100352,32.919013],[129.064952,32.817816],[129.033051,32.933336],[128.98878,32.944159],[129.054454,32.979315],[129.048622,33.039603],[129.067645,33.019116],[129.084321,33.043199],[129.10818,33.166688],[129.097992,32.988267]]],[[[129.555684,33.410805],[129.562163,33.366394],[129.493095,33.245163],[129.412591,33.178318],[129.342501,33.17962],[129.349869,33.213468],[129.406505,33.194037],[129.382005,33.22892],[129.416769,33.23693],[129.442663,33.348066],[129.522916,33.368377],[129.555684,33.410805]]],[[[132.243663,33.79328],[132.274099,33.772203],[132.204438,33.782131],[132.243663,33.79328]]],[[[129.776378,33.773424],[129.799571,33.764838],[129.783865,33.738186],[129.735064,33.736739],[129.71046,33.700832],[129.657127,33.742555],[129.688648,33.871146],[129.767263,33.84455],[129.796886,33.786444],[129.776378,33.773424]]],[[[132.236176,33.869045],[132.216319,33.855373],[132.19337,33.89765],[132.201915,33.94477],[132.27947,33.94123],[132.326182,33.896308],[132.453949,33.937567],[132.394542,33.899319],[132.374034,33.841702],[132.318614,33.883287],[132.236176,33.869045]]],[[[139.487071,34.060777],[139.523448,34.112372],[139.575043,34.090033],[139.534516,34.037543],[139.487071,34.060777]]],[[[132.555186,34.071357],[132.455333,34.088121],[132.519298,34.174384],[132.543305,34.176703],[132.551524,34.108588],[132.577647,34.118883],[132.555186,34.071357]]],[[[132.999475,34.208377],[132.963878,34.191881],[132.98878,34.273017],[133.03004,34.295315],[133.051768,34.222317],[132.999475,34.208377]]],[[[129.312528,34.279756],[129.342583,34.293052],[129.283519,34.146005],[129.2318,34.094814],[129.171634,34.106807],[129.198535,34.316228],[129.225245,34.327403],[129.224053,34.293443],[129.302462,34.307787],[129.312528,34.279756]]],[[[139.270356,34.395982],[139.291515,34.414537],[139.267833,34.322699],[139.270356,34.395982]]],[[[135.002682,34.608423],[135.018413,34.566048],[134.902973,34.419006],[134.937984,34.262755],[134.728677,34.190939],[134.657169,34.288204],[134.68326,34.328226],[135.002682,34.608423]]],[[[129.452647,34.619452],[129.478201,34.597113],[129.464241,34.554274],[129.361831,34.405486],[129.393181,34.4108],[129.407969,34.35158],[129.343833,34.300314],[129.305464,34.324875],[129.345064,34.327244],[129.347003,34.355852],[129.316204,34.342496],[129.309322,34.384402],[129.286359,34.344008],[129.235384,34.368132],[129.310867,34.460511],[129.280734,34.450647],[129.326119,34.535439],[129.289107,34.569867],[129.3233,34.648072],[129.45062,34.701002],[129.487751,34.676397],[129.488278,34.635678],[129.452647,34.619452]]],[[[139.418224,34.780829],[139.456716,34.737128],[139.442719,34.676703],[139.359353,34.702299],[139.356465,34.797229],[139.418224,34.780829]]],[[[133.012462,36.014797],[133.066661,36.006537],[133.027843,35.993638],[133.012462,36.014797]]],[[[133.367035,36.274237],[133.379242,36.208238],[133.32602,36.191636],[133.32602,36.158149],[133.256358,36.164984],[133.187755,36.216132],[133.209483,36.297187],[133.292003,36.342475],[133.367035,36.274237]]],[[[138.459239,38.069892],[138.575206,38.074286],[138.500499,37.906684],[138.370372,37.828762],[138.222667,37.802232],[138.330821,37.95189],[138.314789,37.997463],[138.247895,37.978502],[138.242198,38.071479],[138.310069,38.168118],[138.514171,38.323065],[138.437511,38.063788],[138.459239,38.069892]]],[[[139.548513,42.243354],[139.508962,42.100816],[139.455333,42.051581],[139.414317,42.172512],[139.437022,42.207221],[139.548513,42.243354]]],[[[145.311534,43.593329],[145.362804,43.554877],[145.273204,43.522366],[145.318696,43.557766],[145.202403,43.613837],[145.311534,43.593329]]],[[[144.448253,43.942206],[144.455089,43.942206],[144.448985,43.942043],[144.448253,43.942206]]],[[[141.327159,45.172349],[141.310069,45.124579],[141.235362,45.102484],[141.150076,45.147121],[141.131847,45.210273],[141.202647,45.249091],[141.327159,45.172349]]],[[[141.052745,45.450426],[141.073578,45.424709],[141.035655,45.264879],[140.966807,45.463446],[141.052745,45.450426]]],[[[140.869965,27.218248],[140.867931,27.233954],[140.878184,27.232611],[140.869965,27.218248]]],[[[127.809825,26.735419],[127.811209,26.706977],[127.758556,26.712877],[127.809825,26.735419]]],[[[127.995372,27.091742],[127.975759,27.03974],[127.925792,27.009752],[127.995372,27.091742]]],[[[130.220063,30.471584],[130.262144,30.447032],[130.212468,30.420691],[130.141766,30.489301],[130.220063,30.471584]]],[[[134.367361,34.554267],[134.346934,34.430813],[134.320649,34.46894],[134.244395,34.417711],[134.223399,34.472357],[134.161388,34.479193],[134.175059,34.520087],[134.367361,34.554267]]],[[[141.452973,24.222398],[141.469981,24.226264],[141.467947,24.213772],[141.452973,24.222398]]],[[[153.972992,24.2897],[153.981212,24.295356],[153.983653,24.282945],[153.972992,24.2897]]],[[[141.287446,25.417711],[141.270518,25.440375],[141.288259,25.452541],[141.287446,25.417711]]],[[[131.289724,25.951361],[131.3213,25.947699],[131.322276,25.927069],[131.289724,25.951361]]],[[[127.222179,26.598944],[127.242361,26.596747],[127.227061,26.579535],[127.222179,26.598944]]],[[[128.454356,27.047512],[128.448578,27.020697],[128.396251,27.049018],[128.454356,27.047512]]],[[[142.18922,27.145494],[142.190929,27.185207],[142.204112,27.173896],[142.18922,27.145494]]],[[[142.195323,27.599107],[142.179454,27.612494],[142.192882,27.616197],[142.195323,27.599107]]],[[[142.080577,27.716946],[142.078624,27.72724],[142.085134,27.72606],[142.080577,27.716946]]],[[[128.236583,27.866523],[128.241547,27.845364],[128.23227,27.852851],[128.236583,27.866523]]],[[[129.591563,29.4501],[129.598155,29.472357],[129.615408,29.455227],[129.591563,29.4501]]],[[[129.52768,29.90233],[129.550141,29.903876],[129.539887,29.889879],[129.52768,29.90233]]],[[[129.943696,29.965277],[129.903087,29.970852],[129.912364,29.991889],[129.943696,29.965277]]],[[[140.307628,30.491156],[140.325938,30.485175],[140.306488,30.473619],[140.307628,30.491156]]],[[[129.428233,30.846422],[129.433849,30.84455],[129.429454,30.840888],[129.428233,30.846422]]],[[[129.9463,30.844713],[129.939464,30.813422],[129.911957,30.81977],[129.9463,30.844713]]],[[[140.043468,31.443101],[140.044444,31.445054],[140.045665,31.443305],[140.043468,31.443101]]],[[[140.04127,31.444159],[140.041352,31.446479],[140.043142,31.444566],[140.04127,31.444159]]],[[[139.756358,32.452297],[139.757091,32.470364],[139.773774,32.440985],[139.756358,32.452297]]],[[[139.299083,33.650092],[139.296153,33.651068],[139.299083,33.650702],[139.299083,33.650092]]],[[[139.622813,33.885565],[139.610199,33.852851],[139.581309,33.862535],[139.592459,33.895819],[139.622813,33.885565]]],[[[139.372895,41.522162],[139.345551,41.493354],[139.336436,41.5185],[139.372895,41.522162]]],[[[153.966238,24.308661],[153.953461,24.292507],[153.940684,24.311469],[153.966238,24.308661]]],[[[125.202891,24.846259],[125.217052,24.816596],[125.140147,24.816392],[125.163585,24.854641],[125.202891,24.846259]]],[[[127.36964,26.214586],[127.361095,26.164008],[127.346202,26.206366],[127.36964,26.214586]]],[[[142.105154,27.727037],[142.111664,27.725857],[142.107188,27.716742],[142.105154,27.727037]]],[[[129.93336,31.867825],[129.922211,31.81981],[129.889903,31.810736],[129.82309,31.863023],[129.93336,31.867825]]],[[[130.243907,32.301825],[130.266449,32.287055],[130.210704,32.255357],[130.243907,32.301825]]],[[[130.446788,32.596829],[130.450938,32.563422],[130.40919,32.549262],[130.413585,32.613593],[130.446788,32.596829]]],[[[132.562022,32.742133],[132.549653,32.704291],[132.543793,32.745592],[132.562022,32.742133]]],[[[128.89975,32.818305],[128.882335,32.765286],[128.847911,32.774888],[128.835948,32.818996],[128.89975,32.818305]]],[[[128.953136,32.874213],[128.923025,32.818061],[128.895763,32.856431],[128.953136,32.874213]]],[[[129.027843,32.899807],[129.028168,32.855658],[128.964122,32.889553],[129.009613,32.924506],[129.027843,32.899807]]],[[[129.135509,33.299872],[129.134288,33.258612],[129.085785,33.260077],[129.135509,33.299872]]],[[[129.555919,33.493964],[129.576427,33.488349],[129.503184,33.4737],[129.555919,33.493964]]],[[[132.641368,34.014065],[132.634451,33.96483],[132.600434,33.949897],[132.586925,33.969672],[132.641368,34.014065]]],[[[133.093516,34.174302],[133.0171,34.118842],[133.026215,34.176174],[133.093516,34.174302]]],[[[132.738536,34.196967],[132.747406,34.162543],[132.697927,34.181342],[132.738536,34.196967]]],[[[132.921153,34.27733],[132.905772,34.21308],[132.849946,34.215155],[132.846446,34.24022],[132.921153,34.27733]]],[[[132.33839,34.304429],[132.325531,34.264716],[132.267914,34.244452],[132.33839,34.304429]]],[[[133.715668,34.396145],[133.706309,34.354641],[133.688487,34.366156],[133.715668,34.396145]]],[[[135.205179,34.430491],[135.240971,34.454647],[135.257054,34.435778],[135.205179,34.430491]]],[[[134.049001,34.474351],[134.095388,34.49197],[134.083995,34.459825],[134.049001,34.474351]]],[[[136.891968,34.496692],[136.908953,34.502362],[136.872599,34.491139],[136.891968,34.496692]]],[[[136.890179,34.531201],[136.910052,34.540109],[136.856216,34.510139],[136.890179,34.531201]]],[[[136.79806,34.876401],[136.823503,34.862037],[136.814701,34.846307],[136.79806,34.876401]]],[[[137.048106,37.152289],[136.963227,37.101549],[136.911469,37.150946],[137.048106,37.152289]]],[[[123.606293,25.739],[123.600434,25.739366],[123.602794,25.745469],[123.606293,25.739]]],[[[123.545339,25.761786],[123.511485,25.758083],[123.531423,25.773342],[123.545339,25.761786]]],[[[123.673025,25.928697],[123.672048,25.927476],[123.671723,25.929755],[123.673025,25.928697]]]]}},{"type":"Feature","properties":{"iso3":"SGP","name":"Singapore","continent":"Asia"},"geometry":{"type":"Polygon","coordinates":[[[103.960785,1.391099],[104.003429,1.374172],[103.974864,1.334459],[103.954356,1.318101],[103.887706,1.301256],[103.838878,1.266262],[103.789561,1.26789],[103.77589,1.287584],[103.755138,1.297105],[103.665294,1.304104],[103.647634,1.308417],[103.640391,1.322252],[103.683849,1.409898],[103.708344,1.429389],[103.762218,1.430976],[103.804942,1.448635],[103.831554,1.447089],[103.960785,1.391099]]]}},{"type":"Feature","properties":{"iso3":"MDV","name":"Maldives","continent":"Asia"},"geometry":{"type":"MultiPolygon","coordinates":[[[[73.163097,-0.681817],[73.172537,-0.688572],[73.165863,-0.688409],[73.163097,-0.681817]]],[[[73.204112,-0.671157],[73.191417,-0.682794],[73.19516,-0.674493],[73.204112,-0.671157]]],[[[73.124278,-0.656183],[73.126964,-0.666274],[73.123871,-0.664727],[73.124278,-0.656183]]],[[[73.240001,-0.625584],[73.227306,-0.642836],[73.229991,-0.623305],[73.240001,-0.625584]]],[[[73.246755,-0.588637],[73.24464,-0.607192],[73.236339,-0.59238],[73.247325,-0.577895],[73.246755,-0.588637]]],[[[73.435069,-0.283624],[73.444509,-0.304295],[73.435232,-0.293634],[73.435069,-0.283624]]],[[[73.09547,0.228013],[73.10255,0.222805],[73.102957,0.213528],[73.09547,0.228013]]],[[[73.208995,0.239976],[73.217459,0.237738],[73.212657,0.232082],[73.208995,0.239976]]],[[[73.036794,0.269924],[73.040375,0.259467],[73.036143,0.260932],[73.036794,0.269924]]],[[[73.379161,0.285224],[73.36964,0.280015],[73.371104,0.285956],[73.379161,0.285224]]],[[[72.983653,0.305243],[72.987071,0.302802],[72.981212,0.302069],[72.983653,0.305243]]],[[[73.513438,0.387763],[73.508637,0.380683],[73.50587,0.386176],[73.513438,0.387763]]],[[[72.958344,0.403306],[72.961111,0.394273],[72.957774,0.396796],[72.958344,0.403306]]],[[[72.940929,0.496283],[72.940603,0.487291],[72.937022,0.491441],[72.940929,0.496283]]],[[[73.491954,0.508002],[73.49464,0.498969],[73.490408,0.500678],[73.491954,0.508002]]],[[[73.387869,0.64175],[73.387218,0.636786],[73.383556,0.638902],[73.387869,0.64175]]],[[[73.373057,0.763088],[73.372406,0.758124],[73.368826,0.760443],[73.373057,0.763088]]],[[[73.353852,0.847724],[73.351166,0.840684],[73.349783,0.844062],[73.353852,0.847724]]],[[[72.831391,3.510565],[72.834727,3.506781],[72.831065,3.503567],[72.831391,3.510565]]],[[[72.793712,3.516913],[72.797618,3.513129],[72.791189,3.510891],[72.793712,3.516913]]],[[[72.928396,3.551907],[72.911794,3.541734],[72.919932,3.552151],[72.928396,3.551907]]],[[[72.941905,3.618842],[72.945567,3.613715],[72.938487,3.613715],[72.941905,3.618842]]],[[[72.692556,3.726955],[72.694591,3.714993],[72.689708,3.717963],[72.692556,3.726955]]],[[[73.477306,3.942125],[73.46754,3.933661],[73.469249,3.936957],[73.477306,3.942125]]],[[[72.703136,4.003323],[72.706228,3.99844],[72.699474,3.998114],[72.703136,4.003323]]],[[[73.508149,4.103583],[73.508311,4.093411],[73.502452,4.098538],[73.508149,4.103583]]],[[[72.97047,4.265937],[72.975597,4.262356],[72.972504,4.260403],[72.97047,4.265937]]],[[[73.70281,4.434719],[73.700857,4.432278],[73.697602,4.431464],[73.70281,4.434719]]],[[[73.70281,4.45303],[73.69988,4.449164],[73.699962,4.451646],[73.70281,4.45303]]],[[[73.37672,4.474433],[73.377289,4.465277],[73.373871,4.466986],[73.37672,4.474433]]],[[[73.404959,4.634996],[73.405284,4.628404],[73.401215,4.629828],[73.404959,4.634996]]],[[[73.490489,4.723375],[73.490733,4.716742],[73.487966,4.716539],[73.490489,4.723375]]],[[[72.97934,4.895453],[72.969656,4.880723],[72.970063,4.890367],[72.97934,4.895453]]],[[[72.917491,4.898586],[72.922862,4.899075],[72.920909,4.897854],[72.917491,4.898586]]],[[[73.447276,4.97134],[73.436534,4.969875],[73.438975,4.974555],[73.447276,4.97134]]],[[[72.912852,5.034084],[72.909434,5.030788],[72.910167,5.032701],[72.912852,5.034084]]],[[[72.927745,5.036526],[72.927175,5.034247],[72.924408,5.033067],[72.927745,5.036526]]],[[[73.04477,5.121812],[73.043468,5.118842],[73.04127,5.118394],[73.04477,5.121812]]],[[[73.049083,5.133287],[73.051443,5.128079],[73.045258,5.128892],[73.049083,5.133287]]],[[[73.091319,5.161363],[73.090994,5.158515],[73.087901,5.157986],[73.091319,5.161363]]],[[[73.103852,5.173041],[73.110525,5.170315],[73.107107,5.170966],[73.103852,5.173041]]],[[[72.860118,5.237942],[72.859223,5.2355],[72.856863,5.234565],[72.860118,5.237942]]],[[[73.131847,5.244574],[73.131847,5.242499],[73.128429,5.241156],[73.131847,5.244574]]],[[[73.499766,5.246894],[73.497325,5.245063],[73.493826,5.245998],[73.499766,5.246894]]],[[[73.593598,5.282701],[73.582856,5.27558],[73.57016,5.276679],[73.593598,5.282701]]],[[[73.112804,5.29857],[73.109223,5.295152],[73.109223,5.296698],[73.112804,5.29857]]],[[[73.470225,5.307766],[73.464366,5.306871],[73.467052,5.308336],[73.470225,5.307766]]],[[[73.629568,5.332831],[73.627208,5.331122],[73.623302,5.331855],[73.629568,5.332831]]],[[[73.646658,5.343248],[73.640066,5.34219],[73.643403,5.34394],[73.646658,5.343248]]],[[[72.953136,5.352769],[72.952403,5.350084],[72.949555,5.349311],[72.953136,5.352769]]],[[[73.397472,5.362209],[73.400645,5.357652],[73.396169,5.357123],[73.397472,5.362209]]],[[[73.323253,5.368232],[73.328217,5.367011],[73.319347,5.362942],[73.323253,5.368232]]],[[[73.350759,5.42768],[73.3449,5.426825],[73.347504,5.428778],[73.350759,5.42768]]],[[[73.537446,5.451402],[73.534923,5.449856],[73.531261,5.450426],[73.537446,5.451402]]],[[[73.362966,5.46308],[73.363129,5.459377],[73.360932,5.457953],[73.362966,5.46308]]],[[[72.943126,5.467597],[72.938243,5.461493],[72.937022,5.465522],[72.943126,5.467597]]],[[[73.01588,5.492865],[73.011078,5.486843],[73.009939,5.49022],[73.01588,5.492865]]],[[[73.462413,5.543606],[73.459321,5.541734],[73.456472,5.542629],[73.462413,5.543606]]],[[[73.005626,5.713324],[73.003184,5.708726],[72.99879,5.711982],[73.005626,5.713324]]],[[[72.949392,6.349799],[72.952973,6.346625],[72.948497,6.344428],[72.949392,6.349799]]],[[[72.892589,6.452094],[72.896169,6.448879],[72.891775,6.446723],[72.892589,6.452094]]],[[[73.097504,-0.599705],[73.118663,-0.64129],[73.111176,-0.64129],[73.0949,-0.604669],[73.091156,-0.586033],[73.104991,-0.579197],[73.097504,-0.599705]]],[[[73.365001,1.791083],[73.375824,1.78856],[73.370453,1.782538],[73.365001,1.791083]]],[[[73.400238,1.806342],[73.403087,1.798],[73.394379,1.794745],[73.400238,1.806342]]],[[[73.452647,1.826809],[73.463634,1.826321],[73.456716,1.82038],[73.452647,1.826809]]],[[[73.518077,1.842719],[73.499197,1.827786],[73.502289,1.834906],[73.518077,1.842719]]],[[[73.536469,1.870103],[73.53297,1.86164],[73.531505,1.863511],[73.536469,1.870103]]],[[[73.25172,1.892401],[73.243663,1.888739],[73.243988,1.89411],[73.25172,1.892401]]],[[[73.553071,1.93244],[73.548839,1.911363],[73.541189,1.89289],[73.553071,1.93244]]],[[[73.550059,1.976386],[73.549815,1.965684],[73.547699,1.968329],[73.550059,1.976386]]],[[[73.317231,1.9914],[73.322602,1.987982],[73.31837,1.9831],[73.317231,1.9914]]],[[[73.5442,2.026597],[73.542979,2.022162],[73.540375,2.022528],[73.5442,2.026597]]],[[[73.386974,2.033026],[73.386974,2.028632],[73.386241,2.030341],[73.386974,2.033026]]],[[[73.555675,2.082506],[73.551443,2.072577],[73.55128,2.07807],[73.555675,2.082506]]],[[[73.567638,2.109931],[73.585378,2.109605],[73.561778,2.094713],[73.567638,2.109931]]],[[[73.043712,2.166449],[73.041352,2.1647],[73.038259,2.164537],[73.043712,2.166449]]],[[[73.103852,2.186591],[73.102875,2.182115],[73.098888,2.184638],[73.103852,2.186591]]],[[[73.115489,2.199693],[73.12086,2.191799],[73.115001,2.191799],[73.115489,2.199693]]],[[[72.948416,2.274888],[72.946381,2.272406],[72.943126,2.273017],[72.948416,2.274888]]],[[[72.926117,2.32746],[72.927013,2.316067],[72.922537,2.319566],[72.926117,2.32746]]],[[[73.344005,2.348049],[73.343598,2.344184],[73.342296,2.342393],[73.344005,2.348049]]],[[[73.354259,2.437201],[73.365326,2.413886],[73.362641,2.385118],[73.354259,2.437201]]],[[[73.314789,2.505805],[73.315196,2.494127],[73.311778,2.496772],[73.314789,2.505805]]],[[[73.145518,2.55329],[73.143809,2.55036],[73.140961,2.55036],[73.145518,2.55329]]],[[[72.900076,2.682196],[72.905284,2.680813],[72.90447,2.675727],[72.900076,2.682196]]],[[[72.872569,2.694159],[72.873709,2.683661],[72.867361,2.686672],[72.872569,2.694159]]],[[[73.022309,2.741685],[73.032237,2.745103],[73.028005,2.738227],[73.022309,2.741685]]],[[[73.353526,2.778266],[73.353526,2.771918],[73.348481,2.775377],[73.353526,2.778266]]],[[[73.399262,2.785712],[73.390636,2.775377],[73.391856,2.78148],[73.399262,2.785712]]],[[[73.548595,2.892727],[73.551036,2.890611],[73.549083,2.888129],[73.548595,2.892727]]],[[[73.360362,2.903876],[73.362315,2.899726],[73.35727,2.899807],[73.360362,2.903876]]],[[[73.008474,2.953315],[73.014903,2.947414],[73.010427,2.945258],[73.008474,2.953315]]],[[[73.56422,2.954739],[73.562022,2.946112],[73.56129,2.948472],[73.56422,2.954739]]],[[[73.585948,2.961615],[73.577485,2.951158],[73.578461,2.957343],[73.585948,2.961615]]],[[[72.870128,2.969184],[72.865082,2.958157],[72.864919,2.960883],[72.870128,2.969184]]],[[[72.901622,3.083808],[72.906016,3.08039],[72.899913,3.07685],[72.901622,3.083808]]],[[[73.613048,3.106757],[73.612559,3.102973],[73.608409,3.100409],[73.613048,3.106757]]],[[[72.977875,3.110175],[72.981781,3.105048],[72.975108,3.104193],[72.977875,3.110175]]],[[[73.042247,3.205471],[73.046886,3.202053],[73.040701,3.198472],[73.042247,3.205471]]],[[[73.031749,3.252997],[73.035167,3.249335],[73.031993,3.245551],[73.031749,3.252997]]],[[[72.833263,3.312486],[72.837657,3.309068],[72.831554,3.305609],[72.833263,3.312486]]],[[[73.516368,3.361233],[73.518809,3.359117],[73.519135,3.356594],[73.516368,3.361233]]],[[[73.747569,3.451117],[73.753103,3.446438],[73.748546,3.448188],[73.747569,3.451117]]],[[[73.50587,3.501207],[73.508474,3.496568],[73.506196,3.497626],[73.50587,3.501207]]],[[[72.952403,3.733832],[72.955821,3.730129],[72.951996,3.726874],[72.952403,3.733832]]],[[[72.945811,3.772121],[72.949392,3.766995],[72.942393,3.766954],[72.945811,3.772121]]],[[[72.944591,3.836859],[72.94809,3.831692],[72.941173,3.831692],[72.944591,3.836859]]],[[[73.437266,3.846625],[73.433442,3.842719],[73.432465,3.846829],[73.437266,3.846625]]],[[[73.443533,3.920559],[73.443044,3.918769],[73.438487,3.916612],[73.443533,3.920559]]],[[[73.345063,3.944729],[73.341482,3.942043],[73.341482,3.943101],[73.345063,3.944729]]],[[[73.422618,4.118354],[73.421397,4.11636],[73.419119,4.115749],[73.422618,4.118354]]],[[[73.546197,4.243039],[73.551992,4.22833],[73.538174,4.183312],[73.510891,4.162087],[73.431201,4.184649],[73.432093,4.189998],[73.512015,4.186301],[73.546197,4.243039]]],[[[72.94516,4.266303],[72.958669,4.262519],[72.951182,4.262356],[72.94516,4.266303]]],[[[73.595876,4.342271],[73.592459,4.340155],[73.589366,4.340562],[73.595876,4.342271]]],[[[73.611501,4.363105],[73.611827,4.356513],[73.607677,4.3581],[73.611501,4.363105]]],[[[73.63795,4.370551],[73.637462,4.365627],[73.631684,4.368476],[73.63795,4.370551]]],[[[73.667979,4.3935],[73.668305,4.386868],[73.664317,4.388332],[73.667979,4.3935]]],[[[72.957042,4.4383],[72.956065,4.422105],[72.948904,4.422919],[72.94337,4.431586],[72.957042,4.4383]]],[[[73.553559,4.62051],[73.553884,4.613918],[73.550955,4.613837],[73.553559,4.62051]]],[[[73.629568,5.418524],[73.636729,5.402899],[73.632498,5.386257],[73.629568,5.418524]]],[[[73.005626,5.463202],[73.002615,5.457587],[72.999034,5.461005],[73.005626,5.463202]]],[[[72.883962,5.494086],[72.879161,5.48786],[72.877696,5.492092],[72.883962,5.494086]]],[[[73.019054,5.617825],[73.014008,5.611558],[73.012869,5.615709],[73.019054,5.617825]]],[[[73.014659,5.676988],[73.009776,5.670844],[73.008556,5.675035],[73.014659,5.676988]]],[[[73.392833,5.737698],[73.380707,5.714586],[73.382579,5.722113],[73.392833,5.737698]]],[[[72.986827,5.770738],[72.98585,5.76557],[72.982839,5.762559],[72.986827,5.770738]]],[[[73.382335,5.794989],[73.380707,5.784125],[73.376801,5.78734],[73.382335,5.794989]]],[[[72.976573,5.813625],[72.975108,5.804551],[72.970958,5.808417],[72.976573,5.813625]]],[[[73.44988,5.840766],[73.433767,5.830878],[73.443126,5.841254],[73.44988,5.840766]]],[[[72.963634,5.864325],[72.966482,5.850287],[72.961925,5.856676],[72.963634,5.864325]]],[[[73.429047,5.911363],[73.428477,5.904446],[73.423188,5.906887],[73.429047,5.911363]]],[[[72.931651,5.969062],[72.930186,5.956936],[72.925792,5.963284],[72.931651,5.969062]]],[[[73.389822,5.970282],[73.395333,5.957802],[73.386729,5.961982],[73.389822,5.970282]]],[[[72.915701,5.98135],[72.912852,5.976304],[72.909679,5.982123],[72.915701,5.98135]]],[[[73.250743,6.083401],[73.249034,6.079535],[73.245453,6.079779],[73.250743,6.083401]]],[[[73.252126,6.111233],[73.247244,6.107978],[73.248871,6.110175],[73.252126,6.111233]]],[[[73.22047,6.132066],[73.219005,6.129299],[73.21518,6.128567],[73.22047,6.132066]]],[[[73.270274,6.156928],[73.267263,6.150946],[73.265391,6.153551],[73.270274,6.156928]]],[[[73.219086,6.172349],[73.214041,6.168769],[73.215831,6.17121],[73.219086,6.172349]]],[[[73.270844,6.189439],[73.268077,6.178697],[73.265391,6.182766],[73.270844,6.189439]]],[[[73.03419,6.222357],[73.029145,6.21898],[73.030447,6.221015],[73.03419,6.222357]]],[[[73.24171,6.239691],[73.240245,6.228949],[73.236339,6.232123],[73.24171,6.239691]]],[[[73.128429,6.286851],[73.12615,6.284003],[73.123057,6.283352],[73.128429,6.286851]]],[[[73.21518,6.294827],[73.213064,6.289211],[73.209158,6.286689],[73.21518,6.294827]]],[[[73.083344,6.30858],[73.081391,6.305609],[73.078461,6.305121],[73.083344,6.30858]]],[[[73.197032,6.32746],[73.20102,6.318264],[73.195079,6.319648],[73.197032,6.32746]]],[[[73.124522,6.332506],[73.11964,6.329169],[73.120942,6.331041],[73.124522,6.332506]]],[[[73.187266,6.350775],[73.18214,6.34634],[73.181,6.34984],[73.187266,6.350775]]],[[[73.020518,6.368964],[73.024913,6.364814],[73.019298,6.363593],[73.020518,6.368964]]],[[[72.690929,6.411607],[72.687185,6.407416],[72.685883,6.411607],[72.690929,6.411607]]],[[[72.902843,6.440172],[72.906423,6.436916],[72.902029,6.43476],[72.902843,6.440172]]],[[[73.048813,6.441342],[73.046235,6.436265],[73.043305,6.433865],[73.048813,6.441342]]],[[[72.962087,6.559027],[72.958995,6.555487],[72.956798,6.560004],[72.962087,6.559027]]],[[[72.924001,6.565253],[72.927501,6.562079],[72.923106,6.559882],[72.924001,6.565253]]],[[[73.029959,6.582343],[73.030121,6.577541],[73.025564,6.57925],[73.029959,6.582343]]],[[[73.04477,6.621894],[73.041515,6.618354],[73.039399,6.62287],[73.04477,6.621894]]],[[[73.069509,6.667955],[73.061778,6.660956],[73.062266,6.666897],[73.069509,6.667955]]],[[[73.105968,6.709947],[73.095958,6.698472],[73.09669,6.706122],[73.105968,6.709947]]],[[[73.036632,6.759711],[73.036876,6.753485],[73.031993,6.756578],[73.036632,6.759711]]],[[[72.918468,6.763983],[72.915375,6.760443],[72.913259,6.764879],[72.918468,6.763983]]],[[[73.159516,6.786526],[73.166515,6.780341],[73.152843,6.749213],[73.131847,6.725165],[73.159516,6.786526]]],[[[73.181651,6.830512],[73.197276,6.828111],[73.183767,6.821112],[73.181651,6.830512]]],[[[72.995779,6.841498],[72.992442,6.837877],[72.990245,6.842434],[72.995779,6.841498]]],[[[73.144379,6.843411],[73.14031,6.83869],[73.139008,6.844428],[73.144379,6.843411]]],[[[72.976085,6.852851],[72.976248,6.848131],[72.971528,6.849758],[72.976085,6.852851]]],[[[73.098155,6.8522],[73.095063,6.8487],[73.092947,6.853095],[73.098155,6.8522]]],[[[72.964692,6.860663],[72.960623,6.856065],[72.959239,6.86164],[72.964692,6.860663]]],[[[73.106212,6.896674],[73.106293,6.891913],[73.101736,6.893541],[73.106212,6.896674]]],[[[73.214041,6.918606],[73.203949,6.884955],[73.201915,6.902248],[73.214041,6.918606]]],[[[72.925955,6.957424],[72.92628,6.953803],[72.924585,6.951704],[72.925955,6.957424]]],[[[73.198497,6.97134],[73.194672,6.951239],[73.191905,6.967597],[73.198497,6.97134]]],[[[72.891938,6.991034],[72.891938,6.987698],[72.890554,6.98546],[72.891938,6.991034]]],[[[72.979747,7.027737],[72.981456,7.013983],[72.977306,7.019029],[72.979747,7.027737]]],[[[72.949962,7.056545],[72.948497,7.050849],[72.947765,7.0539],[72.949962,7.056545]]],[[[72.912852,7.092719],[72.911876,7.083197],[72.906423,7.089016],[72.912852,7.092719]]],[[[72.8838,7.107245],[72.884532,7.103705],[72.882498,7.10163],[72.8838,7.107245]]]]}},{"type":"Feature","properties":{"iso3":"BHR","name":"Bahrain","continent":"Asia"},"geometry":{"type":"MultiPolygon","coordinates":[[[[50.551606,26.194241],[50.594737,26.160305],[50.619898,26.185466],[50.632779,26.146823],[50.64566,26.14575],[50.635507,26.134382],[50.634926,26.115694],[50.614757,26.111151],[50.618419,25.964748],[50.603526,25.85456],[50.56544,25.7897],[50.531423,25.88524],[50.467784,25.957587],[50.46046,25.985297],[50.490896,26.048],[50.485199,26.085639],[50.448904,26.161607],[50.461192,26.225246],[50.481456,26.24258],[50.516368,26.239691],[50.545421,26.227729],[50.586681,26.242499],[50.593272,26.238593],[50.609141,26.208279],[50.603526,26.197659],[50.551606,26.194241]]],[[[50.397704,26.174732],[50.419172,26.166144],[50.423466,26.119988],[50.385897,26.123208],[50.382676,26.159704],[50.397704,26.174732]]],[[[50.60165,26.278852],[50.632779,26.287439],[50.65532,26.276705],[50.656394,26.24665],[50.684302,26.221961],[50.678935,26.208007],[50.673568,26.20264],[50.657467,26.211227],[50.647807,26.239136],[50.612384,26.241283],[50.599504,26.262751],[50.60165,26.278852]]],[[[50.77431,25.721648],[50.80089,25.73114],[50.78317,25.696967],[50.795827,25.684943],[50.762286,25.667856],[50.776209,25.638745],[50.765451,25.629886],[50.77431,25.612166],[50.757224,25.588751],[50.759755,25.582422],[50.7452,25.584954],[50.737606,25.595712],[50.748997,25.621026],[50.740137,25.662161],[50.7452,25.687474],[50.77431,25.721648]]],[[[50.775576,25.752657],[50.790132,25.755188],[50.791397,25.74886],[50.780639,25.745063],[50.775576,25.752657]]],[[[50.804687,25.679247],[50.819875,25.678614],[50.816711,25.669122],[50.808484,25.664059],[50.804687,25.679247]]],[[[50.793296,25.652035],[50.816711,25.644441],[50.811648,25.631784],[50.790764,25.630518],[50.785069,25.648238],[50.793296,25.652035]]]]}},{"type":"Feature","properties":{"iso3":"MAC","name":"Macao S.A.R","continent":"Asia"},"geometry":{"type":"MultiPolygon","coordinates":[[[[113.558604,22.163031],[113.574067,22.156114],[113.560232,22.141547],[113.577973,22.139635],[113.57488,22.135037],[113.587494,22.124864],[113.566742,22.123358],[113.566335,22.107693],[113.546804,22.105373],[113.534434,22.1612],[113.558604,22.163031]]],[[[113.536469,22.217068],[113.555593,22.207546],[113.549164,22.199734],[113.55714,22.20246],[113.551524,22.189561],[113.524832,22.173814],[113.519867,22.183743],[113.535248,22.207546],[113.524343,22.212551],[113.536469,22.217068]]]]}}]}