{"type":"FeatureCollection","features":[{"type":"Feature","properties":{"iso3":"UKR","name":"Ukraine","continent":"Europe"},"geometry":{"type":"MultiPolygon","coordinates":[[[[31.764345,52.100568],[31.858706,52.09987],[31.910383,52.029073],[32.233309,52.080853],[32.277699,52.102661],[32.366995,52.2472],[32.35356,52.321588],[32.394281,52.326807],[32.890788,52.242316],[33.196506,52.368949],[33.465326,52.352749],[33.499433,52.340992],[33.510078,52.287533],[33.687948,52.355823],[33.804065,52.354609],[34.05573,52.170331],[34.096657,51.960576],[34.294578,51.873889],[34.41271,51.777693],[34.414157,51.736456],[34.37633,51.708602],[34.089113,51.666615],[34.079501,51.643102],[34.14451,51.613776],[34.223678,51.514764],[34.195979,51.385624],[34.300159,51.36839],[34.308737,51.33462],[34.185954,51.248914],[34.608357,51.234006],[34.674917,51.167679],[34.946115,51.214291],[35.091325,51.197677],[35.143622,51.058487],[35.355082,51.025595],[35.278084,50.992651],[35.282218,50.954255],[35.341749,50.91586],[35.37906,50.797211],[35.438488,50.762381],[35.468873,50.668536],[35.377716,50.621821],[35.425258,50.500485],[35.540807,50.450048],[35.611397,50.351708],[35.69687,50.345145],[35.83743,50.423228],[36.105837,50.42111],[36.269031,50.281376],[36.410005,50.304579],[36.536405,50.267527],[36.549531,50.212182],[36.594386,50.20443],[36.848634,50.323699],[37.197037,50.362405],[37.285197,50.41527],[37.415214,50.431858],[37.480017,50.340029],[37.599183,50.290885],[37.590294,50.20381],[37.72765,50.078701],[37.915856,50.003306],[38.000398,49.899798],[38.166176,49.94057],[38.173928,50.06015],[38.281208,50.062423],[38.376293,49.974935],[38.497526,49.948167],[38.662167,49.962585],[38.680977,49.918298],[38.852233,49.865795],[38.937395,49.803473],[39.032273,49.807349],[39.15578,49.873598],[39.26089,49.74451],[39.557513,49.723994],[39.622935,49.613459],[39.801529,49.542197],[39.998106,49.608239],[40.115515,49.590566],[40.126057,49.559095],[40.0349,49.487058],[40.148071,49.349599],[40.141663,49.245781],[39.952114,49.124548],[39.907259,49.042589],[39.698279,49.028378],[39.673991,48.970139],[39.782305,48.888438],[39.937644,48.856244],[40.034279,48.885596],[40.038724,48.829992],[39.975265,48.789685],[39.779411,48.80772],[39.711405,48.754803],[39.63172,48.586906],[39.809177,48.583754],[39.855066,48.556107],[39.854342,48.47544],[39.924105,48.376118],[39.815895,48.308164],[39.884831,48.278992],[39.978882,48.290077],[39.977642,48.235455],[39.843077,48.119751],[39.844317,48.045673],[39.759878,48.014951],[39.793984,47.945705],[39.775587,47.85801],[39.733833,47.815997],[38.877244,47.86124],[38.796215,47.819925],[38.713016,47.675722],[38.319035,47.591308],[38.260331,47.492942],[38.257954,47.393232],[38.190568,47.316906],[38.201006,47.290629],[38.291853,47.287037],[38.298158,47.256031],[38.203487,47.192314],[38.216645,47.103258],[38.142263,47.037665],[38.108084,47.026353],[38.130382,47.058417],[38.071544,47.099799],[37.546397,47.08161],[37.335216,46.882473],[37.227061,46.936998],[36.853689,46.800482],[36.769298,46.637397],[36.743826,46.642157],[36.790294,46.671291],[36.794281,46.729193],[36.633962,46.779975],[36.400157,46.723944],[36.303477,46.659247],[36.278331,46.607408],[36.189464,46.669013],[35.901622,46.652737],[35.491466,46.447984],[35.184744,46.145494],[35.000011,46.073635],[35.0171,46.112779],[35.20045,46.18301],[35.342133,46.335761],[35.346039,46.361029],[35.267589,46.35106],[35.284516,46.437405],[35.166677,46.49315],[35.209483,46.39643],[35.108409,46.297756],[35.030772,46.251776],[34.893565,46.251776],[34.81129,46.166246],[34.87436,45.926093],[35.001891,45.729003],[34.975667,45.717322],[34.788981,45.803664],[34.784314,45.899341],[34.688637,45.974015],[34.529954,45.981016],[34.464614,45.955347],[34.333934,46.069692],[34.067906,46.104696],[33.846216,46.195705],[33.67028,46.218106],[33.660449,46.148184],[33.549815,46.13642],[33.557872,46.094713],[33.505626,46.080268],[33.516287,46.046332],[33.423839,46.05329],[33.357758,46.103827],[33.290294,46.094713],[33.315684,46.131008],[33.21461,46.128241],[33.235118,46.223822],[33.122895,46.135891],[33.023448,46.169867],[33.032481,46.141018],[32.913097,46.11518],[32.766287,46.135688],[32.503429,46.076117],[32.260509,46.132148],[32.260916,46.188625],[32.115408,46.214545],[31.885753,46.320014],[31.88795,46.295152],[31.785899,46.292385],[31.767345,46.318183],[31.799815,46.342231],[31.968272,46.35106],[32.055186,46.39057],[32.007823,46.448961],[31.748546,46.499945],[31.695974,46.484117],[31.686534,46.429877],[31.508311,46.587592],[31.566661,46.55036],[31.756358,46.554267],[32.317556,46.464342],[32.399669,46.478339],[32.43572,46.543158],[32.645518,46.649604],[32.335785,46.562161],[32.253754,46.604722],[32.146332,46.560248],[32.117931,46.606879],[32.008962,46.639797],[31.936209,46.80036],[32.007498,46.915229],[31.946056,46.946682],[31.968923,46.998684],[31.943696,47.018948],[31.865245,47.026353],[31.896821,47.092719],[31.753266,47.248521],[31.723806,47.237494],[31.742442,47.209174],[31.806163,47.192694],[31.815603,47.122626],[31.861827,47.101508],[31.837413,47.00845],[31.947113,46.999091],[31.907725,46.926459],[31.968272,46.936998],[31.945079,46.859524],[31.864757,46.806586],[31.902843,46.745185],[31.899425,46.649604],[31.814708,46.623033],[31.674083,46.653225],[31.556814,46.614895],[31.504161,46.627997],[31.480968,46.64643],[31.618175,46.813463],[31.495616,46.750718],[31.440684,46.800482],[31.502126,46.727729],[31.428559,46.637641],[31.323904,46.606147],[31.159516,46.628974],[30.790701,46.552924],[30.758311,46.50259],[30.77475,46.400621],[30.731293,46.358588],[30.660655,46.350898],[30.686778,46.309027],[30.653494,46.259589],[30.503429,46.094387],[30.138438,45.81977],[30.135265,45.889146],[30.094574,45.814846],[29.968516,45.838935],[29.952891,45.771959],[29.935069,45.816148],[29.918712,45.799872],[29.932384,45.724189],[29.881684,45.763007],[29.802419,45.737494],[29.865001,45.672349],[29.745942,45.622626],[29.682628,45.696845],[29.680431,45.798285],[29.633556,45.821357],[29.637543,45.709906],[29.603201,45.691311],[29.589692,45.559068],[29.648448,45.545396],[29.707042,45.57331],[29.605154,45.487006],[29.640798,45.441799],[29.672374,45.477118],[29.713227,45.436225],[29.747406,45.463446],[29.75587,45.427883],[29.727712,45.415676],[29.756196,45.321234],[29.729747,45.237738],[29.67449,45.213568],[29.650262,45.346122],[29.430637,45.430406],[29.228169,45.42374],[28.929893,45.279098],[28.789746,45.321421],[28.761531,45.281837],[28.802665,45.244165],[28.710061,45.226956],[28.330239,45.322919],[28.286418,45.421725],[28.201565,45.468854],[28.270423,45.521471],[28.502012,45.508748],[28.500048,45.554585],[28.536893,45.579803],[28.482891,45.650755],[28.504182,45.693698],[28.56144,45.71659],[28.576684,45.761911],[28.669753,45.77731],[28.677298,45.816584],[28.725564,45.82878],[28.74024,45.953217],[28.956868,46.001379],[28.938781,46.089281],[29.015365,46.182609],[28.93351,46.258986],[28.919247,46.404662],[28.945809,46.454788],[29.183059,46.538042],[29.206775,46.502511],[29.200677,46.35712],[29.283256,46.397427],[29.306717,46.471997],[29.362114,46.415928],[29.456724,46.484366],[29.480867,46.482048],[29.473322,46.439802],[29.598586,46.363063],[29.702869,46.42833],[29.714134,46.47117],[29.828132,46.339395],[29.918669,46.373656],[30.08114,46.374199],[30.131576,46.422826],[30.077006,46.422826],[30.009413,46.488068],[29.916086,46.518815],[29.898826,46.553129],[29.949675,46.578863],[29.930658,46.803087],[29.573161,46.933725],[29.6021,47.061005],[29.480867,47.10524],[29.55063,47.160172],[29.544015,47.23425],[29.580189,47.26045],[29.556573,47.324038],[29.480867,47.338274],[29.409553,47.279751],[29.232613,47.44633],[29.163884,47.439379],[29.117426,47.533327],[29.182074,47.613219],[29.234732,47.766801],[29.177733,47.800701],[29.232768,47.85708],[29.110037,47.979656],[29.017226,47.931081],[28.914803,47.953146],[28.771246,48.124454],[28.541596,48.155951],[28.490023,48.065491],[28.459379,48.074457],[28.419019,48.122232],[28.427288,48.163366],[28.328586,48.127012],[28.357731,48.238607],[28.216965,48.208144],[28.178517,48.258864],[28.093251,48.237444],[28.076405,48.314933],[27.92644,48.339428],[27.78526,48.441566],[27.627026,48.451256],[27.582998,48.486034],[27.420217,48.417149],[27.306012,48.42366],[27.208551,48.360615],[27.02634,48.397099],[27.004635,48.358755],[26.943244,48.351262],[26.842785,48.39374],[26.778189,48.357204],[26.785734,48.294108],[26.679797,48.330178],[26.5874,48.249356],[26.311758,48.20972],[26.255327,48.072338],[26.125723,47.978416],[25.261744,47.898576],[25.080257,47.743133],[24.896599,47.710061],[24.793659,47.804473],[24.679144,47.84013],[24.633669,47.908291],[24.542098,47.943819],[24.428514,47.952526],[24.231006,47.897026],[23.977275,47.962293],[23.855215,47.934233],[23.796511,47.981982],[23.646132,47.996606],[23.525623,48.00118],[23.460821,47.971337],[23.139083,48.098125],[23.063119,48.007458],[23.020331,47.984721],[22.924109,48.004823],[22.924213,47.972732],[22.877601,47.946739],[22.840807,47.966789],[22.85476,48.047301],[22.801429,48.090968],[22.745722,48.116289],[22.600098,48.101122],[22.481449,48.242586],[22.357116,48.243103],[22.284355,48.358393],[22.25676,48.357282],[22.271849,48.403455],[22.13284,48.404798],[22.138731,48.569595],[22.310297,48.681681],[22.368898,48.856451],[22.448996,48.971431],[22.505013,48.984246],[22.560721,49.085532],[22.642886,49.043157],[22.744482,49.045535],[22.855276,48.994013],[22.865014,49.013237],[22.841324,49.094886],[22.692496,49.157931],[22.73394,49.26087],[22.724225,49.367065],[22.640922,49.528761],[22.665831,49.567363],[23.101463,49.957107],[23.644169,50.312692],[23.695742,50.376771],[23.981306,50.40478],[24.010658,50.492785],[24.09396,50.52715],[24.10843,50.629882],[24.081041,50.712978],[24.026884,50.728016],[24.025851,50.76083],[23.957638,50.808011],[24.143156,50.856432],[23.979342,50.937512],[23.854492,51.121532],[23.874749,51.13613],[23.628666,51.325964],[23.697602,51.404435],[23.648716,51.453966],[23.662772,51.480192],[23.608099,51.511224],[23.628666,51.531223],[23.599107,51.588971],[23.628976,51.629046],[23.749692,51.644472],[23.981306,51.586],[24.244132,51.718214],[24.311518,51.827561],[24.39079,51.880013],[24.721829,51.882338],[25.138031,51.948949],[25.351971,51.921483],[25.767915,51.928511],[26.080764,51.900657],[26.175332,51.856707],[26.407773,51.850609],[26.431544,51.810224],[26.665741,51.801387],[26.854774,51.749349],[27.151086,51.756764],[27.177855,51.747075],[27.189017,51.663773],[27.277487,51.651138],[27.267462,51.587498],[27.512305,51.623129],[27.676842,51.59481],[27.705161,51.568352],[27.66413,51.492853],[27.714256,51.463707],[27.787327,51.510914],[27.831252,51.612923],[27.973155,51.55781],[28.070824,51.557629],[28.21004,51.651965],[28.346879,51.525151],[28.461239,51.571659],[28.603918,51.553547],[28.647016,51.439006],[28.703963,51.442623],[28.718226,51.411618],[28.746751,51.413995],[28.799875,51.532618],[28.980846,51.569463],[29.063218,51.630596],[29.147967,51.615636],[29.226515,51.519053],[29.221038,51.466963],[29.319946,51.365574],[29.446399,51.384901],[29.637756,51.490889],[29.828649,51.429963],[29.896552,51.464198],[30.14863,51.48443],[30.32619,51.395262],[30.319885,51.341596],[30.355129,51.305267],[30.539613,51.235168],[30.638315,51.33586],[30.622606,51.412108],[30.584004,51.439213],[30.618162,51.459651],[30.584004,51.542256],[30.534136,51.553263],[30.515119,51.596257],[30.630564,51.715604],[30.618162,51.761338],[30.741668,51.897919],[30.779495,51.897919],[30.888739,51.994347],[30.941243,51.993804],[30.91127,52.022562],[30.934421,52.069717],[31.134823,52.076667],[31.228977,52.03822],[31.383076,52.117492],[31.764345,52.100568]]],[[[29.918712,45.69066],[30.125987,45.811469],[29.908051,45.666449],[29.730968,45.591376],[29.918712,45.69066]]],[[[32.989268,46.042629],[33.045095,46.037909],[33.04005,46.012152],[32.619395,46.060004],[32.989268,46.042629]]],[[[31.940278,46.204576],[32.153087,46.155992],[31.580333,46.262763],[31.505056,46.354926],[31.521983,46.368476],[31.554373,46.296332],[31.618175,46.259223],[31.940278,46.204576]]]]}},{"type":"Feature","properties":{"iso3":"BLR","name":"Belarus","continent":"Europe"},"geometry":{"type":"Polygon","coordinates":[[[23.606238,51.517399],[23.56035,51.555304],[23.532444,51.6515],[23.56035,51.671963],[23.552288,51.736636],[23.628666,51.809759],[23.594559,51.843297],[23.676415,51.994088],[23.641482,52.072921],[23.531928,52.120644],[23.487693,52.181622],[23.212257,52.231671],[23.176099,52.285136],[23.392298,52.509638],[23.868961,52.670042],[23.922498,52.742596],[23.909682,53.012734],[23.860693,53.087484],[23.893663,53.151951],[23.800645,53.242462],[23.590942,53.611251],[23.485625,53.939293],[23.642618,53.898985],[24.169615,53.95893],[24.276378,53.891802],[24.377871,53.886841],[24.666845,53.993863],[24.788698,53.969678],[24.819084,53.992313],[24.787148,54.077631],[24.821565,54.134526],[25.071989,54.132201],[25.156531,54.175712],[25.224124,54.25855],[25.369748,54.247904],[25.459355,54.298909],[25.553975,54.231265],[25.501678,54.221756],[25.523382,54.204238],[25.493307,54.157522],[25.516044,54.144758],[25.653503,54.128739],[25.763057,54.156437],[25.786829,54.231781],[25.695981,54.320975],[25.564,54.303146],[25.529997,54.346141],[25.612576,54.421796],[25.630869,54.508354],[25.740423,54.568505],[25.708384,54.663021],[25.7212,54.766736],[25.778457,54.805286],[25.782695,54.869675],[25.870234,54.938818],[26.138642,54.968946],[26.264422,55.140098],[26.600939,55.120823],[26.656956,55.215339],[26.789661,55.257197],[26.768629,55.300243],[26.445496,55.337502],[26.543268,55.459613],[26.532106,55.516251],[26.595565,55.56803],[26.615615,55.687971],[26.822838,55.70611],[26.979426,55.826291],[27.151448,55.832459],[27.263018,55.787216],[27.349627,55.831219],[27.592713,55.794244],[27.64501,55.922841],[27.744435,55.959738],[27.781229,56.016375],[27.92706,56.109367],[28.110976,56.156806],[28.310912,56.042679],[28.389771,56.088567],[28.594719,56.092391],[28.73192,55.946793],[28.830881,55.937672],[28.859716,55.976455],[29.030765,56.024178],[29.377411,55.954028],[29.444435,55.906925],[29.380718,55.871242],[29.350745,55.766055],[29.480867,55.681099],[29.684162,55.770602],[29.805705,55.771455],[29.907817,55.843208],[30.106255,55.821917],[30.200254,55.857987],[30.468817,55.793521],[30.587466,55.718306],[30.596354,55.665286],[30.679967,55.656346],[30.742185,55.594385],[30.886156,55.600483],[30.919745,55.534492],[30.887189,55.468088],[30.918298,55.387783],[30.797169,55.304274],[30.975039,55.13953],[31.006407,55.04243],[30.913234,55.024601],[30.917368,54.953959],[30.814842,54.928018],[30.826108,54.877478],[30.762649,54.801979],[31.167947,54.621577],[31.064646,54.492282],[31.20903,54.448047],[31.324682,54.229249],[31.808477,54.055978],[31.84651,53.992313],[31.744656,53.794857],[31.873175,53.777132],[32.083602,53.809637],[32.442133,53.713932],[32.487815,53.669645],[32.406115,53.639414],[32.429421,53.56159],[32.719532,53.439478],[32.717465,53.334937],[32.454845,53.300443],[32.479133,53.274915],[32.423633,53.204402],[32.126545,53.084229],[31.806823,53.110015],[31.756283,53.186574],[31.614018,53.209751],[31.378529,53.182026],[31.363698,53.088776],[31.247064,53.014388],[31.560843,52.787063],[31.570248,52.725258],[31.480641,52.68247],[31.624302,52.53806],[31.558156,52.519999],[31.608592,52.354428],[31.567354,52.311382],[31.68342,52.257199],[31.682386,52.201931],[31.749049,52.163949],[31.764345,52.100568],[31.383076,52.117492],[31.228977,52.03822],[31.134823,52.076667],[30.934421,52.069717],[30.91127,52.022562],[30.941243,51.993804],[30.888739,51.994347],[30.672732,51.829602],[30.624983,51.706096],[30.582815,51.702297],[30.515119,51.603673],[30.60762,51.469831],[30.587879,51.427353],[30.64555,51.36746],[30.555323,51.243462],[30.355129,51.305267],[30.30738,51.409602],[30.14863,51.48443],[29.896552,51.464198],[29.828649,51.429963],[29.637756,51.490889],[29.519004,51.441797],[29.466294,51.385056],[29.319946,51.365574],[29.221038,51.466963],[29.226515,51.519053],[29.160421,51.603311],[29.083682,51.631217],[28.980846,51.569463],[28.799875,51.532618],[28.728768,51.401256],[28.637301,51.449626],[28.612703,51.53993],[28.578079,51.56011],[28.461239,51.571659],[28.333857,51.52838],[28.21004,51.651965],[28.090151,51.562048],[27.973155,51.55781],[27.831252,51.612923],[27.792546,51.517296],[27.714256,51.463707],[27.666182,51.490194],[27.692655,51.589229],[27.477268,51.623672],[27.267462,51.587498],[27.27449,51.6338],[27.20359,51.655143],[27.151086,51.756764],[26.854774,51.749349],[26.665741,51.801387],[26.4456,51.805599],[26.419762,51.846862],[26.175332,51.856707],[26.080764,51.900657],[25.767915,51.928511],[25.351971,51.921483],[25.138031,51.948949],[24.721829,51.882338],[24.39079,51.880013],[24.311518,51.827561],[24.244132,51.718214],[23.981306,51.586],[23.749692,51.644472],[23.628976,51.629046],[23.593319,51.596955],[23.626289,51.540886],[23.606238,51.517399]]]}},{"type":"Feature","properties":{"iso3":"LTU","name":"Lithuania","continent":"Europe"},"geometry":{"type":"MultiPolygon","coordinates":[[[[26.594531,55.666991],[26.607657,55.616451],[26.605177,55.590096],[26.595565,55.56803],[26.532106,55.516251],[26.527662,55.492169],[26.546472,55.471241],[26.543268,55.459613],[26.49924,55.428091],[26.486011,55.390832],[26.445496,55.337502],[26.450044,55.327063],[26.525388,55.308098],[26.602696,55.316883],[26.768629,55.300243],[26.791574,55.290166],[26.80072,55.27332],[26.789661,55.257197],[26.76558,55.246706],[26.701088,55.236836],[26.656956,55.215339],[26.633909,55.192188],[26.616339,55.135395],[26.600939,55.120823],[26.578925,55.118549],[26.473402,55.145679],[26.428753,55.128212],[26.309484,55.144645],[26.264422,55.140098],[26.233003,55.111624],[26.224631,55.054884],[26.187838,55.008736],[26.138642,54.968946],[26.102572,54.957008],[25.981132,54.942694],[25.907855,54.948068],[25.870234,54.938818],[25.858452,54.932979],[25.84667,54.90621],[25.782695,54.869675],[25.772256,54.850865],[25.782281,54.821978],[25.778457,54.805286],[25.734946,54.78906],[25.7212,54.766736],[25.72461,54.715679],[25.708384,54.663021],[25.739906,54.607727],[25.745591,54.5884],[25.740423,54.568505],[25.70735,54.54153],[25.630869,54.508354],[25.619914,54.488096],[25.612576,54.421796],[25.529997,54.346141],[25.528653,54.320975],[25.542296,54.308056],[25.564,54.303146],[25.607408,54.304852],[25.682339,54.325626],[25.695981,54.320975],[25.719236,54.281546],[25.748898,54.276326],[25.789206,54.236225],[25.771946,54.21788],[25.771016,54.172147],[25.763057,54.156437],[25.74001,54.146257],[25.690607,54.148221],[25.653503,54.128739],[25.516044,54.144758],[25.493307,54.157522],[25.485762,54.175402],[25.528963,54.195659],[25.499301,54.211834],[25.501678,54.221756],[25.553975,54.231265],[25.478682,54.293328],[25.459355,54.298909],[25.434137,54.291829],[25.394036,54.257154],[25.369748,54.247904],[25.287583,54.245217],[25.206244,54.256793],[25.156531,54.175712],[25.115603,54.148789],[25.071989,54.132201],[25.027133,54.12786],[24.902283,54.149771],[24.855981,54.146722],[24.821565,54.134526],[24.818671,54.113959],[24.784254,54.096234],[24.787148,54.077631],[24.821358,54.019908],[24.819394,53.992571],[24.806372,53.975311],[24.788698,53.969678],[24.705603,53.964201],[24.670566,53.994276],[24.528663,53.958361],[24.414044,53.897693],[24.377871,53.886841],[24.257051,53.894024],[24.229146,53.932368],[24.201137,53.95247],[24.169615,53.95893],[24.045385,53.930869],[23.981306,53.930404],[23.919811,53.947768],[23.828344,53.920069],[23.787209,53.927924],[23.627116,53.89821],[23.485625,53.939293],[23.487486,53.955622],[23.45865,53.981616],[23.45927,53.992313],[23.496477,54.021975],[23.496167,54.044558],[23.473947,54.112564],[23.449039,54.154938],[23.432502,54.169305],[23.391471,54.180105],[23.354471,54.217054],[23.316023,54.236277],[23.197271,54.267851],[23.117069,54.303457],[23.050096,54.294827],[23.032113,54.309554],[23.041622,54.340974],[22.989738,54.353376],[22.96266,54.381695],[22.918838,54.381126],[22.837603,54.400918],[22.812695,54.394097],[22.78603,54.36521],[22.76722,54.35627],[22.706965,54.418747],[22.680403,54.453215],[22.674616,54.492282],[22.681747,54.5699],[22.708102,54.635633],[22.700867,54.679558],[22.727015,54.705344],[22.724845,54.723379],[22.764843,54.737125],[22.832849,54.778673],[22.848352,54.813813],[22.821273,54.885488],[22.749236,54.909879],[22.740968,54.917631],[22.75213,54.931118],[22.715543,54.951376],[22.633481,54.957939],[22.608366,54.992407],[22.580668,55.057622],[22.565475,55.067803],[22.541084,55.075761],[22.436284,55.057777],[22.251282,55.070852],[22.142658,55.054625],[22.09987,55.029924],[22.076823,55.02858],[22.02773,55.044393],[22.015431,55.088422],[22.003442,55.093486],[21.942774,55.078293],[21.873217,55.094933],[21.819887,55.119324],[21.750641,55.127954],[21.645841,55.181026],[21.60512,55.192498],[21.503938,55.19441],[21.467661,55.211153],[21.405546,55.27239],[21.37485,55.28996],[21.349839,55.287789],[21.267589,55.248684],[21.264415,55.284003],[21.28533,55.287055],[21.291189,55.297065],[21.274181,55.327338],[21.259451,55.336249],[21.257091,55.369371],[21.246593,55.370185],[21.188813,55.338609],[21.18336,55.346177],[21.224294,55.399319],[21.248302,55.417873],[21.248383,55.442328],[21.222911,55.520209],[21.199392,55.537665],[21.195079,55.58511],[21.157563,55.64175],[21.147227,55.678168],[21.099376,55.729071],[21.074392,55.74494],[21.060557,55.789252],[21.044688,55.873725],[21.044688,55.917711],[21.05836,55.95185],[21.053396,56.072618],[21.190365,56.084459],[21.229639,56.163188],[21.254857,56.185202],[21.327618,56.224373],[21.419292,56.237395],[21.596025,56.307882],[21.684495,56.310104],[22.094082,56.41741],[22.139144,56.415705],[22.214902,56.390383],[22.511731,56.395964],[22.604749,56.379092],[22.666347,56.349094],[22.924523,56.412113],[22.956976,56.401985],[23.016714,56.32385],[23.062292,56.304161],[23.112728,56.310879],[23.162854,56.341007],[23.154173,56.351394],[23.17257,56.357956],[23.288428,56.373046],[23.481595,56.330103],[23.517561,56.328656],[23.609856,56.353822],[23.706697,56.354442],[23.723544,56.345812],[23.723647,56.332118],[23.7561,56.325969],[23.858109,56.334392],[23.981306,56.312404],[24.07515,56.271192],[24.138919,56.257446],[24.318546,56.29858],[24.414354,56.265507],[24.44722,56.260521],[24.481327,56.26884],[24.538998,56.287625],[24.639147,56.359972],[24.678628,56.377283],[24.805545,56.408548],[24.845852,56.40493],[24.857118,56.435368],[24.870967,56.442602],[24.892258,56.438727],[24.910138,56.421958],[24.973183,56.300751],[25.026203,56.260185],[25.04398,56.22799],[25.073125,56.197811],[25.109196,56.183083],[25.454808,56.149649],[25.522762,56.156573],[25.572888,56.143034],[25.661875,56.140812],[25.696602,56.087895],[25.766261,56.058647],[25.871268,55.992139],[26.017616,55.937362],[26.178639,55.84959],[26.279718,55.743239],[26.34235,55.716342],[26.48105,55.678308],[26.594531,55.666991]]],[[[20.989431,55.273116],[20.924569,55.282658],[20.999522,55.357001],[21.041515,55.416083],[21.082367,55.497626],[21.099376,55.5987],[21.090668,55.633124],[21.093516,55.695543],[21.085216,55.722846],[21.117442,55.699774],[21.131521,55.655585],[21.133556,55.568305],[21.119884,55.527045],[21.119884,55.489447],[21.087169,55.441067],[21.106212,55.42121],[21.073497,55.391791],[21.037852,55.328599],[20.988943,55.291327],[20.989431,55.273116]]]]}},{"type":"Feature","properties":{"iso3":"RUS","name":"Russia","continent":"Europe"},"geometry":{"type":"MultiPolygon","coordinates":[[[[87.816324,49.165837],[87.323796,49.085274],[87.217963,49.229813],[86.933329,49.324277],[86.802432,49.52225],[86.599344,49.573513],[86.775871,49.695004],[86.642442,49.793861],[86.214251,49.496153],[85.946257,49.481374],[85.942123,49.551085],[85.628447,49.606482],[85.263095,49.581523],[84.975774,49.89401],[84.986729,50.066971],[84.261812,50.253626],[84.19794,50.493146],[83.950565,50.780416],[83.433956,50.992651],[82.764539,50.906661],[82.475823,50.714012],[81.763464,50.784343],[81.460226,50.730341],[81.400798,50.959113],[81.051517,50.955702],[81.152028,51.186541],[80.682754,51.302012],[80.599245,51.208555],[80.421995,51.187574],[80.439048,50.958131],[80.154518,50.827235],[80.049305,50.852349],[80.085995,50.752149],[80.021296,50.766877],[79.042958,51.992512],[77.866802,53.272331],[76.525695,53.961307],[76.374387,54.147755],[76.664602,54.134061],[76.837718,54.296894],[76.766094,54.36459],[76.885673,54.422777],[76.852394,54.461173],[75.429225,54.090085],[75.360702,54.059544],[75.433979,53.986525],[75.027906,53.807931],[74.806214,53.837697],[74.626793,53.687318],[74.453471,53.684993],[74.409132,53.477564],[73.90415,53.639156],[73.347181,53.459374],[73.39121,53.520249],[73.224915,53.629854],[73.431827,53.865447],[73.682872,53.874129],[73.740646,54.057942],[73.601533,54.071223],[73.518024,53.956036],[73.190705,53.961617],[72.885504,54.117318],[72.624228,54.134991],[72.503099,54.050862],[72.694818,53.992571],[72.423414,53.903481],[72.358405,54.092978],[72.466718,54.109928],[72.298563,54.1784],[72.33298,54.223771],[72.221875,54.333222],[72.043178,54.378026],[72.066743,54.222376],[72.187356,54.179433],[72.155109,54.128377],[71.762472,54.247646],[71.647234,54.108585],[71.349732,54.197675],[71.182301,54.101557],[70.980039,54.325057],[71.190621,54.318184],[71.141218,54.563751],[71.264673,54.661729],[70.994095,54.807508],[70.960092,55.105578],[70.793177,55.233167],[70.820359,55.294145],[70.468586,55.285462],[70.231351,55.141493],[69.673866,55.33404],[69.334558,55.385148],[69.226244,55.333575],[68.943161,55.43455],[68.980885,55.291458],[68.734234,55.351714],[68.593621,55.193583],[68.177109,55.170535],[68.308161,55.072815],[68.166051,54.95613],[67.846794,54.963933],[67.698482,54.867918],[65.97745,54.611706],[65.951871,54.693665],[65.743976,54.600854],[65.477378,54.632687],[65.214293,54.527887],[65.173779,54.310174],[64.910642,54.402727],[64.720163,54.333842],[64.004496,54.319735],[63.976642,54.218862],[63.708648,54.250437],[62.580965,54.053601],[62.545102,53.883689],[62.408159,53.92472],[62.446141,54.014534],[61.581801,53.947664],[61.337682,54.063161],[61.193505,54.018254],[61.210765,53.907667],[61.017391,53.948956],[60.971813,53.915832],[61.178725,53.780853],[61.042713,53.654246],[60.904737,53.657088],[61.280734,53.542418],[61.503047,53.588978],[61.555343,53.505727],[61.381607,53.436119],[61.235259,53.50304],[61.162706,53.299151],[62.050662,53.124769],[62.094173,52.992658],[61.959246,52.934935],[61.448269,53.021416],[60.97543,52.971548],[61.058422,52.922171],[60.672193,52.682625],[61.039922,52.334998],[60.672193,52.144338],[60.4258,52.129584],[59.985723,51.952282],[60.09228,51.854769],[60.452051,51.805469],[60.371539,51.705166],[60.484711,51.651034],[60.921067,51.611476],[61.015221,51.492078],[61.473798,51.425803],[61.646259,51.263193],[61.513175,51.159514],[61.404034,50.802585],[61.095216,50.722693],[60.718495,50.652672],[60.300433,50.684659],[60.021276,50.854055],[59.815708,50.56291],[59.555052,50.484361],[59.466272,50.507357],[59.535311,50.54658],[59.437643,50.631123],[58.925943,50.678148],[58.664357,50.789924],[58.550152,50.893277],[58.595007,51.023372],[58.323396,51.141944],[58.167643,51.055179],[57.796193,51.123263],[57.722399,50.908728],[57.418128,50.862375],[57.168221,51.093782],[56.716052,51.072465],[56.709644,50.981592],[56.446508,51.056575],[56.343878,50.911416],[56.174896,50.908677],[56.100069,50.74786],[55.694305,50.538777],[55.305389,50.664971],[54.685788,51.023553],[54.55267,51.010169],[54.673593,50.634326],[54.499443,50.523274],[54.383584,50.59991],[54.478566,50.815711],[53.93586,51.185611],[53.67386,51.219872],[53.609368,51.364101],[53.407313,51.484171],[52.52499,51.467531],[52.307794,51.774541],[52.035252,51.652404],[51.869164,51.673074],[51.693309,51.454096],[51.584324,51.534918],[51.304238,51.47164],[51.352503,51.636229],[50.767009,51.7594],[50.764322,51.578662],[50.599836,51.634731],[50.348947,51.322605],[49.795906,51.109569],[49.460112,51.116158],[49.359137,50.992651],[49.423732,50.882063],[49.36942,50.82677],[48.830435,50.596034],[48.608795,50.647917],[48.780981,50.137561],[48.885884,50.030436],[48.784598,49.933387],[48.429891,49.809674],[48.239308,49.864761],[47.808224,50.319927],[47.624669,50.440798],[47.469795,50.411756],[47.276266,50.199883],[47.308719,50.044802],[46.899907,49.820319],[46.775108,49.332545],[47.040002,49.150334],[46.753818,48.91407],[46.479312,48.411852],[47.078294,48.275349],[47.103564,48.101199],[47.173947,48.084198],[47.058398,47.994488],[47.125164,47.832094],[47.359672,47.683344],[47.435326,47.834394],[48.174351,47.712851],[48.525079,47.410234],[49.00629,46.76911],[48.764031,46.682836],[48.556705,46.761746],[48.479087,46.683457],[49.306,46.263129],[49.1421,46.309963],[49.05893,46.251776],[49.119477,46.158759],[49.020763,46.176663],[48.949962,46.098293],[48.839203,46.149359],[48.825531,46.066799],[48.667817,46.107815],[48.7824,45.858385],[48.721446,45.838324],[48.593761,45.958197],[48.465587,45.940172],[48.224294,45.768378],[48.242849,45.709906],[47.848888,45.717231],[47.818207,45.6081],[47.580414,45.770901],[47.653656,45.559068],[47.425304,45.734809],[47.559744,45.598456],[47.419119,45.426663],[47.379405,45.202826],[47.111501,44.958482],[47.084483,44.817532],[47.011485,44.902289],[46.971446,44.783759],[46.791677,44.706041],[46.683604,44.506781],[46.758962,44.40058],[47.002615,44.367336],[47.122244,44.222724],[47.22169,44.23078],[47.489268,43.815579],[47.366547,43.602851],[47.424327,43.503974],[47.544444,43.86522],[47.701508,43.874498],[47.490896,43.462836],[47.564952,43.268052],[47.481212,43.202338],[47.461925,43.020819],[47.69809,42.867133],[47.751801,42.636664],[48.078787,42.362738],[48.386729,41.937201],[48.552908,41.875556],[48.370153,41.58015],[48.086553,41.476643],[47.828739,41.198417],[47.268411,41.302803],[47.141391,41.5524],[47.028262,41.557075],[46.745033,41.840135],[46.549851,41.79776],[46.479312,41.887005],[45.631405,42.201172],[45.698688,42.507587],[45.32269,42.530118],[45.122961,42.702278],[44.902974,42.753076],[44.78231,42.61665],[44.508115,42.750286],[43.958433,42.554406],[43.751107,42.598745],[43.800613,42.746462],[43.194345,42.926761],[42.79132,43.176177],[41.614131,43.213022],[40.689966,43.523129],[40.23313,43.575765],[40.096705,43.562639],[39.93336,43.406684],[38.775645,44.261217],[38.217296,44.387193],[37.799978,44.722602],[37.769298,44.632392],[37.478282,44.677191],[37.191905,44.991034],[36.59311,45.164781],[36.935232,45.268012],[36.966156,45.311591],[36.788829,45.292182],[36.781586,45.387641],[36.687999,45.331488],[36.833263,45.44302],[37.131521,45.340562],[37.169119,45.251166],[37.319184,45.271674],[37.162283,45.306464],[37.504731,45.36107],[37.72047,45.299628],[37.702647,45.543158],[37.658702,45.580797],[37.608246,45.415839],[37.595063,45.635321],[37.702891,45.621772],[37.66684,45.663764],[37.816417,45.744615],[37.940115,46.020331],[38.091075,46.060004],[38.060313,45.826606],[38.207286,46.131781],[38.539073,46.033596],[38.57602,46.087348],[38.122895,46.377509],[37.90504,46.411038],[37.755138,46.645941],[37.98227,46.617499],[38.261485,46.728176],[38.57545,46.653795],[38.513438,46.732489],[38.383556,46.713813],[38.414724,46.833319],[39.088145,47.033189],[39.261892,47.008612],[39.367849,47.106147],[39.254568,47.140123],[39.264008,47.26081],[39.119884,47.277045],[38.492931,47.128079],[38.559906,47.218207],[38.821137,47.276313],[38.216645,47.103258],[38.284722,47.241149],[38.220333,47.288794],[38.260331,47.492942],[38.352935,47.607095],[38.713016,47.675722],[38.877244,47.86124],[39.759051,47.832947],[39.831191,48.099985],[39.993248,48.27323],[39.815895,48.308164],[39.906845,48.398339],[39.835325,48.57347],[39.63172,48.586906],[39.751196,48.781881],[40.053813,48.869215],[39.782305,48.888438],[39.681123,49.020316],[39.891342,49.041762],[40.141663,49.245781],[40.0349,49.487058],[40.126057,49.559095],[40.017743,49.607878],[39.801529,49.542197],[39.570432,49.713297],[39.289932,49.732056],[39.182755,49.858508],[38.937395,49.803473],[38.314074,50.049504],[38.189844,50.062785],[38.119047,49.919176],[38.000398,49.899798],[37.590294,50.20381],[37.599183,50.290885],[37.314755,50.42297],[36.594386,50.20443],[36.400186,50.306646],[36.269031,50.281376],[36.105837,50.42111],[35.611397,50.351708],[35.425258,50.500485],[35.377716,50.621821],[35.468873,50.668536],[35.293587,50.937615],[35.308676,51.047325],[35.143622,51.058487],[35.09918,51.183182],[34.185954,51.248914],[34.308737,51.33462],[34.21572,51.373765],[34.21541,51.531998],[34.089113,51.666615],[34.414157,51.736456],[34.385735,51.817665],[34.096244,51.951817],[34.07361,52.139558],[33.815227,52.345075],[33.531679,52.288825],[33.196506,52.368949],[32.926858,52.246915],[32.394281,52.326807],[32.233309,52.080853],[31.927229,52.031089],[31.764345,52.100568],[31.567354,52.311382],[31.552988,52.502249],[31.610763,52.535993],[31.4917,52.667096],[31.569525,52.767504],[31.247064,53.014388],[31.464002,53.199984],[32.20592,53.100352],[32.447197,53.288764],[32.717465,53.334937],[32.717794,53.431062],[32.429421,53.56159],[32.442133,53.713932],[32.10603,53.806949],[31.787289,53.794392],[31.823566,54.045488],[31.324682,54.229249],[31.22536,54.428048],[31.093585,54.479415],[31.128621,54.640387],[30.770607,54.786011],[30.994211,55.067027],[30.821353,55.26438],[30.905948,55.376001],[30.886156,55.600483],[30.742185,55.594385],[30.217773,55.855145],[29.907817,55.843208],[29.5081,55.685491],[29.363406,55.751482],[29.395601,55.947723],[29.030765,56.024178],[28.80897,55.934571],[28.594719,56.092391],[28.269364,56.058207],[28.169112,56.125257],[28.132215,56.535982],[27.882618,56.725479],[27.852232,56.854309],[27.661185,56.839271],[27.745469,57.067991],[27.696066,57.085457],[27.846134,57.267307],[27.536283,57.415695],[27.528169,57.528479],[27.328027,57.583153],[27.553853,57.794768],[27.790841,57.880861],[27.673122,57.912823],[27.495355,58.22146],[27.554886,58.395248],[27.428849,58.709403],[27.477785,58.875426],[27.694412,58.975936],[27.903909,59.290387],[28.181825,59.356068],[28.038578,59.462987],[28.072602,59.57803],[27.995372,59.715522],[28.123871,59.792304],[28.404959,59.682847],[28.500499,59.861029],[28.83253,59.786526],[29.161388,60.002631],[30.115001,59.870551],[30.23463,59.99136],[29.948253,60.02969],[29.899669,60.133612],[29.70102,60.200507],[29.092296,60.177965],[28.815684,60.361274],[28.63087,60.375556],[28.453624,60.539618],[28.683604,60.455878],[28.644542,60.669745],[28.721934,60.721177],[28.235606,60.559963],[27.816417,60.528225],[28.335924,60.859387],[29.203158,61.245901],[31.221587,62.491587],[31.569525,62.905929],[31.177817,63.225238],[30.001145,63.715337],[30.586432,64.084668],[30.50344,64.24378],[30.032461,64.396949],[29.965178,64.564432],[30.180824,64.642774],[30.114937,64.754343],[29.78028,64.795581],[29.588147,64.991435],[29.820484,65.093651],[29.833197,65.205013],[29.580085,65.235399],[29.720129,65.329088],[29.718165,65.454171],[29.825755,65.551969],[29.732324,65.60871],[30.11628,65.687206],[30.083517,65.804615],[29.875365,66.133587],[29.051539,66.907803],[29.519831,67.298167],[29.916241,67.508129],[30.009413,67.685844],[29.651192,67.823562],[29.298656,68.081789],[28.663759,68.204003],[28.447441,68.514889],[28.801477,68.835489],[28.444238,68.865823],[29.172979,69.069377],[29.37679,69.301611],[30.123411,69.441912],[30.231622,69.558339],[30.14863,69.618491],[30.755311,69.521494],[30.927032,69.57839],[30.843988,69.766234],[31.409028,69.715806],[31.296723,69.612616],[31.452159,69.68891],[31.810557,69.68773],[31.721202,69.725572],[31.728038,69.845404],[32.098888,69.791897],[31.918305,69.926459],[32.054454,69.963772],[32.523204,69.803168],[33.120291,69.744208],[33.075043,69.631659],[32.871755,69.582506],[32.169688,69.654853],[32.147472,69.75141],[31.968272,69.654202],[32.016124,69.580227],[32.385997,69.585354],[32.501964,69.517035],[32.238455,69.436957],[33.084972,69.47606],[32.819672,69.319159],[32.872732,69.310981],[32.969493,69.387356],[33.497813,69.432115],[33.261241,69.291002],[33.511567,69.225491],[33.023448,69.057766],[33.023448,68.954739],[33.112641,69.075385],[33.426606,69.104682],[33.562836,69.182074],[33.56422,69.293036],[33.723969,69.336819],[35.181977,69.183539],[35.175955,69.257717],[35.330333,69.276068],[35.873546,69.194892],[37.680512,68.713446],[38.316905,68.447577],[38.388682,68.343166],[38.715831,68.291571],[38.532481,68.355292],[38.639171,68.384955],[39.520763,68.075995],[39.850434,68.042548],[39.721365,68.158759],[39.793224,68.16474],[40.410655,67.875067],[40.321544,67.851142],[40.466807,67.761176],[40.670746,67.810289],[41.016612,67.697903],[40.989431,67.563707],[41.115977,67.447008],[41.140473,67.235338],[41.307791,67.234768],[41.38087,67.137519],[41.178071,66.809556],[40.565603,66.455756],[40.084972,66.288764],[38.554373,66.054999],[35.557791,66.38703],[34.803559,66.613511],[34.480154,66.537584],[34.355968,66.629788],[34.525157,66.648179],[34.142263,66.670844],[34.161143,66.735093],[33.832693,66.695543],[33.592052,66.830715],[33.541189,66.815579],[33.62615,66.748114],[33.483246,66.730414],[33.100597,66.85814],[32.804861,67.010321],[32.932791,67.079779],[31.877696,67.164781],[32.261974,67.124986],[32.549815,67.000067],[32.420177,66.892157],[32.890961,66.781562],[32.934744,66.741929],[32.812022,66.735745],[32.97462,66.691107],[33.308604,66.655178],[32.865245,66.597968],[33.259613,66.618394],[33.523611,66.541083],[32.968761,66.540432],[33.046886,66.506049],[33.7046,66.443834],[33.310802,66.316799],[34.08725,66.248928],[34.552989,66.093695],[34.71225,65.996568],[34.660899,65.95303],[34.838878,65.906806],[34.929698,65.739488],[34.704845,65.797309],[34.772227,65.609565],[34.681895,65.453355],[34.317882,65.397447],[34.615245,65.254584],[34.816091,65.043402],[34.719005,64.997626],[34.926524,64.859076],[34.785004,64.784125],[35.009031,64.743184],[34.854846,64.714402],[34.973409,64.624986],[34.929482,64.591498],[34.757986,64.560248],[35.410504,64.286755],[35.58907,64.322313],[35.589122,64.381008],[35.810802,64.342027],[36.365001,64.001776],[37.534362,63.800858],[38.073741,64.017401],[38.045665,64.148342],[37.902029,64.239936],[38.005382,64.275377],[37.749027,64.441714],[37.286228,64.352206],[37.121501,64.39474],[36.744116,64.681046],[36.559761,64.717423],[36.513845,64.825344],[36.57252,64.829576],[36.459972,64.887641],[36.814147,64.975716],[36.867361,65.075995],[36.817926,65.131337],[37.007677,65.172977],[37.67266,65.035663],[37.794595,64.920615],[38.046434,64.853672],[38.357904,64.852411],[38.374278,64.798],[38.036306,64.761908],[38.117035,64.702786],[38.039887,64.658271],[38.49171,64.767524],[38.425548,64.793443],[39.566524,64.545268],[39.900401,64.603461],[39.809906,64.659329],[39.889334,64.669908],[40.479991,64.539618],[40.533214,64.558987],[40.378103,64.922512],[39.740896,65.356513],[39.730317,65.524359],[40.710134,65.972317],[41.623383,66.165107],[42.200938,66.532172],[42.644786,66.452541],[42.575043,66.401557],[43.302094,66.426011],[43.692638,66.237209],[43.325043,66.106757],[43.343028,66.059516],[43.514903,65.974189],[43.521739,66.036119],[43.411388,66.061835],[43.464122,66.127143],[43.836436,66.185777],[44.045665,66.081041],[44.167166,65.885443],[44.079356,66.206692],[44.38559,66.60224],[44.563243,66.666205],[44.38087,66.763902],[44.480724,66.953559],[44.302501,67.055976],[44.358897,67.09162],[43.815329,67.177453],[43.766699,67.277689],[44.04184,67.680406],[44.144542,67.679429],[44.076671,67.707709],[44.097179,67.892727],[44.250743,67.919135],[44.148611,67.925238],[44.195649,67.9831],[44.138031,67.995103],[44.411794,68.063422],[44.180837,68.036078],[44.22755,68.29678],[43.273673,68.658176],[43.984548,68.551337],[45.582137,68.514198],[45.943858,68.446234],[46.044688,68.319525],[46.534923,68.132554],[46.461436,68.111802],[46.525727,68.113593],[46.698253,67.816474],[45.350434,67.730414],[45.314626,67.592108],[45.096853,67.563178],[44.918956,67.440863],[44.951687,67.320717],[45.593893,67.15824],[45.853201,66.88703],[46.597911,66.857978],[46.398774,66.751776],[47.558767,66.904975],[47.725597,67.000922],[47.701915,67.17182],[47.793142,67.360582],[47.947927,67.444322],[47.824718,67.560289],[48.008311,67.65058],[48.099376,67.639472],[48.071462,67.590399],[48.255707,67.682685],[48.656261,67.712226],[49.1067,67.639472],[48.803722,67.726874],[48.585948,67.934272],[49.133311,67.862616],[50.00115,68.058051],[50.759939,68.371405],[51.058849,68.351386],[52.177094,68.582424],[52.059581,68.515611],[52.361013,68.474921],[52.158865,68.398627],[52.248546,68.317694],[52.402029,68.337714],[52.725841,68.458075],[52.491384,68.591539],[52.6067,68.625718],[52.562185,68.649156],[52.299327,68.590522],[52.328461,68.63345],[53.878591,68.974107],[54.527354,69.009955],[53.611827,68.913479],[54.026215,68.845445],[53.72047,68.656928],[53.926931,68.432563],[53.8213,68.349677],[53.655935,68.407538],[53.574474,68.399807],[53.691173,68.34455],[53.44044,68.372504],[53.231781,68.29678],[53.992524,68.221381],[54.218761,68.317857],[54.203298,68.20954],[54.536306,68.305813],[54.650157,68.194322],[54.831879,68.173285],[54.917979,68.240302],[54.85613,68.324042],[54.996755,68.439154],[55.392914,68.564276],[56.049083,68.65412],[57.329845,68.564765],[57.587413,68.733873],[57.929535,68.751044],[57.945974,68.831204],[58.171153,68.88935],[58.245128,68.888414],[58.25115,68.792222],[58.439301,68.762885],[58.275645,68.877997],[58.878754,69.003119],[59.202891,69.003607],[58.891856,68.934231],[59.415538,68.766669],[59.398448,68.701117],[59.201508,68.705959],[59.063487,68.601874],[59.074229,68.437201],[59.674815,68.336168],[59.963878,68.46601],[59.772472,68.626166],[59.811209,68.687934],[60.466645,68.722317],[60.968761,68.906928],[60.907237,68.927395],[60.90268,69.12226],[60.776703,69.177191],[60.591319,69.132799],[60.562836,69.295233],[60.152599,69.626288],[60.653575,69.672756],[60.736013,69.839057],[60.926606,69.867499],[64.127615,69.550116],[65.004405,69.304145],[64.812836,69.266262],[64.785899,69.147121],[65.029552,69.271877],[67.090099,68.855658],[67.046153,68.818305],[67.1963,68.707343],[68.246349,68.355129],[68.184255,68.242133],[68.44809,68.237982],[68.609141,68.318996],[68.564789,68.349799],[69.10906,68.878974],[68.946056,68.893256],[69.179942,68.952094],[68.487153,68.97016],[68.026215,69.319403],[68.102224,69.482245],[68.045584,69.551093],[68.040212,69.489691],[67.824392,69.510728],[67.017263,69.70307],[66.868663,69.639838],[66.957693,69.536851],[66.813731,69.571682],[66.771007,69.740668],[66.874197,69.995917],[66.978201,70.057603],[67.00408,69.963202],[67.197032,69.995795],[67.327647,70.106024],[67.105235,70.209377],[67.266287,70.414537],[67.224946,70.507025],[67.326996,70.716946],[67.257009,70.825588],[67.138438,70.841783],[66.719981,70.769599],[66.650238,70.910712],[66.889496,71.078681],[66.819509,71.100979],[66.739919,71.007025],[66.620453,71.057847],[66.900401,71.28559],[67.58839,71.415107],[68.305431,71.696112],[68.643728,72.033189],[68.90089,72.479071],[68.869395,72.532375],[69.35377,72.952582],[69.773936,72.973293],[69.572276,72.920071],[69.887543,72.881496],[71.529796,72.916815],[72.836925,72.709906],[72.721446,72.70303],[72.844981,72.520413],[72.84783,72.261623],[72.522227,71.922268],[72.32016,71.823188],[72.363048,71.73607],[71.803396,71.480292],[72.105724,71.290351],[72.636485,71.131659],[72.648204,70.999579],[72.827403,70.887641],[72.688243,70.634426],[72.76588,70.550727],[72.739106,70.411811],[72.459483,70.304429],[72.61199,70.144761],[72.522146,70.012397],[72.677908,69.872992],[72.649587,69.748114],[72.50172,69.646715],[72.633311,69.454291],[72.505138,69.42121],[72.632091,69.328315],[72.477875,69.176947],[72.571056,68.951158],[73.646739,68.484442],[73.108572,68.226386],[73.081065,68.119778],[73.200694,67.913764],[73.094737,67.830146],[73.114268,67.690375],[72.556326,67.604682],[72.405935,67.479967],[72.402599,67.32807],[72.060069,67.308743],[72.231293,67.169176],[71.913259,67.13231],[71.99464,67.055976],[71.763682,66.9289],[71.301931,66.953559],[71.514903,66.878485],[71.480724,66.826972],[71.584239,66.731635],[71.459646,66.638739],[71.083507,66.632066],[71.12379,66.584296],[70.68865,66.515367],[70.295177,66.638251],[70.735037,66.74844],[70.315684,66.679877],[69.897797,66.871649],[69.577485,66.829576],[69.637218,66.796576],[68.965017,66.809556],[69.083751,66.779486],[69.112641,66.618842],[69.205577,66.569403],[69.902843,66.415473],[70.362641,66.334418],[71.428884,66.355943],[72.097016,66.248481],[72.347341,66.306383],[72.402599,66.50023],[72.288829,66.501125],[72.493663,66.618801],[72.942393,66.656684],[73.85377,66.996772],[73.919932,67.077704],[73.899587,67.29621],[74.730317,67.686265],[74.824962,67.940497],[74.736827,68.121283],[74.331554,68.385565],[74.457774,68.506293],[74.413422,68.619534],[74.48113,68.720526],[74.62794,68.774604],[76.113129,68.977729],[76.582367,68.975165],[76.6963,68.857733],[76.662608,68.762641],[77.315929,68.530585],[77.167003,68.281806],[77.330577,68.246649],[77.200206,67.996324],[77.299001,67.925442],[77.079845,67.790351],[77.684581,67.563666],[79.028331,67.569485],[78.751475,67.653144],[78.50766,67.613756],[78.573253,67.632636],[78.453624,67.69245],[78.113455,67.656968],[77.874278,67.685289],[77.948904,67.728217],[77.792979,67.76732],[77.494151,67.751288],[77.469737,67.879096],[77.572765,67.935533],[77.469737,67.995103],[77.586436,68.163316],[78.153575,68.257554],[77.91391,68.456732],[77.956309,68.495429],[77.774099,68.534247],[77.646983,68.911119],[76.042003,69.239081],[75.508556,69.26142],[75.09197,69.132799],[75.153982,69.119208],[74.772797,69.081244],[74.313731,69.146389],[73.961274,69.083808],[73.776622,69.153957],[73.899587,69.414008],[73.515961,69.746405],[73.705251,69.955308],[73.734548,70.180894],[74.266856,70.479722],[74.320811,70.658637],[73.952159,70.836819],[73.91033,70.950995],[73.532725,71.264309],[73.022472,71.428778],[73.481781,71.652737],[73.52589,71.822211],[74.994884,72.137844],[75.111095,72.346422],[75.061046,72.583197],[74.747569,72.808295],[75.036632,72.881659],[75.318858,72.819159],[75.522309,72.759833],[75.347504,72.692288],[75.708181,72.565863],[75.561697,72.525336],[75.735525,72.257392],[75.517833,72.153225],[75.443858,71.991929],[75.286794,71.959906],[75.237559,71.863593],[75.300629,71.724595],[75.49171,71.666083],[75.421723,71.627997],[75.532888,71.542304],[75.266612,71.462226],[75.263031,71.365546],[76.108409,71.204495],[76.888927,71.190416],[76.914236,71.072455],[77.005138,71.184475],[77.558116,71.173651],[77.837738,71.124579],[77.948904,70.976264],[78.411388,70.895453],[79.039561,70.937323],[79.102794,71.02025],[78.431488,70.932115],[78.539806,71.036322],[78.443858,71.115302],[78.346202,71.099799],[78.471039,71.061754],[78.237559,71.109687],[78.312511,71.226386],[77.956065,71.253892],[77.990489,71.346381],[77.928477,71.3605],[77.711925,71.281317],[77.435557,71.333197],[77.524913,71.305243],[76.272309,71.572903],[76.030447,71.897773],[76.878184,72.050035],[77.584646,71.831122],[78.109548,71.880439],[78.225759,71.982571],[78.031586,72.094672],[77.38738,72.092231],[77.490733,72.175442],[77.441742,72.209621],[77.668224,72.192816],[78.136241,72.385199],[79.209483,72.390204],[80.834646,72.083319],[80.820811,72.024604],[80.649425,72.065579],[81.249766,71.859198],[81.342296,71.764228],[81.736664,71.699897],[82.867361,71.786444],[83.203787,71.736884],[83.289887,71.647895],[83.050141,71.561591],[83.021983,71.436672],[82.259288,71.252672],[82.352794,71.096259],[82.208344,70.986802],[82.408376,70.790188],[82.100108,70.589301],[82.334239,70.210517],[82.209483,70.590888],[82.445323,70.606513],[82.478689,70.804999],[82.688162,70.9619],[82.888845,70.925971],[82.877289,70.986884],[83.106619,70.896186],[83.010509,70.426581],[82.664073,70.260159],[82.883067,70.089016],[83.149425,70.076483],[83.129731,70.208564],[82.951671,70.325141],[83.534434,70.331977],[83.774669,70.47663],[83.381847,71.03266],[83.116059,71.113471],[83.24171,71.112209],[83.156993,71.231838],[83.628184,71.610907],[83.403575,71.81977],[82.665375,71.883979],[82.185069,72.093492],[82.307384,72.182847],[82.18214,72.2862],[81.208181,72.354926],[80.704112,72.545356],[80.834483,72.62051],[80.634125,72.703925],[80.805186,72.849595],[80.814301,72.97427],[80.437185,73.100898],[80.594981,73.114569],[80.520844,73.155829],[80.255382,73.176093],[80.533702,73.218492],[80.528331,73.28148],[80.272716,73.30976],[80.662446,73.498236],[80.540294,73.48725],[80.510916,73.5539],[84.793224,73.764716],[85.427013,73.7119],[85.570486,73.812934],[86.016124,73.866523],[87.080089,73.871527],[87.026622,73.783596],[85.784516,73.455756],[85.806407,73.350735],[86.663341,73.122138],[86.782481,73.000881],[86.659679,73.151801],[85.93393,73.32392],[85.861501,73.364407],[85.882335,73.496243],[87.164806,73.611396],[87.312022,73.682522],[87.280528,73.729926],[87.653331,73.861233],[87.544932,73.914293],[87.487559,73.835842],[87.296397,73.841376],[86.963064,74.017768],[87.419932,74.012112],[87.362315,74.047756],[86.895763,74.070217],[86.663341,74.235907],[86.02003,74.262519],[85.911876,74.339789],[86.286794,74.312934],[86.263927,74.380194],[86.095714,74.403998],[86.475271,74.458197],[86.928233,74.389472],[86.717133,74.325141],[86.781749,74.307074],[87.26238,74.354682],[86.548839,74.507148],[86.758311,74.547187],[85.740408,74.635891],[86.076427,74.724311],[86.120616,74.751939],[86.028331,74.813951],[86.090587,74.820787],[86.346934,74.780829],[86.21339,74.76557],[86.336925,74.704088],[86.939464,74.60932],[86.953868,74.683661],[86.794688,74.685045],[87.022797,74.728583],[87.097179,74.862128],[87.366466,74.935207],[87.172862,74.985297],[87.435802,75.002631],[87.574067,74.929674],[87.763682,75.017768],[86.940766,75.074042],[86.988048,75.153225],[87.992524,75.10692],[88.371349,75.255316],[88.625987,75.266506],[88.550304,75.314276],[88.611664,75.344224],[89.085216,75.403022],[88.73585,75.409857],[89.229259,75.502672],[89.678722,75.441555],[89.623871,75.477484],[90.057872,75.519721],[89.914561,75.560696],[90.886729,75.670559],[91.580251,75.637763],[91.742931,75.73607],[94.143077,75.941311],[93.546072,75.953437],[93.418956,75.87287],[93.258149,75.951728],[93.32016,75.972235],[93.00587,75.944037],[93.072032,75.912502],[93.007009,75.886664],[92.853526,75.955268],[92.923839,76.05329],[93.313487,76.106269],[93.960704,76.048326],[93.635509,76.122992],[93.685802,76.13227],[94.526215,76.061591],[94.738536,76.115627],[94.539887,76.149726],[96.177257,76.096259],[95.605479,75.898627],[95.739513,75.856431],[95.937266,75.949164],[96.518565,76.015774],[96.664561,75.965399],[96.463878,75.880032],[96.835216,75.888983],[97.205821,76.033637],[97.396821,76.047309],[97.198253,75.942369],[97.823904,75.988105],[97.5796,76.047797],[98.161388,76.090806],[98.219981,76.102525],[97.917735,76.122992],[98.816417,76.267035],[98.712738,76.204983],[99.235037,76.223578],[99.295584,76.204983],[99.09018,76.164008],[99.574229,76.155097],[99.46754,76.10871],[99.754893,76.049018],[99.614757,75.837226],[99.424001,75.793443],[99.570649,75.779731],[99.902354,75.927191],[99.825043,76.119859],[99.590668,76.272406],[99.066173,76.353095],[98.848888,76.517279],[100.304454,76.461859],[100.851085,76.540107],[102.249522,76.383124],[100.9192,76.552924],[101.104828,76.616441],[101.23463,76.767279],[100.981293,76.787177],[100.872081,76.8994],[101.206309,76.986029],[101.177094,77.059231],[101.583669,77.222317],[103.196625,77.658922],[103.59254,77.631578],[104.290294,77.737535],[104.257498,77.685289],[104.751638,77.706204],[104.866873,77.612982],[105.334239,77.541002],[105.873709,77.56859],[105.927257,77.45893],[106.259451,77.383531],[105.795665,77.373521],[105.455821,77.240465],[104.163585,77.107978],[105.934825,77.143215],[105.435395,77.000067],[106.80714,77.052476],[107.285818,77.020575],[107.474864,76.932074],[106.953624,76.720526],[106.724132,76.718899],[106.789236,76.685004],[106.624766,76.56684],[106.396658,76.604315],[106.417003,76.509223],[107.84547,76.534817],[107.974376,76.613227],[107.90211,76.671088],[108.003917,76.74018],[109.397797,76.759996],[110.034516,76.691962],[111.090343,76.762274],[111.143891,76.687893],[111.555431,76.684149],[111.466807,76.639797],[112.15797,76.490465],[111.871593,76.361396],[112.288422,76.451361],[112.670909,76.363105],[112.688975,76.253892],[112.547862,76.242377],[112.82016,76.171129],[112.786876,76.086249],[112.591807,76.054674],[112.962169,76.06509],[113.059337,76.163764],[113.302745,76.115627],[112.93214,76.259589],[113.216075,76.266791],[113.459727,76.148383],[113.555919,75.972235],[113.439789,75.944281],[113.547699,75.902899],[113.499848,75.861965],[113.808604,75.936469],[113.890147,75.85399],[113.72047,75.61933],[113.426117,75.540229],[113.617442,75.656236],[113.067556,75.683498],[113.128917,75.694322],[112.364919,75.856431],[112.870616,75.711493],[112.768809,75.702826],[112.878103,75.646674],[112.803396,75.604478],[112.882091,75.546047],[113.267426,75.651109],[113.254893,75.574368],[113.638438,75.519721],[113.719493,75.424628],[113.549083,75.40644],[113.653656,75.384345],[113.55128,75.269355],[112.879649,74.992906],[112.146821,74.878363],[111.743826,74.663153],[111.402843,74.691107],[110.960216,74.548489],[110.331554,74.496161],[110.280528,74.478217],[110.362559,74.41828],[110.212087,74.372382],[109.589854,74.31509],[109.942638,74.307766],[109.796886,74.161689],[108.996104,74.01557],[108.06658,73.635321],[107.172862,73.621649],[106.785411,73.340522],[106.062755,73.273017],[105.833832,73.002265],[105.066742,72.78559],[105.117849,72.775133],[105.482595,72.768134],[106.036368,72.952522],[106.823294,72.825614],[107.103263,72.856406],[106.25464,72.9672],[106.181488,73.108466],[106.333018,73.189643],[106.775564,73.141018],[108.316661,73.221584],[108.374848,73.232408],[108.238943,73.274359],[109.439138,73.440497],[109.180186,73.510199],[109.221202,73.545111],[109.713878,73.452582],[110.898611,73.685858],[110.917979,73.765611],[110.663748,73.787258],[109.673676,73.678168],[109.555512,73.755194],[109.535655,73.821234],[109.819835,73.877265],[110.021495,74.014472],[110.958995,73.908637],[111.103038,73.950019],[111.126231,74.030463],[111.536469,74.051174],[111.582205,74.025702],[111.223399,73.99258],[111.435557,73.812567],[112.371837,73.705308],[112.920177,73.778876],[112.822927,73.99844],[113.111501,73.892157],[113.427908,73.633979],[113.14503,73.460761],[113.49464,73.339911],[113.487071,72.96369],[113.097179,72.840806],[113.177257,72.732978],[114.090343,72.600653],[113.390961,72.680609],[113.158214,72.822699],[113.516856,72.952948],[113.600597,73.10399],[113.542491,73.236274],[114.000255,73.334459],[113.48585,73.494778],[115.413097,73.710395],[118.450206,73.588772],[118.997569,73.49136],[118.489513,73.484442],[118.371837,73.431708],[118.394216,73.238023],[119.534516,73.055243],[119.722504,72.95893],[120.533702,72.874213],[119.778331,72.984809],[121.791352,72.976874],[122.732188,72.826565],[122.313243,72.934394],[122.84311,72.872504],[122.95338,72.891547],[122.436697,72.977362],[122.61378,73.030951],[123.13795,72.918036],[123.338145,72.981106],[123.314301,73.025784],[123.467947,73.079576],[123.375824,73.155504],[123.670665,73.203315],[123.21811,73.408759],[123.383556,73.435777],[123.246104,73.545885],[123.568858,73.716051],[123.691254,73.604193],[123.947032,73.62637],[123.999522,73.641506],[123.87672,73.772528],[124.059581,73.684801],[124.35255,73.806586],[124.856212,73.724066],[124.986583,73.627875],[125.127208,73.688178],[125.179373,73.558539],[125.630219,73.534613],[125.538259,73.474514],[125.574962,73.423],[125.947765,73.541002],[125.911876,73.436103],[125.974864,73.43594],[126.288097,73.557278],[126.391124,73.464016],[126.151622,73.436103],[126.254568,73.402533],[126.181407,73.388902],[126.453136,73.395087],[126.589692,73.295803],[126.555675,73.254828],[126.658702,73.302639],[126.562999,73.381496],[126.932384,73.429877],[126.867198,73.517646],[127.050466,73.549018],[127.987559,73.470852],[127.922374,73.443061],[128.051768,73.416327],[127.98227,73.363349],[128.315929,73.361029],[128.23463,73.265367],[128.892589,73.216986],[128.816742,73.100898],[129.066173,73.127672],[129.443508,73.028944],[129.478931,72.97924],[129.359618,72.940012],[128.927519,72.980158],[128.290782,72.908637],[128.129242,72.786078],[129.358084,72.70303],[127.905447,72.667141],[128.611339,72.482733],[129.258311,72.463935],[129.241954,72.415676],[129.489024,72.354193],[129.357595,72.262885],[129.521658,72.249416],[129.241954,72.134467],[129.458751,72.141588],[129.333263,72.091051],[128.934093,72.072984],[128.494314,72.202786],[128.569509,72.24372],[127.665782,72.43008],[127.838878,72.342475],[127.747081,72.325629],[128.441661,72.100287],[128.926606,71.738756],[129.18393,71.809272],[129.030121,71.994818],[129.543712,71.722968],[129.305431,71.760891],[128.830333,71.679145],[128.927908,71.59101],[129.233084,71.560248],[129.42335,71.32453],[129.762706,71.14761],[129.645274,71.096625],[130.067719,71.085761],[130.201508,71.011054],[130.167328,70.968817],[130.619884,70.8664],[130.789073,70.971137],[130.882335,70.786078],[131.042003,70.738756],[131.546153,70.887112],[131.898285,71.222357],[132.188324,71.215888],[131.966075,71.254584],[132.091645,71.498114],[132.539317,71.883612],[132.717784,71.946234],[133.066274,71.971291],[133.341361,71.886265],[133.354003,71.83396],[133.031345,71.955099],[132.796395,71.910922],[132.714854,71.776801],[132.985216,71.719717],[133.151622,71.579169],[133.908702,71.3994],[134.739024,71.367987],[134.650645,71.297309],[134.810232,71.481838],[135.42335,71.531195],[135.340831,71.565904],[135.621593,71.623114],[136.443858,71.575873],[136.58725,71.487779],[136.774587,71.523424],[137.492198,71.346829],[137.403494,71.284735],[137.704926,71.284735],[137.720225,71.231431],[137.526134,71.220282],[137.842296,71.119696],[138.038259,71.131049],[137.739268,71.229478],[138.067231,71.224921],[138.215017,71.257636],[137.992442,71.292182],[138.322927,71.311225],[137.828624,71.387152],[138.098643,71.581448],[138.500255,71.613105],[138.401866,71.567084],[138.577159,71.551947],[138.554861,71.606879],[138.756033,71.643012],[139.008962,71.585273],[139.192231,71.415107],[139.421886,71.488756],[140.018321,71.470852],[139.761729,71.652045],[139.708018,71.769924],[139.765391,71.854926],[139.336192,71.942694],[139.634532,71.954535],[139.874197,72.178168],[140.192882,72.166734],[140.145518,72.224921],[139.56072,72.232001],[139.432384,72.182847],[139.555919,72.175442],[139.242198,72.145697],[139.089203,72.236884],[139.498383,72.48725],[140.576508,72.496324],[141.070079,72.57807],[140.932628,72.600653],[141.01295,72.690823],[140.595958,72.858588],[140.725841,72.898627],[142.2317,72.701565],[143.486827,72.7001],[145.409516,72.555894],[146.854015,72.354193],[145.371755,72.345933],[144.943207,72.438178],[144.482758,72.23664],[144.105479,72.277899],[144.415538,72.175035],[145.068696,72.26435],[146.92921,72.312649],[145.972504,71.856269],[145.999848,72.017646],[146.346934,72.127631],[146.078949,72.170396],[145.949718,72.083075],[145.84254,72.230048],[145.613292,72.24433],[145.701996,72.217027],[145.6338,72.093492],[145.800466,72.00731],[145.769298,71.913804],[145.329356,71.870998],[144.970958,71.980292],[144.962169,71.922268],[145.188731,71.856024],[144.926768,71.782538],[144.89324,71.675198],[145.333263,71.661078],[146.156505,71.820705],[147.195567,72.329901],[148.402029,72.31094],[149.611339,72.148383],[150.074229,71.894232],[149.709483,71.772895],[149.329112,71.89704],[149.148692,71.771389],[148.866059,71.810248],[149.039399,71.764594],[148.827159,71.675198],[149.965099,71.662787],[150.068858,71.615058],[149.868012,71.497016],[150.670177,71.466376],[150.036632,71.227607],[150.096202,71.210517],[150.738943,71.393988],[150.613292,71.284369],[151.033051,71.393988],[151.492442,71.333157],[152.133962,70.998114],[151.657481,70.990546],[152.540782,70.791327],[155.936371,71.099351],[157.989106,71.047512],[159.237804,70.829291],[159.84311,70.581529],[160.094249,70.309882],[159.958669,70.141059],[159.68865,70.133979],[159.889985,70.107652],[159.869314,70.005032],[159.692068,69.910875],[159.769054,69.76203],[160.99464,69.593166],[160.937755,69.440131],[161.038585,69.194892],[160.962901,69.105536],[161.340343,69.027533],[161.394054,68.943427],[161.106944,68.605211],[160.758067,68.564276],[160.821056,68.527411],[161.149913,68.570868],[161.330821,68.691962],[161.327647,68.797065],[161.575857,68.932603],[161.415375,69.331448],[161.676443,69.482327],[162.38852,69.681545],[163.584809,69.684068],[164.072765,69.7685],[164.834258,69.567404],[165.674729,69.595978],[166.893809,69.495917],[167.802013,69.775214],[168.036143,69.720526],[167.926443,69.654202],[168.256602,69.531684],[168.192068,69.379869],[168.288259,69.242662],[169.371267,69.076565],[169.484141,68.821682],[169.625499,68.777248],[170.351085,68.82807],[170.609548,68.752346],[170.458669,68.831732],[170.594574,68.909003],[170.694021,68.858466],[170.979259,69.055854],[171.159434,69.037258],[170.919444,69.164984],[170.913097,69.304145],[170.60613,69.589789],[170.180414,69.584636],[170.231553,69.688589],[170.559976,69.753854],[170.556814,70.092434],[170.406749,70.11286],[170.481619,70.142035],[172.701345,69.98314],[173.2671,69.790758],[173.475759,69.829169],[173.195974,69.900946],[173.460785,69.948554],[173.737804,69.851996],[175.715542,69.881453],[175.529737,69.856304],[175.997177,69.769363],[176.143482,69.78209],[176.145792,69.839552],[175.790229,69.873085],[176.127615,69.893785],[176.242035,69.774359],[176.976899,69.634426],[178.772634,69.415229],[179.048839,69.336371],[178.75587,69.372992],[178.653982,69.31745],[179.261485,69.272162],[179.958507,68.995673],[179.576915,69.110907],[179.729991,69.006537],[180,68.98105],[180,65.06619],[179.478689,64.82274],[178.561534,64.591539],[178.485606,64.6105],[178.75587,64.682196],[177.601736,64.725898],[177.427094,64.821031],[177.491873,64.850084],[177.399913,64.936469],[176.93686,65.082831],[176.306326,65.055487],[176.914724,65.049302],[177.27589,64.850002],[177.025645,64.774359],[176.62615,64.867906],[176.45753,64.809149],[176.065196,64.958645],[175.71461,64.793647],[174.441742,64.69245],[175.711681,64.774726],[176.038748,64.92182],[176.41505,64.714748],[176.100841,64.548407],[176.428884,64.678941],[176.727387,64.579169],[176.98585,64.711127],[177.491873,64.767524],[177.369395,64.521674],[177.669932,64.305121],[178.183849,64.205797],[178.100841,64.23786],[178.250662,64.32685],[178.243907,64.400092],[178.183849,64.411282],[178.564708,64.060614],[178.382579,63.979234],[178.64324,64.000963],[178.762869,63.642768],[178.268403,63.588446],[178.341482,63.527411],[178.675466,63.563707],[178.720225,63.476467],[178.603201,63.419094],[178.663585,63.390367],[178.815766,63.419664],[178.770844,63.59394],[179.005544,63.321357],[178.848155,63.404202],[178.809337,63.350491],[179.386485,63.1612],[179.403656,63.055406],[179.249522,62.984687],[179.589041,62.762397],[179.383637,62.520819],[179.116059,62.472235],[179.103282,62.297919],[178.061046,62.541083],[177.306814,62.582099],[177.324474,62.727729],[177.454438,62.808539],[177.188975,62.709662],[177.009532,62.867255],[176.958018,62.643541],[177.26588,62.588324],[176.661876,62.534613],[176.320567,62.335028],[175.337901,62.082831],[175.395193,62.122748],[175.273611,62.152574],[175.230317,62.043931],[174.765147,61.916693],[174.625499,61.982856],[174.690115,61.861274],[174.104503,61.848538],[173.824718,61.660549],[173.544607,61.749091],[173.49586,61.589179],[173.128429,61.396959],[172.715587,61.430732],[172.931326,61.351549],[172.894542,61.277899],[172.667817,61.334459],[172.766775,61.262519],[172.573741,61.187201],[172.338227,61.211005],[172.434418,61.149563],[172.286388,61.123684],[172.489594,61.081244],[172.448253,61.044338],[172.263031,61.01496],[172.009288,61.101142],[172.200857,60.975775],[172.006847,60.855211],[171.957774,60.953111],[171.961599,60.854682],[171.548595,60.809516],[171.632579,60.744818],[171.436209,60.699408],[171.420258,60.77619],[171.374848,60.654975],[171.16033,60.556586],[170.750743,60.529486],[170.81072,60.49844],[170.717296,60.428168],[170.51588,60.450629],[170.662934,60.350246],[170.473969,60.232245],[170.400645,59.965644],[170.265147,59.920356],[169.936046,60.075751],[169.843761,60.210761],[169.97462,60.232164],[169.755219,60.27558],[169.69337,60.41649],[169.235362,60.621161],[167.781912,60.548163],[167.634939,60.455268],[167.365977,60.465806],[167.374034,60.405951],[167.229666,60.359687],[167.024913,60.42768],[167.052745,60.340522],[166.199067,59.826077],[166.109548,59.82746],[166.102794,59.90941],[166.287771,60.224677],[166.232595,60.395982],[166.39088,60.492255],[166.052257,60.453843],[165.946056,60.38935],[166.168956,60.45246],[165.245779,60.103339],[164.999278,60.135321],[165.198578,60.005194],[164.80714,59.789618],[164.723318,59.956773],[164.488536,60.111029],[164.140636,59.950995],[164.172048,59.867621],[164.041677,59.907538],[164.204845,59.997504],[163.651541,60.051663],[163.66212,59.986029],[163.765636,59.997504],[163.714366,59.926459],[163.361827,59.82746],[163.390147,59.631537],[163.183442,59.565497],[163.321462,59.411038],[163.306651,59.271308],[163.066905,59.234076],[163.218616,59.150678],[163.226052,59.055495],[163.012462,59.161444],[162.903575,59.133979],[163.077758,59.007594],[163.033211,58.948608],[162.920988,58.923924],[162.902599,58.983954],[162.405294,58.654445],[161.993228,58.087392],[162.082042,57.882473],[162.455539,57.784351],[162.34547,57.691596],[162.521789,57.754156],[162.559337,57.949286],[162.711599,57.966742],[163.218942,57.813458],[163.32951,57.708945],[163.074834,57.461],[162.789017,57.32652],[162.859851,57.051443],[162.7835,56.763029],[163.238969,56.733021],[163.366069,56.180659],[162.993195,56.010626],[162.583507,56.22484],[163.116052,56.500504],[162.989949,56.533434],[162.94261,56.449028],[162.682944,56.483867],[162.429454,56.394029],[162.59254,56.26849],[162.056752,56.069135],[161.764131,55.554846],[161.812981,55.179184],[162.12672,54.881171],[162.130147,54.772415],[161.723806,54.509426],[161.281912,54.498847],[161.15089,54.597317],[160.741222,54.535224],[160.052989,54.175727],[159.917979,54.005357],[159.818207,53.659654],[159.969249,53.570299],[159.96046,53.496772],[159.825043,53.5362],[159.796641,53.481513],[159.920665,53.396959],[160.058604,53.097357],[159.756847,53.220893],[159.81072,53.270087],[159.163829,53.134914],[158.739431,52.903306],[158.576427,53.067857],[158.45338,53.034613],[158.435557,52.919745],[158.632986,52.916978],[158.499766,52.778957],[158.575857,52.667548],[158.421153,52.659125],[158.517345,52.524726],[158.430919,52.418891],[158.543468,52.420722],[158.558604,52.324856],[158.390147,52.226223],[158.286876,51.967515],[157.759192,51.543983],[157.536876,51.48607],[157.475738,51.361474],[156.669988,50.863917],[156.761937,50.984431],[156.721874,51.195482],[156.535492,51.289252],[156.439192,52.216031],[156.296723,52.492336],[156.372325,52.446845],[156.431895,52.524604],[156.265726,52.598171],[156.111196,52.93542],[155.551177,55.284205],[155.689789,56.047512],[155.980865,56.670493],[156.125255,56.832017],[156.174001,56.845852],[156.063731,56.715969],[156.461275,56.948406],[156.552094,57.108954],[156.718028,57.08275],[156.976491,57.391016],[156.930675,57.658433],[156.783051,57.739895],[156.981456,57.857123],[157.241873,57.770494],[157.4699,57.803941],[157.695079,58.027289],[158.22462,58.025458],[158.320974,57.954413],[158.251231,58.038398],[159.198741,58.48664],[159.727794,58.883043],[159.729666,59.011298],[159.864431,59.14057],[160.336274,59.36107],[160.52003,59.559963],[160.87379,59.632148],[161.466655,60.032239],[161.897215,60.202961],[161.994232,60.430608],[162.753673,60.645941],[162.916688,60.760006],[163.324821,60.804665],[163.315319,60.750624],[163.728173,60.868382],[163.774263,60.91852],[163.53604,60.990775],[163.625042,61.121073],[164.004242,61.326565],[163.976573,61.419745],[163.759494,61.479001],[163.866057,61.646524],[164.044815,61.683433],[164.122901,62.249613],[164.243578,62.327977],[164.73903,62.460367],[165.316173,62.324205],[165.110875,62.429416],[165.65089,62.459174],[165.110029,62.485326],[164.446919,62.689419],[163.26705,62.521995],[163.228589,62.384894],[163.351698,62.350112],[163.091487,62.226638],[163.101079,62.092076],[163.17628,62.068183],[163.000305,61.828752],[163.321801,61.67579],[163.0447,61.517129],[162.803531,61.71099],[162.622667,61.659069],[162.746109,61.624102],[162.672076,61.604551],[162.386136,61.658919],[162.02693,61.400906],[161.900076,61.427476],[161.913018,61.357294],[161.807293,61.372207],[160.915149,60.899645],[160.791449,60.734197],[160.410319,60.706086],[160.185933,60.578406],[160.149612,60.650713],[160.251685,60.772418],[160.170095,60.824897],[160.444215,61.03622],[159.797539,60.931103],[159.98214,61.152187],[159.907725,61.259426],[159.803512,61.241003],[159.996383,61.284324],[159.943748,61.297854],[159.999244,61.382414],[160.106853,61.429963],[160.0515,61.448904],[160.28514,61.554107],[160.272034,61.686523],[160.399288,61.793537],[160.345714,61.944729],[160.039012,61.846246],[159.898331,61.718134],[159.577213,61.652771],[159.536511,61.785284],[159.427592,61.784415],[159.394018,61.875546],[159.117796,61.91666],[158.920746,61.903022],[158.853038,61.826321],[158.260227,61.825934],[158.063437,61.742286],[157.537341,61.791946],[157.027599,61.65058],[156.923833,61.551813],[156.679463,61.524017],[156.662918,61.210892],[156.045202,60.973033],[155.9406,60.880458],[155.913621,60.703583],[155.818126,60.723212],[154.952403,60.367418],[154.490408,59.972398],[154.563698,60.093705],[154.433597,60.076429],[154.487804,59.896308],[154.22077,59.86962],[154.361176,59.584703],[154.241804,59.665741],[154.091061,59.530569],[154.123736,59.473608],[154.263782,59.436878],[154.402311,59.535015],[154.419688,59.439765],[154.515856,59.410386],[154.426524,59.534857],[154.978689,59.490668],[155.209713,59.34388],[155.194102,59.175767],[154.813301,59.194172],[154.804879,59.132226],[154.438021,59.215521],[154.307975,59.094159],[154.026378,59.054389],[153.691975,59.185061],[153.750905,59.218532],[153.369151,59.241278],[153.299978,59.152493],[153.35022,59.13402],[153.034369,59.067841],[152.899913,58.903632],[152.55674,58.949981],[152.36671,59.057278],[152.020298,58.875037],[151.337277,58.838867],[151.103405,59.090555],[152.282785,59.204837],[152.147472,59.293036],[151.760265,59.299262],[151.637576,59.48248],[151.424627,59.597716],[150.937106,59.555868],[150.779912,59.432263],[150.535562,59.478969],[150.77156,59.536958],[150.715772,59.556007],[149.326834,59.758612],[149.378593,59.724654],[149.033214,59.624823],[149.21697,59.487982],[148.968435,59.452216],[148.869151,59.474921],[148.88795,59.546291],[148.727042,59.450332],[148.787254,59.358765],[148.989906,59.375377],[148.96419,59.27327],[148.787937,59.236484],[148.470876,59.25651],[148.336113,59.397023],[148.219436,59.40887],[147.492035,59.246772],[146.503917,59.463121],[146.358961,59.42994],[146.322957,59.179952],[146.050292,59.138873],[145.833998,59.275307],[145.975797,59.398749],[145.818126,59.415961],[143.840505,59.402476],[143.493617,59.318518],[143.164806,59.381008],[142.01531,58.99726],[141.583734,58.617749],[140.740001,58.271308],[140.458573,57.831787],[140.052745,57.720445],[139.8143,57.507362],[139.113811,57.234385],[138.902473,57.031213],[138.623057,56.959296],[138.56152,56.826548],[138.484907,56.84954],[138.148448,56.603583],[138.208496,56.468929],[137.914067,56.359526],[137.698029,56.126202],[136.462847,55.579291],[136.142589,55.314439],[135.469064,55.056664],[135.183724,54.859155],[135.265147,54.721666],[135.654145,54.665961],[135.725108,54.577704],[136.823497,54.647528],[136.826508,54.458157],[136.75408,54.391669],[136.806488,54.173774],[136.663585,53.947089],[136.764334,53.775295],[137.18572,53.85106],[137.279959,54.022773],[137.061371,54.145697],[137.419119,54.311347],[137.711681,54.330471],[137.483897,54.084662],[137.405121,54.146674],[137.302745,54.087877],[137.602061,53.953843],[137.862804,53.967597],[137.594981,53.813137],[137.55421,53.714301],[137.217621,53.600572],[137.335134,53.529364],[138.150076,53.672756],[138.395681,53.928412],[138.55893,53.989569],[138.579926,53.828315],[138.215587,53.491767],[138.473155,53.525946],[138.771821,54.01557],[138.7671,54.104682],[138.675792,54.071519],[138.746593,54.242499],[138.643565,54.297187],[139.302257,54.190619],[139.767589,54.303941],[139.875173,54.18887],[140.240571,54.056952],[140.3567,53.790025],[140.581228,53.639309],[141.377696,53.309638],[141.424001,53.174872],[141.170421,52.983466],[140.706716,53.111029],[141.26059,52.85224],[141.212087,52.797593],[141.316254,52.659125],[141.135265,52.470526],[141.167166,52.364895],[141.546886,52.176907],[141.354991,52.105902],[141.31365,52.004096],[141.417817,51.954739],[140.932628,51.628241],[140.901378,51.494086],[140.800059,51.454169],[140.896007,51.428778],[140.87379,51.371772],[140.68629,51.312812],[140.706716,51.031684],[140.542247,50.877143],[140.442149,50.530097],[140.545421,50.344062],[140.549164,50.114081],[140.674571,50.098212],[140.415212,49.874579],[140.517263,49.785549],[140.560802,49.575385],[140.432872,49.306138],[140.351085,49.295071],[140.365326,49.132392],[140.219249,49.013861],[140.39796,48.992743],[140.212983,48.767401],[140.177013,48.461819],[139.261729,47.787909],[138.974864,47.323676],[138.594819,47.067328],[138.344574,46.548733],[138.034028,46.155951],[137.144542,45.374661],[136.825531,45.204088],[136.235362,44.651679],[136.165294,44.496527],[135.837901,44.362698],[135.624034,44.038479],[135.463634,43.949652],[135.487885,43.832709],[135.285411,43.691881],[135.182221,43.710639],[135.230724,43.682115],[135.115326,43.500678],[134.193696,43.079779],[133.926768,42.882717],[133.193696,42.706773],[133.062022,42.688422],[132.911632,42.818752],[132.833018,42.749823],[132.774425,42.895901],[132.289317,42.882717],[132.381684,43.19123],[132.314952,43.31566],[131.972016,43.082506],[131.847179,43.089911],[132.051524,43.297919],[131.895274,43.31863],[131.774181,43.302069],[131.564952,42.996283],[131.38795,42.930121],[131.458995,42.884426],[131.257069,42.751561],[131.185346,42.55955],[131.120347,42.66719],[130.872569,42.603949],[130.815478,42.634172],[130.944591,42.631171],[130.65667,42.66408],[130.842133,42.558539],[130.703603,42.295241],[130.530771,42.53048],[130.571906,42.621818],[130.40375,42.677551],[130.586478,42.817258],[131.073994,42.896582],[131.269641,43.364744],[131.166908,43.521066],[131.261476,44.046098],[131.065829,44.682028],[130.930127,44.824965],[131.419502,44.958962],[131.853068,45.337596],[131.931512,45.248712],[132.92122,45.027899],[133.09878,45.10779],[133.140224,45.435419],[133.413489,45.573343],[133.514362,45.879268],[133.658125,45.93451],[133.687374,46.141836],[133.89408,46.291336],[133.926016,46.371305],[133.847778,46.456985],[134.005288,46.645836],[134.114222,47.055811],[134.197111,47.085163],[134.17551,47.310421],[134.535281,47.465579],[134.772579,47.710732],[134.566907,47.985496],[134.718733,48.263412],[134.206206,48.359659],[133.737914,48.251087],[133.544024,48.10151],[133.091958,48.10678],[132.820657,47.942372],[132.660357,47.931339],[132.556694,47.723496],[132.475769,47.706753],[130.983457,47.700035],[130.906976,47.884262],[130.66482,48.102052],[130.822123,48.333769],[130.759594,48.467921],[130.639292,48.477249],[130.529738,48.616258],[130.66668,48.841464],[130.625286,48.87436],[130.201799,48.882599],[129.926467,49.025691],[129.735057,49.238908],[129.551813,49.290481],[129.480603,49.421274],[129.316065,49.344121],[129.066881,49.361639],[128.750208,49.484526],[128.790412,49.527107],[128.686749,49.603227],[128.198304,49.538993],[127.854655,49.584881],[127.538654,49.789934],[127.486668,50.02563],[127.589814,50.186395],[127.354634,50.298636],[127.295516,50.722797],[126.931766,51.063783],[126.905153,51.208116],[126.981169,51.308859],[126.808983,51.289067],[126.890115,51.407018],[126.700566,51.562719],[126.715759,51.71749],[126.446059,51.982539],[126.551324,52.11297],[126.312217,52.22795],[126.392057,52.264356],[126.212327,52.533048],[125.977302,52.610769],[126.104065,52.754455],[125.856948,52.899046],[125.668691,52.877962],[125.733545,52.981651],[125.637995,53.046143],[125.073688,53.212205],[124.848121,53.113684],[123.614294,53.563347],[122.293703,53.492653],[121.203485,53.276749],[120.874255,53.28016],[120.065828,52.783213],[120.042677,52.613508],[120.112854,52.584518],[120.429941,52.636091],[120.707391,52.550334],[120.628378,52.357891],[120.783201,52.161985],[120.705789,51.979955],[120.064898,51.614887],[119.728433,51.064533],[119.517955,50.904801],[119.496664,50.737059],[119.146711,50.404263],[119.363959,50.319462],[119.31621,50.092654],[119.091676,49.986562],[118.670565,49.962068],[117.873766,49.513206],[117.057588,49.672886],[116.21764,50.013848],[115.750898,49.884967],[115.387819,49.891064],[114.75375,50.236211],[114.333,50.272333],[113.579661,50.019945],[113.212448,49.822025],[113.071578,49.617748],[112.777126,49.501372],[112.473269,49.534135],[112.030195,49.411869],[111.362742,49.367634],[110.731359,49.137674],[110.382234,49.240045],[110.225034,49.165372],[109.286693,49.33854],[108.538057,49.32743],[108.032661,49.589326],[107.962898,49.661104],[107.946517,49.933491],[107.192196,50.006044],[106.656518,50.327007],[106.244863,50.290265],[105.984879,50.399767],[105.32864,50.476455],[104.405802,50.300548],[104.121685,50.148258],[103.306593,50.190426],[103.20169,50.296983],[102.887135,50.314966],[102.302933,50.563892],[102.329392,50.718817],[102.203043,50.829353],[102.179272,51.286431],[102.091267,51.364644],[101.315448,51.463604],[100.510898,51.726895],[99.917911,51.749478],[99.709655,51.880581],[99.32389,51.934221],[98.886398,52.128551],[98.711111,51.845105],[98.33222,51.718317],[98.233828,51.516521],[98.020611,51.435182],[97.80636,51.001126],[97.984644,50.846923],[98.023298,50.642026],[98.275376,50.537692],[98.262457,50.283805],[98.047999,50.023046],[97.566582,49.916799],[97.57361,49.847501],[97.301688,49.725545],[97.005892,49.865278],[96.346294,49.888584],[96.086362,49.992764],[95.922651,49.944601],[95.827876,50.020152],[95.480611,49.892201],[95.076398,49.945531],[94.921575,50.045887],[94.592293,50.029816],[94.354478,50.223602],[94.273346,50.544771],[93.104942,50.598825],[92.921077,50.792456],[92.671893,50.675616],[92.384572,50.865579],[92.15885,50.689103],[91.749779,50.684091],[91.382153,50.454958],[91.012046,50.425295],[90.699714,50.225152],[89.667684,49.92729],[89.615336,49.84192],[89.682308,49.708336],[89.339435,49.580799],[89.187352,49.621985],[89.160738,49.502716],[88.962662,49.46215],[88.88892,49.54168],[88.719421,49.442926],[88.19997,49.454347],[88.108503,49.247434],[87.816324,49.165837]]],[[[22.76722,54.35627],[19.63077,54.446652],[19.956309,54.756903],[19.976736,54.964586],[20.482432,54.975531],[20.924569,55.282658],[20.989431,55.273116],[20.558116,54.981757],[21.090668,54.901557],[21.243419,54.961249],[21.181326,55.193345],[21.349839,55.287789],[22.076823,55.02858],[22.541084,55.075761],[22.844321,54.832261],[22.681747,54.5699],[22.76722,54.35627]]],[[[33.628517,46.124935],[33.846216,46.195705],[34.504285,45.95068],[34.735309,45.953013],[34.809983,45.784996],[35.480724,45.297797],[35.694998,45.33039],[35.817149,45.464057],[35.946625,45.372138],[36.252452,45.461493],[36.631114,45.374742],[36.489268,45.33633],[36.367849,45.048774],[35.847992,44.992418],[35.706391,45.094672],[35.469574,45.10102],[35.108409,44.824937],[34.533214,44.752916],[34.10255,44.425116],[33.741222,44.395901],[33.379649,44.564521],[33.551117,44.614651],[33.537364,44.818996],[33.619884,44.908637],[33.562511,45.09394],[32.899262,45.354234],[32.591482,45.320136],[32.48585,45.394924],[32.936778,45.662502],[33.691661,45.860745],[33.759451,45.922268],[33.632009,45.944403],[33.628517,46.124935]]],[[[-180,65.066229],[-180,68.98237],[-179.579905,68.908637],[-179.540964,68.963284],[-179.26114,68.80312],[-178.844813,68.752361],[-178.517127,68.602962],[-178.687598,68.660659],[-178.701513,68.551619],[-178.041819,68.42768],[-177.95051,68.337714],[-178.060374,68.276923],[-177.99706,68.256537],[-177.732371,68.326117],[-178.345164,68.53441],[-177.496327,68.292955],[-177.765574,68.262641],[-177.338083,68.244574],[-177.166249,68.137397],[-176.564538,68.010316],[-176.779142,68.001902],[-176.49952,67.888605],[-176.23961,67.897574],[-176.533319,68.002962],[-175.920725,67.85102],[-176.084707,67.832077],[-176.13738,67.777359],[-176.064958,67.748273],[-176.300463,67.724244],[-176.205792,67.645152],[-175.66966,67.605048],[-176.007146,67.722794],[-175.824029,67.81296],[-175.2865,67.667106],[-175.12677,67.49989],[-175.218331,67.534199],[-175.172398,67.435114],[-175.350453,67.382514],[-175.31117,67.34468],[-175.023338,67.374182],[-175.056101,67.46015],[-174.777099,67.328437],[-174.889932,67.211563],[-174.897755,67.053957],[-174.700021,66.91652],[-174.758637,66.908778],[-174.68782,66.732417],[-174.97411,66.682115],[-174.467714,66.540059],[-174.4635,66.279748],[-174.165974,66.399375],[-174.22289,66.444565],[-174.015907,66.472171],[-173.93316,66.353603],[-173.999313,66.21925],[-173.713934,66.411213],[-173.876073,66.515251],[-174.214359,66.561426],[-173.923696,66.686781],[-174.017776,66.94747],[-174.239192,66.971785],[-174.184358,67.009118],[-174.234217,67.034746],[-174.474235,67.018827],[-174.356309,67.061358],[-174.61621,67.040955],[-173.547078,67.090677],[-173.463582,67.029487],[-173.07126,67.044233],[-173.272159,67.051951],[-173.145269,67.005635],[-173.309471,66.950769],[-173.318839,66.844369],[-173.241542,66.828454],[-173.102283,66.837521],[-173.213823,66.903168],[-173.083223,66.982929],[-172.66583,66.885043],[-172.362487,66.933213],[-172.928476,67.02157],[-172.994589,67.01027],[-171.718517,66.950777],[-171.640215,66.929815],[-171.694169,66.879572],[-171.630033,66.830058],[-171.353401,66.771853],[-171.388079,66.715183],[-171.27313,66.640643],[-170.385193,66.316532],[-170.653066,66.248481],[-170.31496,66.293149],[-170.106204,66.193047],[-170.288836,66.17988],[-170.223582,66.148139],[-169.922678,66.150295],[-170.043568,66.193305],[-169.990915,66.190131],[-169.654501,66.085305],[-169.71861,66.006133],[-169.981516,66.039008],[-170.606313,65.861314],[-170.532419,65.852729],[-170.571156,65.761217],[-170.488773,65.670758],[-170.588166,65.604566],[-170.875437,65.623358],[-171.463265,65.83259],[-171.263865,65.655585],[-170.981812,65.592054],[-171.038654,65.466987],[-171.250893,65.521991],[-172.034203,65.474438],[-171.743619,65.499661],[-172.260081,65.545233],[-172.206029,65.580766],[-172.322352,65.622113],[-172.272051,65.64775],[-172.401562,65.681017],[-172.82551,65.691107],[-172.389722,65.581817],[-172.388609,65.432236],[-172.121376,65.483979],[-172.188539,65.24245],[-172.692209,65.268378],[-172.201531,65.216874],[-172.215321,65.090277],[-172.086614,65.093638],[-172.323004,64.948345],[-173.000133,64.855268],[-173.164116,64.764603],[-172.805735,64.803371],[-172.750467,64.762366],[-173.008739,64.675552],[-172.844633,64.64887],[-172.966858,64.572397],[-172.465077,64.558417],[-172.220244,64.407338],[-172.545226,64.376505],[-172.932188,64.483706],[-173.013051,64.461575],[-172.788324,64.437861],[-172.848677,64.304386],[-173.106265,64.24098],[-173.368253,64.285478],[-173.274485,64.431098],[-173.388539,64.598822],[-173.365994,64.422475],[-173.598245,64.330628],[-173.98933,64.412348],[-174.042293,64.528258],[-174.652292,64.725328],[-174.591974,64.817405],[-174.653223,64.897901],[-174.723082,64.80721],[-174.897983,64.798138],[-174.918748,64.855543],[-175.056776,64.759414],[-175.456841,64.797215],[-175.352526,64.826459],[-175.850697,64.990383],[-175.740677,65.123435],[-175.881554,65.258455],[-175.908839,65.402953],[-176.044057,65.452094],[-176.976552,65.608059],[-177.415925,65.440748],[-178.461101,65.472741],[-178.528798,65.511176],[-178.411089,65.681765],[-178.872507,65.893948],[-178.978383,66.049262],[-178.725334,65.991926],[-178.682444,66.101874],[-178.495675,66.140127],[-178.462302,66.367891],[-178.603719,66.360756],[-178.722902,66.209747],[-178.895781,66.149711],[-179.117665,66.242662],[-179.09496,66.345608],[-179.19811,66.399319],[-179.171457,66.289455],[-179.424021,66.344062],[-179.251955,66.14517],[-179.574583,66.111297],[-179.682322,66.18773],[-179.817494,65.984117],[-179.766672,65.81981],[-179.277044,65.630256],[-179.26051,65.532179],[-179.464002,65.416991],[-179.52421,65.235361],[-179.66309,65.141263],[-180,65.066229]]],[[[180,71.53642],[180,70.992423],[179.80698,70.913097],[178.832042,70.808539],[178.622732,71.037746],[178.869151,71.209662],[180,71.53642]]],[[[-180,70.99201],[-180,71.536688],[-179.735951,71.586412],[-178.394846,71.540717],[-177.445912,71.222642],[-177.930491,71.041449],[-179.342112,70.908026],[-180,70.99201]]],[[[131.920095,43.019517],[131.790538,42.974555],[131.787364,43.034369],[131.920095,43.019517]]],[[[142.529063,54.297187],[142.543224,54.237209],[142.649099,54.283393],[142.733572,54.421454],[143.003917,54.135484],[142.861339,53.888129],[143.052745,53.607245],[143.006521,53.575751],[143.121104,53.518052],[143.070811,53.461086],[143.210623,53.363227],[143.360525,52.871405],[143.304698,52.471381],[143.224457,52.361762],[143.286469,52.565334],[143.235362,52.556708],[143.097667,52.104234],[143.174815,51.866604],[143.310395,51.75434],[143.221202,51.531643],[143.337901,51.508368],[143.346528,51.635932],[143.447765,51.508368],[143.474946,51.343248],[143.379405,51.350084],[143.509288,51.280666],[143.790294,50.309231],[144.117442,49.767808],[144.282725,49.25019],[144.441417,49.013861],[144.66684,48.889635],[144.722016,48.672065],[144.503673,48.948717],[144.006033,49.269355],[143.302013,49.405178],[143.249766,49.373277],[143.355154,49.320014],[143.619395,49.324042],[143.174164,49.245998],[143.0088,49.123033],[142.969249,48.878485],[142.549571,48.020087],[142.545258,47.766669],[142.748057,47.44477],[143.016368,47.253607],[143.174083,46.862738],[143.10613,46.792426],[143.365001,46.686754],[143.177745,46.832465],[143.497895,46.800727],[143.60963,46.384223],[143.4463,46.047105],[143.337901,46.40941],[143.368663,46.555487],[142.82781,46.592963],[142.710948,46.745185],[142.457205,46.630805],[142.094249,45.902777],[141.942068,46.024359],[141.81422,46.538398],[142.056651,47.053697],[141.96046,47.591783],[142.177419,47.930406],[142.174001,48.151313],[141.857432,48.774237],[141.967296,48.862372],[142.142263,49.568061],[142.150076,50.345689],[142.045177,50.528266],[142.269216,51.112413],[142.078949,51.471381],[141.703461,51.724026],[141.78712,51.72484],[141.809581,51.80622],[141.639008,51.884508],[141.641856,52.318183],[141.843761,52.590806],[141.928396,53.020657],[141.768809,53.371649],[142.241059,53.529364],[142.284841,53.371405],[142.434337,53.37816],[142.675304,53.518215],[142.498057,53.615627],[142.515391,53.672756],[142.800059,53.697577],[142.739106,53.845689],[142.604177,53.697577],[142.708263,53.948228],[142.282563,54.297187],[142.529063,54.297187]]],[[[28.634613,60.601386],[28.561697,60.594468],[28.575531,60.643052],[28.634613,60.601386]]],[[[-172.243096,64.815942],[-172.043356,64.751183],[-172.633193,64.684439],[-172.461344,64.827595],[-172.243096,64.815942]]],[[[70.130626,66.556342],[69.835297,66.488837],[69.545421,66.59101],[69.575206,66.638251],[69.424571,66.768378],[69.15089,66.775377],[69.425466,66.806708],[69.635509,66.693834],[69.575206,66.731391],[70.007579,66.710679],[70.130626,66.556342]]],[[[51.299571,68.495429],[51.498302,68.488593],[50.792491,68.379299],[51.299571,68.495429]]],[[[55.369477,68.947903],[55.506602,68.913764],[55.259125,68.912909],[55.369477,68.947903]]],[[[54.643321,69.009345],[54.694835,68.99726],[54.580251,68.957465],[54.643321,69.009345]]],[[[161.487071,69.026679],[161.422211,68.893256],[161.421886,69.021552],[161.141449,69.087348],[161.168956,69.325263],[161.073253,69.445014],[161.357921,69.550116],[161.319102,69.242662],[161.487071,69.026679]]],[[[161.631114,69.561103],[161.588552,69.436184],[161.410167,69.415513],[161.402354,69.580797],[161.487315,69.64057],[161.631114,69.561103]]],[[[71.353363,73.385199],[71.214122,73.285061],[71.144298,73.340522],[71.353363,73.385199]]],[[[51.409516,71.806138],[51.439626,71.942206],[51.610037,72.091702],[51.84311,72.157945],[52.368419,72.075344],[52.368419,72.162421],[52.46461,72.154975],[52.402029,72.223212],[52.484548,72.209621],[52.413585,72.269517],[52.668793,72.306383],[52.600108,72.355414],[52.868175,72.346747],[52.712576,72.366523],[52.67335,72.413275],[52.784679,72.446194],[52.679373,72.471503],[53.077485,72.593573],[52.764903,72.56037],[52.806,72.60928],[52.738455,72.62051],[53.21811,72.648424],[52.375255,72.730373],[52.595958,72.852444],[53.026866,72.924994],[53.382009,72.888617],[53.141856,72.989203],[53.382009,73.011542],[53.121918,73.100898],[53.32252,73.220852],[53.753184,73.298896],[54.190766,73.272203],[54.934825,73.42536],[56.435232,73.230129],[56.559906,73.166205],[55.80836,73.066107],[56.466156,73.052476],[56.377208,73.006659],[55.642263,72.97191],[56.212413,72.977362],[56.2199,72.853217],[56.13795,72.782294],[55.431651,72.78559],[55.81072,72.758368],[55.946056,72.668891],[55.648774,72.704088],[55.719249,72.651842],[55.618175,72.542182],[55.2671,72.586982],[55.553071,72.520209],[55.15211,72.462795],[55.442149,72.444159],[55.459239,72.350491],[55.388194,72.3133],[55.567719,72.208401],[55.363129,72.076972],[55.42628,72.064602],[55.390473,71.942694],[55.246593,71.955715],[55.495616,71.902086],[55.67213,71.611029],[56.105724,71.258979],[57.038748,70.869818],[57.638682,70.729885],[57.480724,70.744452],[57.539317,70.704779],[57.440115,70.630805],[56.740489,70.702582],[57.302908,70.586127],[56.585297,70.64232],[56.513438,70.725735],[56.581309,70.737738],[56.476817,70.750393],[56.199229,70.709377],[56.6421,70.597724],[56.475922,70.547919],[56.400645,70.56387],[56.562511,70.579047],[55.84669,70.683905],[56.047862,70.585273],[55.884044,70.585273],[55.625255,70.633734],[55.791515,70.633694],[55.75766,70.693915],[55.444591,70.743598],[55.36378,70.718166],[55.472504,70.65412],[55.290863,70.68891],[55.162608,70.553127],[54.533214,70.813056],[54.47877,70.736029],[54.767426,70.647935],[54.307465,70.773383],[53.459239,70.823554],[53.300141,70.8664],[53.704763,70.845933],[53.72934,70.936469],[53.491873,71.072455],[54.232432,71.119696],[53.992198,71.16059],[54.12794,71.207709],[54.064464,71.237006],[53.733084,71.171698],[53.461681,71.254706],[53.951182,71.462226],[53.413341,71.311754],[53.25172,71.456041],[53.444102,71.545478],[52.903087,71.392727],[52.8213,71.469916],[52.635427,71.462226],[52.561371,71.627997],[52.38559,71.549547],[52.40504,71.490465],[52.271169,71.57274],[52.141856,71.545478],[52.279063,71.476549],[51.86199,71.456244],[51.549815,71.560248],[51.409516,71.806138]]],[[[127.404796,73.518622],[127.690929,73.542873],[128.063324,73.49136],[127.404796,73.518622]]],[[[86.892345,73.696723],[86.783946,73.608222],[86.398936,73.594387],[86.892345,73.696723]]],[[[97.158051,76.088284],[97.293305,76.09634],[96.698578,75.995795],[97.158051,76.088284]]],[[[95.177419,76.170844],[95.047048,76.16413],[95.081228,76.218573],[95.177419,76.170844]]],[[[94.999197,76.273261],[94.848888,76.186103],[94.434744,76.202623],[94.999197,76.273261]]],[[[96.57488,76.341498],[96.72462,76.346381],[96.383311,76.335273],[96.57488,76.341498]]],[[[96.896658,76.256496],[97.04127,76.239081],[96.715994,76.208686],[96.876801,76.322252],[96.82838,76.341498],[97.052989,76.314846],[96.787364,76.212388],[96.896658,76.256496]]],[[[94.163097,76.596015],[94.316417,76.589667],[93.868337,76.588568],[94.163097,76.596015]]],[[[95.266124,76.671088],[95.327485,76.664252],[94.84669,76.637844],[95.122081,76.718899],[95.266124,76.671088]]],[[[56.98699,74.690497],[56.626801,74.693549],[56.450938,74.747992],[56.500987,74.793524],[55.832693,74.800035],[56.664561,74.944322],[56.294932,74.96483],[56.44158,75.004381],[56.397472,75.036526],[55.903331,74.991278],[55.946056,75.074042],[55.747732,75.075385],[56.037934,75.217597],[56.337413,75.189643],[56.445811,75.067288],[56.530447,75.078437],[56.88087,75.223293],[56.8921,75.280463],[56.76059,75.287014],[56.836192,75.355211],[57.046235,75.398139],[57.741059,75.327867],[57.532725,75.478664],[58.195649,75.603217],[57.954275,75.624091],[57.979503,75.671942],[58.604503,75.732611],[58.536143,75.759955],[59.398692,75.937445],[60.322276,75.998236],[60.084483,76.036363],[60.268077,76.110093],[60.83839,76.122992],[60.481456,76.027045],[60.734711,76.005357],[61.145763,76.116116],[60.89975,76.157172],[61.076915,76.279975],[62.382498,76.271186],[62.503673,76.17768],[62.77947,76.270697],[63.170177,76.243476],[63.933116,76.362291],[64.090831,76.312812],[65.484874,76.574897],[65.991384,76.533352],[65.771739,76.672919],[66.461925,76.8605],[67.588064,77.013373],[68.462901,76.966702],[68.808604,76.869086],[68.76238,76.842353],[69.002615,76.71662],[68.787608,76.588568],[68.904307,76.578803],[68.207042,76.330471],[68.301606,76.303412],[63.761729,75.641588],[63.552013,75.711493],[63.613292,75.702338],[63.304373,75.588609],[61.732188,75.380601],[61.4817,75.223456],[61.276622,75.327867],[61.107432,75.197659],[60.83253,75.152899],[60.747406,75.033108],[60.506847,75.114244],[60.416026,75.010932],[59.927257,75.005805],[60.687511,74.923814],[60.223481,74.864325],[60.372325,74.793524],[60.276378,74.749661],[59.5088,74.79975],[59.839203,74.696234],[59.872244,74.647773],[59.755219,74.58747],[59.090505,74.738267],[59.269542,74.658189],[59.083669,74.648871],[59.193696,74.630805],[59.091156,74.49494],[59.143321,74.464016],[58.186778,74.581244],[58.638682,74.42357],[58.570486,74.388861],[58.711111,74.306586],[58.680349,74.251654],[58.49822,74.172512],[58.264334,74.206692],[58.521983,74.149237],[58.16212,74.150377],[58.097423,74.059882],[58.21339,74.029446],[58.108409,73.986151],[57.754161,74.04682],[57.48878,74.193427],[57.41212,74.184027],[57.535655,74.09398],[57.260753,74.080308],[57.878429,73.934312],[57.83253,73.906317],[57.932872,73.841376],[57.748709,73.72602],[57.395356,73.845526],[56.555675,73.888577],[57.349864,73.827582],[57.617524,73.66885],[57.3296,73.573879],[56.735118,73.680243],[56.816905,73.629462],[56.746755,73.607367],[57.251964,73.48428],[56.908458,73.314683],[56.78712,73.364],[56.729828,73.244534],[56.12086,73.290025],[55.917491,73.448391],[55.971202,73.402981],[55.924001,73.311998],[54.900076,73.448391],[54.2942,73.334133],[54.033051,73.374661],[54.417328,73.477688],[54.184581,73.49136],[54.541515,73.610989],[55.34962,73.717231],[54.53004,73.704169],[54.051443,73.610989],[53.639334,73.780748],[54.785411,73.966213],[54.588634,74.018866],[55.018891,74.173],[55.864431,74.105943],[55.090505,74.261217],[55.735037,74.280015],[55.232921,74.3758],[55.34962,74.433824],[56.263357,74.479967],[55.499766,74.566962],[55.612315,74.676093],[56.98699,74.690497]]],[[[93.8684,78.14709],[93.62908,78.15705],[93.749982,78.203992],[93.8684,78.14709]]],[[[92.456798,79.110419],[92.724376,79.07685],[92.175629,79.130845],[92.456798,79.110419]]],[[[92.990571,79.419501],[92.593516,79.405219],[92.79127,79.440009],[92.990571,79.419501]]],[[[92.305431,79.45303],[92.470551,79.432563],[91.784679,79.419501],[92.305431,79.45303]]],[[[91.372244,79.485541],[91.531261,79.449286],[90.820079,79.556708],[91.372244,79.485541]]],[[[100.199962,79.678941],[100.309825,79.665961],[99.905772,79.603827],[99.982921,79.697903],[100.199962,79.678941]]],[[[94.327647,80.028998],[93.959483,79.965277],[93.96811,80.009182],[94.327647,80.028998]]],[[[146.175059,43.538153],[146.209158,43.483466],[146.100434,43.500678],[146.175059,43.538153]]],[[[146.881684,43.859198],[146.914561,43.80272],[146.625011,43.726752],[146.64796,43.814765],[146.881684,43.859198]]],[[[146.469249,44.428778],[146.551931,44.451117],[146.503184,44.362128],[146.096365,44.238756],[145.620128,43.867092],[145.557953,43.657904],[145.427582,43.770901],[146.090994,44.478217],[146.469249,44.428778]]],[[[148.799164,45.415676],[148.844005,45.371039],[148.782237,45.319403],[148.27768,45.222561],[147.913024,44.963002],[147.653801,44.994851],[147.555431,44.823554],[147.226027,44.581002],[146.876039,44.434144],[146.931308,44.586009],[147.037825,44.599012],[146.998623,44.662612],[147.19658,44.713682],[147.096528,44.795803],[147.21654,44.799007],[147.503103,45.066474],[147.886241,45.218736],[147.917735,45.409857],[148.069591,45.251166],[148.31186,45.275295],[148.726573,45.525214],[148.851329,45.481513],[148.799164,45.415676]]],[[[150.334239,46.210842],[150.56935,46.231758],[150.245369,46.037032],[150.197602,45.929633],[149.637766,45.610946],[149.436697,45.586982],[149.693614,45.861029],[150.334239,46.210842]]],[[[152.205577,47.128811],[152.255382,47.154853],[151.850601,46.790473],[151.711111,46.815497],[152.225434,47.176581],[152.205577,47.128811]]],[[[152.503429,47.383246],[152.540294,47.325141],[152.429731,47.319191],[152.503429,47.383246]]],[[[153.021271,47.799597],[153.066367,47.76117],[152.99263,47.697111],[153.021271,47.799597]]],[[[153.288422,48.07746],[153.275473,48.032739],[153.159069,48.09218],[153.288422,48.07746]]],[[[154.212901,48.91767],[154.008556,48.732815],[154.119477,48.899604],[154.212901,48.91767]]],[[[153.98699,48.965399],[153.918712,48.931301],[153.91505,48.982489],[153.98699,48.965399]]],[[[154.562999,49.157172],[154.601329,49.11107],[154.454438,49.141588],[154.562999,49.157172]]],[[[154.447558,49.816984],[154.447928,49.72951],[154.391241,49.749187],[154.447558,49.816984]]],[[[156.125255,50.637519],[156.152599,50.530341],[155.781993,50.189643],[155.561534,50.166571],[155.364268,50.000067],[155.241466,50.054755],[155.233409,50.304633],[155.658946,50.388861],[156.041189,50.772773],[156.104747,50.767279],[156.125255,50.637519]]],[[[156.46046,50.873725],[156.500012,50.749327],[156.405772,50.654202],[156.180024,50.688422],[156.180675,50.761176],[156.46046,50.873725]]],[[[155.563487,50.808254],[155.446788,50.884589],[155.543791,50.92982],[155.672862,50.870307],[155.563487,50.808254]]],[[[142.549653,54.302232],[142.604177,54.310207],[142.540701,54.297797],[142.549653,54.302232]]],[[[137.821788,54.457831],[137.917979,54.509426],[137.732188,54.364407],[137.821788,54.457831]]],[[[137.622569,54.570787],[137.634451,54.411322],[137.568126,54.396633],[137.622569,54.570787]]],[[[168.059255,54.546617],[168.110688,54.516262],[167.448904,54.820461],[167.472992,54.866848],[167.73406,54.762641],[168.059255,54.546617]]],[[[137.171235,55.119534],[137.048595,54.923285],[136.670421,54.907294],[137.171235,55.119534]]],[[[138.046723,55.058051],[138.212169,55.036363],[137.706065,54.624986],[137.485362,54.87934],[137.225922,54.777818],[137.60613,55.2001],[137.961436,55.134508],[137.898123,55.025458],[138.046723,55.058051]]],[[[166.664399,54.756415],[166.592296,54.717719],[166.206391,54.936591],[166.023611,55.177558],[165.74643,55.297065],[165.924083,55.358547],[166.287771,55.3039],[166.244314,55.16234],[166.64975,54.84455],[166.664399,54.756415]]],[[[150.725271,59.127997],[150.779159,59.109516],[150.481388,58.99969],[150.725271,59.127997]]],[[[164.7069,58.976828],[164.631874,58.865366],[164.179698,58.82567],[163.846035,58.690515],[163.490019,58.444503],[163.412854,58.535369],[163.610543,58.607463],[163.779552,58.810402],[163.913191,58.994291],[163.730842,58.995802],[163.804185,59.031278],[164.558116,59.239691],[164.7069,58.976828]]],[[[155.507711,59.328127],[155.566932,59.340424],[155.600049,59.319429],[155.507711,59.328127]]],[[[29.791352,59.994859],[29.786876,59.975084],[29.6574,60.025458],[29.791352,59.994859]]],[[[27.88502,60.011054],[27.820486,59.982733],[27.820079,60.030829],[27.88502,60.011054]]],[[[27.022227,60.042182],[26.984711,60.017727],[26.950043,60.099555],[27.022227,60.042182]]],[[[28.711762,60.294989],[28.624197,60.270209],[28.546886,60.334215],[28.711762,60.294989]]],[[[28.516856,60.337714],[28.503673,60.311021],[28.442393,60.344306],[28.516856,60.337714]]],[[[35.943126,64.405097],[36.031261,64.373114],[35.856293,64.403388],[35.943126,64.405097]]],[[[35.866873,65.031317],[35.764185,64.963708],[35.505162,65.095552],[35.78645,65.165106],[35.866873,65.031317]]],[[[-169.083363,65.815863],[-168.994618,65.815863],[-169.076527,65.755072],[-169.083363,65.815863]]],[[[42.645838,66.742345],[42.680973,66.681886],[42.4265,66.752009],[42.645838,66.742345]]],[[[32.385997,67.13231],[32.407074,67.107123],[32.341482,67.136054],[32.385997,67.13231]]],[[[59.241954,69.177558],[58.782237,69.326483],[59.150727,69.254625],[59.241954,69.177558]]],[[[34.030121,69.393541],[34.406912,69.352525],[33.975597,69.369615],[34.030121,69.393541]]],[[[50.323009,69.150539],[50.169281,69.011623],[50.113455,68.995673],[50.223318,69.153957],[49.53891,68.835395],[48.797618,68.729397],[48.592052,68.730862],[48.23585,68.882392],[48.215994,68.995673],[48.334321,69.299872],[48.906261,69.507961],[49.271739,69.507961],[50.164399,69.260891],[50.323009,69.150539]]],[[[169.446462,69.849107],[169.305919,69.77025],[169.234711,69.592108],[168.874522,69.567857],[168.172537,69.695217],[167.785655,69.858303],[168.253184,70.02204],[169.446462,69.849107]]],[[[60.539806,69.818671],[60.475922,69.72248],[60.25408,69.689439],[59.563487,69.715033],[59.602306,69.782457],[59.431488,69.889472],[58.939708,69.942206],[59.132091,69.873277],[59.015961,69.859687],[58.695567,70.002834],[58.44988,70.233954],[58.824229,70.215888],[58.522309,70.331122],[59.042735,70.466376],[59.535167,70.217475],[60.413829,69.962714],[60.539806,69.818671]]],[[[57.117361,70.558539],[57.193044,70.541449],[57.035411,70.544867],[57.121349,70.516059],[57.06365,70.502427],[56.859711,70.585273],[57.117361,70.558539]]],[[[162.381684,70.681464],[162.484141,70.65412],[162.237804,70.65412],[162.381684,70.681464]]],[[[161.662283,70.791327],[161.694591,70.750434],[161.483653,70.839748],[161.662283,70.791327]]],[[[160.723481,70.838446],[160.763974,70.804045],[160.504066,70.805012],[160.545552,70.851474],[160.40797,70.914252],[160.674385,70.914211],[160.723481,70.838446]]],[[[53.231781,71.215888],[53.046886,71.072455],[53.139334,70.993638],[53.009776,70.968207],[52.642833,71.223334],[52.211762,71.308092],[52.708669,71.407213],[52.995128,71.306464],[52.74464,71.374172],[52.847911,71.347113],[52.779307,71.325751],[53.231781,71.215888]]],[[[137.914236,71.558498],[137.965831,71.510688],[137.69337,71.419379],[136.991873,71.517524],[137.914236,71.558498]]],[[[78.279063,72.552191],[78.366954,72.51203],[77.811371,72.31509],[76.869884,72.30744],[77.568126,72.62816],[78.279063,72.552191]]],[[[128.831065,72.655219],[128.974457,72.593817],[128.653331,72.527493],[128.111095,72.634711],[128.831065,72.655219]]],[[[128.317149,72.812323],[128.994083,72.932471],[129.21966,72.926406],[129.417139,72.812596],[129.207043,72.761895],[128.317149,72.812323]]],[[[79.562999,72.768256],[79.395274,72.704047],[78.909923,72.741278],[78.592296,72.862128],[79.205333,73.097602],[79.541352,72.925523],[79.490733,72.908433],[79.562999,72.768256]]],[[[74.725352,73.107123],[74.961599,73.066107],[74.734223,73.092475],[74.646658,72.974555],[74.687022,72.870917],[74.120779,72.998847],[74.211681,73.114569],[74.725352,73.107123]]],[[[120.278575,73.100898],[119.747406,73.032782],[119.658539,73.108588],[120.021983,73.168118],[120.278575,73.100898]]],[[[76.695079,73.186225],[76.736583,73.155504],[76.632579,73.131252],[76.170909,73.181627],[76.695079,73.186225]]],[[[71.669119,73.227484],[71.750126,73.042112],[71.374501,73.178934],[69.874848,73.038275],[70.064952,73.237128],[69.967947,73.376207],[70.469574,73.499213],[71.229177,73.464748],[70.997081,73.288398],[71.274669,73.25434],[71.459158,73.348375],[71.669119,73.227484]]],[[[76.756602,73.449693],[76.116873,73.513414],[76.250743,73.554185],[76.756602,73.449693]]],[[[75.922618,73.523668],[75.321137,73.397366],[75.619395,73.553412],[76.033865,73.579047],[75.922618,73.523668]]],[[[143.474946,73.320624],[143.565113,73.23115],[143.174945,73.17658],[140.788621,73.410005],[139.9651,73.326567],[139.816696,73.339069],[139.767088,73.418345],[140.493302,73.485044],[140.899181,73.801459],[141.127208,73.881659],[142.045177,73.916571],[142.582774,73.825344],[143.407237,73.542792],[143.536957,73.443549],[143.474946,73.320624]]],[[[124.585948,73.915839],[124.656993,73.902777],[124.514171,73.841376],[124.321788,73.923285],[124.585948,73.915839]]],[[[84.355235,74.018866],[84.418305,73.970445],[83.91212,73.993598],[84.355235,74.018866]]],[[[83.513438,74.121283],[83.620128,74.090888],[83.392345,74.035793],[82.828136,74.080308],[83.180024,74.155178],[83.513438,74.121283]]],[[[82.568044,74.162909],[82.740001,74.101386],[82.592133,74.056464],[82.317556,74.116848],[82.568044,74.162909]]],[[[136.258962,73.957465],[136.08074,73.898179],[135.391287,74.234565],[136.010753,74.103461],[136.258962,73.957465]]],[[[141.09783,74.149237],[140.987966,73.984768],[140.437755,73.908433],[140.164716,74.070638],[140.221889,74.220082],[140.3499,74.254216],[140.891449,74.276516],[141.05836,74.234442],[141.09783,74.149237]]],[[[116.098318,74.354682],[116.052989,74.285224],[115.898204,74.302069],[115.980724,74.377509],[116.098318,74.354682]]],[[[84.87086,74.505561],[84.933116,74.492906],[84.578624,74.468492],[84.767833,74.409898],[84.386567,74.457668],[84.87086,74.505561]]],[[[113.405772,74.444037],[113.429454,74.394192],[113.207042,74.251654],[112.774913,74.08808],[112.162852,74.138577],[111.468516,74.344794],[111.951345,74.370795],[112.007335,74.538153],[112.110118,74.551215],[113.405772,74.444037]]],[[[85.53891,74.574408],[85.615571,74.549465],[85.31186,74.465644],[85.166759,74.511868],[85.237478,74.575263],[85.53891,74.574408]]],[[[86.078461,74.555243],[86.207205,74.512356],[85.707693,74.465074],[85.790538,74.567613],[86.078461,74.555243]]],[[[79.614106,74.601752],[79.490001,74.516913],[79.182791,74.629055],[79.614106,74.601752]]],[[[85.227061,74.745103],[85.114513,74.745836],[85.466645,74.813951],[85.706228,74.731431],[85.227061,74.745103]]],[[[87.028982,74.991523],[87.122081,74.951646],[87.077647,74.899644],[86.726573,74.916205],[86.947032,74.840725],[86.871593,74.820461],[86.230317,74.895087],[86.565929,74.896918],[86.523936,74.986965],[87.028982,74.991523]]],[[[82.136567,75.14232],[82.150401,75.09516],[82.056814,75.117906],[82.136567,75.14232]]],[[[82.239594,75.375678],[82.281261,75.345649],[82.076915,75.346137],[81.956391,75.182034],[81.870779,75.315904],[81.640798,75.287502],[81.511078,75.350287],[81.793305,75.465074],[81.76824,75.380764],[81.939626,75.3935],[81.896983,75.492377],[82.170746,75.519721],[82.013031,75.444037],[82.239594,75.375678]]],[[[150.827647,75.163398],[150.926768,75.152086],[150.654063,75.00788],[150.645274,74.906643],[149.208995,74.758002],[148.17213,74.803534],[146.071788,75.240302],[146.167817,75.386054],[146.37908,75.462958],[146.389171,75.58515],[146.486339,75.594387],[146.770763,75.506741],[146.6421,75.447699],[146.770763,75.375678],[147.15504,75.336371],[147.436209,75.38935],[147.333181,75.430365],[148.407725,75.421088],[148.54713,75.385565],[148.457286,75.310858],[148.610362,75.215522],[149.126801,75.268622],[150.129405,75.225531],[150.163422,75.156643],[150.560802,75.12873],[150.491873,75.109605],[150.827647,75.163398]]],[[[136.975108,75.591742],[136.969819,75.609036],[137.081309,75.568183],[136.975108,75.591742]]],[[[137.059906,75.640774],[137.131358,75.652411],[136.981212,75.616523],[137.059906,75.640774]]],[[[135.991384,75.527167],[135.983409,75.417182],[135.450043,75.375678],[135.678233,75.859768],[135.932791,75.67593],[136.160167,75.629625],[135.991384,75.527167]]],[[[82.109548,75.888983],[82.228038,75.88703],[81.593272,75.917182],[82.109548,75.888983]]],[[[83.27947,75.956285],[82.862315,75.917182],[82.259044,75.972235],[83.27947,75.956285]]],[[[145.366222,75.540229],[144.72934,75.431586],[144.667247,75.341539],[144.941091,75.273342],[144.768403,75.261176],[144.417735,75.069037],[143.998546,75.02497],[142.898123,75.141547],[142.494314,75.375678],[142.724376,75.550686],[143.01352,75.602444],[143.00115,75.707953],[142.337901,75.725653],[142.406912,75.695258],[142.008311,75.622748],[142.131847,75.60163],[142.08725,75.544623],[142.19988,75.348822],[142.425792,75.212958],[142.668712,75.087958],[143.614513,75.011135],[143.707774,74.947455],[142.715099,74.895168],[142.514008,74.817369],[141.974132,74.933783],[142.364513,74.93065],[142.198741,75.004218],[141.843761,74.998969],[140.068696,74.827948],[139.652029,74.98078],[139.495128,74.946926],[139.516612,74.855943],[139.611095,74.870754],[139.528575,74.801663],[139.127208,74.652289],[137.895274,74.846177],[137.651378,75.022773],[137.149099,75.134223],[136.874766,75.349514],[137.422374,75.369818],[137.143321,75.410224],[137.301036,75.47134],[137.18922,75.576606],[137.279552,75.591376],[137.080333,75.714586],[137.198497,75.789618],[137.742686,75.749091],[137.423188,75.910102],[138.027517,76.031928],[138.138031,76.118842],[138.376638,76.157172],[138.328298,76.136054],[138.409923,76.064846],[138.492442,76.159735],[139.048839,76.239081],[138.928233,76.221666],[139.10963,76.096869],[139.882579,75.945502],[139.828787,75.923245],[139.938813,75.841864],[140.480724,75.80093],[140.537608,75.774319],[140.434906,75.664455],[140.676768,75.623277],[141.062266,75.650092],[140.864431,75.738837],[140.966156,76.03498],[141.585216,76.007514],[141.325531,76.172187],[142.546886,75.862982],[143.947113,75.834784],[145.366222,75.540229]]],[[[96.644054,76.267035],[96.589692,76.174628],[96.346853,76.254706],[96.407725,76.221259],[96.278494,76.222235],[96.370372,76.189887],[96.301768,76.111396],[95.310557,76.201158],[95.349946,76.288764],[96.644054,76.267035]]],[[[113.292491,76.363227],[113.137543,76.369452],[113.264334,76.444322],[113.408702,76.387112],[113.292491,76.363227]]],[[[111.958832,76.6022],[112.388438,76.653876],[112.548513,76.581732],[112.507579,76.540717],[112.714122,76.520453],[112.567882,76.443508],[111.958832,76.6022]]],[[[96.472016,76.691596],[95.889903,76.616441],[96.004161,76.679633],[96.472016,76.691596]]],[[[95.650238,76.677924],[95.834727,76.691596],[95.437348,76.671088],[95.650238,76.677924]]],[[[97.476329,76.650336],[97.596202,76.6022],[97.34311,76.599311],[97.391368,76.634955],[97.305349,76.684394],[97.4463,76.714748],[97.476329,76.650336]]],[[[149.374713,76.738202],[149.20009,76.626806],[148.452203,76.623336],[149.453497,76.768779],[149.374713,76.738202]]],[[[96.527354,77.205512],[96.566417,77.156195],[96.477224,77.082221],[96.235037,76.990465],[95.257091,76.991604],[96.527354,77.205512]]],[[[105.784923,77.280585],[106.011485,77.287421],[105.861827,77.254869],[105.784923,77.280585]]],[[[89.68922,77.280585],[89.81702,77.21059],[89.49279,77.140757],[89.134613,77.217719],[89.266287,77.298285],[89.68922,77.280585]]],[[[106.361176,77.321926],[106.434093,77.327948],[106.333018,77.321601],[106.361176,77.321926]]],[[[107.745128,77.329047],[107.204845,77.23432],[107.423188,77.269843],[107.319835,77.28734],[107.356212,77.345689],[107.745128,77.329047]]],[[[106.861176,77.445746],[106.52475,77.390448],[106.924815,77.467027],[106.861176,77.445746]]],[[[107.704112,78.137152],[107.45102,78.053168],[106.39503,78.130927],[107.337901,78.190741],[107.704112,78.137152]]],[[[106.532237,78.253852],[106.022716,78.211371],[106.470063,78.342597],[106.765636,78.308498],[106.450206,78.261298],[106.532237,78.253852]]],[[[105.415538,78.583441],[104.787364,78.336371],[103.015961,78.256496],[102.66033,78.164496],[102.607107,78.225531],[101.209809,78.193508],[99.871267,77.952216],[99.371349,77.959662],[99.426036,77.987006],[99.287283,78.034857],[100.036876,78.339423],[100.031912,78.428412],[100.275645,78.579739],[100.364513,78.737047],[100.636485,78.796942],[101.139415,78.751695],[100.782237,78.863349],[101.02711,79.03144],[101.591645,78.976996],[100.988129,79.062649],[101.028087,79.123481],[101.557384,79.254381],[101.646739,79.364244],[102.246267,79.241645],[102.146983,79.345038],[102.302908,79.432807],[103.138357,79.325141],[102.82545,79.227118],[102.701427,79.04149],[102.39796,78.844957],[102.665782,78.892401],[102.921153,79.058417],[103.624278,79.17121],[104.455333,78.966742],[104.499197,78.863756],[104.405447,78.861518],[104.632579,78.842841],[104.578868,78.775214],[104.887055,78.857123],[105.175059,78.809272],[105.415538,78.583441]]],[[[77.613617,79.521918],[76.696056,79.477607],[76.051443,79.648505],[77.613617,79.521918]]],[[[93.628184,79.933417],[93.813731,79.898668],[93.052094,79.715277],[91.921886,79.678941],[92.332856,79.722398],[92.099457,79.809882],[91.07252,79.850979],[91.26238,79.903022],[91.017589,79.966986],[91.153819,79.980048],[91.136404,80.040025],[90.894867,80.054999],[93.628184,79.933417]]],[[[51.346853,79.953315],[51.470225,79.944322],[50.045258,79.974433],[50.552501,79.988023],[50.963552,80.101874],[51.264822,80.056342],[51.213552,80.042222],[51.346853,79.953315]]],[[[36.593598,80.158759],[36.652599,80.174872],[36.853689,80.151923],[36.593598,80.158759]]],[[[99.885997,79.04149],[99.946625,78.97012],[99.877208,78.931138],[99.40561,78.822455],[97.442231,78.817206],[97.559744,78.830512],[96.798513,78.989203],[95.697276,78.998277],[95.670177,79.069403],[95.46754,79.111518],[94.851817,79.062649],[94.320811,79.264309],[94.312266,79.479193],[93.739268,79.44774],[93.991222,79.494045],[93.690196,79.542426],[93.86085,79.595933],[93.23585,79.438951],[93.114106,79.467271],[93.272716,79.487006],[93.17628,79.528754],[92.854177,79.556098],[93.280284,79.552476],[94.169444,79.775214],[94.690115,79.816107],[94.22462,79.898668],[94.951996,80.104478],[95.334727,80.028998],[95.502126,80.111477],[97.592133,80.174872],[98.042979,80.071112],[97.551524,79.823717],[97.604015,79.797024],[97.213145,79.720364],[97.705821,79.76317],[98.087901,79.905504],[98.412852,79.888495],[98.567393,79.970649],[98.465587,79.999905],[98.515391,80.052314],[99.198985,80.049994],[100.022472,79.823554],[100.076996,79.78266],[99.842052,79.748765],[99.686046,79.322699],[99.034923,79.295966],[99.885997,79.04149]]],[[[50.081309,80.068061],[49.57545,80.136298],[49.898611,80.233954],[50.318614,80.19599],[50.081309,80.068061]]],[[[55.794932,80.642279],[55.431651,80.71426],[56.530447,80.787095],[56.946056,80.693793],[55.794932,80.642279]]],[[[46.687266,80.529283],[46.083995,80.439887],[46.030447,80.465074],[46.083995,80.555976],[45.994965,80.577094],[45.51531,80.519761],[44.896007,80.604885],[47.536306,80.856676],[48.496349,80.798082],[48.764008,80.659613],[48.063731,80.662421],[47.715831,80.768378],[47.30421,80.652777],[47.433279,80.610663],[46.687266,80.529283]]],[[[62.221934,80.813218],[62.275238,80.783881],[62.230724,80.727851],[62.037446,80.665839],[62.147309,80.639146],[61.706228,80.59748],[61.084483,80.41059],[60.307384,80.495551],[59.636404,80.43122],[59.241954,80.529283],[59.362153,80.558824],[59.229259,80.64411],[59.693858,80.837144],[60.170909,80.853949],[60.224376,80.848375],[59.96811,80.809882],[60.36199,80.789984],[61.60255,80.895657],[62.221934,80.813218]]],[[[58.130056,80.780748],[57.815684,80.809882],[58.74586,80.902737],[59.029063,80.824123],[58.130056,80.780748]]],[[[55.76588,80.783677],[54.87672,80.721137],[54.011729,80.79621],[55.097016,80.902818],[55.986501,80.803656],[55.76588,80.783677]]],[[[51.689301,80.727281],[51.743988,80.71426],[50.994802,80.547349],[49.727794,80.49433],[49.675304,80.481513],[49.798676,80.426907],[49.490408,80.363511],[48.839529,80.387844],[48.65447,80.317043],[49.068696,80.199652],[48.528331,80.209133],[48.51059,80.124213],[48.372406,80.091783],[48.116059,80.136786],[47.663585,80.070014],[47.605235,80.078599],[47.736501,80.162014],[48.046641,80.189032],[47.678559,80.247748],[47.101817,80.170315],[46.659516,80.274156],[47.088552,80.371649],[47.223888,80.308987],[48.132986,80.326483],[48.188731,80.337551],[47.635916,80.388129],[48.202322,80.416002],[48.100108,80.476304],[47.42335,80.442939],[48.375499,80.571112],[48.569021,80.505601],[49.188243,80.52143],[49.407074,80.617418],[49.284923,80.645331],[49.631033,80.639594],[49.681977,80.721137],[48.955333,80.734768],[50.237153,80.933498],[50.396983,80.921088],[50.023123,80.872504],[50.826671,80.919094],[51.045177,80.851467],[50.251231,80.741604],[50.372406,80.713446],[51.312673,80.789984],[51.689301,80.727281]]],[[[79.806651,80.974311],[80.437185,80.940172],[80.326427,80.860541],[79.011485,80.824123],[79.187999,80.95185],[79.806651,80.974311]]],[[[58.653656,81.043769],[58.56129,80.957017],[58.366954,80.94595],[57.882823,81.030219],[58.069509,81.111518],[58.653656,81.043769]]],[[[57.336436,80.891791],[56.144216,81.092353],[56.702891,81.113105],[58.2824,80.9265],[57.870942,80.859565],[57.336436,80.891791]]],[[[54.564138,80.995429],[54.454926,81.04857],[54.720388,81.119574],[55.520274,81.00845],[56.019216,81.043606],[57.681326,80.816799],[57.058767,80.69184],[56.668468,80.809231],[55.798839,80.854438],[55.315196,80.975287],[54.564138,80.995429]]],[[[50.476573,81.069973],[50.347423,81.09101],[50.529633,81.167873],[50.976817,81.105902],[50.374278,81.022773],[50.476573,81.069973]]],[[[91.547211,81.153795],[91.186209,81.05683],[89.996349,81.105292],[89.893891,81.17357],[91.547211,81.153795]]],[[[97.747081,80.741604],[97.972911,80.721137],[97.130626,80.665839],[97.19158,80.645331],[97.042166,80.564887],[97.225841,80.346666],[97.422862,80.326972],[97.187999,80.233588],[94.53004,80.131008],[93.749848,79.996772],[92.065766,80.172431],[92.837413,80.160142],[92.888194,80.172431],[92.129649,80.275865],[93.289399,80.266832],[93.244395,80.309556],[91.42213,80.309556],[91.98878,80.401597],[92.627615,80.391547],[91.927501,80.448391],[92.792654,80.529283],[92.825206,80.650621],[93.239594,80.769436],[92.534679,80.753079],[92.558604,80.80268],[93.162608,80.946967],[93.075857,80.973456],[95.547211,81.220771],[95.060557,81.241645],[95.103526,81.271308],[95.776622,81.288804],[96.954845,80.91059],[97.883556,80.769477],[97.747081,80.741604]]],[[[57.266124,81.426825],[56.755056,81.449897],[57.013031,81.536811],[57.784028,81.564765],[57.888845,81.485582],[58.544444,81.429999],[58.305675,81.376899],[57.266124,81.426825]]],[[[62.503673,81.652777],[62.106456,81.673245],[62.804698,81.721625],[63.805919,81.660142],[63.467459,81.589057],[62.503673,81.652777]]],[[[58.295421,81.714179],[57.891287,81.707953],[58.145274,81.776842],[57.939708,81.803616],[58.156098,81.830268],[59.403087,81.836575],[59.002235,81.740275],[58.295421,81.714179]]],[[[150.843331,46.448224],[150.780077,46.457159],[150.808481,46.486438],[150.843331,46.448224]]],[[[154.836681,49.650051],[154.88502,49.558498],[154.79713,49.456977],[154.808849,49.304918],[154.612559,49.289374],[154.836681,49.650051]]],[[[59.034353,75.959866],[59.26002,75.984076],[58.724132,75.89704],[59.034353,75.959866]]],[[[59.00172,79.980618],[58.792735,80.011054],[59.529145,80.120917],[59.909841,80.005601],[59.40268,79.921861],[59.00172,79.980618]]],[[[55.712087,80.103461],[56.019054,80.18183],[55.952322,80.261786],[56.129893,80.351223],[57.021983,80.364],[57.148936,80.207221],[57.054373,80.167792],[57.077485,80.082994],[56.956798,80.066311],[55.712087,80.103461]]],[[[52.622895,80.183295],[52.182872,80.276068],[52.568858,80.289496],[52.950531,80.412584],[53.861827,80.276068],[53.489919,80.17182],[52.622895,80.183295]]],[[[57.528819,80.131415],[57.290212,80.169013],[57.20753,80.353949],[57.274425,80.391547],[56.946056,80.481513],[58.452403,80.468085],[59.264334,80.343207],[58.425059,80.32217],[58.076915,80.261786],[58.429373,80.241889],[58.42628,80.186713],[57.528819,80.131415]]],[[[53.798025,80.472886],[53.972911,80.529283],[53.858735,80.554429],[53.883311,80.610745],[54.269054,80.58869],[54.170421,80.572577],[54.458263,80.50137],[54.288259,80.420356],[53.798025,80.472886]]],[[[60.256196,81.036363],[61.679942,81.113715],[61.599783,81.031399],[60.987804,80.922024],[60.069998,80.979641],[60.256196,81.036363]]],[[[62.770518,80.885565],[63.142263,80.971381],[64.036469,80.986884],[64.169119,81.010199],[64.13266,81.082424],[64.237315,81.151842],[64.704845,81.205268],[65.229828,81.136705],[65.43629,81.037055],[65.306163,80.995429],[65.453868,80.950426],[64.425629,80.740871],[63.130707,80.683092],[62.530772,80.804755],[62.770518,80.885565]]],[[[57.336192,81.205268],[58.083751,81.214545],[57.70045,81.137152],[56.994395,81.166164],[57.336192,81.205268]]],[[[55.646821,81.200263],[55.431651,81.275946],[55.712087,81.330552],[56.54477,81.254788],[56.602794,81.261705],[56.37379,81.35517],[56.726248,81.397162],[57.90504,81.297105],[56.614513,81.178534],[55.646821,81.200263]]],[[[58.563487,81.324408],[58.510509,81.321112],[59.017914,81.403388],[59.356944,81.344306],[58.563487,81.324408]]],[[[61.903656,81.604926],[62.1963,81.564846],[61.653982,81.604926],[61.903656,81.604926]]],[[[40.454926,64.581855],[40.194835,64.574164],[39.871349,64.684027],[40.228363,64.699897],[40.454926,64.581855]]],[[[40.001964,64.737372],[39.943696,64.727973],[39.949718,64.741929],[40.001964,64.737372]]],[[[40.145193,64.73428],[40.075531,64.757025],[40.333507,64.772406],[40.402517,64.662502],[40.145193,64.73428]]],[[[36.01295,65.051703],[36.005138,65.026516],[35.897716,65.032864],[36.01295,65.051703]]],[[[36.211436,65.158271],[36.260997,65.154527],[35.951996,65.146389],[36.211436,65.158271]]],[[[54.329763,68.311469],[54.220958,68.245185],[54.212738,68.291083],[54.329763,68.311469]]],[[[53.912283,68.361965],[53.957693,68.293362],[53.853201,68.337144],[53.912283,68.361965]]],[[[49.049083,68.678412],[49.124278,68.66767],[48.76588,68.690375],[49.049083,68.678412]]],[[[49.579275,68.819281],[49.598481,68.814765],[49.499197,68.78559],[49.579275,68.819281]]],[[[54.266775,68.81684],[54.374848,68.790961],[54.228201,68.79621],[54.266775,68.81684]]],[[[49.814301,68.899482],[49.841807,68.906236],[49.75172,68.877427],[49.814301,68.899482]]],[[[54.974294,68.939887],[55.022227,68.928209],[54.914236,68.937567],[54.974294,68.939887]]],[[[50.082856,68.960924],[50.107677,68.963528],[50.004242,68.930732],[50.082856,68.960924]]],[[[67.217296,69.420559],[67.286876,69.438056],[67.132172,69.363918],[66.93865,69.439399],[67.217296,69.420559]]],[[[67.327973,69.572699],[67.22934,69.433539],[67.037934,69.497952],[67.327973,69.572699]]],[[[66.837087,70.391913],[66.60727,70.461819],[66.640147,70.526313],[66.837087,70.391913]]],[[[66.559255,70.544257],[66.397309,70.630316],[66.427989,70.799506],[66.559255,70.544257]]],[[[66.600434,70.913764],[66.447276,70.818915],[66.59962,71.004381],[66.600434,70.913764]]],[[[53.369802,71.291734],[53.395356,71.280504],[53.1692,71.349189],[53.369802,71.291734]]],[[[152.875255,76.151353],[152.773448,76.083401],[152.584158,76.125922],[152.875255,76.151353]]],[[[156.660981,77.107611],[156.515798,77.087714],[156.528819,77.12108],[156.660981,77.107611]]],[[[92.062266,77.62995],[92.110118,77.610907],[91.865977,77.628648],[92.062266,77.62995]]],[[[58.814789,79.916693],[58.870372,79.901313],[58.248302,79.933417],[58.613943,79.979438],[58.814789,79.916693]]],[[[60.167247,80.168524],[60.21046,80.149156],[59.902599,80.16767],[60.167247,80.168524]]],[[[54.407725,80.284817],[54.31544,80.201809],[54.144054,80.192043],[54.110362,80.252672],[54.407725,80.284817]]],[[[55.49879,80.31684],[55.234874,80.227932],[54.942068,80.240871],[55.49879,80.31684]]],[[[54.987478,80.414374],[55.263031,80.430609],[55.129893,80.374335],[54.987478,80.414374]]],[[[54.841807,80.431342],[54.400076,80.384223],[54.62672,80.47724],[54.841807,80.431342]]],[[[54.821462,80.464789],[54.63087,80.502102],[55.056407,80.502875],[54.821462,80.464789]]],[[[59.737153,81.189765],[59.755544,81.169989],[59.014659,81.193061],[59.737153,81.189765]]],[[[60.562755,81.273627],[60.432302,81.244371],[59.842052,81.287014],[60.562755,81.273627]]],[[[58.368907,81.579657],[58.297699,81.584784],[58.696462,81.620307],[58.368907,81.579657]]],[[[132.44988,42.828111],[132.475597,42.800238],[132.401541,42.831977],[132.418468,42.879869],[132.44988,42.828111]]],[[[47.851085,43.999213],[47.655772,43.943183],[47.665701,43.996283],[47.851085,43.999213]]],[[[47.997081,45.467841],[47.917735,45.570054],[47.957042,45.650458],[47.997081,45.467841]]],[[[139.225456,54.589358],[139.27675,54.61311],[139.243593,54.581032],[139.225456,54.589358]]],[[[138.190013,54.715579],[138.226783,54.715626],[138.210144,54.70113],[138.190013,54.715579]]],[[[149.032789,59.192178],[149.117654,59.20951],[149.09837,59.175387],[149.032789,59.192178]]],[[[-172.47529,64.641832],[-172.519399,64.593004],[-172.725046,64.626451],[-172.47529,64.641832]]],[[[67.381196,68.792263],[67.401215,68.761257],[67.115815,68.798367],[67.381196,68.792263]]],[[[-175.585683,71.379869],[-175.650258,71.357001],[-175.81078,71.411689],[-175.585683,71.379869]]],[[[161.893767,69.653838],[161.825533,69.550346],[161.665617,69.620548],[161.893767,69.653838]]],[[[170.124871,69.773378],[170.275277,69.773371],[170.101485,69.687211],[169.97896,69.719935],[170.124871,69.773378]]],[[[83.305109,70.805515],[83.469408,70.737735],[83.30476,70.644604],[83.258185,70.419738],[83.09138,70.361112],[83.130917,70.60926],[83.305109,70.805515]]],[[[97.645681,76.756212],[97.459809,76.718451],[97.166921,76.745714],[97.645681,76.756212]]],[[[89.047128,77.140895],[89.135898,77.127114],[88.919571,76.977101],[88.663875,77.080351],[89.047128,77.140895]]]]}},{"type":"Feature","properties":{"iso3":"CZE","name":"Czechia","continent":"Europe"},"geometry":{"type":"Polygon","coordinates":[[[14.810393,50.858447],[14.867857,50.86439],[14.982062,50.859067],[14.981132,50.90909],[14.997771,50.930174],[14.996635,50.959216],[14.965215,50.981334],[14.960978,50.992651],[14.996531,51.007844],[15.003973,51.020685],[15.02299,51.009652],[15.073632,51.002624],[15.107946,50.981024],[15.119211,50.982471],[15.13151,51.005828],[15.144429,51.011564],[15.156108,51.007844],[15.170164,50.977975],[15.227111,50.977406],[15.253776,50.969035],[15.269796,50.952653],[15.253053,50.914103],[15.25605,50.899892],[15.28778,50.854881],[15.341006,50.83173],[15.352995,50.812972],[15.349688,50.783723],[15.356096,50.775455],[15.368579,50.772949],[15.400124,50.797986],[15.441775,50.800208],[15.641866,50.755766],[15.684345,50.731426],[15.792245,50.742692],[15.848159,50.675151],[15.882265,50.674221],[15.941486,50.68838],[15.971459,50.678613],[15.998641,50.635567],[15.996367,50.623681],[15.982001,50.61624],[15.982001,50.603631],[16.024479,50.608592],[16.086491,50.64678],[16.128658,50.644042],[16.175477,50.624095],[16.192324,50.626575],[16.219092,50.659131],[16.232011,50.660888],[16.300948,50.6551],[16.331644,50.644042],[16.416806,50.586629],[16.425901,50.567561],[16.394482,50.559344],[16.388384,50.521258],[16.352624,50.492785],[16.287719,50.492785],[16.264981,50.471649],[16.211237,50.451289],[16.216095,50.440178],[16.198008,50.440023],[16.190153,50.424158],[16.199559,50.406278],[16.232011,50.402609],[16.24493,50.376823],[16.2625,50.36442],[16.288649,50.371862],[16.343736,50.36995],[16.353244,50.333518],[16.371021,50.318377],[16.437787,50.297965],[16.50476,50.227995],[16.535042,50.207738],[16.566668,50.142212],[16.618654,50.10702],[16.660616,50.093016],[16.701233,50.094928],[16.817712,50.186757],[16.880964,50.191563],[16.918998,50.217091],[16.955275,50.213474],[16.957548,50.229235],[16.975015,50.231819],[17.008398,50.20996],[17.014806,50.218486],[16.987831,50.284942],[16.926543,50.319255],[16.897914,50.378218],[16.865874,50.408449],[16.865771,50.422401],[16.892953,50.432943],[16.958789,50.414598],[17.084672,50.397958],[17.131698,50.376823],[17.187612,50.378476],[17.195053,50.351915],[17.210866,50.336412],[17.24611,50.322149],[17.337474,50.313002],[17.319077,50.308248],[17.334063,50.295691],[17.341711,50.259724],[17.355044,50.253264],[17.365896,50.271558],[17.388013,50.272643],[17.409821,50.261326],[17.424187,50.240552],[17.44,50.242722],[17.469352,50.265563],[17.629549,50.262101],[17.676368,50.297396],[17.684533,50.312382],[17.707994,50.311039],[17.734969,50.286802],[17.719156,50.252799],[17.747578,50.217504],[17.738173,50.202363],[17.675334,50.174716],[17.589448,50.163244],[17.584177,50.145881],[17.632753,50.106348],[17.648359,50.101801],[17.677608,50.107744],[17.731971,50.094876],[17.719466,50.080872],[17.74303,50.060563],[17.763287,50.025216],[17.839355,49.973643],[17.875735,49.968682],[17.912116,49.975814],[17.941571,49.992764],[18.032418,50.00284],[18.035726,50.017207],[18.028698,50.024131],[18.00689,50.024131],[18.002446,50.046765],[18.091639,50.017207],[18.085128,49.998758],[18.098151,49.989043],[18.162023,49.98124],[18.208738,49.958295],[18.255867,49.946048],[18.27261,49.918298],[18.292454,49.907808],[18.334932,49.925429],[18.330695,49.92884],[18.368832,49.932044],[18.481797,49.896645],[18.505051,49.896697],[18.544428,49.912975],[18.559208,49.907187],[18.567269,49.861454],[18.593831,49.852204],[18.566339,49.831585],[18.566753,49.804765],[18.60768,49.74296],[18.617706,49.713866],[18.637343,49.700327],[18.682404,49.695779],[18.727673,49.668907],[18.773458,49.675832],[18.788444,49.668597],[18.83454,49.547623],[18.833196,49.510261],[18.773562,49.504886],[18.732531,49.480288],[18.704522,49.479255],[18.635896,49.496721],[18.600446,49.485973],[18.556211,49.490159],[18.535643,49.481684],[18.527995,49.454864],[18.514663,49.440601],[18.481797,49.429077],[18.416788,49.385462],[18.387642,49.389751],[18.385162,49.342261],[18.324597,49.311255],[18.190031,49.276942],[18.160576,49.2587],[18.117788,49.202579],[18.105075,49.169765],[18.102905,49.09225],[18.09629,49.070288],[18.075516,49.047188],[18.012885,49.019128],[17.959244,49.021867],[17.914079,49.010498],[17.878733,48.933552],[17.860336,48.921718],[17.795533,48.920581],[17.727217,48.86291],[17.535084,48.812991],[17.498497,48.816763],[17.453332,48.842756],[17.374371,48.819605],[17.260269,48.857794],[17.21221,48.866062],[17.167458,48.859758],[17.113715,48.83392],[17.098728,48.805756],[17.049946,48.774027],[17.025348,48.746328],[16.974808,48.649874],[16.947523,48.623157],[16.945043,48.604166],[16.910523,48.63078],[16.896674,48.696977],[16.873006,48.718991],[16.798902,48.709224],[16.729035,48.733099],[16.675085,48.733926],[16.661959,48.740023],[16.643149,48.778264],[16.519539,48.805601],[16.453083,48.80219],[16.43572,48.794542],[16.384974,48.737078],[16.358309,48.727259],[16.339498,48.735579],[16.177751,48.746535],[16.085354,48.742866],[16.032334,48.758059],[15.931771,48.806428],[15.930324,48.818313],[15.908103,48.819709],[15.899629,48.834746],[15.875754,48.833093],[15.885986,48.842033],[15.833276,48.852006],[15.818497,48.872315],[15.779222,48.870868],[15.726823,48.854952],[15.681347,48.858466],[15.521254,48.908489],[15.450354,48.944817],[15.357853,48.97081],[15.28871,48.975358],[15.27455,48.986727],[15.266902,48.986675],[15.257084,48.963886],[15.238067,48.95076],[15.141949,48.937479],[15.148977,48.965333],[15.137401,48.993031],[15.059576,48.997217],[15.003973,49.009774],[14.982062,49.007914],[14.964595,48.971741],[14.968213,48.885028],[14.938137,48.80281],[14.948886,48.78214],[14.939584,48.762813],[14.86765,48.775577],[14.800367,48.776507],[14.775356,48.724004],[14.722749,48.693411],[14.703836,48.673103],[14.695671,48.589542],[14.675621,48.576235],[14.659187,48.576959],[14.634693,48.602332],[14.605134,48.600316],[14.594179,48.621323],[14.53382,48.608714],[14.482144,48.624475],[14.458166,48.643182],[14.443593,48.636516],[14.421166,48.597061],[14.405353,48.586286],[14.315746,48.557916],[14.216527,48.58117],[14.07483,48.591712],[14.040827,48.601169],[14.015196,48.620393],[14.006204,48.639513],[14.028322,48.653982],[14.032146,48.667263],[14.014162,48.675066],[13.991115,48.700181],[13.874946,48.752426],[13.815725,48.76643],[13.796191,48.779814],[13.724671,48.867303],[13.673356,48.876346],[13.637389,48.893451],[13.611138,48.927247],[13.608657,48.946161],[13.590467,48.944817],[13.51595,48.970242],[13.5021,48.966056],[13.482257,48.937634],[13.427273,48.959958],[13.384175,48.993031],[13.383555,49.021092],[13.372393,49.038507],[13.299529,49.093645],[13.267283,49.105634],[13.206821,49.107495],[13.178503,49.118347],[13.14946,49.15483],[13.055823,49.238184],[13.011278,49.267795],[12.999806,49.294925],[12.939861,49.326758],[12.88467,49.339573],[12.870925,49.336731],[12.875369,49.323864],[12.856662,49.32221],[12.777907,49.332545],[12.762094,49.343242],[12.729331,49.391147],[12.643548,49.42949],[12.627218,49.460186],[12.622981,49.509847],[12.58288,49.522405],[12.562313,49.550827],[12.546603,49.595579],[12.501955,49.619711],[12.504642,49.659399],[12.496374,49.669993],[12.419583,49.700223],[12.383616,49.742856],[12.395398,49.757894],[12.452655,49.779702],[12.462474,49.831223],[12.482524,49.827244],[12.51291,49.870239],[12.524072,49.904965],[12.462681,49.931269],[12.468158,49.970233],[12.451312,49.980568],[12.414518,49.983048],[12.24688,50.044957],[12.232514,50.08051],[12.187865,50.102834],[12.179184,50.117976],[12.185592,50.155699],[12.17505,50.182623],[12.13929,50.211045],[12.089887,50.230837],[12.079552,50.242722],[12.109111,50.263806],[12.110971,50.276622],[12.10725,50.290885],[12.076141,50.315173],[12.149315,50.311711],[12.168538,50.302977],[12.178047,50.268767],[12.239645,50.256572],[12.242436,50.248355],[12.228897,50.237038],[12.254321,50.217401],[12.273235,50.172339],[12.283363,50.162211],[12.300417,50.160815],[12.314369,50.167327],[12.305584,50.199314],[12.308685,50.217091],[12.3338,50.242722],[12.336487,50.258587],[12.367183,50.279051],[12.398189,50.315173],[12.462784,50.340494],[12.475083,50.369433],[12.510223,50.38876],[12.625358,50.399922],[12.691814,50.394651],[12.737909,50.431548],[12.817388,50.44302],[12.918363,50.4054],[12.952573,50.40416],[12.996602,50.433667],[13.009624,50.492681],[13.160106,50.497022],[13.19907,50.525341],[13.232349,50.58203],[13.284646,50.568956],[13.305627,50.575777],[13.321853,50.60239],[13.368775,50.628332],[13.407016,50.601305],[13.447944,50.597274],[13.498173,50.629159],[13.493315,50.643215],[13.523288,50.66218],[13.527215,50.675668],[13.51564,50.691016],[13.556567,50.706725],[13.834535,50.723675],[13.882181,50.742744],[13.87908,50.763518],[13.892516,50.780416],[13.923315,50.779951],[13.959592,50.802068],[14.034936,50.802585],[14.190792,50.847905],[14.232133,50.879376],[14.346545,50.880203],[14.375897,50.895964],[14.381892,50.920872],[14.31833,50.937512],[14.292802,50.95348],[14.293732,50.96397],[14.302207,50.967691],[14.238335,50.982471],[14.263553,51.021435],[14.287531,51.036834],[14.319363,51.040012],[14.35657,51.032338],[14.375897,51.01699],[14.397808,51.013115],[14.462094,51.019652],[14.482144,51.037196],[14.502918,51.008516],[14.542295,50.998749],[14.574335,50.975494],[14.575575,50.95069],[14.550357,50.912087],[14.561829,50.906351],[14.629215,50.920717],[14.634589,50.9094],[14.611852,50.870953],[14.613195,50.84558],[14.647922,50.839379],[14.700425,50.815969],[14.759233,50.810181],[14.785071,50.820052],[14.810393,50.858447]]]}},{"type":"Feature","properties":{"iso3":"DEU","name":"Germany","continent":"Europe"},"geometry":{"type":"MultiPolygon","coordinates":[[[[13.815725,48.76643],[13.785856,48.724779],[13.802392,48.611711],[13.716506,48.521691],[13.624367,48.565357],[13.454558,48.573445],[13.405569,48.376583],[13.274207,48.307104],[13.032775,48.263567],[12.738943,48.113447],[12.986576,47.850259],[12.892009,47.723548],[13.032258,47.706624],[13.064091,47.67399],[13.037323,47.493045],[13.008797,47.470101],[12.931593,47.473512],[12.77894,47.554825],[12.81315,47.611824],[12.761991,47.666859],[12.653057,47.675127],[12.49658,47.628903],[12.407697,47.693731],[12.228793,47.684868],[12.242229,47.732023],[12.181768,47.692129],[12.206779,47.645568],[12.173603,47.60508],[11.617048,47.586761],[11.551212,47.51369],[11.412616,47.506094],[11.367657,47.440129],[11.237019,47.393956],[11.193818,47.428941],[10.979464,47.390545],[10.959827,47.432506],[10.858438,47.485165],[10.86929,47.526583],[10.760769,47.513638],[10.60791,47.562266],[10.482543,47.532862],[10.429213,47.57702],[10.419601,47.493045],[10.451951,47.438759],[10.428283,47.396049],[10.305913,47.302178],[10.174951,47.272376],[10.208555,47.354475],[10.190881,47.379228],[10.073162,47.365482],[10.071819,47.439121],[10.022623,47.487955],[9.813127,47.54175],[9.79628,47.584952],[9.703986,47.531415],[9.612622,47.521881],[9.273211,47.65009],[9.016586,47.6789],[8.906205,47.651795],[8.797581,47.720034],[8.71707,47.694558],[8.703324,47.758714],[8.644102,47.791012],[8.607619,47.762254],[8.558216,47.801166],[8.450109,47.750471],[8.395229,47.684817],[8.458274,47.639884],[8.593589,47.658169],[8.576305,47.595023],[8.49238,47.619833],[8.354094,47.581024],[8.251051,47.622004],[8.042279,47.560561],[7.833713,47.590481],[7.683438,47.544257],[7.609747,47.564746],[7.659666,47.596579],[7.586028,47.584619],[7.511872,47.707322],[7.618945,48.002652],[7.575744,48.053709],[7.578948,48.11448],[7.702454,48.311187],[7.75072,48.341366],[7.745656,48.433014],[7.813455,48.519468],[7.810252,48.615018],[7.970138,48.757283],[8.08424,48.804051],[8.199892,48.95825],[7.931898,49.034838],[7.648814,49.035716],[7.520863,49.083672],[7.476112,49.151523],[7.391052,49.170023],[7.280258,49.108993],[7.085335,49.141549],[7.042546,49.107598],[7.009474,49.181702],[6.925448,49.205576],[6.843489,49.211054],[6.821785,49.147751],[6.725563,49.155554],[6.556426,49.326396],[6.577717,49.3558],[6.494518,49.435537],[6.34538,49.462718],[6.350754,49.566588],[6.418243,49.669889],[6.491727,49.700792],[6.498549,49.785386],[6.238306,49.876905],[6.096403,50.048626],[6.121311,50.16159],[6.165752,50.193165],[6.146839,50.214042],[6.271792,50.267424],[6.299491,50.308868],[6.362019,50.306956],[6.336905,50.481003],[6.217119,50.486015],[6.170817,50.517951],[6.160688,50.543583],[6.251329,50.608437],[6.159448,50.622389],[6.081003,50.713495],[6.024779,50.707552],[5.972999,50.781811],[6.062813,50.862943],[6.054648,50.891468],[6.007519,50.924076],[6.003695,50.973737],[5.88825,50.967123],[5.85249,51.042751],[5.937963,51.030943],[6.132369,51.139825],[6.149113,51.176335],[6.060849,51.170909],[6.056612,51.211707],[6.198929,51.35697],[6.205337,51.458436],[6.193348,51.509338],[6.086481,51.595534],[6.099193,51.644472],[5.949228,51.729376],[5.964111,51.776556],[5.928041,51.806736],[6.140018,51.844537],[6.105394,51.87947],[6.126995,51.89673],[6.344966,51.821102],[6.382483,51.827587],[6.378453,51.860117],[6.462892,51.848361],[6.743753,51.908331],[6.810726,51.960576],[6.804008,51.984373],[6.672957,52.050054],[7.02632,52.230637],[7.011851,52.26663],[7.048231,52.365074],[6.9733,52.451373],[6.90023,52.431917],[6.714814,52.461553],[6.671716,52.541678],[6.743753,52.559713],[6.701792,52.619115],[6.737035,52.634695],[7.018465,52.625988],[7.036655,52.647382],[7.061977,52.824012],[7.192821,52.998006],[7.172668,53.125751],[7.194591,53.245022],[7.254731,53.319525],[7.347667,53.307359],[7.302908,53.33275],[7.075206,53.337592],[7.023611,53.37641],[7.059744,53.521715],[7.141775,53.537177],[7.086762,53.586859],[7.226085,53.66649],[8.031423,53.708075],[8.024913,53.672553],[8.164887,53.535224],[8.076345,53.508612],[8.076996,53.468695],[8.219737,53.40644],[8.315115,53.474921],[8.291515,53.529364],[8.231212,53.525214],[8.270681,53.61286],[8.552094,53.543606],[8.490001,53.486396],[8.504405,53.358059],[8.497569,53.474758],[8.565766,53.546698],[8.486095,53.700426],[8.607107,53.881537],[8.672699,53.891588],[8.860688,53.831],[9.274669,53.865139],[9.567068,53.599595],[9.819021,53.540351],[9.550792,53.634589],[9.522227,53.71662],[9.435802,53.748684],[9.395193,53.831],[9.257823,53.885565],[8.98463,53.89704],[8.916026,53.937405],[8.833344,54.036444],[8.975352,54.024075],[9.018565,54.082424],[8.977306,54.139472],[8.867442,54.12519],[8.815684,54.175605],[8.83961,54.248725],[8.953136,54.302558],[8.651866,54.274848],[8.599864,54.33808],[8.695567,54.358588],[8.634776,54.365424],[8.648448,54.406399],[8.886078,54.417792],[8.988048,54.458441],[9.011567,54.506334],[8.88795,54.601874],[8.837087,54.602688],[8.81837,54.673651],[8.688731,54.735297],[8.642751,54.844184],[8.660776,54.896311],[8.904138,54.897942],[9.317033,54.801617],[9.510997,54.827826],[9.579926,54.866278],[9.583181,54.830268],[9.812185,54.766059],[9.94752,54.779527],[10.01824,54.701239],[9.929454,54.673896],[10.022146,54.672431],[10.031912,54.577704],[9.965587,54.506171],[9.840099,54.482123],[9.883311,54.462104],[10.124685,54.495754],[10.203868,54.461005],[10.141775,54.324408],[10.234386,54.417711],[10.31837,54.443305],[10.731293,54.310207],[10.935313,54.379543],[11.135509,54.385891],[11.06658,54.358588],[11.094493,54.283515],[11.06658,54.183905],[10.762869,54.05683],[10.780447,54.009955],[10.865571,53.997789],[10.88738,53.963935],[11.175059,54.018012],[11.255626,53.940863],[11.334158,53.961371],[11.438731,53.909125],[11.4935,53.997626],[11.689708,54.155219],[12.088145,54.194078],[12.115001,54.097886],[12.105479,54.157375],[12.142833,54.209174],[12.327322,54.293769],[12.533865,54.488267],[12.591482,54.451728],[12.908376,54.444648],[12.870779,54.416815],[12.624197,54.422919],[12.527029,54.37226],[12.454763,54.392076],[12.362559,54.310207],[12.412446,54.25141],[12.458181,54.255561],[12.41033,54.269192],[12.559337,54.376288],[12.71754,54.413804],[12.684093,54.37226],[12.78712,54.392076],[12.854666,54.357856],[13.0088,54.438056],[13.083669,54.378974],[13.112071,54.288479],[13.170665,54.276597],[13.143403,54.263007],[13.288829,54.23428],[13.348888,54.180487],[13.321544,54.166815],[13.403494,54.173651],[13.39088,54.157294],[13.465099,54.098456],[13.711925,54.173651],[13.698253,54.153144],[13.808116,54.104682],[13.746104,54.036444],[13.907563,53.933539],[13.817068,53.852932],[14.033539,53.757514],[14.264496,53.751614],[14.212738,53.708075],[14.263901,53.699976],[14.30417,53.508518],[14.359878,53.444077],[14.403286,53.27879],[14.44163,53.251841],[14.380651,53.189855],[14.38954,53.131668],[14.343341,53.048624],[14.14449,52.959921],[14.16082,52.876748],[14.123923,52.850651],[14.382202,52.738152],[14.644821,52.576921],[14.615779,52.473284],[14.539815,52.421866],[14.545396,52.382153],[14.606581,52.275751],[14.712414,52.235908],[14.686369,52.121032],[14.761403,52.076667],[14.704456,52.002227],[14.687093,51.911897],[14.585807,51.803893],[14.732465,51.658347],[14.743937,51.606644],[14.704559,51.547992],[14.732155,51.515823],[14.945061,51.449186],[14.963768,51.328393],[15.019476,51.271678],[14.955293,51.064042],[14.79458,50.831627],[14.737529,50.810698],[14.613195,50.84558],[14.629215,50.920717],[14.561829,50.906351],[14.566687,50.983401],[14.482144,51.037196],[14.397808,51.013115],[14.287531,51.036834],[14.249497,50.992651],[14.381892,50.920872],[14.346545,50.880203],[14.232133,50.879376],[13.948843,50.797211],[13.834535,50.723675],[13.556567,50.706725],[13.464893,50.607093],[13.365985,50.627092],[13.305627,50.575777],[13.25178,50.580893],[13.160106,50.497022],[13.026264,50.497642],[12.960631,50.409234],[12.825759,50.441418],[12.678792,50.393721],[12.510223,50.38876],[12.344652,50.26639],[12.300417,50.160815],[12.242953,50.252954],[12.178047,50.268767],[12.149315,50.311711],[12.076141,50.315173],[12.110971,50.276622],[12.089887,50.230837],[12.163784,50.193785],[12.187865,50.102834],[12.24688,50.044957],[12.451312,49.980568],[12.462681,49.931269],[12.524072,49.904965],[12.388577,49.732314],[12.504642,49.659399],[12.643548,49.42949],[12.797751,49.327843],[12.95433,49.31911],[13.178503,49.118347],[13.287333,49.10057],[13.458899,48.945024],[13.51595,48.970242],[13.608657,48.946161],[13.637389,48.893451],[13.710615,48.87247],[13.815725,48.76643]]],[[[14.210053,53.938463],[14.200819,53.878157],[13.840099,53.850287],[13.821788,53.865139],[13.922374,53.893378],[13.938975,53.928209],[13.90447,53.995429],[14.04835,53.940863],[14.05128,54.005072],[13.965831,54.063788],[13.855968,54.002346],[13.871104,54.048651],[13.774099,54.022773],[13.814952,54.101264],[13.762218,54.164455],[13.796153,54.17829],[13.882498,54.102444],[14.016612,54.060004],[14.210053,53.938463]]],[[[6.798106,53.604438],[6.722423,53.584621],[6.756521,53.562893],[6.659516,53.599107],[6.798106,53.604438]]],[[[6.87379,53.672756],[7.047048,53.694159],[7.08546,53.686998],[6.87379,53.672756]]],[[[7.133149,53.708075],[7.346202,53.727973],[7.295746,53.711005],[7.133149,53.708075]]],[[[7.366547,53.727973],[7.403494,53.736721],[7.435557,53.727973],[7.366547,53.727973]]],[[[8.120128,53.721137],[8.152354,53.739163],[8.195974,53.727973],[8.120128,53.721137]]],[[[7.517426,53.762112],[7.62672,53.755276],[7.469574,53.745347],[7.517426,53.762112]]],[[[7.660899,53.762112],[7.68629,53.780992],[7.812836,53.783149],[7.660899,53.762112]]],[[[7.87379,53.776353],[7.854503,53.784573],[7.955577,53.782904],[7.87379,53.776353]]],[[[11.375662,53.981838],[11.426606,54.022935],[11.497895,54.022773],[11.445323,53.961127],[11.451427,53.985541],[11.375662,53.981838]]],[[[11.528494,54.0751],[11.601899,54.104153],[11.539561,54.056952],[11.528494,54.0751]]],[[[8.963145,54.523668],[8.911306,54.475491],[8.823904,54.470852],[8.844493,54.519721],[8.963145,54.523668]]],[[[11.255626,54.478705],[11.31422,54.413804],[11.112641,54.415229],[11.084321,54.454779],[11.008474,54.454657],[11.033702,54.508857],[11.121267,54.535956],[11.255626,54.478705]]],[[[13.143403,54.598131],[13.068207,54.468451],[13.102306,54.596096],[13.151052,54.604926],[13.149669,54.577704],[13.143403,54.598131]]],[[[13.698253,54.392076],[13.766449,54.344916],[13.723155,54.278388],[13.663341,54.293891],[13.711925,54.331855],[13.616954,54.317613],[13.690929,54.351752],[13.499685,54.344916],[13.35963,54.275458],[13.355724,54.248725],[13.410899,54.26789],[13.407237,54.228217],[13.159679,54.290961],[13.177501,54.303941],[13.115489,54.33808],[13.148936,54.377265],[13.266856,54.385891],[13.217947,54.425686],[13.156993,54.426825],[13.259532,54.468451],[13.143403,54.542914],[13.242931,54.555976],[13.297862,54.51968],[13.35255,54.581448],[13.348888,54.523668],[13.387869,54.551256],[13.430675,54.492743],[13.507091,54.488267],[13.520763,54.564643],[13.441417,54.557196],[13.355724,54.605618],[13.253266,54.564643],[13.290538,54.646552],[13.224783,54.634955],[13.241547,54.65998],[13.390798,54.688178],[13.445079,54.68008],[13.39088,54.650539],[13.407725,54.593411],[13.670665,54.56623],[13.677257,54.540473],[13.579112,54.455064],[13.698253,54.392076]]],[[[8.332367,54.693793],[8.401378,54.632961],[8.353689,54.618964],[8.291515,54.66706],[8.360362,54.71483],[8.332367,54.693793]]],[[[8.497569,54.756415],[8.593761,54.728502],[8.552094,54.685004],[8.394542,54.71483],[8.497569,54.756415]]],[[[8.360362,54.948188],[8.354503,54.912746],[8.388357,54.894232],[8.65447,54.893622],[8.30714,54.865383],[8.290701,54.745307],[8.298025,54.912543],[8.373709,55.03498],[8.415782,55.065334],[8.46339,55.050686],[8.402354,55.048774],[8.42156,55.016262],[8.36199,54.986802],[8.360362,54.948188]]],[[[8.634532,54.542629],[8.698904,54.55858],[8.66977,54.501899],[8.618826,54.492621],[8.595876,54.513658],[8.634532,54.542629]]],[[[7.904145,54.180406],[7.885916,54.19066],[7.894542,54.194648],[7.904145,54.180406]]],[[[7.912364,54.192288],[7.929861,54.195299],[7.933442,54.189887],[7.912364,54.192288]]]]}},{"type":"Feature","properties":{"iso3":"EST","name":"Estonia","continent":"Europe"},"geometry":{"type":"MultiPolygon","coordinates":[[[[24.306159,57.868186],[24.324392,57.886786],[24.333832,57.921332],[24.381114,57.983832],[24.398285,58.023261],[24.464122,58.07217],[24.464122,58.120551],[24.472911,58.154731],[24.454845,58.196438],[24.46754,58.217841],[24.470958,58.250922],[24.548513,58.289293],[24.560395,58.312323],[24.551036,58.333726],[24.528819,58.350653],[24.444184,58.386135],[24.361827,58.397284],[24.315929,58.37995],[24.295746,58.354967],[24.286876,58.318549],[24.243337,58.280219],[24.210785,58.271389],[24.156016,58.276842],[24.111664,58.241034],[24.083507,58.250881],[24.053233,58.278266],[23.980235,58.318427],[23.854666,58.339667],[23.833507,58.353949],[23.805675,58.346503],[23.77711,58.354967],[23.755626,58.340033],[23.740977,58.343085],[23.718923,58.399563],[23.68336,58.422187],[23.677419,58.435248],[23.684337,58.499661],[23.678966,58.524156],[23.663829,58.5362],[23.622406,58.52912],[23.584321,58.544867],[23.573497,58.551947],[23.561209,58.583157],[23.546153,58.579901],[23.516368,58.554633],[23.501475,58.562486],[23.498057,58.572211],[23.51824,58.603746],[23.493175,58.673407],[23.497732,58.696601],[23.506521,58.70539],[23.535899,58.702786],[23.546641,58.709621],[23.53004,58.722846],[23.533051,58.747463],[23.584483,58.737942],[23.697032,58.751166],[23.755219,58.733588],[23.802501,58.730699],[23.804861,58.747992],[23.783376,58.755845],[23.779552,58.766425],[23.785492,58.777981],[23.816173,58.784613],[23.87436,58.771674],[23.815684,58.799954],[23.78419,58.800971],[23.75766,58.785346],[23.739513,58.798],[23.603363,58.794827],[23.542735,58.775377],[23.485525,58.77733],[23.429454,58.764838],[23.466563,58.800727],[23.526134,58.81977],[23.463634,58.864163],[23.455089,58.883002],[23.422374,58.908677],[23.422048,58.928697],[23.443696,58.944037],[23.510102,58.941596],[23.531912,58.956692],[23.584483,58.953559],[23.627696,58.979153],[23.621593,59.015326],[23.605479,59.03266],[23.559825,59.052802],[23.614431,59.011298],[23.580333,59.005072],[23.559825,58.9914],[23.552989,58.970893],[23.543305,58.969875],[23.525645,58.983954],[23.461274,58.992377],[23.408376,59.02558],[23.43629,59.02558],[23.42921,59.043606],[23.434906,59.056098],[23.490733,59.088284],[23.51824,59.07331],[23.519379,59.124986],[23.486176,59.17414],[23.470876,59.212144],[23.525645,59.230414],[23.578461,59.226304],[23.641856,59.257392],[23.662283,59.258287],[23.730479,59.230414],[23.742198,59.239407],[23.742931,59.250149],[23.723643,59.265082],[23.734874,59.277737],[23.756847,59.283637],[23.888845,59.278754],[24.038585,59.29328],[24.080577,59.271308],[24.100108,59.294501],[24.092052,59.312567],[24.019379,59.367255],[24.034841,59.388658],[24.080577,59.395453],[24.164887,59.354071],[24.193858,59.347724],[24.221934,59.35517],[24.21339,59.37226],[24.163097,59.402289],[24.306163,59.419094],[24.333832,59.470608],[24.422537,59.477444],[24.498302,59.443834],[24.548188,59.462958],[24.642589,59.436428],[24.660492,59.440619],[24.656586,59.449897],[24.621837,59.463121],[24.621837,59.470608],[24.658539,59.472073],[24.674978,59.496039],[24.69752,59.491034],[24.744395,59.447211],[24.772634,59.4501],[24.79005,59.45893],[24.815766,59.489325],[24.806814,59.504706],[24.783539,59.519843],[24.772634,59.559963],[24.803477,59.570502],[24.90919,59.511542],[24.934418,59.508043],[25.012218,59.518378],[25.09783,59.49787],[25.116466,59.503119],[25.107921,59.528998],[25.122081,59.539496],[25.145518,59.53913],[25.194102,59.52265],[25.407725,59.491034],[25.402354,59.514309],[25.415782,59.527086],[25.543712,59.535142],[25.536143,59.549302],[25.497081,59.570868],[25.481944,59.611151],[25.478526,59.651516],[25.484874,59.669827],[25.502452,59.662258],[25.53533,59.628974],[25.575043,59.616889],[25.622325,59.580471],[25.676768,59.566067],[25.705903,59.569281],[25.718516,59.587592],[25.684825,59.628648],[25.690684,59.649359],[25.675304,59.65412],[25.694672,59.670885],[25.725352,59.665839],[25.780528,59.635688],[25.773123,59.628241],[25.793712,59.591213],[25.826182,59.575263],[25.861339,59.586127],[25.876231,59.600898],[25.868826,59.607733],[25.883067,59.631334],[25.944509,59.594672],[25.965017,59.597317],[25.964366,59.621405],[25.988536,59.634345],[26.036388,59.623236],[26.074474,59.604315],[26.081716,59.587307],[26.090994,59.585639],[26.28004,59.587307],[26.497813,59.539984],[26.536469,59.54267],[26.584727,59.559963],[26.66505,59.551947],[26.739024,59.525824],[26.826915,59.476955],[26.937673,59.4501],[27.116222,59.442043],[27.409028,59.45189],[27.563162,59.432074],[27.717052,59.427151],[27.873302,59.40762],[27.953461,59.428168],[28.019054,59.481757],[28.038578,59.462987],[28.104827,59.439215],[28.137796,59.400355],[28.186475,59.37493],[28.181825,59.356068],[28.157537,59.364026],[28.11356,59.345423],[28.000647,59.333744],[28.096869,59.319429],[28.076611,59.30527],[27.959719,59.306459],[27.903909,59.290387],[27.882308,59.275659],[27.890783,59.258038],[27.873523,59.236489],[27.842414,59.161196],[27.713326,58.991904],[27.695889,58.977183],[27.477785,58.875426],[27.410606,58.754864],[27.554886,58.395248],[27.494115,58.319542],[27.482849,58.268641],[27.495355,58.22146],[27.579691,58.125859],[27.630437,58.08829],[27.636587,58.059196],[27.631574,58.004161],[27.669091,57.991965],[27.675189,57.967806],[27.659376,57.93246],[27.664957,57.918404],[27.774408,57.890705],[27.790841,57.880861],[27.799316,57.861069],[27.763452,57.838667],[27.700717,57.824844],[27.524604,57.8073],[27.553853,57.794768],[27.502435,57.772547],[27.497835,57.755675],[27.507757,57.714773],[27.391434,57.680201],[27.377016,57.656714],[27.386989,57.627646],[27.38208,57.602687],[27.336605,57.591731],[27.328027,57.583153],[27.335571,57.553904],[27.352935,57.527601],[27.319965,57.516129],[27.165659,57.546695],[27.085354,57.549434],[27.061531,57.555661],[26.981071,57.608991],[26.896115,57.614986],[26.872654,57.627181],[26.854154,57.622556],[26.816327,57.581189],[26.795759,57.571319],[26.666982,57.56486],[26.604763,57.540313],[26.590087,57.520366],[26.542235,57.528169],[26.49955,57.515819],[26.430924,57.561707],[26.297185,57.599147],[26.168511,57.70405],[26.024747,57.774356],[26.013068,57.8073],[26.025264,57.828409],[26.014515,57.842827],[25.792616,57.855979],[25.767502,57.868924],[25.730295,57.923132],[25.601517,57.912203],[25.558315,57.934243],[25.541676,57.96282],[25.457185,57.984059],[25.39662,58.023178],[25.356519,58.034753],[25.324583,58.034753],[25.299572,58.065604],[25.281692,58.073407],[25.250686,58.068498],[25.249549,58.051186],[25.284379,58.00814],[25.232496,57.985376],[25.20211,57.991965],[25.16697,58.058731],[25.141028,58.068007],[25.094209,58.067309],[25.048838,58.056199],[24.949309,58.006435],[24.872518,58.00044],[24.81681,57.976669],[24.733508,57.992198],[24.700435,57.95419],[24.684829,57.947575],[24.53383,57.945069],[24.441639,57.908094],[24.401539,57.866469],[24.378181,57.859441],[24.306159,57.868186]]],[[[23.94337,58.113186],[23.937999,58.137274],[23.955333,58.151801],[24.013357,58.15351],[24.022146,58.129869],[24.002452,58.108547],[23.970714,58.099595],[23.94337,58.113186]]],[[[23.230642,58.504828],[23.288585,58.488186],[23.333263,58.456366],[23.324962,58.442288],[23.261404,58.465888],[23.237641,58.456366],[23.261729,58.451606],[23.278005,58.43651],[23.234874,58.439887],[23.196056,58.456366],[23.181895,58.474677],[23.156505,58.477525],[23.130382,58.439521],[23.108653,58.429023],[23.084239,58.429633],[23.086762,58.394965],[23.042491,58.371487],[23.021983,58.363227],[22.97755,58.381659],[22.954845,58.381049],[22.94752,58.372626],[22.969493,58.360175],[22.90268,58.311835],[22.854015,58.298733],[22.811209,58.273424],[22.721202,58.270331],[22.710134,58.257758],[22.756684,58.242255],[22.723155,58.225409],[22.6692,58.221503],[22.654959,58.244696],[22.621349,58.252753],[22.586192,58.247789],[22.564952,58.235175],[22.535004,58.254055],[22.504161,58.223538],[22.497244,58.223049],[22.491547,58.241523],[22.476817,58.245103],[22.421641,58.221625],[22.38795,58.226752],[22.295095,58.192857],[22.271739,58.174262],[22.256847,58.093248],[22.229259,58.052191],[22.19988,58.026028],[22.202973,57.993964],[22.04835,57.915107],[22.016856,57.914496],[21.990082,57.935614],[21.990733,57.958238],[21.966807,57.969713],[21.96339,57.984036],[21.997569,57.984036],[22.021332,58.021226],[22.085704,58.082587],[22.147716,58.079576],[22.16505,58.116889],[22.202973,58.147895],[22.141856,58.169501],[22.072276,58.175849],[22.052989,58.186591],[22.016856,58.233873],[21.993826,58.244696],[21.896495,58.250718],[21.867849,58.264594],[21.843761,58.293606],[21.843272,58.302151],[21.855642,58.306871],[21.908214,58.298733],[21.873302,58.34162],[21.894542,58.346503],[21.944591,58.318752],[21.96339,58.326606],[21.954926,58.344062],[21.968028,58.35456],[22.011241,58.353949],[21.945974,58.432278],[21.832367,58.510972],[21.901378,58.497992],[21.91627,58.501166],[21.928477,58.518378],[21.995616,58.512519],[22.020763,58.499254],[22.06422,58.456692],[22.073578,58.426907],[22.089366,58.422187],[22.098481,58.426093],[22.09311,58.44953],[22.103689,58.487209],[22.113617,58.497992],[22.171886,58.521552],[22.187755,58.542873],[22.212901,58.546373],[22.228852,58.510565],[22.273204,58.502021],[22.282888,58.52204],[22.288341,58.569322],[22.321951,58.584784],[22.463064,58.592922],[22.550304,58.629584],[22.583181,58.634508],[22.612641,58.605699],[22.648123,58.586737],[22.68214,58.600328],[22.736339,58.58808],[22.811371,58.622952],[22.846365,58.61343],[22.922048,58.617418],[23.091075,58.57095],[23.148285,58.521552],[23.230642,58.504828]]],[[[23.381602,58.579901],[23.400238,58.555406],[23.362153,58.532457],[23.278575,58.546373],[23.234874,58.534654],[23.134613,58.579901],[23.083263,58.590522],[23.059337,58.603461],[23.062836,58.624579],[23.07545,58.629828],[23.120942,58.628323],[23.134613,58.661811],[23.154633,58.67593],[23.197765,58.680609],[23.330251,58.653062],[23.349132,58.635077],[23.347504,58.607164],[23.381602,58.579901]]],[[[23.364024,59.028957],[23.389659,59.007514],[23.393728,58.996243],[23.384776,58.980536],[23.374278,58.975531],[23.340099,58.983954],[23.299083,58.970893],[23.223399,58.983954],[23.210785,58.972968],[23.163259,58.96894],[23.148285,58.974026],[23.114106,59.021796],[23.131358,59.040717],[23.170177,59.045885],[23.278005,59.032375],[23.344249,59.039293],[23.364024,59.028957]]],[[[22.291759,58.895209],[22.194998,58.888007],[22.044688,58.936184],[22.055512,58.952704],[22.094249,58.956041],[22.168224,58.950385],[22.463064,58.970893],[22.443533,58.977729],[22.442068,58.984687],[22.488455,58.981147],[22.487559,59.016425],[22.559255,59.038398],[22.587169,59.086982],[22.666677,59.084906],[22.714122,59.069566],[22.69158,59.041164],[22.701345,59.02497],[22.736664,59.005072],[22.837169,59.008612],[22.934093,58.984036],[22.949555,58.970893],[22.949555,58.936184],[23.015147,58.891791],[23.021739,58.864081],[23.035492,58.862006],[23.040538,58.840766],[23.033539,58.830308],[23.019054,58.829088],[22.956798,58.847398],[22.942231,58.834215],[22.92921,58.839993],[22.879568,58.832709],[22.867198,58.820054],[22.886974,58.811835],[22.886729,58.790473],[22.845388,58.776516],[22.79005,58.780992],[22.778331,58.792182],[22.826915,58.819159],[22.819347,58.829657],[22.777599,58.824368],[22.736664,58.806464],[22.681,58.724066],[22.654959,58.702786],[22.611176,58.690497],[22.555675,58.686998],[22.50172,58.69477],[22.463064,58.716457],[22.497244,58.737535],[22.449474,58.786811],[22.439789,58.841376],[22.429942,58.852444],[22.354747,58.892076],[22.291759,58.895209]]],[[[24.51588,59.59809],[24.550059,59.557766],[24.542817,59.547797],[24.516287,59.544257],[24.489106,59.559638],[24.487315,59.578518],[24.500499,59.596259],[24.51588,59.59809]]],[[[23.260509,57.813544],[23.275076,57.798733],[23.270193,57.785631],[23.250255,57.784369],[23.217784,57.80093],[23.224294,57.823717],[23.260509,57.813544]]]]}},{"type":"Feature","properties":{"iso3":"LVA","name":"Latvia","continent":"Europe"},"geometry":{"type":"Polygon","coordinates":[[[27.352935,57.527601],[27.528169,57.528479],[27.525637,57.46838],[27.511323,57.430397],[27.536283,57.415695],[27.640824,57.389005],[27.707952,57.348129],[27.827738,57.304953],[27.840295,57.290639],[27.846134,57.267307],[27.841174,57.211212],[27.824327,57.15907],[27.794045,57.143387],[27.700975,57.118789],[27.682217,57.103699],[27.696066,57.085457],[27.745469,57.067991],[27.75074,57.042359],[27.723351,56.998796],[27.715135,56.957403],[27.648731,56.879268],[27.62837,56.844154],[27.661185,56.839271],[27.786397,56.871258],[27.830838,56.864282],[27.913521,56.82015],[27.918895,56.805888],[27.865461,56.742687],[27.882618,56.725479],[27.98101,56.687006],[27.991345,56.669979],[27.997443,56.603833],[28.010982,56.587555],[28.126117,56.547764],[28.132215,56.535982],[28.093251,56.501591],[28.104517,56.483065],[28.164255,56.437952],[28.167148,56.369868],[28.217275,56.270727],[28.215311,56.255999],[28.193142,56.231039],[28.169112,56.161741],[28.148907,56.142414],[28.110976,56.156806],[27.98101,56.118023],[27.92706,56.109367],[27.880654,56.063866],[27.781229,56.016375],[27.776991,55.992397],[27.744435,55.959738],[27.64501,55.922841],[27.617156,55.878554],[27.610128,55.83096],[27.592713,55.794244],[27.438821,55.79874],[27.374587,55.814837],[27.349627,55.831219],[27.263018,55.787216],[27.151448,55.832459],[27.110779,55.836283],[26.981071,55.826878],[26.900146,55.778715],[26.822838,55.70611],[26.743049,55.682856],[26.64011,55.695568],[26.615615,55.687971],[26.594531,55.666991],[26.48105,55.678308],[26.34235,55.716342],[26.279718,55.743239],[26.178639,55.84959],[26.017616,55.937362],[25.871268,55.992139],[25.766261,56.058647],[25.696602,56.087895],[25.661875,56.140812],[25.572888,56.143034],[25.522762,56.156573],[25.454808,56.149649],[25.109196,56.183083],[25.073125,56.197811],[25.04398,56.22799],[25.026203,56.260185],[24.973183,56.300751],[24.910138,56.421958],[24.892258,56.438727],[24.870967,56.442602],[24.857118,56.435368],[24.845852,56.40493],[24.805545,56.408548],[24.678628,56.377283],[24.639147,56.359972],[24.538998,56.287625],[24.481327,56.26884],[24.44722,56.260521],[24.414354,56.265507],[24.318546,56.29858],[24.140422,56.2576],[24.07515,56.271192],[23.981306,56.312404],[23.858109,56.334392],[23.724991,56.328811],[23.723544,56.345812],[23.706697,56.354442],[23.609856,56.353822],[23.517561,56.328656],[23.481595,56.330103],[23.288428,56.373046],[23.17257,56.357956],[23.154173,56.351394],[23.162854,56.341007],[23.112728,56.310879],[23.062292,56.304161],[23.016714,56.32385],[22.956976,56.401985],[22.924523,56.412113],[22.666347,56.349094],[22.604749,56.379092],[22.511731,56.395964],[22.214902,56.390383],[22.139144,56.415705],[22.094082,56.41741],[21.684495,56.310104],[21.596025,56.307882],[21.419292,56.237395],[21.327618,56.224373],[21.254857,56.185202],[21.229639,56.163188],[21.190365,56.084459],[21.053396,56.072618],[21.028819,56.147406],[20.973399,56.232001],[20.969086,56.253485],[20.982677,56.301459],[20.970551,56.388983],[21.003184,56.434801],[21.01059,56.475735],[21.000499,56.510647],[21.006358,56.519965],[21.024262,56.510484],[21.044688,56.462104],[21.030528,56.448432],[21.044688,56.442206],[21.044688,56.421129],[21.030528,56.408108],[21.061778,56.38703],[21.079763,56.403062],[21.068614,56.424058],[21.072113,56.46955],[21.05836,56.503648],[21.030528,56.524156],[21.003103,56.530015],[20.992198,56.548896],[21.05836,56.688666],[21.065196,56.774319],[21.052745,56.828925],[21.065196,56.84634],[21.222911,56.907701],[21.277599,56.949123],[21.360118,56.989691],[21.382498,57.008938],[21.413585,57.073188],[21.414806,57.113837],[21.401052,57.151313],[21.414806,57.184882],[21.414806,57.270901],[21.433604,57.306464],[21.480235,57.333645],[21.517751,57.3876],[21.589122,57.438788],[21.699229,57.555325],[21.729666,57.573798],[21.771658,57.586127],[21.999278,57.600328],[22.483735,57.742499],[22.585785,57.759711],[22.610362,57.754625],[22.600271,57.743842],[22.590831,57.706122],[22.590994,57.644761],[22.656098,57.585761],[22.878917,57.481269],[22.950369,57.432807],[23.031423,57.394477],[23.130219,57.370795],[23.138031,57.343166],[23.174571,57.297349],[23.198741,57.224189],[23.222423,57.207017],[23.260916,57.098944],[23.292654,57.088935],[23.340099,57.05858],[23.508556,57.031236],[23.585134,56.979071],[23.69516,56.967271],[23.866059,56.99018],[23.952891,57.013251],[23.991222,57.031236],[24.035655,57.068996],[24.074555,57.074937],[24.210785,57.123725],[24.219249,57.138007],[24.278575,57.161038],[24.278819,57.17178],[24.288748,57.1789],[24.379161,57.230211],[24.400645,57.258124],[24.408865,57.298163],[24.405528,57.344468],[24.375173,57.528551],[24.358572,57.55036],[24.374766,57.613471],[24.357677,57.685492],[24.299571,57.743842],[24.285981,57.832587],[24.306159,57.868186],[24.378181,57.859441],[24.401539,57.866469],[24.441639,57.908094],[24.53383,57.945069],[24.684829,57.947575],[24.700435,57.95419],[24.733508,57.992198],[24.81681,57.976669],[24.872518,58.00044],[24.949309,58.006435],[25.048838,58.056199],[25.094209,58.067309],[25.141028,58.068007],[25.16697,58.058731],[25.20211,57.991965],[25.216786,57.985376],[25.264535,57.994187],[25.284379,58.00814],[25.249549,58.051186],[25.250686,58.068498],[25.281692,58.073407],[25.299572,58.065604],[25.324583,58.034753],[25.356519,58.034753],[25.39662,58.023178],[25.457185,57.984059],[25.541676,57.96282],[25.558315,57.934243],[25.601517,57.912203],[25.730295,57.923132],[25.767502,57.868924],[25.792616,57.855979],[26.014515,57.842827],[26.025264,57.828409],[26.013068,57.8073],[26.024747,57.774356],[26.168511,57.70405],[26.297185,57.599147],[26.430678,57.561764],[26.49955,57.515819],[26.542235,57.528169],[26.590087,57.520366],[26.604763,57.540313],[26.666982,57.56486],[26.795759,57.571319],[26.816327,57.581189],[26.854154,57.622556],[26.872654,57.627181],[26.896115,57.614986],[26.981071,57.608991],[27.061531,57.555661],[27.085354,57.549434],[27.165659,57.546695],[27.319965,57.516129],[27.352935,57.527601]]]}},{"type":"Feature","properties":{"iso3":"SWE","name":"Sweden","continent":"Europe"},"geometry":{"type":"MultiPolygon","coordinates":[[[[20.623165,69.036356],[20.911209,68.9807],[20.934567,68.966954],[20.887644,68.92706],[20.905731,68.894607],[21.072129,68.869441],[21.300953,68.759215],[21.406373,68.74888],[21.451538,68.69648],[21.716845,68.619224],[21.737102,68.587908],[21.919209,68.568219],[22.072172,68.47701],[22.303062,68.476131],[22.808251,68.394896],[23.140013,68.234182],[23.151692,68.130261],[23.306515,68.145609],[23.382996,68.051248],[23.662152,67.950427],[23.636107,67.913478],[23.481285,67.864644],[23.484592,67.737159],[23.553528,67.587038],[23.47343,67.554999],[23.431262,67.48552],[23.477151,67.443817],[23.752586,67.427307],[23.751449,67.346226],[23.785659,67.337519],[23.735429,67.289692],[23.602724,67.260263],[23.61492,67.213986],[23.58133,67.153137],[24.001253,66.812435],[23.892422,66.750914],[23.88188,66.563535],[23.652437,66.458839],[23.665976,66.305463],[23.750002,66.189656],[23.911439,66.148625],[24.163414,65.840788],[24.14031,65.804511],[24.032725,65.809719],[24.053233,65.796047],[23.918142,65.76317],[23.739431,65.829291],[23.623302,65.79621],[23.470063,65.833319],[23.428966,65.808783],[23.428477,65.765326],[23.374278,65.790432],[23.374278,65.822699],[23.289724,65.795844],[23.195974,65.826972],[23.182384,65.802232],[23.237641,65.768704],[23.103038,65.704657],[23.058116,65.755072],[22.837169,65.807685],[22.785167,65.864325],[22.673025,65.905707],[22.653005,65.908393],[22.696462,65.78913],[22.648123,65.755072],[22.62794,65.790351],[22.522716,65.776435],[22.503591,65.831],[22.370128,65.861721],[22.325938,65.836982],[22.367442,65.809719],[22.319102,65.802232],[22.345551,65.771308],[22.32602,65.7355],[22.209239,65.761217],[22.361827,65.716254],[22.38795,65.672512],[22.281505,65.701483],[22.257579,65.69302],[22.284923,65.631537],[22.18922,65.624091],[22.300629,65.611518],[22.308604,65.669379],[22.380382,65.634019],[22.340099,65.61286],[22.404959,65.583157],[22.428966,65.548977],[22.405284,65.541938],[22.05128,65.617336],[21.778168,65.719468],[21.847911,65.660956],[22.202973,65.548977],[22.075694,65.51789],[21.853526,65.535346],[22.031586,65.467027],[21.997569,65.426093],[21.942231,65.453355],[21.942231,65.411811],[21.906993,65.402777],[21.586681,65.418199],[21.448904,65.357164],[21.687022,65.29682],[21.699229,65.271552],[21.622813,65.24079],[21.544444,65.247301],[21.345551,65.372789],[21.277843,65.350043],[21.42213,65.308783],[21.609874,65.16885],[21.618826,65.148017],[21.544444,65.137437],[21.543793,65.083075],[21.585948,65.069159],[21.479259,65.062323],[21.494884,65.026313],[21.383149,64.986558],[21.394216,64.966783],[21.256114,64.956732],[21.165294,64.82982],[21.042003,64.846869],[21.097179,64.785305],[21.305837,64.768297],[21.246267,64.730862],[21.312266,64.699286],[21.304942,64.671942],[21.119884,64.729682],[21.140391,64.671942],[21.231944,64.661078],[21.232188,64.633002],[21.343923,64.572699],[21.368337,64.604234],[21.455577,64.562486],[21.489757,64.579169],[21.551931,64.534735],[21.349864,64.538153],[21.386078,64.510321],[21.463227,64.516995],[21.491954,64.454332],[21.597667,64.475165],[21.606456,64.452216],[21.37322,64.33039],[21.333507,64.35578],[21.332774,64.315009],[21.256358,64.305121],[20.966563,64.1494],[20.899913,63.993964],[20.786469,63.878607],[20.684744,63.848456],[20.687511,63.798733],[20.612641,63.822211],[20.553559,63.777045],[20.50766,63.821031],[20.413585,63.767564],[20.420584,63.718451],[20.383067,63.677639],[20.32545,63.753974],[20.307953,63.654364],[20.266938,63.681342],[20.284434,63.732856],[20.242849,63.650865],[20.053477,63.663398],[20.011078,63.634101],[20.030528,63.602484],[19.886974,63.603095],[19.753184,63.524319],[19.772472,63.464586],[19.699474,63.433743],[19.639496,63.444892],[19.578624,63.521186],[19.4463,63.560858],[19.420421,63.548529],[19.468761,63.534247],[19.4546,63.508938],[19.523448,63.485826],[19.465099,63.472805],[19.507986,63.411851],[19.346202,63.485907],[19.372569,63.444892],[19.280772,63.459418],[19.269542,63.342475],[19.133067,63.308295],[19.153494,63.294013],[19.11671,63.23664],[19.057384,63.260484],[19.056407,63.226508],[19.11199,63.21955],[19.058604,63.183905],[18.906749,63.267076],[18.769054,63.262152],[18.735199,63.253079],[18.913341,63.212063],[18.787283,63.168036],[18.75294,63.207668],[18.823904,63.212063],[18.70045,63.225775],[18.750173,63.166083],[18.564464,63.177924],[18.629161,63.156724],[18.654633,63.113715],[18.556977,63.116523],[18.52296,63.075507],[18.556977,63.075507],[18.486583,63.025702],[18.403819,63.05565],[18.372081,63.047553],[18.434093,63.014106],[18.351573,63.037055],[18.24171,62.999823],[18.570649,62.97309],[18.504893,62.949205],[18.418142,62.969306],[18.392589,62.945217],[18.52296,62.92475],[18.400076,62.911078],[18.471365,62.867743],[18.400076,62.841539],[18.324229,62.841539],[18.248546,62.883734],[18.207042,62.869452],[18.207042,62.835354],[18.282725,62.841539],[18.205577,62.781968],[18.195567,62.804429],[18.120372,62.770575],[18.008962,62.794379],[18.146169,62.822252],[18.054698,62.852851],[17.935313,62.817043],[17.926443,62.900539],[17.809744,62.979315],[17.830821,62.999823],[17.710785,62.998236],[17.847667,62.921291],[17.901866,62.839301],[17.885509,62.822252],[17.952891,62.785956],[18.002696,62.70897],[17.993419,62.659898],[17.871837,62.670844],[18.047699,62.606635],[17.968272,62.560492],[17.930675,62.612372],[17.861664,62.5008],[17.671235,62.489447],[17.659679,62.461371],[17.696056,62.450588],[17.549978,62.44831],[17.437999,62.53677],[17.330821,62.487738],[17.375011,62.437445],[17.337413,62.403957],[17.368012,62.343085],[17.454112,62.321438],[17.488292,62.286607],[17.460216,62.273017],[17.65268,62.232001],[17.544444,62.201606],[17.569509,62.232001],[17.508637,62.218411],[17.508637,62.163764],[17.447276,62.068183],[17.469005,62.062161],[17.426117,62.026557],[17.452647,62.012274],[17.344574,61.936672],[17.342621,61.83393],[17.40561,61.821112],[17.371593,61.800605],[17.391124,61.727729],[17.501964,61.725531],[17.502452,61.649848],[17.446137,61.63288],[17.330577,61.718085],[17.350922,61.677151],[17.266612,61.721625],[17.138031,61.725531],[17.268565,61.690823],[17.166189,61.656684],[17.19337,61.64232],[17.097179,61.636135],[17.247895,61.608832],[17.083507,61.615668],[17.145681,61.595201],[17.056326,61.58218],[17.186534,61.561021],[17.090343,61.556057],[17.155528,61.529527],[17.124522,61.519477],[17.177013,61.486884],[17.151866,61.46483],[17.169281,61.441107],[17.213552,61.451158],[17.108409,61.409369],[17.138031,61.369289],[17.276052,61.314032],[17.151866,61.328315],[17.247895,61.287299],[17.205089,61.28852],[17.097179,61.320868],[17.212738,61.235297],[17.151866,61.204169],[17.186534,61.191107],[17.171397,61.115058],[17.145681,61.114732],[17.19988,61.095893],[17.158702,61.019843],[17.23585,61.022284],[17.158702,60.964545],[17.24171,60.902533],[17.296397,60.772773],[17.330821,60.770331],[17.191173,60.701728],[17.364594,60.649237],[17.323741,60.635647],[17.339529,60.622992],[17.574962,60.647895],[17.645518,60.618598],[17.611095,60.588528],[17.670584,60.504096],[17.741466,60.49844],[17.727061,60.534735],[17.816091,60.585273],[17.974864,60.587836],[17.995372,60.553046],[17.967459,60.518948],[18.098399,60.464911],[18.143321,60.41356],[18.262218,60.382392],[18.207042,60.347602],[18.227875,60.333808],[18.427989,60.348782],[18.474457,60.299791],[18.426768,60.2862],[18.604828,60.238349],[18.400564,60.259589],[18.316905,60.32095],[18.447765,60.211086],[18.392589,60.232164],[18.419932,60.193508],[18.544119,60.164252],[18.573416,60.088202],[18.599376,60.148261],[18.720714,60.126044],[18.788829,60.017564],[18.753103,60.08218],[18.803477,60.121649],[18.903087,59.947211],[19.024425,59.884508],[19.071625,59.896308],[19.066661,59.841946],[19.034679,59.835028],[18.885997,59.929877],[18.930675,59.885484],[18.924083,59.852281],[18.733897,59.768785],[19.042003,59.78498],[19.085216,59.772203],[19.074474,59.749701],[18.975271,59.719062],[18.920909,59.746405],[18.781261,59.701565],[18.719981,59.675727],[18.723806,59.63227],[18.660004,59.635688],[18.679698,59.616767],[18.639985,59.583645],[18.379649,59.476386],[18.269054,59.477444],[18.303233,59.456977],[18.262218,59.45246],[18.293142,59.414049],[18.337901,59.408515],[18.307302,59.396796],[18.188487,59.407416],[18.15919,59.422187],[18.207042,59.422187],[18.199474,59.450873],[18.118826,59.456977],[18.084483,59.427802],[18.098399,59.408515],[18.020681,59.406073],[18.146169,59.340237],[18.110525,59.336005],[18.214366,59.31977],[18.318126,59.375922],[18.456798,59.335354],[18.481944,59.347724],[18.454926,59.381578],[18.495616,59.395453],[18.426768,59.436428],[18.48463,59.434231],[18.646495,59.330268],[18.535655,59.300116],[18.364431,59.306586],[18.344737,59.334052],[18.27589,59.312934],[18.316905,59.28559],[18.283051,59.278998],[18.426768,59.196845],[18.313731,59.234076],[18.329438,59.214667],[18.431407,59.15351],[18.200857,59.080756],[18.255382,59.114325],[18.223643,59.119534],[18.002696,59.03856],[18.018565,59.022895],[17.961192,58.963446],[17.961192,58.922512],[17.899669,58.915717],[17.892833,58.861029],[17.861176,58.919094],[17.786143,58.953559],[17.792003,58.890855],[17.749278,58.923814],[17.769054,59.108954],[17.732758,59.114447],[17.71046,59.052802],[17.665782,59.080756],[17.688813,59.117987],[17.669688,59.162299],[17.673106,59.134752],[17.611095,59.093817],[17.631602,59.018134],[17.586436,58.964993],[17.617931,58.902045],[17.535981,58.902045],[17.590668,58.867255],[17.569509,58.861029],[17.447276,58.895209],[17.449962,58.815863],[17.488292,58.799628],[17.337413,58.806464],[17.371593,58.778998],[17.357758,58.751166],[17.162364,58.732001],[17.075369,58.762681],[17.046153,58.753323],[17.077403,58.720364],[17.145681,58.702786],[17.069835,58.661811],[16.974946,58.68537],[16.953868,58.669257],[17.035818,58.641303],[16.924164,58.625434],[16.233735,58.669257],[16.257091,58.65176],[16.239919,58.63227],[16.17921,58.628323],[16.333995,58.639146],[16.400238,58.592353],[16.453868,58.645982],[16.776866,58.607652],[16.785981,58.57274],[16.940196,58.491116],[16.753591,58.431464],[16.412608,58.477484],[16.692556,58.412746],[16.709646,58.369127],[16.766612,58.368598],[16.775076,58.339667],[16.631684,58.353949],[16.721853,58.299872],[16.779307,58.325588],[16.789317,58.305569],[16.706798,58.278266],[16.802989,58.244696],[16.824067,58.192857],[16.788259,58.179267],[16.809825,58.162095],[16.777192,58.13052],[16.617442,58.203111],[16.736095,58.084784],[16.68629,58.058539],[16.754568,58.02497],[16.631196,58.027899],[16.773936,57.923407],[16.727306,57.928778],[16.758149,57.877021],[16.691173,57.916205],[16.610606,57.89468],[16.63559,57.925482],[16.51531,57.998847],[16.494477,57.984036],[16.532074,57.950263],[16.590099,57.935614],[16.576996,57.901923],[16.460297,57.902086],[16.706798,57.750637],[16.419444,57.89468],[16.704845,57.716783],[16.639171,57.692328],[16.576996,57.709662],[16.619965,57.666653],[16.583263,57.661933],[16.616547,57.622382],[16.569998,57.595689],[16.529796,57.622382],[16.542247,57.579291],[16.514985,57.572496],[16.629161,57.556871],[16.680349,57.489651],[16.633311,57.437079],[16.653005,57.419013],[16.631684,57.380764],[16.547618,57.382514],[16.534841,57.360256],[16.569591,57.346584],[16.469086,57.275377],[16.494477,57.242906],[16.465017,57.177314],[16.574474,57.056098],[16.452403,57.051418],[16.461436,56.95661],[16.408946,56.808417],[16.47169,56.777411],[16.356619,56.75845],[16.371593,56.661322],[16.255219,56.650377],[16.213227,56.548407],[16.095225,56.419379],[16.038259,56.255072],[15.851736,56.086371],[15.788748,56.106431],[15.826508,56.159369],[15.731212,56.157213],[15.648204,56.194566],[15.592133,56.160549],[15.572765,56.206285],[15.484874,56.155666],[15.403982,56.179755],[15.365571,56.141099],[15.295258,56.147406],[15.295258,56.188381],[15.192393,56.152899],[15.081716,56.182074],[14.830251,56.142646],[14.724946,56.167629],[14.681,56.127427],[14.767751,56.030707],[14.621837,56.010159],[14.603282,56.058051],[14.497406,56.040473],[14.234711,55.862698],[14.198497,55.779975],[14.205903,55.708564],[14.367524,55.545396],[14.181163,55.390815],[13.897227,55.434882],[13.647309,55.42121],[13.381358,55.346015],[12.979177,55.403266],[12.847423,55.382025],[12.828787,55.400092],[12.859386,55.434882],[12.929698,55.418769],[12.985688,55.447903],[12.917491,55.547187],[13.04949,55.647121],[13.054861,55.694037],[12.911306,55.763861],[12.93865,55.790473],[12.926036,55.834052],[12.8213,55.886705],[12.464854,56.291693],[12.696625,56.224595],[12.814464,56.236151],[12.833507,56.265692],[12.621593,56.419338],[12.713715,56.467353],[12.890147,56.455268],[12.934418,56.547065],[12.886078,56.637152],[12.746837,56.644232],[12.679861,56.679592],[12.600352,56.809882],[12.356456,56.923814],[12.333263,57.020901],[12.218598,57.092719],[12.237641,57.108059],[12.197927,57.175767],[12.160981,57.184149],[12.180512,57.204169],[12.101329,57.236721],[12.156505,57.242906],[12.095063,57.250393],[12.144054,57.310126],[12.049815,57.351142],[12.108735,57.394355],[12.060313,57.394355],[12.089854,57.423041],[12.059255,57.458808],[12.006602,57.434149],[11.979015,57.346584],[11.903331,57.394355],[11.903331,57.448961],[11.944835,57.489936],[11.910167,57.503607],[11.931163,57.511054],[11.91684,57.620917],[11.879649,57.606187],[11.834972,57.661933],[11.923676,57.702826],[11.705414,57.698432],[11.801524,57.774237],[11.656261,57.839423],[11.759288,57.902086],[11.736583,57.938666],[11.800141,58.022284],[11.78297,58.069159],[11.837413,58.187161],[11.8838,58.205268],[11.80893,58.302191],[11.882823,58.332831],[11.726736,58.327094],[11.50587,58.243069],[11.541759,58.333564],[11.669932,58.422187],[11.588634,58.401109],[11.559255,58.44831],[11.522472,58.336249],[11.396169,58.264594],[11.44337,58.305569],[11.3838,58.318183],[11.448578,58.341742],[11.424083,58.388129],[11.355317,58.343899],[11.424083,58.442694],[11.334158,58.367621],[11.2317,58.339667],[11.204356,58.401109],[11.278575,58.459052],[11.240733,58.502183],[11.273285,58.56623],[11.259044,58.634508],[11.178559,58.736477],[11.2317,58.843695],[11.190115,58.908271],[11.119884,58.940863],[11.117442,58.968817],[11.183849,58.9914],[11.115001,59.008205],[11.129405,59.031195],[11.220063,59.090155],[11.320974,59.099514],[11.437511,58.9914],[11.451993,58.896044],[11.547078,58.884727],[11.664383,58.920074],[11.811661,59.270905],[11.674925,59.607112],[11.891656,59.705762],[11.903542,59.769996],[11.849592,59.872419],[11.942196,59.90203],[12.143734,59.898412],[12.483248,60.081243],[12.524692,60.161704],[12.487279,60.295907],[12.605308,60.419156],[12.594352,60.514938],[12.377001,60.754096],[12.253288,61.001704],[12.511773,61.049117],[12.703803,61.046197],[12.746694,61.151462],[12.839815,61.226987],[12.888184,61.349616],[12.613783,61.547045],[12.416482,61.582289],[12.175566,61.711531],[12.315149,62.271761],[12.091231,62.58631],[12.156239,62.733691],[12.093298,62.907427],[12.222695,63.001479],[11.992425,63.288903],[12.219801,63.474266],[12.170295,63.598135],[12.755273,63.991392],[13.234106,64.090869],[13.964243,64.009531],[14.147797,64.169004],[14.096948,64.465317],[13.642764,64.584018],[14.310682,65.084142],[14.380238,65.240282],[14.514287,65.318081],[14.510359,65.464739],[14.560692,65.701055],[14.648852,65.802393],[14.540538,66.125448],[15.053375,66.153276],[15.481876,66.274871],[15.426272,66.491214],[15.669462,66.599424],[16.038845,66.887546],[16.39965,67.035961],[16.443781,67.182619],[16.127108,67.422759],[16.180748,67.496398],[16.482952,67.557841],[16.608733,67.647293],[16.782882,67.896994],[17.220065,68.040086],[17.321454,68.105301],[17.921004,67.972855],[18.188584,68.198732],[18.135668,68.395723],[18.171841,68.535921],[18.436218,68.573852],[18.644577,68.501246],[19.038145,68.505639],[19.93101,68.350196],[20.010282,68.36389],[20.245927,68.477372],[19.962223,68.541192],[20.236625,68.659066],[20.352173,68.785673],[20.348763,68.893109],[20.102266,69.022145],[20.623165,69.036356]]],[[[17.124522,57.319281],[17.042003,57.270901],[17.050466,57.201158],[16.960623,57.063218],[16.898611,57.038072],[16.93393,57.017564],[16.871267,56.969184],[16.884532,56.935614],[16.841807,56.844062],[16.764415,56.787421],[16.68629,56.602362],[16.636974,56.559719],[16.541189,56.306138],[16.490896,56.239569],[16.428477,56.217963],[16.398936,56.298245],[16.419444,56.585639],[16.62086,56.87226],[16.716807,56.891832],[16.888357,57.118232],[16.988536,57.317572],[17.054861,57.358222],[17.124522,57.319281]]],[[[19.040212,57.867906],[19.078787,57.834784],[18.986583,57.80744],[18.93214,57.74079],[18.80714,57.734442],[18.764659,57.626899],[18.810313,57.607327],[18.773204,57.472235],[18.913829,57.43594],[18.92628,57.392646],[18.801524,57.376207],[18.680431,57.310492],[18.673676,57.277655],[18.714122,57.242906],[18.406423,57.143012],[18.385753,57.127427],[18.4546,57.127427],[18.359874,57.096137],[18.337901,57.031236],[18.400076,57.003974],[18.344737,57.003974],[18.311534,56.948065],[18.138682,56.922024],[18.281993,57.081041],[18.200857,57.065375],[18.223806,57.128607],[18.185313,57.144843],[18.159841,57.229804],[18.099376,57.258979],[18.17921,57.379543],[18.113455,57.487982],[18.128184,57.548163],[18.325043,57.672593],[18.463064,57.803168],[18.608653,57.83633],[18.677745,57.913886],[18.757172,57.906155],[18.803477,57.825751],[18.851899,57.891262],[18.837413,57.912177],[18.913341,57.921332],[18.917247,57.888129],[19.009532,57.908271],[19.040212,57.867906]]],[[[19.27296,57.976549],[19.338552,57.963568],[19.161957,57.925971],[19.131114,57.8522],[19.036794,57.905219],[19.098318,57.976549],[19.27296,57.976549]]],[[[11.73878,58.058539],[11.735606,58.003404],[11.695079,58.015082],[11.659434,57.963284],[11.581065,57.935858],[11.533702,57.95067],[11.512462,57.992621],[11.554861,58.002387],[11.497895,58.028062],[11.73878,58.058539]]],[[[11.806977,58.230414],[11.804698,58.125718],[11.708181,58.098212],[11.585297,58.123114],[11.519867,58.089545],[11.463878,58.106879],[11.463878,58.07217],[11.408865,58.145697],[11.527843,58.212795],[11.64796,58.234036],[11.686371,58.291205],[11.806977,58.230414]]],[[[19.331716,58.367621],[19.250336,58.342841],[19.187755,58.394965],[19.331716,58.367621]]],[[[18.430431,59.258287],[18.344737,59.299262],[18.612315,59.258287],[18.516124,59.271308],[18.517263,59.24901],[18.578136,59.244615],[18.551606,59.225898],[18.430431,59.258287]]],[[[18.550141,60.327094],[18.570649,60.317206],[18.402192,60.369818],[18.375173,60.500393],[18.422374,60.490912],[18.494314,60.356594],[18.529796,60.368109],[18.550141,60.327094]]],[[[20.839203,63.767564],[20.864919,63.79682],[20.920421,63.773749],[20.839203,63.767564]]],[[[18.485362,59.097561],[18.405284,59.008612],[18.341319,59.033433],[18.433767,59.104153],[18.485362,59.097561]]],[[[18.715831,59.208808],[18.743826,59.206692],[18.668468,59.174262],[18.715831,59.208808]]],[[[18.797048,59.294867],[18.77768,59.257025],[18.731619,59.25849],[18.738455,59.285224],[18.797048,59.294867]]],[[[18.676036,59.340277],[18.638031,59.367987],[18.715017,59.366889],[18.747081,59.331855],[18.682791,59.300279],[18.676036,59.340277]]],[[[18.1067,59.384955],[18.237478,59.372789],[18.165538,59.340644],[18.1067,59.384955]]],[[[18.854259,59.402533],[18.869477,59.393459],[18.855724,59.385932],[18.854259,59.402533]]],[[[18.942393,59.393622],[18.937673,59.373236],[18.908458,59.388373],[18.942393,59.393622]]],[[[18.925792,59.434027],[18.872325,59.408637],[18.873546,59.439765],[18.925792,59.434027]]],[[[18.656586,59.506741],[18.608409,59.493638],[18.556407,59.422309],[18.517751,59.474066],[18.609711,59.54564],[18.739106,59.540432],[18.656586,59.506741]]],[[[18.977712,59.633857],[18.863455,59.58397],[18.937755,59.649075],[18.977712,59.633857]]],[[[18.854259,59.601142],[18.756847,59.572659],[18.924327,59.656928],[18.854259,59.601142]]],[[[18.996349,59.80976],[18.891287,59.78559],[18.959158,59.863715],[18.996349,59.80976]]],[[[18.723969,60.196601],[18.718516,60.216457],[18.753103,60.209174],[18.806163,60.168036],[18.736339,60.152899],[18.723969,60.196601]]],[[[15.705333,56.1164],[15.726899,56.118354],[15.703624,56.080715],[15.651134,56.089993],[15.654959,56.119452],[15.705333,56.1164]]],[[[16.86671,58.304592],[16.855805,58.271877],[16.836436,58.290513],[16.86671,58.304592]]],[[[16.891612,58.333726],[16.918956,58.336371],[16.827403,58.327541],[16.807791,58.394232],[16.85377,58.402004],[16.827485,58.363593],[16.891612,58.333726]]],[[[18.321462,58.969143],[18.350841,58.979682],[18.293468,58.946275],[18.314789,58.930976],[18.193614,58.911322],[18.321462,58.969143]]],[[[18.198253,59.00967],[18.148123,59.005276],[18.131114,58.964748],[18.050629,58.960924],[18.092784,59.017768],[18.216563,59.024482],[18.198253,59.00967]]],[[[17.707286,58.993354],[17.691173,58.901801],[17.639171,58.930976],[17.643891,59.061347],[17.694102,59.038967],[17.707286,58.993354]]],[[[18.124685,62.687934],[18.006114,62.705552],[18.041026,62.754543],[18.149425,62.749823],[18.124685,62.687934]]],[[[20.87086,63.669379],[20.825938,63.643622],[20.864594,63.676744],[20.87086,63.669379]]],[[[20.898123,63.754096],[20.938243,63.772854],[20.936697,63.727525],[20.864757,63.683092],[20.898123,63.754096]]],[[[22.408051,65.455268],[22.294932,65.428168],[22.29477,65.452867],[22.408051,65.455268]]],[[[22.153575,65.430365],[22.156586,65.474351],[22.210216,65.465806],[22.233165,65.423896],[22.153575,65.430365]]],[[[22.5949,65.528266],[22.617198,65.517483],[22.55893,65.538275],[22.5949,65.528266]]],[[[22.218761,65.506781],[22.193207,65.525784],[22.211436,65.545111],[22.358735,65.503974],[22.218761,65.506781]]],[[[22.577973,65.58275],[22.625824,65.593411],[22.597423,65.553941],[22.539317,65.563666],[22.577973,65.58275]]],[[[22.57016,65.594794],[22.554454,65.605373],[22.595063,65.612982],[22.57016,65.594794]]],[[[22.962657,65.716295],[22.971934,65.66706],[22.882172,65.720445],[22.930024,65.741889],[22.962657,65.716295]]],[[[23.797211,65.75373],[23.738292,65.696723],[23.681488,65.721666],[23.681651,65.743069],[23.797211,65.75373]]],[[[22.741059,65.713609],[22.746837,65.770413],[22.811371,65.714097],[22.741059,65.713609]]]]}},{"type":"Feature","properties":{"iso3":"FIN","name":"Finland","continent":"Europe"},"geometry":{"type":"MultiPolygon","coordinates":[[[[28.954077,69.027261],[28.410234,68.898535],[28.426771,68.870578],[28.728251,68.865048],[28.801477,68.835489],[28.716366,68.727951],[28.447441,68.514889],[28.663759,68.204003],[29.33085,68.072694],[29.651192,67.823562],[30.009413,67.685844],[29.916241,67.508129],[29.519831,67.298167],[29.100115,66.991261],[29.051539,66.907803],[29.089159,66.837549],[29.32222,66.680065],[29.401337,66.576222],[29.524482,66.491214],[29.569699,66.378172],[29.650882,66.287893],[29.900169,66.108059],[30.111733,65.712011],[30.113903,65.665502],[30.003005,65.678137],[29.702869,65.62938],[29.838571,65.564888],[29.731533,65.496921],[29.720129,65.329088],[29.580085,65.235399],[29.833197,65.205013],[29.820329,65.126517],[29.850198,65.121504],[29.598379,65.034378],[29.588147,64.991435],[29.633622,64.90715],[29.78028,64.795581],[30.120414,64.761578],[30.120518,64.70892],[30.180824,64.642774],[29.965798,64.578643],[29.993394,64.51074],[30.070391,64.47188],[30.032461,64.396949],[30.052977,64.378087],[30.321126,64.317677],[30.558475,64.219699],[30.532482,64.179184],[30.586432,64.084668],[30.552326,64.021726],[30.201546,63.792645],[29.998433,63.7471],[30.001145,63.715337],[30.461065,63.472871],[30.82094,63.375668],[31.203966,63.21268],[31.250836,63.115477],[31.569525,62.905929],[31.441264,62.788701],[31.243757,62.503344],[30.925636,62.302116],[30.635008,62.184009],[29.779143,61.593115],[29.51704,61.47506],[29.203158,61.245901],[28.797601,61.09684],[28.614563,60.961939],[28.480928,60.933465],[27.807872,60.553046],[27.739513,60.574164],[27.753184,60.505845],[27.718435,60.488471],[27.636485,60.492255],[27.676606,60.511176],[27.651703,60.52265],[27.615977,60.512112],[27.629649,60.471137],[27.508474,60.513861],[27.472667,60.505845],[27.493012,60.470201],[27.456798,60.46369],[27.24879,60.50788],[27.230805,60.526313],[27.308116,60.525784],[27.191742,60.579739],[27.177745,60.512112],[27.033376,60.541815],[26.99822,60.488023],[26.931407,60.485419],[26.962413,60.447211],[26.79363,60.457465],[26.814708,60.485419],[26.776541,60.482856],[26.687348,60.418158],[26.482677,60.468004],[26.625011,60.609605],[26.753184,60.574164],[26.65919,60.651801],[26.591807,60.628567],[26.465831,60.508124],[26.485688,60.443793],[26.424164,60.395982],[26.383311,60.41649],[26.323985,60.383002],[26.231781,60.450629],[26.273448,60.402167],[26.150727,60.398505],[25.917247,60.485419],[26.028982,60.433336],[26.023204,60.380683],[26.10141,60.341376],[26.099864,60.312079],[26.04005,60.299791],[25.997081,60.354926],[25.842052,60.402167],[25.899099,60.367255],[25.884288,60.320014],[25.930186,60.245185],[25.770356,60.314154],[25.739024,60.313463],[25.848888,60.265692],[25.735525,60.24726],[25.655772,60.293036],[25.649669,60.33393],[25.704356,60.341376],[25.66863,60.364651],[25.526134,60.327094],[25.54656,60.305854],[25.516856,60.254543],[25.361664,60.245185],[25.313813,60.272528],[25.3213,60.25141],[25.156261,60.232164],[25.197113,60.190619],[25.058604,60.177314],[25.029307,60.147854],[24.997895,60.162665],[25.021495,60.183987],[24.99879,60.212836],[24.961192,60.151557],[24.845225,60.143744],[24.870942,60.161689],[24.806814,60.190619],[24.827322,60.162665],[24.656423,60.100979],[24.630626,60.136298],[24.549001,60.152777],[24.596853,60.127265],[24.548025,60.099677],[24.608165,60.101223],[24.573985,60.07392],[24.594493,60.066474],[24.445649,59.992255],[24.41627,59.99136],[24.452973,60.037746],[24.329763,60.003363],[24.367931,60.07392],[24.319672,60.075832],[24.15797,60.034491],[24.182953,60.025458],[24.028168,60.009345],[23.990245,60.031562],[23.79949,59.95661],[23.56186,59.977607],[23.429454,59.95661],[23.52711,60.02383],[23.546153,60.07392],[23.326427,59.923041],[23.237153,59.898017],[23.222179,59.867825],[23.251313,59.847968],[22.905121,59.811225],[22.931407,59.842841],[23.247081,59.922431],[23.332856,60.029853],[23.223399,59.929877],[23.178071,59.94892],[23.117849,59.923774],[23.110688,59.970282],[23.241384,60.033108],[23.035492,60.044582],[22.990733,60.077338],[23.045909,60.121649],[22.977875,60.098782],[22.886974,60.144924],[22.867198,60.183743],[23.025401,60.292955],[23.060313,60.357327],[22.998057,60.306627],[22.941173,60.316474],[22.736176,60.238186],[22.525076,60.20425],[22.648123,60.278713],[22.449474,60.245185],[22.459158,60.26496],[22.627615,60.375393],[22.624278,60.399075],[22.543468,60.372545],[22.463064,60.375556],[22.483572,60.402167],[22.291515,60.382636],[22.108165,60.456855],[22.064464,60.436347],[21.903168,60.528876],[21.853526,60.525784],[21.874034,60.477973],[21.78533,60.477973],[21.840505,60.62873],[21.678966,60.576483],[21.654307,60.508979],[21.612071,60.488837],[21.558116,60.492255],[21.583751,60.505032],[21.517751,60.567328],[21.578624,60.559882],[21.555024,60.57217],[21.408539,60.58039],[21.462657,60.601752],[21.354015,60.681708],[21.425955,60.679633],[21.469981,60.725002],[21.38738,60.752346],[21.411632,60.75967],[21.328868,60.827541],[21.318533,60.864691],[21.428396,60.8758],[21.353282,60.902533],[21.428396,60.902533],[21.298676,61.060126],[21.48227,61.060126],[21.435232,61.142727],[21.469981,61.149563],[21.455821,61.176174],[21.558116,61.204169],[21.476085,61.245754],[21.544444,61.279853],[21.544444,61.310777],[21.524262,61.375312],[21.462087,61.398424],[21.572439,61.416409],[21.42213,61.485338],[21.592133,61.485338],[21.469981,61.54682],[21.48227,61.567857],[21.716319,61.519477],[21.536143,61.658026],[21.517751,61.705064],[21.570323,61.695014],[21.469981,61.759711],[21.486095,61.811184],[21.403168,61.87641],[21.380544,61.937812],[21.236583,61.985012],[21.289073,62.121568],[21.312266,62.109117],[21.325938,62.163764],[21.389903,62.208157],[21.353282,62.232001],[21.374278,62.266791],[21.329356,62.241441],[21.333507,62.340562],[21.262462,62.359198],[21.270681,62.410793],[21.194347,62.337063],[21.202403,62.417629],[21.147797,62.413804],[21.124278,62.45482],[21.124278,62.509996],[21.154552,62.527493],[21.12672,62.554145],[21.209239,62.582099],[21.193533,62.600898],[21.106212,62.623033],[21.065196,62.595771],[21.083181,62.659247],[21.160167,62.73017],[21.107921,62.767035],[21.192231,62.792914],[21.226736,62.858466],[21.382823,62.874579],[21.463145,62.951402],[21.456309,63.047553],[21.495128,63.071723],[21.688487,63.027086],[21.559581,63.09512],[21.572439,63.123358],[21.520844,63.126776],[21.510509,63.168402],[21.551931,63.171129],[21.496593,63.20897],[21.544444,63.231024],[21.742361,63.199652],[21.764171,63.205878],[21.717947,63.215318],[21.743663,63.239407],[21.894542,63.260484],[21.88087,63.177924],[21.983897,63.143215],[21.955903,63.18476],[22.043142,63.245592],[22.15919,63.231757],[22.284923,63.301459],[22.330089,63.28384],[22.373709,63.321357],[22.205821,63.420315],[22.190929,63.458441],[22.246755,63.469631],[22.401622,63.418158],[22.279959,63.487616],[22.292247,63.529731],[22.394786,63.452338],[22.497244,63.585761],[22.545665,63.575181],[22.497244,63.622992],[22.593435,63.674506],[22.589041,63.703315],[22.675304,63.702379],[22.73406,63.62759],[22.790538,63.633002],[22.886974,63.695217],[22.833018,63.72602],[22.901866,63.72602],[22.882091,63.742133],[22.929861,63.756903],[22.902517,63.794867],[23.000662,63.763617],[22.990733,63.815375],[23.074962,63.857367],[23.415782,63.924628],[23.37086,63.956],[23.381602,64.048163],[23.604503,64.027655],[23.573578,64.107245],[23.614431,64.10342],[23.723643,64.178534],[23.724376,64.20893],[23.819102,64.220649],[23.861095,64.26789],[23.94337,64.246772],[23.929047,64.301418],[23.996104,64.379869],[24.344086,64.530748],[24.422862,64.675605],[24.530284,64.717841],[24.5324,64.753852],[24.587657,64.781195],[24.550059,64.796576],[24.658539,64.788642],[24.670665,64.829739],[24.736339,64.855373],[25.094737,64.918362],[25.259288,64.835842],[25.225108,64.82274],[25.354828,64.829576],[25.359548,64.911119],[25.241222,64.929023],[25.190929,64.966783],[25.443533,64.966783],[25.363536,65.090766],[25.211436,65.123765],[25.279796,65.219957],[25.327485,65.226874],[25.289073,65.261135],[25.334972,65.343492],[25.266124,65.377631],[25.34669,65.405748],[25.358653,65.465522],[25.323578,65.506781],[25.219005,65.557278],[25.124848,65.561103],[25.074229,65.614163],[24.859141,65.659125],[24.687022,65.631537],[24.670177,65.683417],[24.550466,65.763495],[24.645763,65.879462],[24.710623,65.912095],[24.617931,65.889228],[24.518809,65.796047],[24.415701,65.771796],[24.238292,65.822699],[24.251231,65.794135],[24.22462,65.774888],[24.188243,65.790229],[24.05479,65.947914],[24.029778,66.034989],[23.911439,66.148625],[23.750002,66.189656],[23.689437,66.25699],[23.652437,66.458839],[23.88188,66.563535],[23.891699,66.743576],[24.004043,66.8052],[23.58133,67.153137],[23.61492,67.213986],[23.602724,67.260263],[23.735429,67.289692],[23.785659,67.337519],[23.751449,67.346226],[23.765195,67.420072],[23.477151,67.443817],[23.431262,67.48552],[23.553528,67.587038],[23.484592,67.737159],[23.481285,67.864644],[23.636107,67.913478],[23.661222,67.932857],[23.643135,67.963191],[23.382996,68.051248],[23.306515,68.145609],[23.165645,68.122045],[23.140013,68.234182],[22.808251,68.394896],[22.303062,68.476131],[22.072172,68.47701],[21.919209,68.568219],[21.737102,68.587908],[21.716845,68.619224],[21.46363,68.686868],[21.406373,68.74888],[21.314699,68.754047],[21.072129,68.869441],[20.905731,68.894607],[20.887644,68.92706],[20.934257,68.949023],[20.911209,68.9807],[20.623165,69.036356],[20.744397,69.104362],[21.071509,69.036666],[21.156362,69.087619],[21.033579,69.181205],[21.098381,69.239496],[21.313562,69.291431],[21.638813,69.27138],[22.023079,69.012016],[22.356805,68.832751],[22.409205,68.712913],[22.570126,68.726814],[22.851659,68.675706],[23.071491,68.680874],[23.197581,68.618035],[23.734809,68.715445],[23.787209,68.799781],[23.929009,68.816214],[24.332499,68.708624],[24.663435,68.666094],[24.905177,68.556953],[24.951789,68.605064],[25.117567,68.637672],[25.149607,68.764641],[25.201283,68.812648],[25.43393,68.883859],[25.627769,68.874143],[25.79582,68.993309],[25.750242,69.059248],[25.771222,69.135109],[25.737219,69.218205],[25.77453,69.29882],[25.877366,69.370806],[25.841399,69.417779],[25.886668,69.455193],[25.890595,69.514828],[26.003973,69.587175],[25.961702,69.652545],[26.00511,69.689339],[26.210989,69.722877],[26.533863,69.925242],[26.864592,69.938084],[27.08122,69.902944],[27.3118,69.929479],[27.349111,69.971286],[27.563309,70.023582],[27.612557,70.062055],[27.866908,70.07531],[28.167355,69.894339],[28.381192,69.856202],[28.40455,69.802252],[29.131224,69.674198],[29.344544,69.464392],[29.229254,69.376852],[28.86478,69.216603],[28.826953,69.106842],[28.954077,69.027261]]],[[[22.408376,60.052802],[22.401866,60.075751],[22.449474,60.066474],[22.442638,59.997504],[22.38795,59.994452],[22.349457,60.047512],[22.354828,60.075629],[22.408376,60.052802]]],[[[21.496593,60.135321],[21.571056,60.170356],[21.654307,60.155829],[21.613129,60.102118],[21.514415,60.097357],[21.493175,60.110175],[21.558116,60.121649],[21.496593,60.135321]]],[[[21.743663,60.190619],[21.887706,60.183743],[21.846039,60.170111],[21.867849,60.155829],[21.791515,60.155829],[21.826182,60.149604],[21.783214,60.123236],[21.695811,60.121649],[21.743663,60.190619]]],[[[21.353282,60.211086],[21.448904,60.190619],[21.38738,60.162665],[21.270681,60.190619],[21.353282,60.211086]]],[[[22.05893,60.211086],[22.009288,60.137274],[21.935395,60.176337],[22.05893,60.211086]]],[[[25.81422,60.207668],[25.876231,60.217231],[25.835623,60.196031],[25.81422,60.207668]]],[[[22.209239,60.20425],[22.291759,60.245185],[22.269298,60.195868],[22.209239,60.20425]]],[[[25.622325,60.238349],[25.57016,60.258043],[25.581716,60.296373],[25.684418,60.245185],[25.611583,60.211249],[25.622325,60.238349]]],[[[22.843516,60.241767],[22.890961,60.285549],[22.956391,60.292955],[22.839854,60.201117],[22.819347,60.162665],[22.846853,60.111029],[22.730479,60.046576],[22.757986,60.032294],[22.735118,60.008612],[22.68214,59.997504],[22.654959,60.032294],[22.600271,59.984524],[22.58961,60.032782],[22.486339,60.001858],[22.461762,60.097561],[22.434825,60.105129],[22.600271,60.135321],[22.415212,60.149604],[22.44809,60.221381],[22.56658,60.193305],[22.843516,60.241767]]],[[[22.106781,60.313463],[22.33961,60.2862],[22.215505,60.253119],[22.181163,60.281317],[22.089366,60.26911],[22.106781,60.313463]]],[[[22.38795,60.32095],[22.312836,60.32095],[22.398204,60.355048],[22.477306,60.32095],[22.367442,60.292955],[22.38795,60.32095]]],[[[21.997569,60.33393],[21.901378,60.327094],[21.794119,60.373969],[21.828868,60.409613],[21.808116,60.466702],[21.931977,60.423326],[21.950369,60.402167],[21.894542,60.395982],[21.997569,60.33393]]],[[[21.725922,60.481676],[21.700694,60.459703],[21.690929,60.484076],[21.764171,60.525784],[21.725922,60.481676]]],[[[21.319102,60.481676],[21.265961,60.490058],[21.229177,60.559882],[21.319102,60.481676]]],[[[21.394216,60.559882],[21.48227,60.525784],[21.442638,60.471137],[21.360118,60.533189],[21.336111,60.519436],[21.35255,60.561835],[21.394216,60.559882]]],[[[21.298676,60.567328],[21.219086,60.622626],[21.259288,60.647528],[21.298676,60.567328]]],[[[21.264415,60.882025],[21.202403,60.889472],[21.298676,60.895697],[21.283214,60.942816],[21.243419,60.950873],[21.27003,60.967963],[21.374278,60.930406],[21.264415,60.882025]]],[[[21.42213,63.246812],[21.428396,63.198432],[21.362804,63.206244],[21.243419,63.150702],[21.133556,63.198432],[21.154552,63.198432],[21.081798,63.277289],[21.243419,63.280992],[21.195079,63.239407],[21.286794,63.211371],[21.315766,63.251939],[21.42213,63.246812]]],[[[21.318533,63.287787],[21.229177,63.328803],[21.374278,63.34927],[21.318533,63.287787]]],[[[24.993437,65.055104],[25.061818,65.04348],[24.819657,65.04328],[24.722367,65.003467],[24.812388,64.979194],[24.752126,64.953111],[24.713145,64.951728],[24.68393,64.996568],[24.631602,64.967841],[24.562755,65.037177],[24.65419,65.080221],[24.834506,65.0948],[24.993437,65.055104]]],[[[23.915212,59.973456],[23.908702,59.953803],[23.856212,59.953315],[23.915212,59.973456]]],[[[22.88738,60.067776],[22.917735,60.068671],[22.910981,60.041571],[22.859548,60.01142],[22.88738,60.067776]]],[[[22.95753,60.110785],[22.957286,60.088853],[22.84547,60.082221],[22.917003,60.125067],[22.95753,60.110785]]],[[[21.991547,60.12995],[22.01238,60.122748],[21.943858,60.113471],[21.991547,60.12995]]],[[[22.313162,60.191962],[22.375011,60.204047],[22.319998,60.164049],[22.336925,60.148505],[22.298676,60.146877],[22.313162,60.191962]]],[[[21.983165,60.28498],[21.972911,60.285346],[22.008311,60.297309],[21.983165,60.28498]]],[[[21.956879,60.281399],[21.875336,60.304877],[21.959809,60.312161],[21.956879,60.281399]]],[[[22.299653,60.36758],[22.202159,60.343207],[22.157074,60.358303],[22.299653,60.36758]]],[[[22.206228,60.382554],[22.112478,60.352932],[22.137869,60.379096],[22.206228,60.382554]]],[[[21.338064,60.383368],[21.357107,60.35814],[21.303884,60.364244],[21.307791,60.389594],[21.338064,60.383368]]],[[[26.602061,60.446519],[26.644054,60.431871],[26.548595,60.378363],[26.507172,60.403469],[26.602061,60.446519]]],[[[22.026215,63.322211],[22.060802,63.302151],[22.046641,63.282172],[21.989919,63.277574],[21.977712,63.298651],[22.026215,63.322211]]],[[[22.144216,63.25141],[22.08546,63.261786],[22.072765,63.312812],[22.190603,63.310533],[22.226329,63.340644],[22.208669,63.273261],[22.114431,63.284166],[22.158539,63.274075],[22.144216,63.25141]]],[[[21.957205,63.33161],[21.99643,63.384711],[22.079438,63.38349],[22.076182,63.360053],[21.957205,63.33161]]],[[[22.807953,63.779527],[22.828868,63.776313],[22.802094,63.738186],[22.739594,63.720526],[22.692231,63.751125],[22.737315,63.78559],[22.807953,63.779527]]],[[[22.498546,59.877631],[22.443696,59.851467],[22.413829,59.861233],[22.498546,59.877631]]],[[[21.600434,60.254828],[21.62672,60.25259],[21.563487,60.226223],[21.600434,60.254828]]],[[[21.259532,60.853095],[21.263194,60.830268],[21.18629,60.856513],[21.259532,60.853095]]],[[[21.421886,61.176744],[21.34669,61.177558],[21.380056,61.214016],[21.421886,61.176744]]],[[[21.521251,61.633979],[21.500987,61.617743],[21.461925,61.626166],[21.484548,61.640448],[21.521251,61.633979]]],[[[21.208507,62.946234],[21.146658,62.953274],[21.136241,63.006578],[21.207367,62.986151],[21.208507,62.946234]]]]}},{"type":"Feature","properties":{"iso3":"LUX","name":"Luxembourg","continent":"Europe"},"geometry":{"type":"Polygon","coordinates":[[[6.117487,50.120456],[6.0994,50.064129],[6.107151,50.063767],[6.096403,50.048626],[6.113766,50.036378],[6.117177,50.004391],[6.15397,49.951216],[6.161928,49.942482],[6.172677,49.956228],[6.2227,49.887137],[6.286779,49.86104],[6.310653,49.834479],[6.334424,49.840215],[6.397056,49.808589],[6.502579,49.79567],[6.496378,49.752106],[6.485526,49.733761],[6.499686,49.712212],[6.491004,49.714434],[6.482942,49.708078],[6.489764,49.702962],[6.418243,49.669889],[6.402741,49.655782],[6.417933,49.639142],[6.350754,49.566588],[6.345307,49.455349],[6.298768,49.466232],[6.251117,49.48946],[6.193554,49.499409],[6.13609,49.495275],[6.142601,49.486076],[6.107255,49.48251],[6.099813,49.46463],[6.078006,49.452021],[5.9607,49.441324],[5.946954,49.469953],[5.928144,49.482304],[5.839571,49.499874],[5.790685,49.537753],[5.8374,49.56111],[5.846909,49.576717],[5.829959,49.582763],[5.885459,49.643534],[5.879878,49.657745],[5.845772,49.666582],[5.842258,49.67392],[5.857347,49.70043],[5.850216,49.714021],[5.805361,49.721876],[5.803604,49.738154],[5.778489,49.773035],[5.738285,49.788848],[5.727743,49.800217],[5.720198,49.824712],[5.736528,49.83944],[5.726916,49.845227],[5.731877,49.859955],[5.758129,49.858198],[5.714927,49.881866],[5.718958,49.891374],[5.76371,49.946823],[5.80164,49.963825],[5.812596,49.977571],[5.801537,49.988681],[5.802674,50.002479],[5.836367,50.01855],[5.83771,50.047437],[5.864375,50.067488],[5.872437,50.096892],[5.941063,50.128311],[5.96163,50.165621],[5.998321,50.174975],[6.014134,50.153581],[6.038628,50.148413],[6.084207,50.159317],[6.097126,50.151307],[6.102604,50.124745],[6.117487,50.120456]]]}},{"type":"Feature","properties":{"iso3":"BEL","name":"Belgium","continent":"Europe"},"geometry":{"type":"Polygon","coordinates":[[[2.5218,51.087541],[2.579926,51.104804],[2.715668,51.169501],[3.124848,51.329657],[3.348969,51.375149],[3.358068,51.336713],[3.353211,51.288602],[3.36737,51.263487],[3.391658,51.24677],[3.453877,51.235633],[3.501212,51.240284],[3.503383,51.273952],[3.514338,51.281031],[3.609526,51.290436],[3.776234,51.254521],[3.781402,51.219872],[3.808687,51.205325],[3.927026,51.206255],[4.118952,51.272401],[4.168562,51.29687],[4.207939,51.330589],[4.220962,51.363817],[4.241059,51.356594],[4.256114,51.328437],[4.302989,51.296088],[4.308116,51.283637],[4.298676,51.269599],[4.30836,51.271226],[4.330821,51.296088],[4.289317,51.309149],[4.283051,51.350084],[4.261068,51.369379],[4.290105,51.368752],[4.345605,51.352293],[4.392217,51.350407],[4.411234,51.356737],[4.416195,51.373971],[4.379918,51.409525],[4.38922,51.434588],[4.377128,51.442882],[4.429424,51.461976],[4.525232,51.475929],[4.533191,51.467583],[4.521512,51.428645],[4.540632,51.420067],[4.630136,51.418206],[4.653907,51.426216],[4.731215,51.485618],[4.778654,51.495359],[4.823922,51.475645],[4.815447,51.431074],[4.822682,51.413685],[4.779067,51.426423],[4.767802,51.425389],[4.762117,51.413375],[4.853274,51.40614],[4.910325,51.391903],[4.957144,51.410997],[4.995798,51.446706],[5.012128,51.474327],[5.027527,51.476807],[5.06029,51.461976],[5.079927,51.438541],[5.065251,51.405907],[5.061737,51.384255],[5.068145,51.37454],[5.102561,51.350665],[5.122922,51.313381],[5.197336,51.308342],[5.214906,51.294338],[5.215423,51.258733],[5.389056,51.258707],[5.471635,51.288085],[5.493235,51.286535],[5.535197,51.26204],[5.545532,51.219924],[5.568373,51.207651],[5.62501,51.196902],[5.659013,51.179074],[5.730844,51.18375],[5.781383,51.152409],[5.829132,51.156465],[5.840501,51.138921],[5.823241,51.118741],[5.845979,51.103393],[5.804948,51.096624],[5.811769,51.082309],[5.79885,51.061484],[5.791305,51.054998],[5.771461,51.058125],[5.76402,51.035181],[5.777559,51.023553],[5.722369,50.959423],[5.76402,50.959423],[5.722369,50.911674],[5.694463,50.903664],[5.622323,50.852659],[5.624493,50.830284],[5.64072,50.815039],[5.700458,50.795557],[5.688366,50.76083],[5.706556,50.754216],[5.727846,50.754164],[5.752444,50.773439],[5.793165,50.752149],[5.99491,50.749927],[5.99274,50.744449],[6.010826,50.737059],[6.01155,50.708534],[6.081003,50.713495],[6.100227,50.701299],[6.161102,50.642181],[6.147769,50.636755],[6.159448,50.622389],[6.180015,50.615516],[6.249055,50.614431],[6.244301,50.599548],[6.179085,50.561979],[6.160688,50.543583],[6.177328,50.530198],[6.169473,50.522499],[6.190557,50.515212],[6.182599,50.506582],[6.207197,50.486325],[6.255566,50.494593],[6.336905,50.481003],[6.323262,50.466016],[6.331634,50.446896],[6.351167,50.433564],[6.337732,50.368089],[6.372458,50.329436],[6.374525,50.315483],[6.362019,50.306956],[6.285952,50.303856],[6.269415,50.286492],[6.271792,50.267424],[6.189627,50.242722],[6.157174,50.222724],[6.146839,50.214042],[6.160171,50.204534],[6.165132,50.181899],[6.151696,50.169342],[6.123171,50.164898],[6.115833,50.145467],[6.129476,50.134047],[6.117487,50.120456],[6.102604,50.124745],[6.097126,50.151307],[6.084207,50.159317],[6.038628,50.148413],[6.014134,50.153581],[5.998321,50.174975],[5.96163,50.165621],[5.941063,50.128311],[5.872437,50.096892],[5.864375,50.067488],[5.83771,50.047437],[5.836367,50.01855],[5.802674,50.002479],[5.801537,49.988681],[5.812596,49.977571],[5.80164,49.963825],[5.76371,49.946823],[5.718958,49.891374],[5.714927,49.881866],[5.758129,49.858198],[5.731877,49.859955],[5.728673,49.848845],[5.736528,49.83944],[5.720198,49.824712],[5.727743,49.800217],[5.738285,49.788848],[5.778489,49.773035],[5.811769,49.718517],[5.850216,49.714021],[5.857347,49.70043],[5.842258,49.67392],[5.845772,49.666582],[5.879878,49.657745],[5.885459,49.643534],[5.829959,49.582763],[5.846909,49.576717],[5.8374,49.56111],[5.790685,49.537753],[5.746346,49.549431],[5.710276,49.531086],[5.644647,49.543799],[5.619739,49.53553],[5.602273,49.513723],[5.547599,49.523438],[5.477732,49.495223],[5.456132,49.498944],[5.44993,49.507832],[5.450241,49.545762],[5.402078,49.602451],[5.334899,49.625809],[5.32167,49.61258],[5.297898,49.613252],[5.290664,49.626378],[5.293764,49.640537],[5.306373,49.647513],[5.299449,49.662499],[5.259244,49.691335],[5.192478,49.682808],[5.169431,49.687201],[5.136358,49.705339],[5.081891,49.752727],[5.026287,49.766731],[4.970993,49.797065],[4.884177,49.784146],[4.849037,49.794171],[4.849244,49.831585],[4.834878,49.85303],[4.859372,49.891684],[4.860199,49.913337],[4.844593,49.931734],[4.797257,49.944291],[4.783925,49.958295],[4.826713,50.036017],[4.827229,50.064077],[4.84604,50.09069],[4.862886,50.084076],[4.871878,50.139783],[4.862679,50.147586],[4.820098,50.146449],[4.815551,50.161332],[4.788575,50.153374],[4.681915,50.083921],[4.67344,50.066196],[4.680572,50.048316],[4.672924,50.01638],[4.656697,49.989095],[4.604194,49.980206],[4.464771,49.935609],[4.435109,49.93225],[4.277599,49.960156],[4.201118,49.953024],[4.131665,49.974987],[4.139623,49.974522],[4.132285,50.017568],[4.137349,50.025061],[4.210006,50.06015],[4.180551,50.127226],[4.125774,50.128156],[4.152749,50.204534],[4.167942,50.222465],[4.201325,50.241534],[4.197604,50.258484],[4.162774,50.272953],[4.150268,50.269543],[4.150992,50.256262],[4.143654,50.251611],[4.125257,50.25714],[4.097868,50.294812],[4.0033,50.34406],[3.895917,50.325301],[3.84021,50.345197],[3.755047,50.346334],[3.733446,50.337239],[3.696859,50.298223],[3.661719,50.319307],[3.644356,50.445501],[3.608286,50.476507],[3.563741,50.486532],[3.499145,50.48679],[3.486743,50.492681],[3.498008,50.511853],[3.477131,50.519863],[3.429175,50.501828],[3.361066,50.489787],[3.299881,50.507461],[3.271045,50.526943],[3.264327,50.570196],[3.229808,50.65541],[3.24376,50.672102],[3.232391,50.695925],[3.224433,50.705175],[3.188983,50.715097],[3.146195,50.768892],[3.129245,50.779072],[3.103304,50.784085],[2.971425,50.757833],[2.930188,50.736232],[2.886883,50.696648],[2.786734,50.723365],[2.768234,50.733235],[2.743842,50.766205],[2.706635,50.788787],[2.691856,50.808838],[2.620439,50.816486],[2.60659,50.834831],[2.58995,50.842014],[2.596668,50.867646],[2.576928,50.911519],[2.611654,50.941233],[2.60845,50.961128],[2.55698,51.001177],[2.537033,51.06461],[2.5218,51.087541]]]}},{"type":"Feature","properties":{"iso3":"MKD","name":"North Macedonia","continent":"Europe"},"geometry":{"type":"Polygon","coordinates":[[[20.567147,41.873182],[20.602391,41.849876],[20.61872,41.850522],[20.643422,41.873647],[20.681456,41.84401],[20.702953,41.849591],[20.750495,41.906797],[20.754423,41.930904],[20.741814,41.970773],[20.743054,41.993484],[20.765378,42.064333],[20.784912,42.082032],[21.003916,42.141951],[21.098484,42.195953],[21.164423,42.16704],[21.199873,42.14115],[21.237804,42.097354],[21.28886,42.089706],[21.300796,42.098425],[21.294958,42.148979],[21.353766,42.215977],[21.384255,42.224943],[21.429834,42.215848],[21.419912,42.240058],[21.436345,42.24688],[21.467557,42.235123],[21.48151,42.247784],[21.499287,42.238663],[21.561815,42.247164],[21.676886,42.234945],[21.8172,42.305145],[21.88438,42.309512],[21.929028,42.335117],[22.027627,42.303956],[22.060906,42.301088],[22.233402,42.348889],[22.268852,42.370335],[22.276914,42.341241],[22.307609,42.31933],[22.345023,42.313439],[22.443622,42.214427],[22.481449,42.193317],[22.494678,42.164559],[22.531058,42.129109],[22.617771,42.082704],[22.705725,42.055935],[22.718437,42.044463],[22.780862,42.043171],[22.798949,42.021235],[22.821273,42.025369],[22.838223,42.019478],[22.85476,41.982632],[22.880804,41.872691],[22.901372,41.860418],[22.939716,41.776702],[22.956872,41.765669],[22.991185,41.760992],[23.008859,41.739934],[23.009582,41.71637],[22.967001,41.647046],[22.940852,41.63764],[22.932998,41.612345],[22.933721,41.584595],[22.948707,41.560978],[22.943023,41.538551],[22.946227,41.453233],[22.954598,41.432408],[22.937339,41.410755],[22.940852,41.349829],[22.916978,41.335773],[22.826027,41.340992],[22.780966,41.334894],[22.751303,41.315205],[22.727222,41.165809],[22.704898,41.139661],[22.64454,41.180227],[22.629347,41.177074],[22.624489,41.152631],[22.590176,41.125139],[22.451477,41.113667],[22.421814,41.114649],[22.380163,41.131702],[22.308746,41.124984],[22.305232,41.141624],[22.29345,41.147515],[22.205807,41.161416],[22.160332,41.151908],[22.103384,41.121522],[22.062767,41.13718],[22.048194,41.151856],[22.029074,41.138575],[21.965098,41.124364],[21.909081,41.097493],[21.897195,41.081266],[21.894301,41.053826],[21.831463,40.993726],[21.783714,40.964167],[21.778133,40.93373],[21.765524,40.923911],[21.736998,40.919157],[21.685115,40.927994],[21.6569,40.918227],[21.648838,40.895799],[21.623724,40.894404],[21.581556,40.866292],[21.55365,40.870426],[21.509519,40.900502],[21.404926,40.908615],[21.381258,40.900502],[21.344878,40.873062],[21.295372,40.860866],[21.183027,40.870168],[21.112127,40.853942],[20.965262,40.849394],[20.956684,40.894766],[20.939941,40.907065],[20.837415,40.924066],[20.766102,40.893732],[20.740883,40.89797],[20.717216,40.913214],[20.702746,40.936314],[20.65386,41.075272],[20.576966,41.093513],[20.565494,41.147412],[20.51268,41.210147],[20.500071,41.23552],[20.477747,41.319598],[20.481674,41.341199],[20.49604,41.337788],[20.523429,41.356805],[20.540172,41.400678],[20.522189,41.42569],[20.490873,41.436025],[20.483535,41.46548],[20.470822,41.483774],[20.452012,41.493592],[20.444157,41.549661],[20.507409,41.56227],[20.534694,41.585266],[20.508339,41.661748],[20.500381,41.734095],[20.511337,41.757943],[20.550921,41.793522],[20.541722,41.86158],[20.567147,41.873182]]]}},{"type":"Feature","properties":{"iso3":"ALB","name":"Albania","continent":"Europe"},"geometry":{"type":"Polygon","coordinates":[[[20.567147,41.873182],[20.541722,41.86158],[20.550921,41.793522],[20.511337,41.757943],[20.500381,41.734095],[20.508339,41.661748],[20.53467,41.587324],[20.52932,41.574879],[20.507409,41.56227],[20.444157,41.549661],[20.452012,41.493592],[20.481597,41.468269],[20.490873,41.436025],[20.522189,41.42569],[20.539049,41.402944],[20.539965,41.387139],[20.523429,41.356805],[20.49604,41.337788],[20.481674,41.341199],[20.483121,41.289471],[20.500071,41.23552],[20.51268,41.210147],[20.565494,41.147412],[20.576966,41.093513],[20.65386,41.075272],[20.702746,40.936314],[20.717216,40.913214],[20.740883,40.89797],[20.766102,40.893732],[20.836544,40.923904],[20.939941,40.907065],[20.956684,40.894766],[20.964849,40.875956],[20.967019,40.802007],[20.960922,40.780768],[20.943662,40.765265],[20.963505,40.736068],[21.018593,40.690902],[21.035336,40.65938],[21.036679,40.639743],[21.013528,40.548896],[20.981489,40.523264],[20.957924,40.514944],[20.93684,40.472518],[20.911932,40.459547],[20.839999,40.471639],[20.826666,40.464818],[20.8092,40.436603],[20.770649,40.421978],[20.770442,40.36255],[20.736646,40.303639],[20.699129,40.278369],[20.696442,40.215066],[20.68528,40.191191],[20.660372,40.178892],[20.668226,40.138068],[20.647556,40.09404],[20.577793,40.067271],[20.499865,40.071457],[20.465965,40.060812],[20.432789,40.063809],[20.400439,40.045257],[20.376461,39.993736],[20.297913,39.986914],[20.317964,39.918391],[20.346902,39.894259],[20.392998,39.835451],[20.397028,39.818087],[20.388967,39.79814],[20.371604,39.784291],[20.299577,39.805056],[20.280033,39.80398],[20.273005,39.796487],[20.284684,39.780312],[20.276829,39.763155],[20.299463,39.728222],[20.296466,39.71737],[20.249027,39.684814],[20.24603,39.662903],[20.212027,39.667037],[20.199935,39.640062],[20.184122,39.637013],[20.089347,39.682799],[20.01607,39.701402],[19.989024,39.686713],[19.98699,39.717963],[20.002696,39.748236],[19.980642,39.75731],[20.014171,39.832953],[20.009776,39.865668],[19.961681,39.878567],[19.954845,39.892808],[19.941173,39.898993],[19.906423,39.90644],[19.941173,39.940009],[19.923839,39.952826],[19.863455,40.045356],[19.807384,40.052883],[19.79656,40.057318],[19.804535,40.063463],[19.777354,40.077786],[19.770518,40.063463],[19.732677,40.110256],[19.653168,40.132392],[19.565766,40.179836],[19.509288,40.194485],[19.476248,40.21369],[19.381114,40.295233],[19.365082,40.317369],[19.344249,40.374335],[19.289561,40.420396],[19.289561,40.427232],[19.316173,40.437812],[19.348155,40.43065],[19.39324,40.386298],[19.414236,40.334418],[19.423595,40.330024],[19.474946,40.348375],[19.47877,40.453925],[19.418793,40.491889],[19.391368,40.521796],[19.386404,40.54328],[19.398611,40.520941],[19.414236,40.522773],[19.433604,40.505927],[19.446056,40.511135],[19.4546,40.55386],[19.442149,40.573065],[19.415701,40.583482],[19.391612,40.578315],[19.386404,40.550727],[19.304373,40.653144],[19.360525,40.709784],[19.368826,40.802151],[19.377778,40.812974],[19.406749,40.820746],[19.39324,40.844916],[19.411388,40.867092],[19.381196,40.908271],[19.404959,40.918158],[19.440929,40.948635],[19.427013,40.936835],[19.435395,40.913398],[19.427257,40.87226],[19.434744,40.87226],[19.437836,40.886542],[19.440929,40.87226],[19.454112,40.88581],[19.506602,40.905097],[19.523448,40.92064],[19.525157,40.945258],[19.495453,41.002631],[19.479666,40.953925],[19.453868,40.923977],[19.447765,40.934312],[19.477224,40.975002],[19.474946,40.995795],[19.440603,41.020657],[19.456391,41.106676],[19.441905,41.143866],[19.463715,41.151313],[19.468761,41.187567],[19.509532,41.237291],[19.516612,41.256415],[19.513357,41.276679],[19.488048,41.306464],[19.431651,41.313707],[19.418956,41.322577],[19.414236,41.382799],[19.39324,41.41352],[19.406423,41.400377],[19.428722,41.401313],[19.44516,41.415188],[19.440929,41.440863],[19.489268,41.466132],[19.508637,41.486884],[19.516612,41.513414],[19.514171,41.529975],[19.468028,41.554267],[19.440929,41.585395],[19.528087,41.576565],[19.565196,41.58511],[19.584809,41.619574],[19.591645,41.619574],[19.596039,41.602729],[19.612966,41.605292],[19.600108,41.639106],[19.591645,41.632636],[19.557628,41.660549],[19.578136,41.687649],[19.5713,41.770413],[19.589529,41.765692],[19.598969,41.778713],[19.591645,41.818793],[19.432953,41.868598],[19.365082,41.852362],[19.364947,41.888995],[19.34593,41.914471],[19.352854,41.938501],[19.346447,41.961548],[19.365774,41.969713],[19.371045,41.98656],[19.354198,42.008703],[19.350581,42.027823],[19.372491,42.104253],[19.297767,42.151666],[19.272033,42.180682],[19.400397,42.325893],[19.412076,42.368397],[19.481735,42.434491],[19.517806,42.45803],[19.549328,42.508595],[19.588086,42.532857],[19.605035,42.584844],[19.621779,42.604997],[19.676039,42.646675],[19.699293,42.654814],[19.722134,42.64608],[19.746009,42.5989],[19.747766,42.578901],[19.732159,42.555543],[19.73433,42.524382],[19.75159,42.493402],[19.784456,42.474566],[19.819596,42.466479],[19.907549,42.506399],[19.981757,42.510765],[20.039221,42.557765],[20.135546,42.509629],[20.152392,42.493712],[20.180814,42.443095],[20.204689,42.420099],[20.192803,42.393693],[20.218848,42.371446],[20.220915,42.343101],[20.237762,42.319924],[20.333363,42.317883],[20.481674,42.230705],[20.538622,42.150116],[20.549371,42.123476],[20.552161,42.07379],[20.59929,41.960567],[20.588748,41.929586],[20.562496,41.900105],[20.567147,41.873182]]]}},{"type":"Feature","properties":{"iso3":"ESP","name":"Spain","continent":"Europe"},"geometry":{"type":"MultiPolygon","coordinates":[[[[-5.340728,35.847357],[-5.398859,35.924504],[-5.28307,35.911689],[-5.340728,35.847357]]],[[[-2.947825,35.329779],[-2.922027,35.287991],[-2.943046,35.267874],[-2.96692,35.313866],[-2.947825,35.329779]]],[[[-1.794075,43.386015],[-1.752421,43.299089],[-1.654907,43.297539],[-1.634082,43.251108],[-1.539204,43.283561],[-1.403501,43.243331],[-1.425774,43.135275],[-1.479621,43.090265],[-1.457141,43.045074],[-1.383141,43.029209],[-1.331051,43.107344],[-1.286041,43.109179],[-1.293689,43.055203],[-1.149925,43.005722],[-0.943219,42.947896],[-0.759665,42.946501],[-0.730106,42.877513],[-0.648302,42.849789],[-0.578694,42.777338],[-0.53389,42.808008],[-0.423923,42.790671],[-0.307418,42.831831],[-0.235149,42.786227],[-0.17939,42.789741],[-0.119032,42.716851],[-0.038933,42.685148],[0.152941,42.724603],[0.222394,42.716205],[0.275388,42.668689],[0.336031,42.712691],[0.409282,42.682254],[0.643609,42.684476],[0.651567,42.824054],[0.795744,42.833847],[0.910363,42.787674],[1.08906,42.771318],[1.151485,42.706723],[1.342584,42.70866],[1.429297,42.595386],[1.409764,42.540609],[1.446557,42.519886],[1.407593,42.486762],[1.447901,42.434646],[1.607478,42.456428],[1.650369,42.493402],[1.792686,42.481723],[1.927458,42.436894],[2.00921,42.34708],[2.136954,42.416223],[2.277411,42.428626],[2.525251,42.325893],[2.567419,42.352636],[2.662194,42.339019],[2.640283,42.372841],[2.690409,42.406172],[2.933702,42.470225],[3.18097,42.431484],[3.17449,42.363796],[3.204194,42.339586],[3.317719,42.322984],[3.270356,42.250108],[3.151622,42.256822],[3.118826,42.218329],[3.116466,42.158433],[3.214496,42.068334],[3.201589,42.017442],[3.232188,41.946031],[3.150165,41.845351],[3.078631,41.826618],[2.932991,41.712464],[2.267345,41.448635],[2.130544,41.303656],[1.539236,41.187445],[1.217784,41.104682],[1.172944,41.058661],[1.017426,41.051785],[0.714203,40.815212],[0.694835,40.785997],[0.780528,40.779486],[0.873709,40.727932],[0.858084,40.686265],[0.784028,40.660956],[0.677094,40.565172],[0.615896,40.553453],[0.592459,40.582099],[0.663178,40.574734],[0.732677,40.633734],[0.563487,40.590033],[0.350597,40.284898],[0.205251,40.171536],[-0.091298,39.847927],[-0.323354,39.516221],[-0.30134,39.322008],[-0.215493,39.181839],[-0.242182,39.166275],[-0.226703,39.111782],[-0.15803,39.002143],[-0.009755,38.869696],[0.153982,38.831],[0.234548,38.742255],[0.083018,38.660956],[0.080577,38.631008],[-0.042958,38.611721],[-0.075429,38.539944],[-0.329416,38.470038],[-0.410146,38.37934],[-0.509836,38.338365],[-0.504018,38.207221],[-0.623687,38.162421],[-0.652496,38.007758],[-0.758616,37.863349],[-0.756093,37.806057],[-0.787994,37.822821],[-0.847808,37.75609],[-0.819814,37.676703],[-0.705312,37.619534],[-0.92516,37.555894],[-1.103424,37.576402],[-1.105767,37.532135],[-1.228993,37.576077],[-1.323735,37.561991],[-1.470896,37.482245],[-1.487294,37.439765],[-1.641618,37.381036],[-1.812734,37.207058],[-1.906117,36.987616],[-1.900339,36.941189],[-1.988922,36.900499],[-2.065907,36.783555],[-2.146718,36.729926],[-2.361684,36.836778],[-2.56078,36.818793],[-2.617177,36.72842],[-2.718251,36.682034],[-2.848256,36.700222],[-2.913971,36.750312],[-3.329579,36.7449],[-3.415155,36.695516],[-3.6011,36.74255],[-3.731281,36.724097],[-3.838541,36.75197],[-4.224721,36.712388],[-4.403188,36.723863],[-4.524826,36.580715],[-4.5878,36.573818],[-4.64981,36.512112],[-4.902659,36.506537],[-5.186554,36.4112],[-5.290598,36.277411],[-5.338773,36.14112],[-5.4287,36.169989],[-5.431833,36.069566],[-5.611765,36.006456],[-5.689361,36.067125],[-5.796051,36.085517],[-5.917185,36.184068],[-6.036773,36.189521],[-6.104726,36.280707],[-6.159454,36.304307],[-6.301422,36.525987],[-6.231475,36.472683],[-6.179351,36.513536],[-6.232452,36.52619],[-6.234893,36.575751],[-6.283193,36.612372],[-6.394683,36.636908],[-6.433339,36.751207],[-6.335194,36.818264],[-6.338206,36.883734],[-6.194814,36.932115],[-6.344716,36.901272],[-6.346669,36.819892],[-6.38801,36.808173],[-6.499582,36.959662],[-6.892893,37.166571],[-6.917633,37.215074],[-6.852691,37.295233],[-6.962554,37.233832],[-6.930084,37.183173],[-7.10104,37.224251],[-7.398508,37.185452],[-7.468868,37.475569],[-7.52367,37.555667],[-7.514343,37.601401],[-7.444011,37.730153],[-7.306862,37.850766],[-7.265831,37.982954],[-7.159739,37.996803],[-7.105944,38.038661],[-7.023985,38.022564],[-6.947504,38.196636],[-7.117068,38.183633],[-7.167181,38.272084],[-7.345516,38.440962],[-7.345619,38.494137],[-7.275856,38.60382],[-7.272187,38.733735],[-7.056076,38.855149],[-7.06605,38.904603],[-6.973291,39.013951],[-7.015769,39.096814],[-7.142531,39.099527],[-7.168059,39.170633],[-7.258079,39.211303],[-7.250845,39.270627],[-7.331408,39.362611],[-7.313528,39.457438],[-7.468092,39.550249],[-7.548243,39.663213],[-7.035767,39.689258],[-7.009619,39.715458],[-6.993031,39.816072],[-6.92766,39.861909],[-6.879705,40.009187],[-6.955721,40.102928],[-7.027654,40.132642],[-7.034579,40.193052],[-6.954687,40.253358],[-6.878051,40.265244],[-6.794438,40.356401],[-6.857122,40.442132],[-6.815316,40.502542],[-6.850456,40.582227],[-6.814231,40.659328],[-6.839139,40.776892],[-6.816194,40.856835],[-6.942491,41.015999],[-6.906835,41.0561],[-6.818003,41.054136],[-6.658219,41.257845],[-6.495852,41.294948],[-6.366248,41.405174],[-6.321134,41.411013],[-6.205947,41.57028],[-6.365937,41.663608],[-6.541534,41.658905],[-6.571506,41.74921],[-6.524222,41.86742],[-6.575795,41.882897],[-6.567631,41.926072],[-6.609488,41.962324],[-6.727983,41.930853],[-6.824928,41.983769],[-6.854952,41.942945],[-6.992359,41.96638],[-7.05127,41.942015],[-7.145373,41.98749],[-7.199943,41.963719],[-7.209316,41.889161],[-7.429542,41.814503],[-7.508142,41.864939],[-7.546692,41.832047],[-7.622192,41.832331],[-7.60736,41.873182],[-7.706372,41.896255],[-7.896593,41.857937],[-7.906102,41.913851],[-8.048574,41.816389],[-8.179574,41.810705],[-8.184586,41.85773],[-8.231715,41.886049],[-8.220708,41.922714],[-8.097356,42.023483],[-8.137612,42.072911],[-8.191304,42.062085],[-8.222362,42.15363],[-8.643886,42.041492],[-8.881256,41.893297],[-8.884592,42.126044],[-8.819081,42.139716],[-8.842763,42.154446],[-8.805776,42.197496],[-8.631744,42.29682],[-8.621653,42.340806],[-8.674794,42.299018],[-8.848297,42.260972],[-8.812856,42.346381],[-8.776926,42.340155],[-8.655263,42.441352],[-8.811025,42.400702],[-8.935455,42.465399],[-8.869008,42.493394],[-8.874338,42.469306],[-8.826527,42.461859],[-8.822987,42.569525],[-8.730946,42.688422],[-8.767323,42.645168],[-8.854604,42.661566],[-8.868764,42.617499],[-8.936391,42.606431],[-9.011545,42.530707],[-9.065745,42.620307],[-9.030141,42.707709],[-8.884918,42.815009],[-8.908437,42.839464],[-8.92809,42.802517],[-9.04894,42.794745],[-9.10025,42.757514],[-9.134999,42.812771],[-9.10025,42.833279],[-9.142323,42.865302],[-9.141428,42.921413],[-9.183461,42.945258],[-9.261708,42.900173],[-9.282948,42.916612],[-9.257314,43.023261],[-9.27953,43.054999],[-9.107737,43.14114],[-9.2176,43.155341],[-9.137929,43.201524],[-9.065175,43.192328],[-8.932525,43.235297],[-8.988026,43.283026],[-8.829986,43.341213],[-8.711741,43.295559],[-8.55842,43.313218],[-8.388295,43.385891],[-8.353586,43.348619],[-8.310618,43.403144],[-8.210194,43.313218],[-8.204823,43.399726],[-8.175404,43.416327],[-8.288726,43.446234],[-8.166982,43.484565],[-8.333119,43.471503],[-8.312652,43.567125],[-8.232249,43.575507],[-8.086659,43.65648],[-8.051869,43.642808],[-8.059316,43.709418],[-7.908559,43.766343],[-7.846506,43.711737],[-7.908559,43.676988],[-7.858388,43.668199],[-7.867584,43.697455],[-7.819163,43.697455],[-7.685536,43.793443],[-7.68399,43.728705],[-7.641021,43.752672],[-7.613026,43.704291],[-7.502024,43.728339],[-7.367055,43.68008],[-7.256744,43.58161],[-7.271067,43.561143],[-7.032338,43.553005],[-7.038319,43.479193],[-7.001373,43.556667],[-6.943959,43.565985],[-6.648671,43.579047],[-6.510121,43.547471],[-6.462961,43.554958],[-6.469106,43.575385],[-6.222768,43.595893],[-6.069163,43.569688],[-5.907379,43.588446],[-5.905344,43.633816],[-5.836334,43.662218],[-5.67748,43.561143],[-5.424224,43.561143],[-5.39387,43.555243],[-5.420806,43.513373],[-5.299875,43.537665],[-5.177887,43.489366],[-4.481679,43.383612],[-3.981435,43.438259],[-3.940053,43.477118],[-3.826731,43.497016],[-3.769154,43.479193],[-3.830963,43.456],[-3.811187,43.425482],[-3.579416,43.518256],[-3.436635,43.470486],[-3.428619,43.446845],[-3.501698,43.430772],[-3.46109,43.412462],[-3.268951,43.40412],[-3.008168,43.320909],[-3.029286,43.372138],[-2.930084,43.437934],[-2.755849,43.450263],[-2.691029,43.36754],[-2.649322,43.409532],[-2.367421,43.315701],[-2.162221,43.294257],[-1.904652,43.328437],[-1.925689,43.342637],[-1.794075,43.386015]]],[[[1.983372,42.441261],[1.945648,42.463817],[1.956604,42.481775],[1.983372,42.441261]]],[[[-17.933949,27.852037],[-17.884023,27.827582],[-17.885121,27.797919],[-17.971303,27.654364],[-18.146637,27.708564],[-18.167226,27.757554],[-18.056793,27.756496],[-17.933949,27.852037]]],[[[-15.391591,28.030219],[-15.367584,28.015815],[-15.375966,27.86758],[-15.566029,27.739407],[-15.685699,27.763332],[-15.772817,27.831977],[-15.821197,27.92178],[-15.81607,27.996039],[-15.708363,28.081936],[-15.706207,28.167385],[-15.45873,28.134223],[-15.409291,28.179755],[-15.391591,28.030219]]],[[[-17.309673,28.207117],[-17.212721,28.205449],[-17.116119,28.146226],[-17.09842,28.100764],[-17.184975,28.031619],[-17.257888,28.02457],[-17.343221,28.09766],[-17.309673,28.207117]]],[[[-16.427695,28.14967],[-16.536327,28.036474],[-16.67634,27.997096],[-16.916058,28.35497],[-16.83744,28.391083],[-16.770131,28.366278],[-16.507135,28.424134],[-16.316396,28.572089],[-16.117747,28.572089],[-16.355514,28.38115],[-16.427695,28.14967]]],[[[-13.972646,28.735907],[-13.864573,28.744208],[-13.824371,28.681789],[-13.84435,28.414293],[-13.933705,28.244208],[-14.19164,28.170844],[-14.34317,28.050686],[-14.494862,28.067816],[-14.496449,28.098538],[-14.341176,28.134508],[-14.224436,28.218573],[-13.972646,28.735907]]],[[[-17.755767,28.818508],[-17.721883,28.749029],[-17.765254,28.677549],[-17.745604,28.621887],[-17.830881,28.45539],[-17.865122,28.475381],[-17.996816,28.780097],[-17.911145,28.855619],[-17.755767,28.818508]]],[[[-13.482981,29.239936],[-13.417795,29.20893],[-13.45873,29.147406],[-13.482045,28.999457],[-13.709299,28.9147],[-13.774648,28.839586],[-13.85969,28.859442],[-13.798492,29.048082],[-13.63683,29.126939],[-13.551178,29.134223],[-13.482981,29.239936]]],[[[-13.486684,29.284613],[-13.492014,29.242662],[-13.541249,29.229397],[-13.486684,29.284613]]],[[[-0.732737,37.747748],[-0.726471,37.665188],[-0.754506,37.7744],[-0.732737,37.747748]]],[[[1.526383,38.677768],[1.565684,38.691486],[1.581391,38.653062],[1.474223,38.674597],[1.38295,38.642061],[1.386485,38.707668],[1.427908,38.739366],[1.526383,38.677768]]],[[[1.605968,39.091295],[1.623057,39.029202],[1.428559,38.896593],[1.403105,38.832278],[1.228201,38.87462],[1.212169,38.903225],[1.218435,38.954088],[1.300955,38.96776],[1.292817,39.033271],[1.356781,39.077623],[1.522716,39.118883],[1.605968,39.091295]]],[[[3.354503,39.784369],[3.474376,39.749701],[3.453868,39.659695],[3.323253,39.523871],[3.252615,39.386176],[3.069998,39.271755],[2.950043,39.365505],[2.786632,39.375922],[2.7435,39.523383],[2.681651,39.558661],[2.569102,39.531521],[2.492686,39.470242],[2.453949,39.537421],[2.398285,39.52497],[2.355642,39.558661],[2.351736,39.596747],[2.429373,39.646674],[2.933279,39.914496],[3.179454,39.968777],[3.198416,39.959296],[3.094737,39.881212],[3.206798,39.893012],[3.133556,39.839545],[3.136485,39.788764],[3.223888,39.749701],[3.354503,39.784369]]],[[[4.302908,39.925523],[4.328787,39.88345],[4.302908,39.8876],[4.300059,39.821763],[4.248139,39.816474],[3.981375,39.936062],[3.830658,39.936062],[3.850515,39.983873],[3.803396,40.01317],[3.891531,40.059556],[4.105072,40.079413],[4.142263,40.024807],[4.165782,40.045925],[4.247488,40.000393],[4.302908,39.925523]]],[[[2.985367,39.166176],[2.962154,39.116062],[2.913614,39.151963],[2.985367,39.166176]]],[[[-4.300045,35.172724],[-4.2969,35.172249],[-4.301885,35.172664],[-4.300045,35.172724]]],[[[-3.902962,35.21531],[-3.902329,35.215905],[-3.902533,35.214787],[-3.902962,35.21531]]],[[[-3.900732,35.217827],[-3.899953,35.217861],[-3.901308,35.217319],[-3.900732,35.217827]]],[[[-2.434243,35.18523],[-2.426502,35.182114],[-2.431414,35.178766],[-2.434243,35.18523]]],[[[-5.418774,35.915597],[-5.41597,35.913531],[-5.42025,35.911612],[-5.418774,35.915597]]]]}},{"type":"Feature","properties":{"iso3":"DNK","name":"Denmark","continent":"Europe"},"geometry":{"type":"MultiPolygon","coordinates":[[[[8.660776,54.896311],[8.668793,54.91352],[8.661388,54.920315],[8.674815,54.947943],[8.640961,55.023383],[8.644786,55.055732],[8.681895,55.133205],[8.56365,55.143378],[8.557384,55.096381],[8.49936,55.065579],[8.470225,55.078599],[8.458832,55.103461],[8.470225,55.177558],[8.488943,55.19717],[8.530528,55.200751],[8.572602,55.193671],[8.593761,55.180976],[8.552094,55.160549],[8.555186,55.149359],[8.669281,55.136908],[8.689464,55.141588],[8.648448,55.28026],[8.659679,55.327216],[8.632091,55.418769],[8.617686,55.437934],[8.59254,55.449286],[8.441905,55.463935],[8.401134,55.485663],[8.310395,55.56269],[8.311209,55.56977],[8.332367,55.572008],[8.332367,55.578274],[8.313162,55.582709],[8.267833,55.580512],[8.239024,55.557929],[8.242035,55.548529],[8.271739,55.530463],[8.243663,55.516791],[8.293956,55.50434],[8.316742,55.489407],[8.326182,55.472113],[8.313324,55.469306],[8.193614,55.525946],[8.110606,55.540229],[8.095225,55.549058],[8.094005,55.56391],[8.150238,55.649237],[8.181651,55.729071],[8.18336,55.769599],[8.126801,55.982978],[8.130707,55.989732],[8.150564,55.977037],[8.175466,55.900336],[8.19337,55.873847],[8.193614,55.853217],[8.181651,55.828355],[8.185069,55.814643],[8.193614,55.811835],[8.34783,55.86933],[8.387706,55.89289],[8.393321,55.909166],[8.372895,55.943427],[8.319509,55.986029],[8.319509,56.017035],[8.308116,56.052924],[8.2824,56.075873],[8.149669,56.111151],[8.140636,56.102729],[8.134776,55.993964],[8.120128,55.996568],[8.107921,56.024319],[8.106456,56.119452],[8.1338,56.205471],[8.122406,56.551663],[8.178722,56.672065],[8.198985,56.698879],[8.213878,56.711819],[8.219981,56.709174],[8.232432,56.688381],[8.202159,56.640204],[8.233165,56.633979],[8.253917,56.606106],[8.305919,56.597805],[8.291515,56.593004],[8.292491,56.567694],[8.307384,56.554348],[8.318044,56.563625],[8.312022,56.578803],[8.3921,56.585273],[8.436534,56.580227],[8.514659,56.544664],[8.565766,56.578803],[8.596039,56.531806],[8.601085,56.501125],[8.636974,56.479722],[8.726573,56.483222],[8.742035,56.497748],[8.750824,56.552069],[8.760427,56.560126],[8.757579,56.571967],[8.708995,56.588568],[8.698497,56.611233],[8.681488,56.616278],[8.681895,56.626532],[8.740896,56.634955],[8.805431,56.695461],[8.861583,56.707465],[8.916759,56.708808],[8.840831,56.722357],[8.876638,56.764309],[8.95574,56.802965],[9.014903,56.797838],[9.063162,56.812567],[9.105968,56.800116],[9.120453,56.764594],[9.162852,56.729641],[9.176036,56.708564],[9.148204,56.704739],[9.118826,56.678778],[9.093435,56.674994],[9.097504,56.658433],[9.059337,56.633979],[9.048839,56.607164],[9.060557,56.565741],[9.093435,56.57807],[9.106781,56.610785],[9.155447,56.612942],[9.141124,56.626044],[9.121349,56.620347],[9.148611,56.661322],[9.155447,56.661322],[9.149425,56.638861],[9.276215,56.632961],[9.28533,56.620347],[9.2824,56.610541],[9.250336,56.578803],[9.261241,56.576361],[9.270844,56.558295],[9.326182,56.530341],[9.34669,56.552069],[9.36085,56.544745],[9.373057,56.55272],[9.372732,56.565375],[9.350352,56.571967],[9.312836,56.557766],[9.293712,56.561021],[9.300629,56.609117],[9.32602,56.66942],[9.305675,56.695461],[9.290701,56.703843],[9.270844,56.702338],[9.199067,56.676581],[9.177908,56.675849],[9.169119,56.688666],[9.180349,56.700751],[9.22641,56.716254],[9.242524,56.747056],[9.240489,56.753974],[9.196544,56.770453],[9.174978,56.806057],[9.176036,56.818427],[9.211436,56.851508],[9.210623,56.863105],[9.199555,56.879828],[9.162852,56.89411],[9.200206,56.93891],[9.251475,56.972561],[9.279959,56.979804],[9.285492,56.993964],[9.437022,57.0244],[9.470063,57.02383],[9.586762,56.997138],[9.57309,56.978827],[9.607921,56.969875],[9.688975,57.03913],[9.761241,57.05858],[9.809093,57.051744],[9.915782,57.05858],[9.856619,57.08869],[9.795665,57.106391],[9.733246,57.066799],[9.711925,57.061265],[9.675141,57.079169],[9.580821,57.049302],[9.493988,57.04857],[9.245372,57.002346],[9.114513,57.05858],[9.12086,57.045396],[9.112804,57.038642],[9.042654,57.017727],[9.025727,57.017564],[9.031993,57.02383],[9.014008,57.030178],[8.996755,57.028062],[8.901622,56.986274],[8.893077,56.999661],[8.850434,57.003485],[8.833344,56.997138],[8.847992,56.988471],[8.811697,56.969875],[8.762055,56.955471],[8.72641,56.961249],[8.679535,56.952541],[8.668793,56.945299],[8.663341,56.92593],[8.621104,56.89411],[8.607921,56.849677],[8.569591,56.818427],[8.536306,56.814521],[8.491384,56.794257],[8.483897,56.781155],[8.491466,56.731391],[8.47641,56.715969],[8.525564,56.715969],[8.533051,56.703803],[8.527029,56.695299],[8.500987,56.688666],[8.452891,56.702338],[8.408214,56.688666],[8.408214,56.68122],[8.455903,56.688666],[8.500987,56.674994],[8.571544,56.691962],[8.586274,56.688666],[8.586274,56.653876],[8.608084,56.631049],[8.583018,56.60932],[8.546641,56.601711],[8.559581,56.593004],[8.539317,56.59276],[8.511485,56.607001],[8.467296,56.652045],[8.444835,56.664049],[8.373383,56.680243],[8.352224,56.692939],[8.319509,56.722154],[8.302013,56.763739],[8.243663,56.777411],[8.263194,56.71894],[8.260753,56.70539],[8.24586,56.704006],[8.236176,56.771186],[8.247895,56.812445],[8.270356,56.843248],[8.449718,57.003974],[8.503591,57.034654],[8.586274,57.106391],[8.618012,57.12287],[8.783946,57.104804],[8.914561,57.127427],[8.980479,57.161038],[9.230642,57.141099],[9.321544,57.14704],[9.41212,57.165432],[9.497813,57.197008],[9.573253,57.242906],[9.788422,57.459296],[9.895356,57.531562],[9.929861,57.56745],[9.96697,57.591376],[10.197602,57.601223],[10.279552,57.620917],[10.350597,57.648993],[10.472504,57.716986],[10.539073,57.743842],[10.596039,57.751166],[10.648936,57.737006],[10.594412,57.725898],[10.542491,57.69892],[10.46046,57.630561],[10.430431,57.570543],[10.458344,57.525458],[10.508962,57.484036],[10.54656,57.435289],[10.517426,57.391303],[10.517914,57.339179],[10.539073,57.236721],[10.446788,57.184882],[10.411469,57.144436],[10.384044,57.074205],[10.347179,57.010199],[10.319672,56.997504],[10.239757,56.992825],[10.156016,57.02383],[10.094005,57.060492],[9.99464,57.092719],[9.974457,57.086493],[9.946137,57.061184],[9.926931,57.05858],[9.945486,57.057318],[10.001964,57.083889],[10.192393,56.994045],[10.313731,56.982856],[10.279552,56.955512],[10.26588,56.907701],[10.295421,56.778876],[10.319998,56.736477],[10.340587,56.717353],[10.318696,56.708238],[10.237559,56.715969],[10.203868,56.702338],[10.146495,56.722357],[9.945567,56.658149],[9.805919,56.64704],[9.805919,56.640204],[9.851329,56.635728],[10.001475,56.661322],[10.049571,56.674994],[10.062836,56.688666],[10.101329,56.682685],[10.12379,56.692328],[10.134776,56.712388],[10.150564,56.714423],[10.18336,56.708564],[10.175792,56.695461],[10.241954,56.688381],[10.283539,56.689765],[10.334239,56.703843],[10.352794,56.68183],[10.357677,56.648749],[10.340343,56.620347],[10.214366,56.558295],[10.203868,56.516669],[10.211436,56.505316],[10.206798,56.490953],[10.18336,56.46955],[10.225597,56.475735],[10.22755,56.541083],[10.237641,56.554389],[10.330333,56.603217],[10.350922,56.595893],[10.365245,56.558417],[10.4699,56.520901],[10.551524,56.51557],[10.822276,56.534247],[10.854991,56.524156],[10.90211,56.483222],[10.964122,56.448432],[10.940929,56.429511],[10.928477,56.40648],[10.922618,56.356269],[10.911632,56.334052],[10.819591,56.260932],[10.755382,56.229315],[10.752615,56.184963],[10.738617,56.154527],[10.707042,56.150865],[10.672211,56.165188],[10.648936,56.188381],[10.685232,56.196234],[10.687673,56.222235],[10.628591,56.237535],[10.549164,56.178209],[10.573741,56.112616],[10.548025,56.101264],[10.518565,56.102729],[10.491222,56.13996],[10.525401,56.153632],[10.509451,56.170111],[10.46811,56.177069],[10.408702,56.164862],[10.354666,56.202053],[10.42921,56.22248],[10.477794,56.202338],[10.491222,56.216295],[10.474294,56.232245],[10.475434,56.244696],[10.504731,56.277777],[10.476817,56.280911],[10.442638,56.298651],[10.416759,56.291897],[10.403005,56.298245],[10.393809,56.276516],[10.36378,56.26557],[10.312511,56.215155],[10.258474,56.190253],[10.234223,56.171332],[10.220225,56.147895],[10.259044,56.099026],[10.265636,56.073717],[10.261485,56.054429],[10.23113,56.017035],[10.272716,56.024848],[10.277517,56.017768],[10.252452,55.986233],[10.245372,55.914618],[10.21754,55.889838],[10.18336,55.873725],[10.199392,55.850735],[10.18214,55.833686],[10.151052,55.838121],[10.12379,55.873277],[10.101817,55.882392],[10.004649,55.879869],[9.97047,55.859442],[9.944509,55.853583],[9.867442,55.851996],[9.892589,55.836249],[10.045746,55.813951],[10.017345,55.76557],[10.019786,55.75788],[10.059825,55.756415],[10.059825,55.749498],[10.018809,55.736274],[10.006847,55.725043],[10.01824,55.708564],[10.005219,55.701117],[9.9817,55.709418],[9.792247,55.674465],[9.730968,55.688137],[9.686534,55.708564],[9.583018,55.708889],[9.559581,55.715399],[9.552745,55.701117],[9.573578,55.695461],[9.658539,55.690375],[9.710297,55.660142],[9.738292,55.629706],[9.85377,55.626654],[9.75766,55.571601],[9.712413,55.560289],[9.706879,55.537299],[9.60727,55.516791],[9.559581,55.523627],[9.566417,55.516791],[9.551931,55.505113],[9.498057,55.489447],[9.534434,55.483832],[9.602387,55.495795],[9.660167,55.477973],[9.664236,55.466702],[9.648936,55.441067],[9.586762,55.427436],[9.607921,55.393256],[9.600841,55.365912],[9.645274,55.342719],[9.648285,55.332913],[9.634613,55.317572],[9.681895,55.274644],[9.706065,55.265082],[9.710297,55.248684],[9.684418,55.197577],[9.6421,55.188422],[9.569835,55.192532],[9.545909,55.17414],[9.486339,55.156236],[9.486339,55.147406],[9.511892,55.140082],[9.511892,55.133205],[9.456554,55.125718],[9.521332,55.115871],[9.559581,55.085395],[9.516612,55.056545],[9.434337,55.037543],[9.442882,55.023383],[9.455251,55.023179],[9.545909,55.036363],[9.579926,55.050686],[9.662608,55.009711],[9.730968,54.995429],[9.763194,54.900458],[9.751964,54.893012],[9.711436,54.898586],[9.703461,54.886176],[9.744477,54.866278],[9.745942,54.836005],[9.719574,54.835842],[9.696625,54.858873],[9.65504,54.857082],[9.623302,54.865302],[9.634613,54.87934],[9.610362,54.903225],[9.644216,54.913275],[9.638845,54.92475],[9.615001,54.932685],[9.586762,54.92772],[9.545909,54.87934],[9.522146,54.879299],[9.456391,54.843817],[9.442882,54.831529],[9.43629,54.810452],[9.405193,54.808387],[9.385039,54.819394],[9.317033,54.801617],[9.226392,54.805906],[9.21151,54.841822],[9.194766,54.8504],[8.982686,54.879339],[8.904138,54.897942],[8.824246,54.9059],[8.732779,54.889054],[8.660776,54.896311]]],[[[11.845225,54.73192],[11.806977,54.707994],[11.846446,54.697821],[11.842621,54.676215],[11.81072,54.655097],[11.766124,54.646552],[11.610525,54.666409],[11.512218,54.646552],[11.474376,54.626125],[11.358735,54.660549],[11.187755,54.732245],[11.030528,54.760647],[11.009288,54.771633],[10.999197,54.78677],[11.005707,54.803656],[11.030772,54.812161],[11.089692,54.810614],[11.108165,54.831529],[11.07838,54.841132],[11.018809,54.886176],[11.018809,54.903388],[11.0324,54.919257],[11.073985,54.948188],[11.088145,54.944159],[11.2317,54.961249],[11.338878,54.919135],[11.368907,54.88109],[11.594737,54.811103],[11.572765,54.847968],[11.594737,54.858873],[11.656261,54.866278],[11.644786,54.889635],[11.649425,54.91352],[11.725759,54.873358],[11.731944,54.858873],[11.755626,54.841132],[11.787283,54.831529],[11.777192,54.825995],[11.787608,54.806871],[11.848643,54.773179],[11.855479,54.743598],[11.845225,54.73192]]],[[[10.450206,54.899807],[10.499197,54.874579],[10.498709,54.858873],[10.518565,54.851996],[10.440115,54.841498],[10.406261,54.824693],[10.383474,54.830756],[10.211436,54.939358],[10.18922,54.977484],[10.288748,54.940741],[10.34962,54.896715],[10.391368,54.895453],[10.395844,54.903469],[10.388845,54.920315],[10.426036,54.872504],[10.460948,54.874498],[10.463634,54.882473],[10.450206,54.899807]]],[[[12.417166,55.030219],[12.504731,55.019761],[12.537608,55.002387],[12.553722,54.968085],[12.551768,54.95718],[12.502778,54.948188],[12.384613,54.96308],[12.348399,54.960028],[12.28004,54.934556],[12.226817,54.892646],[12.207774,54.886176],[12.115001,54.907294],[12.115001,54.91352],[12.129161,54.91352],[12.128917,54.931627],[12.149099,54.940823],[12.129161,54.954413],[12.164399,54.972642],[12.177013,54.968085],[12.184337,54.975531],[12.177013,54.989203],[12.232188,54.975531],[12.286876,54.989203],[12.281261,55.007148],[12.2942,55.023383],[12.252696,55.04385],[12.250987,55.060736],[12.28004,55.064276],[12.301768,55.04206],[12.335297,55.033271],[12.417166,55.030219]]],[[[10.011404,54.975531],[10.065115,54.890815],[10.064464,54.881008],[10.021983,54.87934],[9.968028,54.859524],[9.953624,54.862616],[9.891124,54.879299],[9.874278,54.886176],[9.874278,54.893012],[9.90089,54.900702],[9.991547,54.872504],[9.991547,54.87934],[9.943696,54.903632],[9.898285,54.912991],[9.85377,54.899807],[9.814708,54.901068],[9.780935,54.916815],[9.761241,54.943061],[9.764415,54.975531],[9.758149,54.981757],[9.827403,54.945461],[9.847504,54.948188],[9.832774,54.965155],[9.842133,54.970282],[9.786794,55.000149],[9.799083,55.016547],[9.720551,55.012274],[9.674164,55.021064],[9.668793,55.030219],[9.696625,55.050686],[9.645518,55.044867],[9.628429,55.050686],[9.628429,55.058051],[9.716645,55.082221],[9.793468,55.080756],[9.853038,55.040107],[9.960948,55.015041],[10.011404,54.975531]]],[[[10.854991,55.04385],[10.86199,55.072089],[10.895518,55.121527],[10.934255,55.159654],[10.956716,55.153713],[10.908946,55.030219],[10.837738,54.937242],[10.741059,54.752387],[10.731293,54.740058],[10.693858,54.735297],[10.681895,54.744818],[10.656423,54.803656],[10.601085,54.838324],[10.64088,54.843207],[10.684418,54.887844],[10.698904,54.881171],[10.724457,54.886176],[10.717784,54.907294],[10.700369,54.901557],[10.682953,54.907294],[10.697032,54.931342],[10.798188,54.996568],[10.854991,55.04385]]],[[[15.151378,55.133205],[15.137706,55.119534],[15.144705,55.087104],[15.106619,55.044664],[15.113242,55.018295],[15.072666,54.991638],[14.98287,55.001013],[14.858607,55.038226],[14.780833,55.051128],[14.684173,55.101347],[14.697045,55.122654],[14.709239,55.235826],[14.737071,55.266669],[14.760916,55.309272],[14.851422,55.2482],[14.926799,55.215799],[14.973399,55.216132],[15.000499,55.188422],[15.151378,55.133205]]],[[[8.47641,55.345445],[8.451671,55.339748],[8.402354,55.380032],[8.370942,55.427436],[8.364268,55.449042],[8.37436,55.463284],[8.408214,55.468411],[8.411957,55.438707],[8.46339,55.427436],[8.450206,55.393378],[8.47641,55.345445]]],[[[10.66627,55.064276],[10.604747,55.062567],[10.538259,55.029731],[10.47755,55.04385],[10.388845,55.050686],[10.362559,55.06273],[10.312755,55.063666],[10.234223,55.092231],[10.205251,55.093695],[10.197602,55.086086],[10.197032,55.064276],[10.141775,55.092231],[10.083507,55.086982],[10.065929,55.092231],[10.142589,55.1258],[10.156016,55.140082],[10.112966,55.183783],[10.094005,55.188422],[10.039317,55.180976],[10.003591,55.197333],[9.991547,55.188422],[9.994477,55.172797],[10.029145,55.142401],[10.025645,55.125718],[9.985525,55.127753],[9.98878,55.151842],[9.972016,55.184719],[9.979503,55.212836],[9.911388,55.228502],[9.883962,55.253485],[9.895356,55.28026],[9.881684,55.314439],[9.884776,55.348863],[9.829845,55.352281],[9.802419,55.362372],[9.778087,55.380276],[9.830089,55.388902],[9.840099,55.400092],[9.785492,55.413764],[9.819591,55.413764],[9.791026,55.43183],[9.737315,55.438178],[9.703461,55.468411],[9.786306,55.437201],[9.812185,55.441067],[9.71339,55.491034],[9.67628,55.495673],[9.755138,55.544135],[9.827403,55.548407],[9.840099,55.523627],[9.888194,55.508694],[9.940278,55.519232],[10.039317,55.557766],[10.16863,55.582261],[10.237315,55.605536],[10.272146,55.605536],[10.279063,55.588324],[10.29363,55.58808],[10.293793,55.616116],[10.307628,55.618232],[10.4074,55.582953],[10.444184,55.553168],[10.518809,55.533433],[10.475271,55.531968],[10.470714,55.520209],[10.489106,55.509101],[10.486013,55.494778],[10.457042,55.489447],[10.419607,55.458808],[10.436046,55.442125],[10.471528,55.443061],[10.491222,55.465277],[10.609141,55.49258],[10.602306,55.506252],[10.566905,55.523627],[10.569835,55.532416],[10.601085,55.516791],[10.61378,55.527899],[10.594249,55.578274],[10.614594,55.564602],[10.608572,55.612982],[10.627615,55.613593],[10.704112,55.550279],[10.709239,55.527045],[10.738129,55.509345],[10.742361,55.487494],[10.657481,55.459703],[10.5713,55.461249],[10.554047,55.442572],[10.563324,55.436225],[10.594249,55.441067],[10.58961,55.446234],[10.595958,55.459662],[10.697927,55.440253],[10.796641,55.358547],[10.834321,55.290269],[10.796886,55.307685],[10.780284,55.304918],[10.77296,55.287095],[10.805349,55.250434],[10.815196,55.214057],[10.783376,55.124213],[10.733653,55.071845],[10.705577,55.062567],[10.66627,55.064276]]],[[[12.615733,55.688137],[12.673839,55.605536],[12.639415,55.578274],[12.556326,55.550482],[12.534841,55.569322],[12.520518,55.596747],[12.520193,55.619208],[12.567393,55.653998],[12.608409,55.701117],[12.615733,55.688137]]],[[[10.559418,55.866278],[10.581065,55.894517],[10.580251,55.911526],[10.566905,55.92829],[10.515391,55.951239],[10.518565,55.976142],[10.543956,55.997992],[10.556814,55.995795],[10.56422,55.953843],[10.580251,55.93651],[10.628266,55.920844],[10.615408,55.900336],[10.62143,55.879869],[10.638682,55.866116],[10.66627,55.886705],[10.669281,55.880032],[10.628266,55.845771],[10.62436,55.794338],[10.614594,55.776842],[10.582205,55.759752],[10.54713,55.765204],[10.520274,55.78856],[10.511567,55.825263],[10.517263,55.845526],[10.559418,55.866278]]],[[[12.040375,54.893012],[12.096446,54.898098],[12.170177,54.838324],[12.067149,54.786811],[12.022716,54.735297],[11.960704,54.694078],[11.969005,54.56977],[11.949067,54.56859],[11.928233,54.58397],[11.923676,54.598131],[11.869151,54.659613],[11.870616,54.680365],[11.910167,54.721666],[11.875824,54.729722],[11.872325,54.739936],[11.882823,54.756415],[11.809093,54.804918],[11.793468,54.84455],[11.749685,54.873114],[11.742035,54.925442],[11.711436,54.940823],[11.711436,54.948188],[11.759288,54.968085],[11.803966,54.948188],[11.837576,54.966132],[11.848318,54.959133],[11.862478,54.96369],[11.882823,54.981757],[11.841807,55.030219],[11.755626,55.050686],[11.72877,55.064276],[11.665538,55.066392],[11.615896,55.092231],[11.827485,55.050686],[11.805349,55.073879],[11.743419,55.100531],[11.717621,55.125718],[11.803966,55.134833],[11.806977,55.146877],[11.785411,55.157213],[11.728526,55.154771],[11.711436,55.167914],[11.734711,55.188666],[11.733084,55.200141],[11.717621,55.208319],[11.695079,55.208075],[11.649425,55.180976],[11.506033,55.208319],[11.492361,55.204169],[11.423188,55.22191],[11.368907,55.208319],[11.299978,55.208319],[11.299978,55.201483],[11.320486,55.194648],[11.260997,55.200588],[11.245372,55.214789],[11.238536,55.242418],[11.267833,55.235907],[11.286306,55.25609],[11.241954,55.248684],[11.241547,55.27851],[11.152843,55.328437],[11.188243,55.335273],[11.190115,55.345445],[11.142345,55.352281],[11.123546,55.331855],[11.108165,55.331855],[11.087738,55.358547],[11.087738,55.365953],[11.128917,55.36518],[11.15919,55.381293],[11.204356,55.391832],[11.214203,55.403795],[11.213145,55.415758],[11.200938,55.42121],[11.204845,55.431342],[11.196462,55.453843],[11.16391,55.501899],[11.13559,55.515123],[11.085785,55.507554],[11.080903,55.513088],[11.088552,55.53384],[11.13795,55.542914],[11.148448,55.557318],[11.145681,55.576117],[11.132091,55.595282],[11.087901,55.626939],[11.039236,55.643459],[10.929942,55.660142],[10.929942,55.667629],[11.087738,55.660142],[11.071056,55.676947],[10.98463,55.701117],[10.960216,55.724351],[10.891449,55.731269],[10.875499,55.736518],[10.875499,55.742743],[11.033051,55.729071],[11.162771,55.749498],[11.162771,55.742743],[11.121837,55.736518],[11.163422,55.70539],[11.192638,55.700344],[11.218028,55.708564],[11.176443,55.729071],[11.190115,55.736518],[11.252208,55.729071],[11.352224,55.755805],[11.364024,55.765123],[11.375662,55.807929],[11.348399,55.838324],[11.398448,55.826402],[11.44337,55.845771],[11.47755,55.841539],[11.505219,55.86872],[11.510509,55.908271],[11.477387,55.941352],[11.304535,55.967841],[11.281912,55.978949],[11.272634,55.996568],[11.400564,55.961982],[11.426931,55.965522],[11.581065,55.95185],[11.599376,55.942084],[11.64088,55.943427],[11.768321,55.970526],[11.779796,55.961859],[11.73878,55.920844],[11.750499,55.910386],[11.743988,55.903754],[11.711436,55.907172],[11.717621,55.920844],[11.685802,55.919867],[11.663097,55.907172],[11.731619,55.830715],[11.717621,55.810981],[11.656261,55.810981],[11.626231,55.790595],[11.607758,55.790473],[11.607758,55.783026],[11.673595,55.783026],[11.720388,55.798651],[11.73878,55.797349],[11.762706,55.749498],[11.682302,55.741278],[11.657237,55.730862],[11.684337,55.721625],[11.746349,55.731024],[11.787283,55.701117],[11.794444,55.687934],[11.779796,55.660142],[11.810557,55.679104],[11.852306,55.730902],[11.844981,55.76789],[11.869151,55.804755],[11.937348,55.825263],[11.953624,55.853502],[11.909516,55.915473],[11.91684,55.934516],[11.934744,55.933661],[11.99822,55.902818],[11.992035,55.873725],[12.031261,55.816596],[12.049001,55.775336],[12.051931,55.73664],[12.026134,55.715399],[11.972667,55.721422],[11.958181,55.693427],[11.910167,55.660142],[11.959158,55.665107],[11.982188,55.6789],[11.985199,55.694892],[12.00115,55.698676],[12.031912,55.687201],[12.040375,55.674465],[12.009288,55.680487],[12.011404,55.669013],[12.060313,55.653998],[12.092052,55.706732],[12.095063,55.729071],[12.053477,55.838324],[12.049815,55.888007],[12.026134,55.941352],[11.992442,55.960598],[11.865489,55.939358],[11.848643,55.948188],[11.865571,55.972724],[12.012462,56.030707],[12.165375,56.103705],[12.245128,56.12873],[12.328461,56.126899],[12.414887,56.099026],[12.486095,56.099026],[12.621918,56.043769],[12.567393,55.996568],[12.512706,55.92829],[12.512706,55.920844],[12.554454,55.88288],[12.57602,55.829169],[12.602224,55.797349],[12.587901,55.729071],[12.602224,55.708564],[12.541026,55.648871],[12.503266,55.634019],[12.487153,55.609849],[12.465017,55.605536],[12.403575,55.619208],[12.331309,55.595404],[12.248383,55.546251],[12.19809,55.487494],[12.224864,55.434882],[12.273448,55.410224],[12.368826,55.400092],[12.434744,55.363674],[12.465017,55.290269],[12.392426,55.255316],[12.182791,55.2272],[12.121104,55.191067],[12.10906,55.170722],[12.115001,55.153713],[12.098969,55.141425],[12.08074,55.146877],[12.088145,55.168362],[12.076671,55.181952],[12.056407,55.185696],[12.014659,55.167467],[12.012462,55.157131],[12.046641,55.140082],[12.16863,55.128485],[12.177013,55.105292],[12.16505,55.091295],[12.1185,55.073554],[12.163341,55.023383],[12.162283,55.004381],[12.148936,54.994127],[12.03297,54.968085],[11.998057,54.976508],[11.943858,55.00609],[11.910167,55.009711],[11.91684,55.002875],[11.897146,54.995429],[11.901541,54.976386],[11.882823,54.940823],[11.890147,54.929633],[11.918468,54.921942],[11.931163,54.92772],[11.923676,54.940823],[11.957856,54.948188],[11.991466,54.916327],[12.040375,54.893012]]],[[[11.512218,56.695461],[11.509532,56.71015],[11.520844,56.715399],[11.649425,56.729641],[11.649425,56.722154],[11.618012,56.71133],[11.581065,56.68122],[11.543712,56.678656],[11.512218,56.695461]]],[[[8.825857,56.743842],[8.771251,56.715969],[8.766124,56.698717],[8.658376,56.678127],[8.586274,56.736477],[8.555919,56.743842],[8.514659,56.738227],[8.522797,56.755072],[8.553233,56.768134],[8.548025,56.787258],[8.573009,56.802558],[8.643809,56.808051],[8.668793,56.825832],[8.621104,56.832017],[8.655121,56.866848],[8.648448,56.890692],[8.791759,56.914537],[8.81365,56.910346],[8.867442,56.962958],[8.890391,56.95482],[8.91627,56.979071],[8.928884,56.97663],[8.908458,56.948717],[8.922699,56.922024],[8.900401,56.874823],[8.88795,56.866848],[8.88266,56.886379],[8.867442,56.89411],[8.83961,56.879828],[8.836436,56.869289],[8.855154,56.81977],[8.881114,56.805365],[8.853282,56.797838],[8.867442,56.791083],[8.825857,56.743842]]],[[[11.142345,57.332343],[11.181488,57.330308],[11.197276,57.313381],[11.196502,57.302821],[11.189113,57.294283],[11.143231,57.301351],[11.06658,57.291327],[11.094165,57.268996],[11.091101,57.252784],[11.028835,57.201914],[10.997905,57.19791],[10.977962,57.206733],[10.951815,57.23373],[10.888799,57.245344],[10.854991,57.264635],[10.854991,57.270901],[10.888425,57.274865],[10.946601,57.304643],[11.010084,57.309873],[11.027723,57.320691],[11.101927,57.320417],[11.142345,57.332343]]]]}},{"type":"Feature","properties":{"iso3":"ROU","name":"Romania","continent":"Europe"},"geometry":{"type":"Polygon","coordinates":[[[22.877601,47.946739],[22.939302,48.00565],[23.004415,47.983067],[23.063119,48.007458],[23.139083,48.098125],[23.460821,47.971337],[23.563243,48.005753],[23.780078,47.987511],[23.876609,47.93444],[24.008798,47.961208],[24.231006,47.897026],[24.409187,47.952061],[24.542098,47.943819],[24.633669,47.908291],[24.679144,47.84013],[24.793659,47.804473],[24.896599,47.710061],[25.079947,47.742927],[25.261744,47.898576],[26.173058,47.993144],[26.270727,48.093603],[26.30349,48.212045],[26.688531,48.274832],[26.804906,48.25827],[26.908001,48.184528],[26.950582,48.197524],[26.997607,48.16657],[26.966602,48.149594],[27.048044,48.122232],[27.041739,48.077273],[27.109332,48.033503],[27.088971,48.019809],[27.16876,47.983067],[27.160698,47.921727],[27.253406,47.828089],[27.219196,47.813775],[27.282448,47.755691],[27.281104,47.693007],[27.428382,47.581024],[27.483676,47.485423],[27.582998,47.450671],[27.572353,47.375197],[27.6447,47.303987],[27.722835,47.283317],[27.794665,47.155831],[28.069067,46.988503],[28.121518,46.8343],[28.234121,46.662424],[28.219032,46.503726],[28.247247,46.436185],[28.177794,46.287047],[28.108961,46.23413],[28.144721,46.183229],[28.084466,46.024582],[28.167975,45.632461],[28.062142,45.593601],[28.140949,45.560218],[28.199498,45.461774],[28.286418,45.421725],[28.330239,45.322919],[28.710061,45.226956],[28.802665,45.244165],[28.75967,45.274189],[28.789746,45.321421],[28.929893,45.279098],[29.228169,45.42374],[29.332969,45.442137],[29.569699,45.394956],[29.650262,45.346122],[29.664215,45.223184],[29.623871,45.216498],[29.699555,45.161811],[29.664399,45.116929],[29.617849,44.861477],[29.569347,44.824897],[29.156098,44.78441],[29.000743,44.68891],[28.997325,44.751614],[29.138682,44.804023],[29.096365,44.875067],[29.103363,44.851304],[29.048595,44.847154],[29.041759,44.925686],[29.101736,44.980292],[28.983246,45.012274],[28.880056,44.954779],[28.866466,44.882636],[28.952403,44.826646],[28.932953,44.773505],[28.788829,44.706244],[28.80836,44.696357],[28.784028,44.649237],[28.869477,44.661811],[28.911957,44.696357],[28.897716,44.716783],[28.987559,44.675279],[28.938731,44.634263],[28.972667,44.670233],[28.952403,44.696357],[28.753673,44.613756],[28.787852,44.586493],[28.732677,44.552314],[28.761078,44.560207],[28.758474,44.465277],[28.924978,44.620551],[28.844005,44.49372],[28.64088,44.328559],[28.664887,44.175605],[28.637462,44.135891],[28.671235,44.003323],[28.583018,43.751044],[28.434574,43.735213],[28.221254,43.761981],[27.98101,43.84934],[27.912074,43.993233],[27.721698,43.94874],[27.633434,44.029768],[27.383837,44.015092],[27.251132,44.122373],[27.027476,44.177046],[26.150734,44.012405],[25.781144,43.732009],[25.403131,43.65005],[24.963675,43.749605],[24.705603,43.743765],[24.466341,43.802418],[24.375494,43.763867],[24.159383,43.752938],[23.742871,43.8427],[23.592699,43.837429],[23.484695,43.880604],[22.888763,43.839522],[22.850522,43.896986],[22.885869,43.994525],[23.023018,44.031629],[23.030976,44.093072],[22.69164,44.228435],[22.689498,44.291716],[22.549352,44.348974],[22.480002,44.455789],[22.484136,44.499766],[22.600305,44.569787],[22.741692,44.551855],[22.759262,44.564671],[22.714716,44.623065],[22.587489,44.649369],[22.426052,44.733653],[22.319702,44.685336],[22.185136,44.515113],[22.126639,44.502659],[22.004269,44.651539],[21.871977,44.695981],[21.65628,44.687661],[21.578042,44.777681],[21.41216,44.784813],[21.346428,44.845636],[21.522128,44.880776],[21.539078,44.908474],[21.385185,44.969504],[21.356143,45.008572],[21.421875,45.031413],[21.442443,45.092908],[21.49784,45.131872],[21.484388,45.152702],[21.206075,45.245922],[21.155638,45.295169],[21.09156,45.288089],[20.981489,45.33279],[20.767135,45.479344],[20.800208,45.530504],[20.75804,45.58926],[20.77747,45.762324],[20.68807,45.7431],[20.572108,45.887691],[20.370984,45.96779],[20.242826,46.108091],[20.283237,46.1438],[20.444157,46.1469],[20.468549,46.174134],[20.663989,46.137753],[20.819638,46.271699],[21.033475,46.231339],[21.134865,46.27852],[21.17879,46.384457],[21.280695,46.416393],[21.247623,46.497473],[21.316249,46.616639],[21.396037,46.626354],[21.501767,46.703507],[21.477066,46.760222],[21.640053,46.935689],[21.667545,46.992378],[21.63427,47.019422],[21.763767,47.105214],[21.856061,47.285745],[22.001582,47.393827],[22.007886,47.517411],[22.148549,47.579345],[22.29159,47.730705],[22.395873,47.735692],[22.454371,47.787394],[22.562994,47.757215],[22.637719,47.771555],[22.745826,47.824989],[22.752854,47.86124],[22.877601,47.946739]]]}},{"type":"Feature","properties":{"iso3":"HUN","name":"Hungary","continent":"Europe"},"geometry":{"type":"Polygon","coordinates":[[[22.877601,47.946739],[22.836053,47.902452],[22.763602,47.874753],[22.752854,47.86124],[22.760295,47.838916],[22.75182,47.827676],[22.703864,47.817186],[22.637719,47.771555],[22.562994,47.757215],[22.528475,47.761039],[22.454371,47.787394],[22.423675,47.782563],[22.407345,47.743082],[22.395873,47.735692],[22.309366,47.735046],[22.27309,47.723755],[22.207874,47.673732],[22.197642,47.639315],[22.172837,47.615389],[22.162089,47.586244],[22.09956,47.570948],[22.007886,47.517411],[21.988869,47.492942],[22.001582,47.393827],[21.981531,47.366102],[21.919003,47.349669],[21.862159,47.297424],[21.823608,47.214923],[21.819887,47.172729],[21.77989,47.140741],[21.763767,47.105214],[21.69421,47.069169],[21.632819,47.022686],[21.670749,46.994394],[21.648528,46.942976],[21.588687,46.906182],[21.591788,46.860707],[21.583416,46.847943],[21.536597,46.835023],[21.502904,46.80531],[21.470451,46.743014],[21.505178,46.723247],[21.501767,46.703507],[21.483577,46.684852],[21.436241,46.673741],[21.396037,46.626354],[21.374436,46.618448],[21.316249,46.616639],[21.300953,46.603926],[21.291341,46.546721],[21.247623,46.497473],[21.245142,46.47688],[21.274391,46.438355],[21.280695,46.416393],[21.257544,46.404171],[21.195636,46.398099],[21.17879,46.384457],[21.168661,46.362753],[21.164527,46.318259],[21.144476,46.283739],[21.099208,46.27635],[21.051459,46.236094],[21.033475,46.231339],[20.999162,46.251597],[20.961748,46.248341],[20.906558,46.26219],[20.875139,46.254387],[20.839689,46.271079],[20.819638,46.271699],[20.778504,46.260072],[20.739333,46.237489],[20.735509,46.222503],[20.744707,46.192272],[20.710291,46.188086],[20.698819,46.15646],[20.663989,46.137753],[20.600117,46.12964],[20.548957,46.15615],[20.468549,46.174134],[20.444157,46.1469],[20.283237,46.1438],[20.242826,46.108091],[20.188462,46.140389],[20.170479,46.145505],[20.138026,46.136461],[20.098442,46.154962],[20.034983,46.142973],[19.993125,46.159406],[19.92915,46.16354],[19.79045,46.129072],[19.669321,46.1731],[19.549948,46.16416],[19.487523,46.134239],[19.499305,46.108608],[19.47295,46.098686],[19.453727,46.07755],[19.404738,46.060239],[19.378899,46.033677],[19.306966,46.026649],[19.286915,46.016159],[19.263454,45.981432],[19.148009,45.984068],[19.125788,45.993111],[19.111009,46.012955],[19.088478,46.018846],[19.06543,46.012025],[19.049721,45.993111],[19.048584,45.963449],[19.005589,45.96257],[18.981818,45.950788],[18.977684,45.943502],[18.987502,45.923813],[18.981818,45.921849],[18.886526,45.930428],[18.828339,45.905726],[18.804878,45.913633],[18.775525,45.882834],[18.674343,45.910377],[18.655636,45.907587],[18.633002,45.891929],[18.623597,45.868674],[18.57347,45.816688],[18.530269,45.79085],[18.504224,45.784028],[18.481797,45.791418],[18.404385,45.741809],[18.384128,45.7431],[18.367178,45.75819],[18.317672,45.747286],[18.211219,45.785372],[18.12895,45.785372],[18.080477,45.771729],[17.975367,45.792141],[17.889791,45.792141],[17.870051,45.773486],[17.858062,45.771729],[17.838218,45.799635],[17.809176,45.814414],[17.656524,45.84542],[17.645775,45.891825],[17.591102,45.936215],[17.511933,45.95394],[17.426667,45.956731],[17.406203,45.943657],[17.399692,45.959935],[17.38915,45.963087],[17.345328,45.955697],[17.337887,45.984636],[17.327138,45.972027],[17.290138,45.984636],[17.290138,45.991457],[17.316803,45.997659],[17.307811,46.006392],[17.275875,46.012025],[17.24859,46.080238],[17.208593,46.116566],[17.101209,46.128193],[17.052943,46.153463],[17.028035,46.18049],[16.974808,46.210565],[16.940702,46.251493],[16.889232,46.292163],[16.871766,46.327199],[16.875073,46.342857],[16.837659,46.381873],[16.820916,46.3781],[16.769343,46.39611],[16.75508,46.381873],[16.742885,46.399624],[16.712395,46.412672],[16.659272,46.464193],[16.594263,46.482978],[16.577623,46.470653],[16.515302,46.501711],[16.500832,46.544809],[16.467139,46.564704],[16.430242,46.604392],[16.376395,46.629093],[16.368437,46.642994],[16.410502,46.668367],[16.405024,46.687255],[16.357585,46.699011],[16.357275,46.715832],[16.343426,46.714178],[16.314177,46.743324],[16.29949,46.77951],[16.327509,46.825463],[16.325339,46.839442],[16.301878,46.843214],[16.272009,46.863962],[16.135376,46.855849],[16.094035,46.862774],[16.122871,46.876365],[16.170723,46.918533],[16.22395,46.941064],[16.232942,46.966075],[16.261054,46.97809],[16.274903,47.004315],[16.387764,47.002042],[16.415566,46.989433],[16.486363,46.998554],[16.467553,47.018423],[16.424661,47.024082],[16.493184,47.049145],[16.493701,47.059816],[16.461765,47.068498],[16.454323,47.081701],[16.460835,47.0963],[16.481919,47.10524],[16.509514,47.137537],[16.497318,47.149681],[16.447089,47.139708],[16.433653,47.145754],[16.441818,47.177121],[16.412776,47.187173],[16.409262,47.203683],[16.424661,47.225594],[16.421354,47.243035],[16.466622,47.263421],[16.473237,47.276805],[16.43882,47.336569],[16.424351,47.345199],[16.434273,47.35556],[16.433963,47.39685],[16.456597,47.411836],[16.481919,47.392302],[16.589406,47.425633],[16.640875,47.452919],[16.636845,47.4932],[16.677359,47.509866],[16.689141,47.53803],[16.68139,47.550561],[16.65059,47.566555],[16.656172,47.585934],[16.63023,47.622004],[16.608422,47.628773],[16.575453,47.624949],[16.509617,47.64314],[16.481919,47.638954],[16.407815,47.66133],[16.43913,47.690475],[16.461145,47.684532],[16.512924,47.706004],[16.526877,47.720137],[16.531115,47.742978],[16.567805,47.754192],[16.689865,47.729568],[16.702474,47.7236],[16.730379,47.685902],[16.797455,47.675463],[16.850165,47.712929],[16.864738,47.686729],[16.902668,47.682026],[17.075371,47.708484],[17.050566,47.730989],[17.040644,47.801114],[17.05563,47.812354],[17.039507,47.837365],[17.004367,47.852377],[17.004057,47.863281],[17.067619,47.881626],[17.087463,47.922632],[17.075164,47.927773],[17.076818,47.934956],[17.095731,47.95573],[17.085603,47.970148],[17.184821,48.020274],[17.337887,47.998725],[17.36941,47.981207],[17.472039,47.888809],[17.526609,47.872118],[17.572601,47.829536],[17.604227,47.834239],[17.639884,47.819201],[17.676678,47.789177],[17.741997,47.76538],[17.825713,47.750006],[18.11262,47.762486],[18.23592,47.753882],[18.273024,47.756259],[18.347851,47.776775],[18.552593,47.792846],[18.663698,47.775896],[18.692843,47.777963],[18.767671,47.822302],[18.814916,47.832194],[18.748757,47.870723],[18.742246,47.889455],[18.754751,47.951803],[18.744519,47.967357],[18.756198,47.981827],[18.794232,47.993144],[18.821001,48.030454],[18.838467,48.040015],[18.996494,48.066214],[19.098503,48.070736],[19.222526,48.060582],[19.29322,48.087764],[19.428199,48.085852],[19.481735,48.111328],[19.481735,48.13267],[19.513982,48.203958],[19.623226,48.227006],[19.643896,48.224809],[19.686994,48.196904],[19.756551,48.200315],[19.774327,48.185897],[19.766679,48.159],[19.776084,48.149517],[19.821663,48.157914],[19.846261,48.152669],[19.884295,48.129621],[19.905069,48.124299],[19.928633,48.130087],[19.99695,48.167914],[20.105263,48.202795],[20.134512,48.246669],[20.170892,48.244033],[20.22908,48.270905],[20.272385,48.252456],[20.324268,48.279948],[20.370157,48.334338],[20.420593,48.429241],[20.481674,48.478747],[20.481674,48.526083],[20.800311,48.569233],[20.845477,48.545823],[20.891365,48.541095],[20.945832,48.518978],[21.035956,48.514637],[21.109336,48.489109],[21.219924,48.518719],[21.261782,48.50319],[21.276561,48.50872],[21.302296,48.539907],[21.32183,48.54758],[21.424563,48.561275],[21.49939,48.535075],[21.521818,48.50009],[21.591684,48.49301],[21.613388,48.440352],[21.67757,48.372346],[21.727697,48.340901],[21.759012,48.333769],[21.789398,48.335526],[21.929338,48.372914],[22.018015,48.379735],[22.077856,48.375808],[22.09646,48.379425],[22.13284,48.404798],[22.156508,48.40206],[22.201983,48.418157],[22.271849,48.403455],[22.25676,48.357282],[22.29128,48.357566],[22.298721,48.349143],[22.297378,48.314003],[22.308126,48.293694],[22.357116,48.243103],[22.434217,48.236747],[22.477418,48.24393],[22.55576,48.177164],[22.605472,48.097039],[22.693219,48.101768],[22.745722,48.116289],[22.801429,48.090968],[22.85476,48.047301],[22.861581,48.028387],[22.849489,47.993144],[22.832435,47.978933],[22.840807,47.966789],[22.877601,47.946739]]]}},{"type":"Feature","properties":{"iso3":"SVK","name":"Slovakia","continent":"Europe"},"geometry":{"type":"Polygon","coordinates":[[[22.539637,49.0722],[22.524754,49.032874],[22.520516,48.992928],[22.448996,48.971431],[22.41489,48.911693],[22.411789,48.887766],[22.378406,48.865442],[22.362283,48.844255],[22.365694,48.794387],[22.356495,48.776145],[22.330761,48.756405],[22.3289,48.721575],[22.310297,48.681681],[22.294277,48.667625],[22.243221,48.651192],[22.219036,48.620935],[22.153717,48.585873],[22.138731,48.569595],[22.136664,48.549337],[22.148343,48.508823],[22.13377,48.476835],[22.13284,48.404798],[22.09646,48.379425],[21.929338,48.372914],[21.789398,48.335526],[21.727697,48.340901],[21.67757,48.372346],[21.621553,48.429655],[21.591684,48.49301],[21.521818,48.50009],[21.49939,48.535075],[21.424563,48.561275],[21.32183,48.54758],[21.302296,48.539907],[21.276561,48.50872],[21.261782,48.50319],[21.219924,48.518719],[21.109336,48.489109],[21.035956,48.514637],[20.945832,48.518978],[20.891365,48.541095],[20.845477,48.545823],[20.800311,48.569233],[20.51051,48.533783],[20.481674,48.526083],[20.481674,48.478747],[20.420593,48.429241],[20.370157,48.334338],[20.324268,48.279948],[20.272385,48.252456],[20.22908,48.270905],[20.170892,48.244033],[20.134512,48.246669],[20.105263,48.202795],[19.99695,48.167914],[19.928633,48.130087],[19.905069,48.124299],[19.884295,48.129621],[19.846261,48.152669],[19.821663,48.157914],[19.776084,48.149517],[19.766679,48.159],[19.774327,48.185897],[19.756551,48.200315],[19.686994,48.196904],[19.643896,48.224809],[19.623226,48.227006],[19.513982,48.203958],[19.481735,48.134892],[19.481735,48.111328],[19.428199,48.085852],[19.29322,48.087764],[19.222526,48.060582],[19.098503,48.070736],[18.996494,48.066214],[18.838467,48.040015],[18.821001,48.030454],[18.794232,47.993144],[18.743176,47.971052],[18.754751,47.951803],[18.742246,47.889455],[18.748757,47.870723],[18.816453,47.83256],[18.767671,47.822302],[18.692843,47.777963],[18.663698,47.775896],[18.552593,47.792846],[18.347851,47.776775],[18.273024,47.756259],[18.23592,47.753882],[18.11262,47.762486],[17.825713,47.750006],[17.741997,47.76538],[17.676678,47.789177],[17.61911,47.829226],[17.572601,47.829536],[17.526609,47.872118],[17.472039,47.888809],[17.36941,47.981207],[17.337887,47.998725],[17.184821,48.020274],[17.148338,48.005443],[17.069686,48.035674],[17.075061,48.052081],[17.063072,48.058773],[17.064829,48.07903],[17.080228,48.097608],[17.047465,48.130991],[17.007158,48.142799],[16.98194,48.161299],[16.950624,48.276589],[16.916621,48.2908],[16.898431,48.316173],[16.901945,48.339402],[16.84448,48.365602],[16.864944,48.458077],[16.913934,48.519339],[16.946903,48.539726],[16.954345,48.557399],[16.947523,48.623157],[16.974808,48.649874],[17.025348,48.746328],[17.049946,48.774027],[17.098728,48.805756],[17.113715,48.83392],[17.167458,48.859758],[17.21221,48.866062],[17.260269,48.857794],[17.374371,48.819605],[17.453332,48.842756],[17.498497,48.816763],[17.535084,48.812991],[17.727217,48.86291],[17.795533,48.920581],[17.860336,48.921718],[17.878733,48.933552],[17.914079,49.010498],[17.959244,49.021867],[18.012885,49.019128],[18.075516,49.047188],[18.09629,49.070288],[18.102905,49.09225],[18.105075,49.169765],[18.117788,49.202579],[18.160576,49.2587],[18.190031,49.276942],[18.324597,49.311255],[18.385162,49.342261],[18.387642,49.389751],[18.416788,49.385462],[18.481797,49.429077],[18.514663,49.440601],[18.527995,49.454864],[18.535643,49.481684],[18.556211,49.490159],[18.600446,49.485973],[18.635896,49.496721],[18.704522,49.479255],[18.732531,49.480288],[18.792269,49.509537],[18.932208,49.504318],[18.961147,49.492794],[18.952362,49.475948],[18.962284,49.389183],[19.007139,49.388098],[19.067601,49.406133],[19.106255,49.391405],[19.141705,49.394195],[19.179738,49.410267],[19.18935,49.442203],[19.204543,49.442823],[19.211364,49.45166],[19.20444,49.460548],[19.234102,49.507212],[19.265005,49.521475],[19.339522,49.528761],[19.443392,49.60178],[19.505197,49.563384],[19.55677,49.453882],[19.594804,49.441583],[19.634801,49.441324],[19.627097,49.402165],[19.706321,49.387529],[19.760065,49.397658],[19.769056,49.393213],[19.783629,49.357557],[19.78952,49.309188],[19.780322,49.297612],[19.808641,49.270895],[19.789624,49.259475],[19.747766,49.205887],[19.760685,49.194208],[19.785903,49.188162],[19.854219,49.191262],[19.905896,49.222785],[19.937935,49.22511],[20.050486,49.173227],[20.07002,49.183097],[20.08604,49.243042],[20.135856,49.308878],[20.16035,49.305622],[20.207169,49.334199],[20.284374,49.338643],[20.307422,49.386599],[20.317653,49.391612],[20.370467,49.38169],[20.422143,49.382982],[20.421936,49.40019],[20.437543,49.402515],[20.543996,49.370838],[20.567664,49.376367],[20.605284,49.400035],[20.689517,49.4005],[20.778297,49.331202],[20.79411,49.323657],[20.849301,49.320505],[20.900564,49.2926],[20.91896,49.290326],[20.964022,49.308103],[21.017249,49.352441],[21.072543,49.357195],[21.080708,49.366342],[21.068512,49.381431],[21.033269,49.399673],[21.053526,49.414453],[21.124943,49.423651],[21.172588,49.398278],[21.194086,49.400603],[21.260542,49.449438],[21.42787,49.409802],[21.6199,49.423341],[21.65876,49.402464],[21.69173,49.402154],[21.757566,49.348927],[21.799423,49.374817],[21.819577,49.377246],[21.964478,49.308568],[21.99321,49.278182],[22.012434,49.211054],[22.040752,49.197463],[22.111549,49.188627],[22.155681,49.171522],[22.197952,49.171987],[22.208908,49.163977],[22.20622,49.150489],[22.215936,49.139999],[22.339442,49.12646],[22.390085,49.093025],[22.505013,49.083413],[22.539637,49.0722]]]}},{"type":"Feature","properties":{"iso3":"POL","name":"Poland","continent":"Europe"},"geometry":{"type":"Polygon","coordinates":[[[18.833196,49.510261],[18.792579,49.660794],[18.617706,49.713866],[18.566753,49.804765],[18.593831,49.852204],[18.544428,49.912975],[18.481797,49.896645],[18.368832,49.932044],[18.306923,49.909668],[18.002446,50.046765],[18.032418,50.00284],[17.839355,49.973643],[17.774553,50.015191],[17.732592,50.092964],[17.632753,50.106348],[17.584177,50.145881],[17.600403,50.16681],[17.738173,50.202363],[17.713575,50.30768],[17.606398,50.258225],[17.419122,50.242722],[17.388013,50.272643],[17.355044,50.253264],[17.316803,50.318635],[17.210866,50.336412],[17.185442,50.375686],[16.892953,50.432943],[16.865771,50.422401],[17.014806,50.218486],[16.960339,50.231974],[16.795284,50.174406],[16.660616,50.093016],[16.566668,50.142212],[16.535042,50.207738],[16.350764,50.360648],[16.2625,50.36442],[16.199559,50.406278],[16.226534,50.455371],[16.362029,50.501208],[16.425901,50.567561],[16.331644,50.644042],[16.086491,50.64678],[15.982001,50.603631],[15.971459,50.678613],[15.854567,50.673704],[15.76744,50.744191],[15.684345,50.731426],[15.441775,50.800208],[15.356096,50.775455],[15.341006,50.83173],[15.265352,50.88227],[15.253776,50.969035],[15.170164,50.977975],[15.156108,51.007844],[15.119211,50.982471],[15.003973,51.020685],[14.961081,50.992651],[14.996635,50.959216],[14.984129,50.867697],[14.810393,50.858447],[14.955293,51.064042],[15.019476,51.271678],[14.963768,51.328393],[14.945061,51.449186],[14.710037,51.530241],[14.743937,51.606644],[14.732465,51.658347],[14.585807,51.803893],[14.687093,51.911897],[14.699082,51.992512],[14.761403,52.076667],[14.696394,52.106691],[14.712414,52.235908],[14.584153,52.291228],[14.545396,52.382153],[14.539815,52.421866],[14.632316,52.496745],[14.609061,52.517803],[14.644821,52.576921],[14.123923,52.850651],[14.164954,52.895661],[14.150485,52.943643],[14.343341,53.048624],[14.38954,53.131668],[14.380651,53.189855],[14.44163,53.251841],[14.403286,53.27879],[14.359878,53.444077],[14.30417,53.508518],[14.263863,53.699876],[14.318044,53.739732],[14.531016,53.657782],[14.579112,53.607245],[14.62379,53.652818],[14.544932,53.704047],[14.575938,53.769517],[14.62379,53.769517],[14.630626,53.851508],[14.58961,53.817328],[14.575857,53.854804],[14.393809,53.899319],[14.371593,53.885891],[14.417654,53.865139],[14.405284,53.844184],[14.303071,53.823065],[14.175289,53.906478],[14.210053,53.938463],[14.406749,53.92182],[14.781912,54.034613],[15.859711,54.249986],[16.131521,54.283515],[16.069347,54.263007],[16.17921,54.263007],[16.21518,54.299628],[16.137706,54.290269],[16.275401,54.358588],[16.240489,54.330024],[16.323904,54.349921],[16.32488,54.373114],[16.296235,54.367255],[16.323985,54.401313],[16.569591,54.557196],[16.939952,54.606024],[17.035818,54.66706],[17.337413,54.74901],[18.152354,54.838324],[18.339529,54.833482],[18.75172,54.69009],[18.834321,54.616685],[18.817638,54.598131],[18.707774,54.701239],[18.456309,54.787665],[18.41505,54.753119],[18.474457,54.687567],[18.475922,54.640082],[18.52296,54.646552],[18.588064,54.433661],[18.885916,54.350165],[19.377208,54.377631],[19.59254,54.452379],[22.698387,54.342937],[22.837603,54.400918],[22.973305,54.37539],[23.035317,54.346503],[23.050096,54.294827],[23.117069,54.303457],[23.316023,54.236277],[23.449039,54.154938],[23.496167,54.044558],[23.462888,53.972521],[23.590942,53.611251],[23.800645,53.242462],[23.893663,53.151951],[23.859349,53.067976],[23.911336,53.00506],[23.922498,52.742596],[23.868961,52.670042],[23.392298,52.509638],[23.165645,52.289393],[23.189726,52.240533],[23.491517,52.174103],[23.512497,52.124442],[23.637451,52.084471],[23.676415,51.994088],[23.628666,51.946339],[23.617504,51.786504],[23.56035,51.754542],[23.539886,51.607109],[23.689437,51.416423],[23.635177,51.304699],[23.863587,51.148274],[23.854492,51.121532],[23.979342,50.937512],[24.130237,50.868937],[24.130857,50.839069],[23.992881,50.836226],[23.957638,50.808011],[24.025851,50.767032],[24.026884,50.728016],[24.081041,50.712978],[24.107706,50.540844],[24.010658,50.492785],[23.981306,50.40478],[23.682203,50.368245],[23.644169,50.312692],[23.101463,49.957107],[22.665831,49.567363],[22.640922,49.528761],[22.724225,49.367065],[22.737764,49.275391],[22.687121,49.173382],[22.841324,49.094886],[22.855276,48.994013],[22.744482,49.045535],[22.390085,49.093025],[22.040752,49.197463],[21.928408,49.330788],[21.799423,49.374817],[21.757566,49.348927],[21.601193,49.426493],[21.444406,49.409905],[21.274391,49.447267],[21.194086,49.400603],[21.068822,49.419207],[21.033269,49.399673],[21.072543,49.357195],[20.91896,49.290326],[20.79411,49.323657],[20.689517,49.4005],[20.543996,49.370838],[20.437543,49.402515],[20.329539,49.391767],[20.284374,49.338643],[20.138336,49.307327],[20.050486,49.173227],[19.937935,49.22511],[19.831998,49.185888],[19.760685,49.194208],[19.751797,49.219064],[19.808641,49.270895],[19.769263,49.39311],[19.627044,49.401868],[19.457344,49.598059],[19.347067,49.532998],[19.248675,49.516255],[19.141705,49.394195],[18.981818,49.386806],[18.956703,49.400448],[18.961147,49.492794],[18.833196,49.510261]]]}},{"type":"Feature","properties":{"iso3":"IRL","name":"Ireland","continent":"Europe"},"geometry":{"type":"MultiPolygon","coordinates":[[[[-7.2471,55.069322],[-7.266503,55.065167],[-7.291152,55.046615],[-7.355024,55.040931],[-7.405254,55.003569],[-7.40112,54.994836],[-7.413109,54.984965],[-7.408665,54.951117],[-7.445251,54.932152],[-7.444735,54.884455],[-7.45507,54.863009],[-7.543385,54.793091],[-7.551705,54.754695],[-7.543023,54.743791],[-7.556149,54.738365],[-7.649683,54.744877],[-7.736603,54.707463],[-7.770503,54.706016],[-7.845899,54.731027],[-7.880109,54.711029],[-7.929666,54.696714],[-7.907135,54.686689],[-7.914835,54.671651],[-7.906619,54.661316],[-7.864347,54.649069],[-7.846416,54.631447],[-7.814996,54.639457],[-7.753553,54.614497],[-7.710558,54.624264],[-7.707951,54.604763],[-7.749264,54.596152],[-7.848844,54.54091],[-7.887137,54.532125],[-8.002194,54.543442],[-8.072448,54.487063],[-8.173837,54.461741],[-8.146346,54.430736],[-8.05648,54.365882],[-8.002194,54.357923],[-7.981033,54.326556],[-7.950802,54.300873],[-7.880264,54.287023],[-7.86967,54.226872],[-7.856441,54.211421],[-7.782078,54.2],[-7.70477,54.200362],[-7.632682,54.168529],[-7.620796,54.144965],[-7.609014,54.139901],[-7.502302,54.125121],[-7.439619,54.146929],[-7.414659,54.145688],[-7.425769,54.136955],[-7.403962,54.135043],[-7.390216,54.121194],[-7.326964,54.113597],[-7.310324,54.114683],[-7.333165,54.142743],[-7.325982,54.154577],[-7.295545,54.165119],[-7.297353,54.125896],[-7.280042,54.126155],[-7.263505,54.140986],[-7.265366,54.16114],[-7.24578,54.166979],[-7.261128,54.18088],[-7.249088,54.197416],[-7.153331,54.224237],[-7.159739,54.24067],[-7.14589,54.25209],[-7.181495,54.269763],[-7.1755,54.283664],[-7.209038,54.293431],[-7.211467,54.30418],[-7.199168,54.303457],[-7.184647,54.316634],[-7.193949,54.329967],[-7.18947,54.335692],[-7.159894,54.335186],[-7.127028,54.349759],[-7.078504,54.394717],[-7.049255,54.411512],[-7.017836,54.413166],[-6.922028,54.372703],[-6.905956,54.349035],[-6.879705,54.341594],[-6.856657,54.292811],[-6.882185,54.277257],[-6.837743,54.260513],[-6.823946,54.23235],[-6.787824,54.202998],[-6.744777,54.184187],[-6.694651,54.197985],[-6.640339,54.168013],[-6.634552,54.150133],[-6.643957,54.131839],[-6.666436,54.114786],[-6.655791,54.103314],[-6.657082,54.091945],[-6.672534,54.068432],[-6.630624,54.041819],[-6.616465,54.037271],[-6.595071,54.052412],[-6.564013,54.04895],[-6.47854,54.067709],[-6.450894,54.068432],[-6.433892,54.055306],[-6.377513,54.063264],[-6.366919,54.075098],[-6.368108,54.097319],[-6.354827,54.110652],[-6.327128,54.097888],[-6.28465,54.105226],[-6.163808,54.036444],[-6.126536,54.030219],[-6.107289,54.013617],[-6.110992,54.001288],[-6.160756,53.974433],[-6.222768,53.995429],[-6.359853,54.016018],[-6.359853,54.00849],[-6.347808,54.003607],[-6.366282,53.981024],[-6.378285,53.934882],[-6.372955,53.899319],[-6.350819,53.881415],[-6.317291,53.87108],[-6.243235,53.865139],[-6.254994,53.822211],[-6.244985,53.806871],[-6.222768,53.796291],[-6.243276,53.782538],[-6.248443,53.755764],[-6.241322,53.685614],[-6.229888,53.656562],[-6.222768,53.646064],[-6.187082,53.630072],[-6.169789,53.605658],[-6.092397,53.577135],[-6.077301,53.554633],[-6.081532,53.525946],[-6.133372,53.461086],[-6.140859,53.471137],[-6.158355,53.472846],[-6.194814,53.461086],[-6.130605,53.442613],[-6.112904,53.412665],[-6.122955,53.402167],[-6.11026,53.394029],[-6.050852,53.385403],[-6.062001,53.367377],[-6.132314,53.391588],[-6.215321,53.358059],[-6.21817,53.347154],[-6.155181,53.299384],[-6.096995,53.285549],[-6.105458,53.265204],[-6.104888,53.229438],[-6.071034,53.184272],[-6.078114,53.166205],[-6.030385,53.111029],[-6.033803,53.064154],[-6.051625,53.009263],[-5.99352,52.957424],[-6.01183,52.949652],[-6.037953,52.919664],[-6.071929,52.872016],[-6.064443,52.864569],[-6.107289,52.839789],[-6.130116,52.815985],[-6.153879,52.768378],[-6.147857,52.746161],[-6.215321,52.665961],[-6.22057,52.647284],[-6.206451,52.588528],[-6.209096,52.545844],[-6.282948,52.467108],[-6.317738,52.447943],[-6.356191,52.409003],[-6.365549,52.3935],[-6.366119,52.344428],[-6.390045,52.358832],[-6.468861,52.360012],[-6.462961,52.377997],[-6.49649,52.364325],[-6.49649,52.3581],[-6.456125,52.335842],[-6.448638,52.322699],[-6.454986,52.312242],[-6.423736,52.307929],[-6.409169,52.289252],[-6.372955,52.322699],[-6.38976,52.2956],[-6.369781,52.27261],[-6.318349,52.24079],[-6.347035,52.197252],[-6.377065,52.178209],[-6.399485,52.185492],[-6.380971,52.207587],[-6.394032,52.212836],[-6.425608,52.193793],[-6.469106,52.19359],[-6.469106,52.199774],[-6.448638,52.199774],[-6.472564,52.206977],[-6.579742,52.178209],[-6.597157,52.179592],[-6.641428,52.202786],[-6.715566,52.21662],[-6.805572,52.212836],[-6.805572,52.220364],[-6.77599,52.233222],[-6.764027,52.261298],[-6.792958,52.240424],[-6.812652,52.235297],[-6.832265,52.24079],[-6.839101,52.234565],[-6.839101,52.212836],[-6.818593,52.220364],[-6.832265,52.19359],[-6.818593,52.19359],[-6.818593,52.186184],[-6.897084,52.152045],[-6.932118,52.124661],[-6.948964,52.130927],[-6.90392,52.162299],[-6.903717,52.172187],[-6.92101,52.212836],[-6.970123,52.247382],[-6.997385,52.289211],[-6.989898,52.251654],[-6.969472,52.220364],[-6.982289,52.195624],[-6.97997,52.18594],[-6.955149,52.186184],[-6.955149,52.179348],[-7.017201,52.138373],[-7.106028,52.130927],[-7.071848,52.165717],[-7.106353,52.173],[-7.120229,52.171942],[-7.120229,52.165717],[-7.106028,52.152045],[-7.149648,52.156317],[-7.16747,52.138373],[-7.187367,52.132758],[-7.243764,52.138373],[-7.435455,52.125678],[-7.541412,52.097398],[-7.565297,52.083726],[-7.579416,52.101264],[-7.599965,52.10102],[-7.631093,52.079047],[-7.627349,52.06269],[-7.602162,52.071682],[-7.546783,52.059272],[-7.551015,52.042792],[-7.582631,52.02851],[-7.589915,51.991156],[-7.635406,51.976752],[-7.688466,51.980373],[-7.709299,51.973863],[-7.723297,51.944566],[-7.829335,51.953437],[-7.83849,51.975898],[-7.849843,51.980129],[-7.856679,51.942857],[-7.869862,51.929511],[-7.901194,51.912665],[-7.922231,51.911811],[-7.880605,51.891995],[-7.891469,51.881903],[-8.008168,51.85578],[-8.023061,51.843573],[-8.00414,51.829901],[-8.020579,51.82392],[-8.134185,51.804755],[-8.246205,51.80272],[-8.247955,51.813422],[-8.223256,51.823676],[-8.230092,51.836737],[-8.20165,51.841986],[-8.175404,51.857164],[-8.202789,51.864],[-8.18224,51.884508],[-8.187082,51.893134],[-8.210194,51.884508],[-8.24356,51.89289],[-8.284657,51.891995],[-8.293202,51.903306],[-8.347401,51.891995],[-8.408844,51.891791],[-8.429351,51.884508],[-8.354156,51.872992],[-8.329254,51.861314],[-8.347401,51.829901],[-8.298329,51.829901],[-8.305165,51.81623],[-8.296295,51.811591],[-8.319488,51.802558],[-8.284657,51.802558],[-8.301991,51.785875],[-8.297353,51.766018],[-8.345693,51.724677],[-8.410024,51.709784],[-8.435536,51.692694],[-8.4558,51.712307],[-8.483957,51.713813],[-8.464182,51.695014],[-8.468984,51.684068],[-8.483957,51.678412],[-8.491119,51.698676],[-8.55842,51.706366],[-8.548329,51.696357],[-8.517486,51.692694],[-8.502105,51.700344],[-8.497548,51.692694],[-8.521148,51.678412],[-8.539174,51.648383],[-8.531728,51.610785],[-8.572662,51.644965],[-8.638173,51.637437],[-8.757639,51.644965],[-8.726552,51.631334],[-8.690012,51.631293],[-8.702952,51.617011],[-8.682525,51.610785],[-8.699778,51.597235],[-8.696156,51.576646],[-8.742787,51.575629],[-8.765126,51.590277],[-8.853871,51.595933],[-8.88801,51.555569],[-8.928944,51.545966],[-8.933176,51.535346],[-8.991119,51.562974],[-9.072865,51.549384],[-9.120758,51.562974],[-9.120758,51.555569],[-9.107737,51.549384],[-9.115712,51.537909],[-9.1433,51.523871],[-9.192535,51.524604],[-9.189605,51.508368],[-9.203969,51.508002],[-9.223785,51.487291],[-9.26476,51.487291],[-9.272125,51.508368],[-9.335317,51.476996],[-9.381418,51.473619],[-9.346669,51.500922],[-9.372914,51.491278],[-9.367787,51.508368],[-9.319936,51.535061],[-9.327463,51.542548],[-9.401845,51.500922],[-9.413889,51.511135],[-9.401845,51.545966],[-9.443267,51.559516],[-9.456532,51.555569],[-9.447987,51.543647],[-9.547475,51.525295],[-9.552805,51.511461],[-9.580719,51.508368],[-9.611318,51.493842],[-9.628407,51.494086],[-9.629628,51.504055],[-9.655914,51.520168],[-9.717193,51.480414],[-9.703521,51.473619],[-9.77184,51.453111],[-9.768951,51.464301],[-9.777943,51.462226],[-9.820221,51.445705],[-9.813385,51.473619],[-9.833892,51.487291],[-9.793813,51.499661],[-9.740061,51.529771],[-9.683095,51.542548],[-9.621653,51.582831],[-9.545888,51.610785],[-9.59203,51.613715],[-9.785024,51.552476],[-9.847524,51.549384],[-9.786366,51.573472],[-9.770334,51.592231],[-9.607981,51.642401],[-9.594553,51.655504],[-9.458608,51.683987],[-9.442942,51.720038],[-9.457265,51.724595],[-9.489817,51.714545],[-9.521474,51.725531],[-9.531728,51.751532],[-9.560211,51.761623],[-9.55663,51.730902],[-9.545888,51.720038],[-9.62682,51.685045],[-9.874135,51.656195],[-9.930084,51.637437],[-9.941884,51.621324],[-10.028798,51.596503],[-10.070058,51.603949],[-10.116119,51.600287],[-10.156077,51.582831],[-10.162831,51.590277],[-10.149241,51.610785],[-10.059804,51.631293],[-10.070668,51.65705],[-10.100819,51.659247],[-10.088124,51.671617],[-10.003774,51.678046],[-9.956858,51.706366],[-9.956858,51.713813],[-9.997792,51.713813],[-9.980702,51.731879],[-9.888539,51.761623],[-9.902252,51.741156],[-9.867909,51.748603],[-9.856516,51.758612],[-9.8544,51.775295],[-9.785512,51.7685],[-9.785512,51.775295],[-9.813385,51.782131],[-9.813385,51.788275],[-9.754506,51.819078],[-9.73766,51.836737],[-9.671051,51.843004],[-9.580719,51.870185],[-9.580719,51.877672],[-9.653147,51.871772],[-9.758046,51.846991],[-9.791737,51.826809],[-9.840077,51.823676],[-9.833892,51.81623],[-9.86384,51.804267],[-9.874867,51.802558],[-9.868031,51.823676],[-9.882192,51.823676],[-9.902252,51.810004],[-9.949941,51.802558],[-10.016754,51.774644],[-10.039377,51.782131],[-10.084543,51.755927],[-10.13561,51.741156],[-10.12975,51.75434],[-10.224355,51.782131],[-10.186147,51.789618],[-10.177073,51.813666],[-10.194203,51.839097],[-10.234609,51.85102],[-10.27123,51.821682],[-10.341054,51.788275],[-10.346588,51.801093],[-10.334706,51.830268],[-10.341054,51.843573],[-10.388905,51.846177],[-10.381947,51.877672],[-10.395619,51.884508],[-10.25414,51.908677],[-10.251576,51.922349],[-10.287994,51.95185],[-10.306874,51.953437],[-10.306874,51.959621],[-10.258453,51.973863],[-10.266225,51.988471],[-10.128163,52.02851],[-10.033274,52.041083],[-9.992665,52.055894],[-9.971059,52.089911],[-9.963612,52.089911],[-9.963735,52.071967],[-9.954335,52.064154],[-9.926381,52.06269],[-9.929596,52.071926],[-9.908437,52.130927],[-9.877512,52.119534],[-9.77184,52.124701],[-9.792958,52.138373],[-9.758168,52.152045],[-9.956858,52.145209],[-9.943756,52.124701],[-9.954661,52.108791],[-9.970326,52.131659],[-9.997792,52.138373],[-10.028066,52.139635],[-10.186269,52.109442],[-10.217519,52.130927],[-10.242055,52.119778],[-10.27892,52.136379],[-10.306874,52.130927],[-10.306874,52.124701],[-10.272084,52.117906],[-10.272084,52.111721],[-10.368316,52.124701],[-10.354075,52.111721],[-10.436594,52.097398],[-10.460764,52.103013],[-10.467519,52.115139],[-10.478179,52.152045],[-10.450917,52.165717],[-10.461293,52.179999],[-10.409291,52.199774],[-10.416656,52.186184],[-10.394602,52.174791],[-10.37206,52.175605],[-10.373158,52.197821],[-10.36148,52.206692],[-10.371571,52.211575],[-10.366567,52.228217],[-10.320546,52.234565],[-10.275787,52.268134],[-10.171864,52.286811],[-10.156077,52.278632],[-10.166249,52.234565],[-10.100819,52.24079],[-10.044911,52.269273],[-10.036041,52.290351],[-10.059804,52.309638],[-10.013539,52.306342],[-10.0183,52.296047],[-10.008778,52.253363],[-9.947499,52.237616],[-9.872222,52.232652],[-9.825592,52.258246],[-9.813385,52.255072],[-9.826487,52.248236],[-9.810048,52.242133],[-9.73766,52.248236],[-9.753407,52.258287],[-9.869374,52.273139],[-9.881093,52.296047],[-9.849233,52.284735],[-9.833892,52.289211],[-9.861887,52.296047],[-9.861887,52.303453],[-9.826487,52.309638],[-9.837636,52.326402],[-9.834462,52.37523],[-9.850982,52.385443],[-9.931752,52.399848],[-9.949941,52.412095],[-9.915883,52.425605],[-9.848378,52.428412],[-9.748931,52.456732],[-9.703521,52.483547],[-9.634633,52.473578],[-9.638783,52.487128],[-9.650502,52.493842],[-9.683095,52.494615],[-9.675201,52.504828],[-9.683095,52.515123],[-9.673207,52.533881],[-9.675649,52.545844],[-9.648305,52.57038],[-9.617909,52.577216],[-9.497467,52.57038],[-9.470326,52.561835],[-9.438385,52.577135],[-9.272125,52.577216],[-9.052398,52.631822],[-9.044179,52.620836],[-9.005605,52.620836],[-8.95995,52.652289],[-8.751169,52.67296],[-8.867502,52.693305],[-8.932688,52.687079],[-8.960846,52.693671],[-8.962066,52.700019],[-8.949371,52.706936],[-8.952056,52.73432],[-8.954498,52.744696],[-8.969879,52.748481],[-8.942616,52.775214],[-9.02359,52.747138],[-9.025787,52.73428],[-9.058217,52.696763],[-9.146799,52.623765],[-9.254791,52.611396],[-9.285797,52.590806],[-9.333079,52.597724],[-9.278676,52.625718],[-9.278961,52.639309],[-9.383656,52.613105],[-9.434478,52.612006],[-9.475453,52.619574],[-9.490712,52.634101],[-9.524892,52.63703],[-9.538442,52.645453],[-9.533274,52.660956],[-9.544179,52.666653],[-9.580719,52.665961],[-9.552805,52.639309],[-9.694407,52.605618],[-9.706858,52.580227],[-9.730824,52.584052],[-9.757476,52.571967],[-9.93635,52.556708],[-9.93635,52.562934],[-9.87564,52.586819],[-9.824086,52.59516],[-9.621653,52.713772],[-9.628407,52.727444],[-9.593658,52.741034],[-9.538197,52.742255],[-9.498647,52.752509],[-9.483795,52.78266],[-9.491282,52.803168],[-9.450347,52.830471],[-9.429189,52.857733],[-9.42748,52.877753],[-9.365305,52.91413],[-9.354075,52.933498],[-9.477651,52.940334],[-9.387603,53.008612],[-9.39509,53.015448],[-9.272206,53.146674],[-9.251088,53.151923],[-9.158599,53.111029],[-9.096669,53.127021],[-9.072865,53.118476],[-9.070058,53.134467],[-9.128163,53.151923],[-9.128163,53.15941],[-9.069569,53.166205],[-9.004058,53.145738],[-9.004058,53.151923],[-9.045644,53.166205],[-9.045644,53.173733],[-9.009633,53.166083],[-8.986684,53.176988],[-8.978871,53.175767],[-8.984202,53.166205],[-8.974233,53.157945],[-8.936391,53.145738],[-8.956858,53.179877],[-8.928212,53.205878],[-8.894846,53.220893],[-8.932688,53.214667],[-9.045644,53.220893],[-8.963124,53.235175],[-8.963124,53.241929],[-8.991119,53.241929],[-8.991119,53.248196],[-8.942616,53.261786],[-8.942616,53.268622],[-9.022084,53.275458],[-9.077056,53.263983],[-9.401438,53.247992],[-9.447865,53.231879],[-9.511708,53.228339],[-9.532948,53.234442],[-9.566396,53.261786],[-9.547271,53.27912],[-9.554555,53.290717],[-9.57136,53.290473],[-9.585194,53.250434],[-9.596832,53.237698],[-9.612294,53.236151],[-9.628407,53.248196],[-9.60912,53.276313],[-9.617299,53.321479],[-9.597401,53.330064],[-9.576975,53.32392],[-9.56078,53.341213],[-9.601145,53.364895],[-9.552805,53.385403],[-9.621653,53.378485],[-9.60851,53.366604],[-9.606597,53.349351],[-9.615468,53.334662],[-9.634633,53.330064],[-9.652496,53.341254],[-9.638417,53.385403],[-9.658844,53.389065],[-9.684722,53.37523],[-9.743072,53.314399],[-9.806711,53.301581],[-9.842926,53.32331],[-9.886586,53.317206],[-9.902252,53.32392],[-9.887196,53.359198],[-9.841298,53.367906],[-9.785512,53.392768],[-9.785512,53.398993],[-9.820221,53.398993],[-9.820221,53.40644],[-9.799184,53.412665],[-9.799184,53.419501],[-9.825185,53.416693],[-9.860178,53.394232],[-9.875396,53.395209],[-9.881093,53.40644],[-9.847524,53.433743],[-9.884755,53.419501],[-9.911448,53.425971],[-9.925649,53.409735],[-9.922353,53.389228],[-9.961415,53.379584],[-10.01415,53.381252],[-10.049306,53.409817],[-10.063222,53.412665],[-10.127553,53.409857],[-10.141754,53.419501],[-10.176503,53.412665],[-10.156972,53.439643],[-10.142242,53.445705],[-10.067983,53.443834],[-10.052968,53.453599],[-10.052968,53.461086],[-10.074208,53.465766],[-10.087148,53.481513],[-10.020579,53.470445],[-10.012074,53.481513],[-10.107289,53.494452],[-10.128163,53.508857],[-10.134755,53.527086],[-10.152659,53.543606],[-10.193471,53.538031],[-10.203236,53.543606],[-10.180287,53.555487],[-10.107655,53.549791],[-10.115102,53.570299],[-10.070668,53.570014],[-10.025746,53.562893],[-10.005238,53.543606],[-9.971059,53.562893],[-10.046783,53.59927],[-9.930735,53.599799],[-9.867909,53.617377],[-9.822865,53.606431],[-9.696767,53.598212],[-9.696767,53.604438],[-9.714101,53.609849],[-9.783762,53.606269],[-9.908437,53.646064],[-9.922678,53.690741],[-9.899526,53.743842],[-9.908437,53.762112],[-9.789215,53.786607],[-9.752024,53.776353],[-9.566396,53.796291],[-9.566396,53.803656],[-9.621653,53.817328],[-9.601145,53.824164],[-9.605458,53.839179],[-9.594838,53.848212],[-9.560211,53.865139],[-9.586903,53.871975],[-9.572825,53.882229],[-9.566396,53.899319],[-9.586903,53.892483],[-9.615468,53.89883],[-9.758168,53.899319],[-9.856597,53.866278],[-9.910756,53.85871],[-9.943756,53.879381],[-9.931386,53.885159],[-9.92516,53.913031],[-9.908437,53.920356],[-9.908437,53.947089],[-9.915883,53.947089],[-9.915883,53.953843],[-9.868031,53.961371],[-9.811635,53.941718],[-9.807607,53.91828],[-9.787506,53.916083],[-9.785512,53.947089],[-9.812652,53.966295],[-9.826487,53.967597],[-9.820221,53.953843],[-9.831695,53.956285],[-9.849599,53.997504],[-9.877675,54.001899],[-9.898915,54.025336],[-9.897694,54.055121],[-9.861887,54.071234],[-9.876088,54.080634],[-9.8544,54.091051],[-9.861887,54.097886],[-9.833892,54.112128],[-9.855092,54.117377],[-9.881093,54.112128],[-9.87857,54.103949],[-9.895375,54.097886],[-9.888539,54.091051],[-9.917388,54.069729],[-9.945546,54.06623],[-9.970693,54.078559],[-9.990956,54.104682],[-9.908437,54.118354],[-9.95108,54.141262],[-9.956858,54.153144],[-9.930084,54.145697],[-9.977284,54.180487],[-9.952016,54.174628],[-9.93635,54.187323],[-10.010894,54.218329],[-10.025746,54.20775],[-10.011464,54.197089],[-10.016998,54.188666],[-10.052968,54.187323],[-10.039377,54.166815],[-10.087148,54.159329],[-10.069163,54.144273],[-10.06664,54.12519],[-10.094594,54.118354],[-10.069081,54.103664],[-10.066884,54.094916],[-10.117421,54.095893],[-10.126576,54.106024],[-10.128163,54.12519],[-10.099599,54.165473],[-10.091217,54.194973],[-10.059804,54.222073],[-10.091135,54.22248],[-10.115102,54.235053],[-10.096059,54.235175],[-10.073476,54.269192],[-9.997792,54.303941],[-9.971791,54.277248],[-9.936838,54.270697],[-9.922678,54.276597],[-9.907216,54.264472],[-9.888539,54.269192],[-9.90331,54.237942],[-9.927154,54.226752],[-9.952016,54.228502],[-9.977284,54.242499],[-9.983632,54.222968],[-9.909901,54.204413],[-9.868031,54.228217],[-9.881663,54.240383],[-9.875152,54.256496],[-9.843861,54.276597],[-9.765004,54.255561],[-9.799184,54.276597],[-9.799184,54.283515],[-9.758168,54.283515],[-9.829213,54.296861],[-9.846018,54.321438],[-9.843984,54.328762],[-9.785512,54.33808],[-9.706939,54.317613],[-9.53539,54.310207],[-9.494374,54.317613],[-9.463979,54.303941],[-9.384511,54.297187],[-9.334218,54.318305],[-9.268422,54.303941],[-9.24767,54.276597],[-9.211008,54.275621],[-9.2176,54.248725],[-9.195872,54.242499],[-9.195872,54.235053],[-9.215077,54.227118],[-9.210357,54.217841],[-9.149322,54.180609],[-9.141225,54.145697],[-9.134999,54.145697],[-9.128896,54.193061],[-9.134999,54.20775],[-9.090199,54.22663],[-9.051259,54.289496],[-8.956858,54.283515],[-8.939036,54.289984],[-8.856597,54.263007],[-8.807362,54.263007],[-8.765126,54.276597],[-8.737457,54.264106],[-8.676422,54.271308],[-8.648346,54.263007],[-8.63329,54.232367],[-8.605051,54.225653],[-8.572662,54.200344],[-8.51122,54.20775],[-8.51122,54.214545],[-8.559234,54.227729],[-8.572133,54.246527],[-8.621002,54.255561],[-8.621002,54.263007],[-8.593739,54.283515],[-8.558217,54.275214],[-8.540761,54.284369],[-8.470286,54.276597],[-8.50414,54.297187],[-8.562652,54.303046],[-8.572662,54.31391],[-8.567209,54.324164],[-8.531728,54.310207],[-8.511708,54.317369],[-8.519154,54.326728],[-8.562123,54.33808],[-8.661366,54.338039],[-8.668284,54.351752],[-8.663889,54.35928],[-8.47411,54.429999],[-8.466705,54.475002],[-8.443023,54.447333],[-8.384185,54.468248],[-8.287343,54.479438],[-8.210194,54.501939],[-8.210194,54.509426],[-8.243276,54.510199],[-8.270985,54.523668],[-8.216379,54.55036],[-8.218861,54.56977],[-8.172515,54.594468],[-8.175404,54.619289],[-8.137563,54.605618],[-8.120839,54.646552],[-8.234934,54.629381],[-8.292104,54.605618],[-8.280344,54.629625],[-8.301747,54.639797],[-8.427968,54.571723],[-8.456614,54.564643],[-8.432281,54.587795],[-8.384755,54.605658],[-8.387685,54.619859],[-8.400054,54.628567],[-8.421864,54.619289],[-8.418691,54.641303],[-8.43163,54.641303],[-8.461537,54.602851],[-8.49413,54.632961],[-8.553456,54.622626],[-8.564036,54.608832],[-8.596913,54.619289],[-8.672597,54.619452],[-8.690012,54.626125],[-8.681956,54.63581],[-8.691396,54.641303],[-8.791819,54.659613],[-8.778147,54.68008],[-8.79776,54.691962],[-8.795522,54.698432],[-8.755198,54.705756],[-8.733266,54.732611],[-8.636586,54.768459],[-8.536204,54.766913],[-8.456614,54.756415],[-8.456614,54.762641],[-8.526601,54.772773],[-8.5454,54.783759],[-8.529897,54.788072],[-8.484934,54.789374],[-8.444692,54.763129],[-8.426666,54.757229],[-8.408193,54.762641],[-8.461293,54.793524],[-8.55842,54.817857],[-8.554351,54.827541],[-8.524892,54.831529],[-8.490712,54.851996],[-8.471018,54.840522],[-8.401967,54.84455],[-8.325673,54.831529],[-8.325673,54.838324],[-8.365387,54.845404],[-8.381337,54.855943],[-8.380849,54.872504],[-8.366689,54.88109],[-8.312652,54.87934],[-8.337026,54.903632],[-8.374013,54.907294],[-8.380116,54.889228],[-8.409291,54.88703],[-8.450795,54.922065],[-8.46345,54.940823],[-8.450429,54.946275],[-8.418446,54.934556],[-8.366567,54.948188],[-8.418609,54.968085],[-8.456614,54.995429],[-8.456614,55.002875],[-8.437734,55.009833],[-8.415028,55.002875],[-8.404693,55.012885],[-8.403188,55.030666],[-8.374013,55.036363],[-8.347401,55.064276],[-8.33788,55.058417],[-8.335072,55.035061],[-8.319976,55.034329],[-8.305165,55.058051],[-8.320424,55.104926],[-8.278472,55.160549],[-8.206532,55.146877],[-8.141265,55.160549],[-8.159576,55.138739],[-8.156484,55.124498],[-8.114858,55.154731],[-8.020985,55.188788],[-7.999582,55.219631],[-7.976796,55.22191],[-7.950185,55.210273],[-7.958648,55.199205],[-8.00414,55.180976],[-8.00414,55.17414],[-7.961985,55.187201],[-7.949045,55.179836],[-7.908559,55.188422],[-7.894887,55.17414],[-7.898793,55.156399],[-7.860097,55.167914],[-7.872874,55.151597],[-7.894887,55.146877],[-7.894887,55.140082],[-7.856435,55.138983],[-7.834706,55.164984],[-7.860097,55.194648],[-7.866119,55.214911],[-7.798695,55.25609],[-7.791249,55.248684],[-7.815745,55.194648],[-7.798695,55.180976],[-7.770741,55.188422],[-7.7176,55.166571],[-7.695627,55.133205],[-7.702504,55.099066],[-7.668202,55.147203],[-7.695058,55.207465],[-7.716054,55.22191],[-7.723948,55.214586],[-7.709299,55.17414],[-7.723134,55.175727],[-7.750234,55.194648],[-7.791737,55.206],[-7.788157,55.218573],[-7.760854,55.25609],[-7.725087,55.252672],[-7.673492,55.273871],[-7.643951,55.272773],[-7.611399,55.2414],[-7.619944,55.204901],[-7.614491,55.19599],[-7.572743,55.180976],[-7.564117,55.155748],[-7.527821,55.132554],[-7.525787,55.116156],[-7.541412,55.092231],[-7.641021,55.050686],[-7.641021,55.04385],[-7.581166,55.050442],[-7.561838,55.044501],[-7.572743,55.023383],[-7.634185,54.995429],[-7.681386,54.961249],[-7.681386,54.954413],[-7.643381,54.965277],[-7.537994,55.019924],[-7.529368,55.030707],[-7.469106,55.04385],[-7.456166,55.056138],[-7.450022,55.072333],[-7.454416,55.086249],[-7.477528,55.096381],[-7.46288,55.119534],[-7.46288,55.143459],[-7.541412,55.198065],[-7.54955,55.215399],[-7.549387,55.225165],[-7.527089,55.236762],[-7.516225,55.254136],[-7.51358,55.274359],[-7.524322,55.290269],[-7.478586,55.283922],[-7.46288,55.290269],[-7.469106,55.3039],[-7.427968,55.286566],[-7.405914,55.286933],[-7.367787,55.310614],[-7.347524,55.314276],[-7.327504,55.308498],[-7.312082,55.290269],[-7.339955,55.290269],[-7.320872,55.282172],[-7.276601,55.275824],[-7.256744,55.284003],[-7.350697,55.335191],[-7.353017,55.358547],[-7.400217,55.380276],[-7.384429,55.386379],[-7.208852,55.34512],[-7.129058,55.285834],[-6.975697,55.248684],[-6.953521,55.25434],[-6.939565,55.239081],[-6.942779,55.218573],[-7.034088,55.196845],[-7.099762,55.165473],[-7.172841,55.1435],[-7.216624,55.108344],[-7.2471,55.069322]]],[[[-9.662668,53.275458],[-9.638336,53.251044],[-9.658315,53.232652],[-9.692372,53.226386],[-9.710357,53.238593],[-9.720082,53.266059],[-9.710357,53.275458],[-9.684722,53.282416],[-9.662668,53.275458]]],[[[-9.963612,53.953843],[-9.940541,53.959947],[-9.922678,53.953843],[-9.937367,53.923529],[-9.93635,53.892483],[-9.957997,53.880601],[-10.0183,53.912909],[-10.055531,53.913723],[-10.055816,53.958808],[-10.06664,53.967597],[-10.087229,53.971381],[-10.162831,53.961371],[-10.26594,53.975002],[-10.26594,53.981838],[-10.218495,53.986029],[-10.201487,53.996161],[-10.189565,54.016018],[-10.173573,54.008368],[-10.156077,54.016018],[-10.134429,54.000312],[-10.063222,54.022773],[-9.975901,54.021145],[-9.956858,54.016018],[-9.93635,53.989244],[-9.956858,53.989244],[-9.954661,53.973334],[-9.963612,53.953843]]],[[[-8.524892,55.009711],[-8.496571,55.000678],[-8.483957,54.975531],[-8.527415,54.967515],[-8.565826,54.975531],[-8.565826,54.995429],[-8.5454,55.002875],[-8.550526,55.008002],[-8.543528,55.015326],[-8.524892,55.009711]]],[[[-9.816965,51.638861],[-9.799306,51.636786],[-9.813547,51.627631],[-9.892161,51.611274],[-9.917877,51.619371],[-9.915517,51.629055],[-9.881663,51.641059],[-9.816965,51.638861]]],[[[-10.312652,51.925523],[-10.297678,51.918402],[-10.322662,51.903266],[-10.405832,51.884101],[-10.426015,51.88227],[-10.429026,51.889838],[-10.351674,51.931138],[-10.312652,51.925523]]],[[[-9.648346,53.101711],[-9.64094,53.101549],[-9.642445,53.093817],[-9.660512,53.090644],[-9.811431,53.1376],[-9.801178,53.14647],[-9.777496,53.146796],[-9.752187,53.135403],[-9.696685,53.136542],[-9.671051,53.13052],[-9.663442,53.123196],[-9.671539,53.109198],[-9.648346,53.101711]]]]}},{"type":"Feature","properties":{"iso3":"GBR","name":"United Kingdom","continent":"Europe"},"geometry":{"type":"MultiPolygon","coordinates":[[[[-7.2471,55.069322],[-7.256744,55.050686],[-7.065053,55.04385],[-6.946685,55.19538],[-6.754506,55.177802],[-6.475942,55.248684],[-6.100982,55.212388],[-6.047231,55.178534],[-6.062082,55.074123],[-5.975738,55.053046],[-5.988271,54.988674],[-5.886342,54.940823],[-5.800526,54.820746],[-5.721832,54.783759],[-5.797597,54.84455],[-5.751617,54.856879],[-5.689849,54.793118],[-5.729319,54.728502],[-5.890736,54.672309],[-5.910959,54.619452],[-5.747955,54.680406],[-5.574696,54.68008],[-5.433461,54.466254],[-5.502024,54.339667],[-5.527659,54.345282],[-5.57844,54.413804],[-5.548695,54.442816],[-5.558013,54.511908],[-5.701975,54.577704],[-5.715647,54.536689],[-5.636952,54.52204],[-5.66393,54.510199],[-5.6256,54.461005],[-5.653554,54.388983],[-5.697906,54.362291],[-5.579701,54.383694],[-5.550526,54.365424],[-5.553049,54.298529],[-5.639963,54.235053],[-5.86205,54.230536],[-5.911977,54.091295],[-6.079579,54.034573],[-6.185862,54.092678],[-6.28465,54.105226],[-6.368108,54.097319],[-6.426761,54.05541],[-6.630624,54.041819],[-6.666436,54.114786],[-6.634552,54.150133],[-6.648448,54.173665],[-6.787824,54.202998],[-6.882185,54.277257],[-6.856657,54.292811],[-6.885957,54.345624],[-7.017836,54.413166],[-7.185629,54.336943],[-7.206661,54.304903],[-7.14589,54.25209],[-7.153331,54.224237],[-7.249088,54.197416],[-7.280042,54.126155],[-7.325982,54.154577],[-7.310324,54.114683],[-7.439619,54.146929],[-7.609014,54.139901],[-7.70477,54.200362],[-7.856441,54.211421],[-7.894966,54.293586],[-7.96801,54.31219],[-8.173837,54.461741],[-8.072448,54.487063],[-8.002194,54.543442],[-7.887137,54.532125],[-7.707871,54.604162],[-7.846416,54.631447],[-7.929666,54.696714],[-7.845899,54.731027],[-7.770503,54.706016],[-7.556149,54.738365],[-7.549741,54.779603],[-7.45507,54.863009],[-7.405254,55.003569],[-7.2471,55.069322]]],[[[-2.665354,51.617255],[-2.858713,51.546129],[-2.984039,51.558539],[-3.166656,51.456],[-3.184804,51.39761],[-3.539174,51.398505],[-3.73762,51.490871],[-3.782216,51.576646],[-3.854888,51.623847],[-3.98998,51.606513],[-3.974599,51.562974],[-4.213368,51.53913],[-4.293324,51.559149],[-4.289703,51.601549],[-4.241282,51.63935],[-4.139027,51.63231],[-4.070221,51.662299],[-4.315297,51.677476],[-4.379262,51.726874],[-4.310455,51.73371],[-4.371816,51.754788],[-4.358022,51.773139],[-4.426503,51.775295],[-4.460764,51.735785],[-4.639231,51.733181],[-4.71231,51.650092],[-4.848297,51.646308],[-4.941029,51.596503],[-5.021596,51.616034],[-5.11974,51.678412],[-4.844838,51.713813],[-4.879018,51.76203],[-4.82433,51.788275],[-4.921295,51.780015],[-4.892079,51.739407],[-4.910553,51.718207],[-5.149241,51.718085],[-5.182851,51.689276],[-5.230133,51.730048],[-5.11026,51.77851],[-5.117502,51.843695],[-5.300689,51.882025],[-5.298329,51.910956],[-5.088043,51.97602],[-5.070221,52.026353],[-4.84142,52.014838],[-4.720286,52.113349],[-4.673451,52.097398],[-4.675689,52.126939],[-4.637522,52.138495],[-4.513824,52.135688],[-4.197133,52.279283],[-4.096262,52.387885],[-4.062571,52.520982],[-3.947336,52.549262],[-4.053131,52.542426],[-4.114125,52.588609],[-4.105946,52.65351],[-4.001088,52.724107],[-4.144358,52.802802],[-4.129872,52.889228],[-4.064036,52.919176],[-4.406606,52.892524],[-4.481679,52.850898],[-4.509185,52.791449],[-4.606516,52.81509],[-4.762847,52.789496],[-4.596059,52.928412],[-4.358225,53.028469],[-4.343861,53.10106],[-4.177968,53.217597],[-3.831288,53.28913],[-3.870758,53.325629],[-3.840566,53.332831],[-3.602203,53.288886],[-3.330312,53.351793],[-3.095123,53.239325],[-3.084543,53.275458],[-3.185211,53.377265],[-3.058258,53.43476],[-2.8815,53.288398],[-2.775502,53.299872],[-2.708608,53.346137],[-2.810333,53.321723],[-2.924957,53.350002],[-3.099477,53.572008],[-2.911448,53.725043],[-3.049184,53.769517],[-3.05663,53.906155],[-2.896108,53.94774],[-2.834462,53.999823],[-2.916086,54.026557],[-2.795969,54.12519],[-2.850942,54.184638],[-2.802805,54.248725],[-2.939198,54.155097],[-2.984202,54.153144],[-3.049184,54.222073],[-3.05663,54.170233],[-3.144399,54.075141],[-3.231109,54.105129],[-3.248402,54.173651],[-3.215199,54.179836],[-3.207387,54.263007],[-3.232167,54.202541],[-3.306793,54.191881],[-3.394195,54.26439],[-3.413442,54.342963],[-3.634185,54.512885],[-3.516021,54.712877],[-3.439565,54.761461],[-3.387929,54.883368],[-3.254628,54.899807],[-3.317291,54.920315],[-3.291493,54.936672],[-3.122792,54.932685],[-3.03954,54.94717],[-3.090728,54.954413],[-3.040924,54.97248],[-3.570546,54.995429],[-3.581695,54.883612],[-3.844309,54.866278],[-3.8579,54.84455],[-3.823842,54.824693],[-4.011708,54.768215],[-4.042877,54.769477],[-4.063588,54.82685],[-4.083852,54.776923],[-4.122955,54.773017],[-4.209137,54.826239],[-4.200551,54.866278],[-4.270741,54.839423],[-4.402903,54.907294],[-4.417226,54.845933],[-4.347646,54.807318],[-4.371897,54.682278],[-4.496734,54.700629],[-4.596669,54.775295],[-4.85912,54.866278],[-4.925771,54.837388],[-4.95287,54.788967],[-4.867258,54.690131],[-4.85912,54.632961],[-4.944081,54.652777],[-4.959055,54.720933],[-5.157135,54.879096],[-5.177602,54.990546],[-5.115142,55.031562],[-5.047515,54.920315],[-4.995595,54.920315],[-5.049672,55.048977],[-5.007802,55.141181],[-4.882395,55.218573],[-4.758778,55.402289],[-4.650502,55.448472],[-4.617787,55.495592],[-4.687164,55.544135],[-4.666249,55.562201],[-4.692738,55.605211],[-4.808746,55.633612],[-4.920522,55.708564],[-4.861073,55.756741],[-4.886464,55.919664],[-4.785797,55.956977],[-4.481679,55.92829],[-4.673451,55.961859],[-4.783437,56.017646],[-4.82372,56.073676],[-4.837554,56.050605],[-4.77892,55.992092],[-4.851552,55.988023],[-4.866851,56.058336],[-4.755442,56.188381],[-4.873118,56.112006],[-4.893544,56.174262],[-4.920522,56.167914],[-4.88622,56.08039],[-4.89802,56.001166],[-4.954701,55.996568],[-4.913686,55.961859],[-4.99474,55.869818],[-5.026357,55.873725],[-5.123606,56.009914],[-5.078236,55.910956],[-5.171539,55.935533],[-5.180653,55.969306],[-5.242055,55.89289],[-5.20108,55.831488],[-5.296702,55.852688],[-5.334828,55.896674],[-5.338287,55.996568],[-5.204498,56.119452],[-5.104604,56.151516],[-4.920522,56.277777],[-5.064565,56.229315],[-5.368642,56.009426],[-5.43456,56.01496],[-5.454986,55.955634],[-5.317779,55.783026],[-5.433461,55.721015],[-5.490102,55.644599],[-5.46109,55.578803],[-5.584625,55.427436],[-5.525054,55.358629],[-5.616282,55.306586],[-5.782867,55.313544],[-5.791412,55.398627],[-5.725413,55.437567],[-5.721832,55.564602],[-5.669423,55.660712],[-5.454986,55.845771],[-5.61262,55.763861],[-5.669016,55.837836],[-5.586293,55.923326],[-5.671702,55.886908],[-5.694163,55.904975],[-5.57665,56.032538],[-5.6256,56.024482],[-5.690785,55.937649],[-5.696441,55.982164],[-5.564605,56.09809],[-5.539459,56.086859],[-5.558705,56.130805],[-5.509633,56.188381],[-5.605784,56.13996],[-5.547231,56.24018],[-5.49474,56.253119],[-5.598053,56.258612],[-5.572581,56.32807],[-5.44811,56.359687],[-5.537506,56.359687],[-5.457021,56.440863],[-5.20873,56.446845],[-5.064565,56.565131],[-5.190175,56.468655],[-5.378082,56.45897],[-5.410553,56.503648],[-5.454986,56.46955],[-5.433339,56.523627],[-5.356679,56.51968],[-5.242055,56.565131],[-5.41393,56.544664],[-5.286773,56.674994],[-5.012807,56.709296],[-5.238271,56.71662],[-5.11974,56.818427],[-5.667388,56.498481],[-5.758209,56.529975],[-5.755198,56.554023],[-5.85436,56.550482],[-6.008168,56.642279],[-5.839182,56.626532],[-5.855621,56.644721],[-5.759999,56.700751],[-5.543691,56.695461],[-5.749989,56.714545],[-5.896799,56.675116],[-6.186594,56.681098],[-6.234486,56.728583],[-5.979888,56.781562],[-5.860911,56.7508],[-5.886342,56.784857],[-5.756663,56.784857],[-5.850819,56.81802],[-5.66039,56.872992],[-5.744496,56.854153],[-5.783925,56.859931],[-5.735504,56.89411],[-5.921132,56.89411],[-5.852203,56.900336],[-5.880116,56.922024],[-5.831695,56.997138],[-5.755238,57.026557],[-5.6256,56.97663],[-5.523264,56.997138],[-5.670318,57.003974],[-5.701975,57.044908],[-5.780181,57.051744],[-5.776194,57.075832],[-5.645863,57.129462],[-5.558258,57.100409],[-5.407216,57.106391],[-5.547719,57.110093],[-5.668446,57.14765],[-5.673818,57.174994],[-5.644154,57.233222],[-5.578236,57.26675],[-5.407216,57.229926],[-5.492502,57.270901],[-5.440663,57.311835],[-5.57844,57.277655],[-5.72057,57.284491],[-5.701975,57.332343],[-5.501291,57.370998],[-5.44811,57.421698],[-5.563466,57.363105],[-5.639963,57.373928],[-5.617747,57.410102],[-5.707183,57.359768],[-5.807769,57.354926],[-5.821889,57.435533],[-5.870513,57.48078],[-5.839182,57.579291],[-5.650868,57.512641],[-5.516835,57.534857],[-5.588368,57.561021],[-5.66039,57.544582],[-5.811187,57.655097],[-5.75357,57.707465],[-5.681956,57.698717],[-5.803822,57.743842],[-5.807362,57.84394],[-5.751129,57.873358],[-5.674062,57.8605],[-5.667958,57.806952],[-5.622141,57.770209],[-5.587026,57.81859],[-5.637563,57.86636],[-5.620758,57.920885],[-5.550526,57.915107],[-5.556264,57.887763],[-5.48705,57.855862],[-5.454986,57.853705],[-5.414906,57.908149],[-5.221588,57.846869],[-5.392893,57.935614],[-5.347157,57.936713],[-5.07079,57.833197],[-5.221588,57.921332],[-5.195546,57.947659],[-5.216705,57.965888],[-5.427642,58.031195],[-5.41393,58.052314],[-5.447011,58.084377],[-5.276763,58.086412],[-5.297353,58.134833],[-5.255523,58.143785],[-5.392893,58.244696],[-5.375885,58.264228],[-5.276967,58.243394],[-5.129384,58.271389],[-4.933583,58.223049],[-4.982004,58.250922],[-4.940338,58.259467],[-5.096425,58.27676],[-5.17101,58.346666],[-5.143056,58.414781],[-5.016184,58.388129],[-5.098053,58.414781],[-5.10554,58.43651],[-5.05012,58.453803],[-4.995595,58.43651],[-5.10554,58.487372],[-5.103668,58.514228],[-5.016184,58.559394],[-4.988189,58.628323],[-4.835927,58.605048],[-4.818105,58.524644],[-4.776519,58.607164],[-4.660024,58.555854],[-4.751536,58.461615],[-4.612131,58.524644],[-4.58495,58.574164],[-4.426503,58.546373],[-4.495351,58.44953],[-4.343861,58.538886],[-4.234731,58.524644],[-4.029042,58.59516],[-3.895741,58.565619],[-3.597564,58.627143],[-3.364084,58.600816],[-3.350819,58.620836],[-3.412913,58.655585],[-3.358266,58.675482],[-3.34789,58.652045],[-3.019114,58.640326],[-3.129262,58.512641],[-3.053334,58.465766],[-3.129791,58.369289],[-3.22053,58.305569],[-3.384999,58.264594],[-3.515289,58.168402],[-3.809193,58.051907],[-3.88561,57.9914],[-4.023061,57.943061],[-4.084381,57.964179],[-3.988271,57.908271],[-4.009348,57.867906],[-4.298899,57.862779],[-4.392405,57.908271],[-4.307729,57.851467],[-4.039906,57.818183],[-3.98351,57.842353],[-3.914784,57.807685],[-3.786041,57.865424],[-3.782216,57.839423],[-3.975209,57.703274],[-4.008046,57.693793],[-4.042958,57.737291],[-4.294789,57.680162],[-4.420318,57.592963],[-4.201894,57.674994],[-4.004506,57.675971],[-4.187489,57.558824],[-4.262603,57.552069],[-4.207997,57.538398],[-4.248931,57.497463],[-4.173899,57.497463],[-4.034983,57.556871],[-4.083852,57.586127],[-3.837473,57.592963],[-3.625152,57.661933],[-3.637685,57.646226],[-3.590972,57.641425],[-3.611562,57.668118],[-3.535756,57.661933],[-3.482818,57.714016],[-3.421254,57.721381],[-3.034901,57.668606],[-2.932688,57.699612],[-2.432851,57.668118],[-1.99767,57.702826],[-1.829457,57.613471],[-1.759348,57.473578],[-1.980295,57.319281],[-2.068512,57.174628],[-2.065256,57.100531],[-2.18692,56.984687],[-2.219879,56.872626],[-2.426422,56.751288],[-2.514556,56.591498],[-2.727651,56.46955],[-3.055653,56.452135],[-3.238189,56.367743],[-3.323476,56.365912],[-3.230621,56.356024],[-2.884999,56.457994],[-2.814768,56.440416],[-2.804758,56.349107],[-2.576812,56.283922],[-2.648346,56.228705],[-2.806142,56.188381],[-2.964345,56.205634],[-3.127553,56.12287],[-3.178375,56.058092],[-3.342681,56.027167],[-3.671498,56.050849],[-3.837473,56.112616],[-3.656239,56.010199],[-3.096832,55.951972],[-2.939931,55.969306],[-2.802805,56.064846],[-2.635121,56.058051],[-2.578359,56.008002],[-2.14684,55.917304],[-1.816477,55.63288],[-1.768625,55.641913],[-1.74767,55.619208],[-1.767974,55.619208],[-1.630849,55.58511],[-1.522125,55.167467],[-1.370229,54.975531],[-1.275461,54.74844],[-1.172231,54.701239],[-1.192616,54.693793],[-1.164703,54.652777],[-1.206288,54.632961],[-1.152659,54.613186],[-1.138051,54.646552],[-0.562978,54.477362],[-0.447743,54.373196],[-0.370473,54.247707],[-0.277089,54.21776],[-0.233876,54.160468],[-0.07551,54.112128],[-0.16393,54.083401],[-0.219472,54.022773],[-0.151112,53.899319],[0.133474,53.642646],[0.136892,53.577135],[0.10963,53.562893],[0.120209,53.618109],[0.056163,53.641262],[-0.11262,53.637519],[-0.260365,53.735419],[-0.544423,53.709459],[-0.637034,53.732001],[-0.726471,53.700629],[-0.619537,53.711859],[-0.529937,53.67768],[-0.279368,53.707099],[-0.188629,53.620429],[0.219493,53.419501],[0.356212,53.188544],[0.335785,53.093451],[0.008556,52.898627],[0.09254,52.892524],[0.246755,52.795722],[0.325531,52.803168],[0.369884,52.773017],[0.485688,52.933498],[0.569591,52.969306],[1.013927,52.96015],[0.991547,52.967475],[0.966075,52.967597],[1.274669,52.929185],[1.644216,52.775824],[1.747244,52.62519],[1.771169,52.485907],[1.630544,52.270453],[1.582286,52.081488],[1.466807,52.048],[1.332286,51.94009],[1.157888,52.02851],[1.274425,51.960883],[1.069102,51.953437],[1.281993,51.946601],[1.199555,51.877672],[1.288259,51.860582],[1.219249,51.811835],[1.06544,51.775295],[0.98878,51.830268],[0.835704,51.73371],[0.698578,51.720038],[0.760753,51.692694],[0.945567,51.73371],[0.92449,51.588324],[0.771251,51.528266],[0.456065,51.505561],[0.384532,51.453111],[0.534841,51.491685],[0.694835,51.477037],[0.721934,51.456285],[0.569102,51.399604],[0.712901,51.384223],[0.700369,51.409817],[0.72641,51.419013],[0.753429,51.371527],[0.977224,51.349189],[1.448253,51.38288],[1.425141,51.332953],[1.382986,51.329779],[1.413097,51.221747],[1.384451,51.151679],[1.066905,51.064399],[0.97641,50.994452],[0.979828,50.918158],[0.762462,50.930894],[0.624197,50.85871],[0.370291,50.818793],[0.271007,50.747382],[-0.269683,50.831285],[-0.758209,50.777086],[-0.789947,50.730048],[-0.904124,50.771877],[-0.863637,50.802069],[-0.929799,50.839993],[-1.020741,50.843655],[-1.082753,50.780951],[-1.08731,50.849799],[-1.14981,50.846666],[-1.138051,50.780951],[-1.44929,50.912055],[-1.317291,50.800238],[-1.524729,50.761054],[-1.5572,50.723293],[-1.693023,50.739936],[-1.929107,50.695868],[-2.033844,50.737128],[-2.082672,50.698961],[-2.035634,50.713324],[-1.932485,50.644436],[-1.983713,50.596625],[-2.398346,50.645575],[-2.460072,50.606513],[-2.431223,50.570258],[-2.459543,50.527655],[-2.48351,50.590399],[-2.692942,50.692816],[-2.864817,50.733791],[-3.259836,50.674547],[-3.368153,50.617092],[-3.464426,50.678534],[-3.442047,50.623521],[-3.505971,50.520819],[-3.487457,50.459418],[-3.556264,50.432115],[-3.487457,50.411566],[-3.526926,50.349799],[-3.621571,50.321926],[-3.645619,50.22602],[-3.826324,50.234198],[-3.949941,50.318996],[-4.054351,50.30036],[-4.108266,50.336615],[-4.10497,50.370673],[-4.165517,50.37637],[-4.183909,50.431708],[-4.159535,50.459418],[-4.200551,50.459418],[-4.234731,50.4383],[-4.228505,50.397366],[-4.289906,50.397366],[-4.193756,50.376899],[-4.228505,50.370673],[-4.180043,50.356391],[-4.193756,50.322252],[-4.337717,50.370673],[-4.495351,50.328437],[-4.687164,50.342719],[-4.752105,50.330308],[-4.788442,50.242092],[-4.947255,50.199368],[-5.002431,50.14411],[-5.020375,50.191962],[-5.052968,50.195787],[-5.043446,50.14411],[-5.125966,50.09634],[-5.07079,50.089504],[-5.069488,50.042182],[-5.187734,49.964504],[-5.240387,49.988349],[-5.304351,50.080268],[-5.458119,50.125881],[-5.540924,50.113471],[-5.563466,50.059638],[-5.705149,50.052314],[-5.684641,50.161526],[-5.510976,50.219468],[-5.437978,50.194322],[-5.314849,50.253607],[-5.163564,50.347235],[-5.153676,50.399482],[-5.050282,50.428697],[-5.015614,50.538031],[-4.954823,50.561225],[-4.933583,50.52025],[-4.860951,50.519192],[-4.921864,50.554877],[-4.920522,50.582953],[-4.79247,50.595201],[-4.751943,50.670071],[-4.657297,50.711127],[-4.55012,50.809556],[-4.526438,51.01496],[-4.317291,51.000678],[-4.218495,51.072455],[-4.249013,51.14289],[-4.209828,51.172838],[-4.228505,51.186225],[-3.787099,51.246772],[-3.384999,51.186225],[-3.029286,51.220404],[-3.035553,51.199286],[-2.999582,51.233222],[-3.02184,51.322821],[-2.992177,51.321926],[-2.97468,51.384223],[-2.71642,51.499579],[-2.568959,51.644965],[-2.380767,51.761908],[-2.398061,51.782131],[-2.482086,51.742865],[-2.665354,51.617255]]],[[[-1.082753,50.713324],[-1.062327,50.692816],[-1.156361,50.650784],[-1.164133,50.619371],[-1.279205,50.582506],[-1.485951,50.669338],[-1.569488,50.658026],[-1.318512,50.772162],[-1.082753,50.713324]]],[[[-0.959869,50.808254],[-0.945627,50.791815],[-1.020741,50.788398],[-0.972564,50.829779],[-0.959869,50.808254]]],[[[0.911469,51.412177],[0.936371,51.371039],[0.79477,51.370551],[0.733897,51.412177],[0.766938,51.447943],[0.911469,51.412177]]],[[[-4.57726,53.27204],[-4.558461,53.252753],[-4.581899,53.242011],[-4.693959,53.302802],[-4.618886,53.317084],[-4.57726,53.27204]]],[[[-4.098134,53.309638],[-4.042877,53.302802],[-4.222035,53.182115],[-4.412831,53.132066],[-4.39037,53.173082],[-4.481679,53.179877],[-4.571034,53.275458],[-4.571034,53.392768],[-4.343495,53.420071],[-4.286529,53.40644],[-4.207428,53.3039],[-4.098134,53.309638]]],[[[-6.236399,55.311347],[-6.184804,55.30683],[-6.17809,55.280585],[-6.194814,55.262926],[-6.21109,55.295315],[-6.283559,55.297065],[-6.236399,55.311347]]],[[[-5.07079,55.509345],[-5.117787,55.439765],[-5.304677,55.462144],[-5.345693,55.482652],[-5.392893,55.646552],[-5.271352,55.723822],[-5.198313,55.704332],[-5.094228,55.566555],[-5.111562,55.519924],[-5.07079,55.509345]]],[[[-5.029775,55.749498],[-5.028798,55.723334],[-5.11559,55.784369],[-5.200795,55.895494],[-5.1669,55.920844],[-5.080922,55.879584],[-5.02892,55.819281],[-5.029775,55.749498]]],[[[-6.030385,55.729071],[-6.023508,55.688137],[-6.082428,55.652086],[-6.202545,55.630561],[-6.287343,55.578437],[-6.319244,55.628241],[-6.243235,55.660142],[-6.316762,55.715074],[-6.249989,55.776842],[-6.328725,55.783149],[-6.450307,55.682563],[-6.490956,55.67182],[-6.502431,55.697659],[-6.448638,55.776842],[-6.482167,55.790473],[-6.445221,55.848822],[-6.33137,55.88996],[-6.310902,55.818427],[-6.296986,55.867174],[-6.149078,55.935207],[-6.123687,55.935492],[-6.099233,55.801011],[-6.030385,55.729071]]],[[[-6.205719,56.102729],[-6.13801,56.124701],[-6.194325,56.035305],[-6.269887,56.037543],[-6.205719,56.102729]]],[[[-5.797597,56.112616],[-5.715932,56.153144],[-5.687978,56.124091],[-5.955393,55.820054],[-5.987538,55.794623],[-6.062408,55.809475],[-6.075185,55.915961],[-5.886342,55.976142],[-5.995595,55.986029],[-5.924428,56.055976],[-5.797597,56.112616]]],[[[-5.688303,56.202053],[-5.673655,56.178941],[-5.749135,56.161078],[-5.688303,56.202053]]],[[[-5.633127,56.263495],[-5.61262,56.263495],[-5.637441,56.189276],[-5.666656,56.22248],[-5.633127,56.263495]]],[[[-5.633127,56.318752],[-5.59789,56.321845],[-5.621693,56.276068],[-5.633127,56.318752]]],[[[-5.557973,56.414293],[-5.502756,56.421129],[-5.584625,56.38703],[-5.557973,56.414293]]],[[[-6.160024,56.46955],[-6.263661,56.483222],[-6.215321,56.503648],[-6.160024,56.46955]]],[[[-6.818593,56.537828],[-6.729237,56.530341],[-6.902455,56.443752],[-6.979726,56.487128],[-6.818593,56.537828]]],[[[-5.688303,56.434801],[-5.670318,56.393785],[-5.74234,56.414293],[-5.783925,56.373358],[-5.712229,56.380194],[-5.71996,56.352769],[-5.808705,56.318915],[-5.880116,56.325588],[-5.853505,56.343695],[-5.87267,56.357733],[-6.054555,56.294501],[-6.279286,56.264106],[-6.360178,56.303616],[-6.335439,56.34455],[-6.247222,56.311672],[-6.249989,56.332343],[-6.020823,56.382025],[-6.178944,56.359931],[-6.198842,56.390326],[-6.126536,56.448432],[-6.02184,56.464097],[-6.016672,56.503648],[-6.127431,56.474351],[-6.174306,56.516669],[-6.32433,56.544257],[-6.290395,56.571967],[-6.319203,56.59398],[-6.190745,56.644924],[-6.058258,56.640204],[-5.952138,56.524156],[-5.804189,56.517768],[-5.653554,56.427965],[-5.688303,56.434801]]],[[[-6.459218,56.678127],[-6.616322,56.575181],[-6.696278,56.575995],[-6.559234,56.665269],[-6.459218,56.678127]]],[[[-7.393951,57.010199],[-7.381988,56.987535],[-7.445302,56.947089],[-7.556223,56.962633],[-7.449208,57.05858],[-7.393951,57.010199]]],[[[-6.325185,57.05858],[-6.243235,57.010199],[-6.276031,56.953111],[-6.341868,56.941881],[-6.436757,56.998481],[-6.325185,57.05858]]],[[[-6.606353,57.051744],[-6.537465,57.072821],[-6.501536,57.063666],[-6.606353,57.051744]]],[[[-5.958608,57.284491],[-6.007802,57.303616],[-5.98998,57.325507],[-5.929351,57.307196],[-5.958608,57.284491]]],[[[-7.243764,57.325507],[-7.195424,57.305609],[-7.249582,57.244696],[-7.353017,57.242906],[-7.271067,57.216254],[-7.259918,57.159817],[-7.346181,57.154771],[-7.215891,57.120063],[-7.353017,57.099555],[-7.455434,57.236721],[-7.389719,57.311957],[-7.428131,57.3876],[-7.362864,57.407864],[-7.222646,57.346584],[-7.393951,57.380764],[-7.243764,57.325507]]],[[[-7.26358,57.4831],[-7.202138,57.462633],[-7.2447,57.449652],[-7.204091,57.425442],[-7.292063,57.404731],[-7.396148,57.433987],[-7.369618,57.489325],[-7.26358,57.4831]]],[[[-6.064443,57.346584],[-6.069081,57.436103],[-6.016672,57.462633],[-6.009836,57.511054],[-5.987213,57.502875],[-6.017649,57.418199],[-6.006459,57.339789],[-6.064443,57.346584]]],[[[-5.968251,57.51789],[-5.98998,57.532945],[-5.961903,57.577297],[-5.968251,57.51789]]],[[[-7.129384,57.652899],[-7.065053,57.633979],[-7.113108,57.60871],[-7.215891,57.641425],[-7.106028,57.592963],[-7.1256,57.571112],[-7.312082,57.552069],[-7.137685,57.545111],[-7.157541,57.511054],[-7.287465,57.508775],[-7.346181,57.544582],[-7.318267,57.552069],[-7.54483,57.592963],[-7.476552,57.661933],[-7.387115,57.661933],[-7.414418,57.648261],[-7.396555,57.635321],[-7.312082,57.688544],[-7.332509,57.661933],[-7.256744,57.648261],[-7.277252,57.661933],[-7.181711,57.688544],[-7.189117,57.655097],[-7.129384,57.652899]]],[[[-6.564117,57.346584],[-6.695953,57.364407],[-6.783844,57.456448],[-6.722401,57.456448],[-6.745229,57.475898],[-6.715932,57.514228],[-6.606801,57.443915],[-6.630605,57.501776],[-6.564117,57.503607],[-6.654775,57.552069],[-6.619781,57.607164],[-6.564117,57.558824],[-6.420766,57.51789],[-6.443471,57.488105],[-6.400258,57.520982],[-6.310902,57.462633],[-6.389556,57.552476],[-6.359853,57.592963],[-6.41454,57.633979],[-6.317494,57.697699],[-6.153879,57.589545],[-6.136057,57.46133],[-6.178863,57.403551],[-6.117909,57.397773],[-6.135243,57.357367],[-6.105702,57.339667],[-6.140289,57.312445],[-6.0454,57.308295],[-6.078114,57.284491],[-5.88622,57.242092],[-5.767893,57.277411],[-5.647369,57.264635],[-5.690907,57.189521],[-5.782053,57.166246],[-5.918853,57.050116],[-6.006744,57.028388],[-6.030385,57.044908],[-5.961822,57.142157],[-5.845367,57.181464],[-5.986236,57.174628],[-6.044016,57.229926],[-6.034088,57.181098],[-6.088612,57.127427],[-6.120961,57.193793],[-6.174306,57.201972],[-6.15982,57.187649],[-6.318349,57.161038],[-6.276723,57.195746],[-6.345611,57.1883],[-6.379791,57.22309],[-6.359486,57.229438],[-6.482167,57.311835],[-6.416412,57.33454],[-6.310902,57.298163],[-6.450551,57.346503],[-6.52123,57.407864],[-6.571523,57.3876],[-6.564117,57.346584]]],[[[-7.222646,57.709662],[-7.161204,57.737006],[-7.170033,57.715155],[-7.222646,57.709662]]],[[[-8.621002,57.833197],[-8.569081,57.823676],[-8.590891,57.804755],[-8.621002,57.833197]]],[[[-7.044586,57.902086],[-7.079335,57.880316],[-7.015533,57.921942],[-6.99706,57.893541],[-7.044586,57.902086]]],[[[-6.87328,58.216783],[-6.880035,58.257758],[-6.801991,58.226142],[-6.87328,58.216783]]],[[[-6.955149,57.743842],[-7.124623,57.830756],[-7.079335,57.81269],[-6.914174,57.867906],[-6.962554,57.887844],[-6.832265,57.902086],[-6.839101,57.928778],[-7.112782,57.99022],[-6.934641,58.052314],[-7.058217,58.038642],[-7.024037,58.079576],[-7.067494,58.06273],[-7.104888,58.094794],[-7.112782,58.175849],[-7.017201,58.189439],[-7.058217,58.213365],[-7.030873,58.244696],[-6.907338,58.216783],[-6.937082,58.211005],[-6.872874,58.116889],[-6.873931,58.179389],[-6.709381,58.189439],[-6.807729,58.285468],[-6.715566,58.339667],[-6.557485,58.368557],[-6.267405,58.51203],[-6.223053,58.499213],[-6.169993,58.429999],[-6.215321,58.367621],[-6.16747,58.353949],[-6.366119,58.23725],[-6.270904,58.216498],[-6.161122,58.258979],[-6.163319,58.233588],[-6.233551,58.184272],[-6.384674,58.209703],[-6.390696,58.133531],[-6.603179,58.085639],[-6.420644,58.105658],[-6.366119,58.058539],[-6.424469,58.003892],[-6.539296,58.017279],[-6.455474,57.969713],[-6.559804,57.915229],[-6.634999,57.951606],[-6.620025,57.928168],[-6.651194,57.923814],[-6.709381,58.003892],[-6.665842,58.044664],[-6.59203,58.052314],[-6.688303,58.058539],[-6.764027,58.003892],[-6.660959,57.880316],[-6.777659,57.902086],[-6.797353,57.887397],[-6.740712,57.845038],[-6.755605,57.826483],[-6.852691,57.833197],[-6.839101,57.81269],[-6.955149,57.743842]]],[[[-2.952952,58.839993],[-2.883656,58.83218],[-2.939931,58.730699],[-3.015696,58.812649],[-2.967193,58.812649],[-3.035553,58.820054],[-2.952952,58.839993]]],[[[-3.248402,58.792182],[-3.131703,58.806464],[-3.299306,58.77912],[-3.378774,58.874091],[-3.42219,58.87401],[-3.418446,58.904486],[-3.349355,58.928534],[-3.246083,58.896186],[-3.172719,58.826321],[-3.248402,58.792182]]],[[[-2.727651,58.970893],[-2.706532,58.93244],[-2.839345,58.882636],[-2.993764,58.958808],[-3.202789,58.91592],[-3.238515,58.950914],[-3.220448,59.024115],[-3.267486,59.014716],[-3.289418,58.956692],[-3.323232,58.95718],[-3.366689,59.016099],[-3.323801,59.127427],[-3.182729,59.147162],[-2.994496,59.07331],[-3.113922,59.008205],[-3.09732,58.994045],[-2.790151,58.992255],[-2.826243,58.937405],[-2.794789,58.926093],[-2.727651,58.970893]]],[[[-2.541982,59.120551],[-2.51476,59.093817],[-2.59732,59.07331],[-2.634429,59.108629],[-2.670725,59.081529],[-2.617787,59.127997],[-2.655181,59.151272],[-2.62564,59.162421],[-2.541982,59.120551]]],[[[-3.004791,59.127997],[-3.091786,59.142808],[-3.102406,59.190253],[-2.952952,59.183173],[-3.004791,59.127997]]],[[[-2.830068,59.196845],[-2.785959,59.196845],[-2.787913,59.247219],[-2.727651,59.224189],[-2.781361,59.141425],[-2.830068,59.196845]]],[[[-2.446401,59.293036],[-2.404897,59.316352],[-2.395497,59.295071],[-2.681874,59.196357],[-2.687978,59.217963],[-2.591135,59.278754],[-2.611562,59.293036],[-2.522125,59.306708],[-2.576812,59.271308],[-2.551625,59.270819],[-2.446401,59.293036]]],[[[-3.049184,59.31977],[-3.073354,59.32453],[-2.946685,59.353909],[-2.980946,59.325914],[-2.830068,59.258287],[-2.885365,59.230414],[-2.920318,59.283149],[-3.008168,59.271308],[-3.049184,59.31977]]],[[[-1.651275,59.528957],[-1.583119,59.559963],[-1.59675,59.53205],[-1.651275,59.528957]]],[[[-0.784576,60.615139],[-0.758372,60.607571],[-0.785227,60.576321],[-0.883534,60.570543],[-0.938832,60.621324],[-0.784576,60.615139]]],[[[-1.097035,60.41649],[-1.034413,60.450629],[-1.119252,60.391303],[-1.068267,60.396308],[-1.079172,60.355048],[-1.157216,60.350775],[-1.075307,60.32095],[-1.137115,60.279771],[-1.095855,60.275092],[-1.164703,60.25141],[-1.182932,60.271918],[-1.21939,60.238349],[-1.179026,60.232164],[-1.199452,60.20425],[-1.157867,60.224677],[-1.187245,60.19123],[-1.123769,60.155829],[-1.199452,60.129096],[-1.174428,60.060289],[-1.21939,60.03974],[-1.192616,59.997504],[-1.247304,59.997504],[-1.260976,59.8664],[-1.375966,59.908637],[-1.262603,60.115058],[-1.288889,60.155829],[-1.269358,60.185452],[-1.294057,60.179674],[-1.277699,60.233222],[-1.329254,60.20425],[-1.411122,60.258857],[-1.356557,60.196763],[-1.398101,60.211086],[-1.437734,60.163398],[-1.494293,60.170111],[-1.517934,60.184516],[-1.4794,60.214016],[-1.503651,60.243354],[-1.536773,60.210924],[-1.615142,60.215725],[-1.690175,60.285142],[-1.481435,60.316474],[-1.46642,60.278713],[-1.42276,60.326117],[-1.364003,60.2862],[-1.33609,60.306627],[-1.364003,60.32095],[-1.343495,60.347602],[-1.260365,60.355048],[-1.343495,60.395982],[-1.384429,60.382392],[-1.384429,60.41649],[-1.439036,60.430813],[-1.445953,60.492255],[-1.480092,60.457465],[-1.480092,60.485419],[-1.606679,60.477973],[-1.526967,60.55683],[-1.455068,60.508857],[-1.384429,60.512112],[-1.463857,60.537421],[-1.457997,60.56387],[-1.394154,60.614325],[-1.315541,60.594062],[-1.301422,60.643052],[-1.301422,60.564846],[-1.33609,60.525784],[-1.31192,60.470893],[-1.370229,60.409654],[-1.233632,60.443793],[-1.280995,60.461859],[-1.271962,60.48428],[-1.260365,60.464911],[-1.19929,60.492377],[-1.157867,60.443793],[-1.224192,60.411444],[-1.151723,60.388577],[-1.097035,60.41649]]],[[[-0.987172,60.697699],[-0.993479,60.635647],[-1.062327,60.662909],[-1.013905,60.615139],[-1.069163,60.615139],[-1.020741,60.594062],[-1.010732,60.565497],[-1.04186,60.553046],[-1.020741,60.51553],[-1.153879,60.508368],[-1.180043,60.624661],[-1.138051,60.649237],[-1.103424,60.615139],[-1.113922,60.714748],[-0.993479,60.731147],[-0.987172,60.697699]]],[[[-0.904693,60.684027],[-0.966176,60.690172],[-0.938832,60.79267],[-0.870107,60.845201],[-0.856191,60.823961],[-0.891021,60.79267],[-0.831776,60.840277],[-0.763905,60.825426],[-0.842763,60.724026],[-0.846181,60.675971],[-0.904693,60.684027]]],[[[-6.298818,49.935492],[-6.284169,49.922756],[-6.309153,49.913642],[-6.298818,49.935492]]],[[[-6.333648,49.959703],[-6.332509,49.941718],[-6.348053,49.956204],[-6.333648,49.959703]]],[[[-4.665435,51.18358],[-4.678538,51.16706],[-4.676422,51.193101],[-4.665435,51.18358]]],[[[-13.690419,57.596259],[-13.690419,57.597805],[-13.687652,57.596869],[-13.690419,57.596259]]],[[[-1.315094,60.093736],[-1.333567,60.043606],[-1.333119,60.073676],[-1.353871,60.051215],[-1.346995,60.10456],[-1.315094,60.093736]]],[[[-2.053212,60.155504],[-2.048085,60.129218],[-2.105377,60.132066],[-2.053212,60.155504]]],[[[-1.062856,60.164049],[-1.073801,60.107733],[-1.112945,60.116278],[-1.13565,60.167955],[-1.062856,60.164049]]],[[[-0.918772,60.386176],[-1.015207,60.334133],[-1.006418,60.368964],[-0.918772,60.386176]]]]}},{"type":"Feature","properties":{"iso3":"GRC","name":"Greece","continent":"Europe"},"geometry":{"type":"MultiPolygon","coordinates":[[[[20.965262,40.849394],[21.112127,40.853942],[21.183027,40.870168],[21.295372,40.860866],[21.344878,40.873062],[21.381258,40.900502],[21.404926,40.908615],[21.505731,40.900903],[21.55365,40.870426],[21.581556,40.866292],[21.623724,40.894404],[21.648838,40.895799],[21.654833,40.9143],[21.685115,40.927994],[21.736998,40.919157],[21.765524,40.923911],[21.778133,40.93373],[21.783714,40.964167],[21.831256,40.99352],[21.894301,41.053826],[21.897195,41.081266],[21.909081,41.097493],[21.965098,41.124364],[22.029074,41.138575],[22.04406,41.149944],[22.103384,41.121522],[22.160332,41.151908],[22.205807,41.161416],[22.302649,41.1455],[22.306679,41.128447],[22.315051,41.124416],[22.367658,41.132374],[22.421814,41.114649],[22.571263,41.119507],[22.607333,41.135992],[22.624489,41.152631],[22.629347,41.177074],[22.64454,41.180227],[22.704898,41.139661],[22.727222,41.165809],[22.736731,41.204411],[22.740865,41.283579],[22.751303,41.315205],[22.780966,41.334894],[22.826027,41.340992],[23.115209,41.312673],[23.15717,41.316342],[23.199545,41.332982],[23.209777,41.368587],[23.224246,41.379026],[23.287705,41.398198],[23.326049,41.369311],[23.347236,41.371223],[23.414519,41.399903],[23.513014,41.397733],[23.578953,41.371998],[23.612439,41.371016],[23.672177,41.402952],[23.754446,41.400678],[23.777081,41.429049],[23.851598,41.439591],[23.894799,41.464344],[23.949887,41.437575],[23.964666,41.43835],[24.000736,41.464137],[24.034739,41.451321],[24.051999,41.463],[24.047348,41.525735],[24.076597,41.536019],[24.116491,41.533383],[24.146257,41.526769],[24.170235,41.511576],[24.181604,41.537362],[24.23328,41.561805],[24.250747,41.563459],[24.286403,41.54036],[24.286817,41.517622],[24.296119,41.515245],[24.438849,41.527699],[24.459209,41.549506],[24.510162,41.56165],[24.530936,41.547543],[24.549436,41.485428],[24.581062,41.460209],[24.579719,41.44419],[24.595842,41.429772],[24.644314,41.427653],[24.638217,41.41768],[24.699195,41.408946],[24.774436,41.348072],[24.794279,41.3474],[24.802858,41.361921],[24.803271,41.392668],[24.886367,41.400627],[25.08036,41.334067],[25.101858,41.336651],[25.116534,41.320735],[25.177098,41.293863],[25.21968,41.249731],[25.23911,41.240895],[25.285722,41.239396],[25.453464,41.280427],[25.505089,41.280582],[25.537955,41.312208],[25.551494,41.31567],[25.639758,41.311071],[25.679962,41.29717],[25.717479,41.31412],[25.763471,41.319029],[25.811013,41.341044],[25.882017,41.304043],[25.921187,41.316032],[25.959635,41.314999],[26.021853,41.341664],[26.120865,41.357787],[26.159002,41.421814],[26.175642,41.431891],[26.174299,41.445998],[26.145877,41.478038],[26.159312,41.493799],[26.163136,41.529146],[26.152491,41.547026],[26.1312,41.552659],[26.13027,41.582683],[26.115284,41.616634],[26.066915,41.635496],[26.055029,41.648751],[26.048105,41.689084],[26.060507,41.7073],[26.108359,41.727893],[26.189905,41.734689],[26.211816,41.750476],[26.226182,41.749675],[26.273931,41.714897],[26.35961,41.714897],[26.404362,41.691823],[26.476192,41.675726],[26.46441,41.648518],[26.576445,41.591003],[26.595461,41.612448],[26.602283,41.585163],[26.595461,41.537414],[26.606107,41.523048],[26.636389,41.399593],[26.631738,41.357528],[26.609724,41.330708],[26.569623,41.333602],[26.540168,41.351792],[26.489318,41.310865],[26.412113,41.265699],[26.331705,41.254124],[26.320543,41.246217],[26.336046,41.228906],[26.32106,41.187616],[26.336046,41.15258],[26.317339,41.122297],[26.339456,41.114494],[26.322403,41.088553],[26.32509,41.074083],[26.347621,41.040959],[26.374183,41.03114],[26.368085,41.007731],[26.333152,40.990729],[26.3562,40.968146],[26.349068,40.954556],[26.294395,40.92665],[26.304006,40.909029],[26.282199,40.90722],[26.260391,40.920449],[26.239204,40.885671],[26.226182,40.899313],[26.225252,40.883604],[26.211919,40.87947],[26.218637,40.871977],[26.205098,40.858386],[26.212022,40.84743],[26.158279,40.812187],[26.134508,40.767125],[26.112287,40.746971],[26.081591,40.735551],[26.043956,40.738471],[26.027354,40.796129],[26.00587,40.803941],[26.00587,40.810777],[26.053722,40.81623],[26.060557,40.820746],[26.053966,40.830959],[26.012218,40.824449],[26.00587,40.838772],[25.998383,40.838772],[26.00587,40.817043],[25.998383,40.817043],[25.951671,40.845526],[25.91863,40.852973],[25.896658,40.844916],[25.803233,40.856513],[25.732188,40.851752],[25.604503,40.876166],[25.567149,40.865424],[25.537771,40.870429],[25.486827,40.897121],[25.419688,40.906399],[25.340831,40.941718],[25.299653,40.95185],[25.266124,40.926907],[25.180675,40.942694],[25.138031,40.96011],[25.140147,40.983588],[25.169932,40.995795],[25.138438,41.010077],[25.039073,41.006049],[25.039561,40.989569],[24.99171,40.968451],[24.999034,40.949937],[24.989757,40.942125],[24.953868,40.941148],[24.8921,40.92064],[24.802013,40.853461],[24.765798,40.865424],[24.708751,40.851752],[24.662771,40.879706],[24.628673,40.858588],[24.596202,40.90119],[24.600759,40.913804],[24.575531,40.926703],[24.566661,40.951728],[24.505138,40.961615],[24.472911,40.951728],[24.464122,40.941148],[24.443126,40.948065],[24.391775,40.936469],[24.372244,40.91413],[24.312673,40.879706],[24.332367,40.86286],[24.331309,40.855048],[24.309825,40.850531],[24.305675,40.841742],[24.315278,40.832221],[24.340668,40.831285],[24.110118,40.727851],[24.07309,40.721422],[23.986339,40.732164],[23.874034,40.777655],[23.842052,40.783352],[23.809255,40.780422],[23.7317,40.751858],[23.697032,40.721422],[23.691742,40.69538],[23.700206,40.673651],[23.718028,40.658677],[23.755626,40.645657],[23.792654,40.587958],[23.84669,40.560289],[23.888845,40.563788],[23.914887,40.538886],[23.915538,40.529608],[23.907237,40.525377],[23.838227,40.518744],[23.823009,40.506985],[23.819021,40.487738],[23.826671,40.461371],[23.868175,40.41352],[23.915538,40.38935],[23.963878,40.379462],[24.002452,40.386379],[24.011567,40.401842],[23.991222,40.434068],[23.998709,40.440863],[23.991222,40.447699],[24.011404,40.449164],[24.053233,40.392483],[24.085785,40.366034],[24.108897,40.357408],[24.128429,40.36518],[24.179861,40.351508],[24.203949,40.317369],[24.233409,40.316881],[24.320649,40.227973],[24.383311,40.179145],[24.393809,40.152493],[24.361095,40.132392],[24.299978,40.128079],[24.286143,40.160549],[24.238292,40.186998],[24.168956,40.275295],[24.128429,40.290025],[24.019216,40.310492],[23.936534,40.36518],[23.833507,40.372016],[23.759613,40.349189],[23.730479,40.358954],[23.699718,40.326361],[23.693614,40.309231],[23.716319,40.255316],[23.75766,40.231676],[23.778575,40.202704],[23.867686,40.172756],[23.896739,40.171332],[23.940684,40.141547],[23.980235,40.130683],[23.991222,40.11872],[23.97755,40.090806],[24.004893,40.067206],[24.00172,40.058783],[23.984223,40.053616],[23.986827,40.042182],[23.993419,40.037543],[24.011729,40.043647],[24.019216,40.016303],[23.988048,39.989976],[23.998709,39.974758],[23.9699,39.968085],[23.97283,39.961859],[23.991222,39.961086],[23.991222,39.953599],[23.919688,39.956366],[23.922862,39.974758],[23.900645,39.971177],[23.902517,39.98843],[23.86085,40.005805],[23.8449,40.024115],[23.824067,40.021918],[23.826671,40.008857],[23.785167,40.067206],[23.793305,40.093817],[23.778331,40.10163],[23.764496,40.126166],[23.675466,40.217922],[23.641775,40.235419],[23.540294,40.244778],[23.484141,40.269599],[23.438487,40.279202],[23.398285,40.277737],[23.365001,40.261705],[23.340099,40.227973],[23.337657,40.208441],[23.363617,40.150458],[23.400645,40.143988],[23.498871,40.042304],[23.602712,39.998481],[23.670258,39.98607],[23.675955,39.961086],[23.697276,39.940497],[23.747895,39.930487],[23.703136,39.912665],[23.616466,39.923326],[23.470958,39.971625],[23.446544,39.974758],[23.360606,39.961086],[23.381602,40.002672],[23.352712,40.057074],[23.305919,40.104478],[23.324555,40.174954],[23.318614,40.210517],[23.299083,40.235419],[23.166189,40.279853],[23.148936,40.276435],[23.096934,40.306098],[23.029145,40.325751],[23.010916,40.351223],[22.963878,40.379462],[22.927501,40.388495],[22.888194,40.386298],[22.897716,40.402045],[22.889659,40.418362],[22.821625,40.502143],[22.94158,40.517157],[22.983165,40.55268],[22.976899,40.570624],[22.941742,40.587348],[22.949555,40.605414],[22.933767,40.630927],[22.910492,40.644599],[22.883067,40.647284],[22.854015,40.639472],[22.861095,40.620551],[22.850597,40.593411],[22.815115,40.572943],[22.778331,40.57807],[22.758556,40.567776],[22.742524,40.540351],[22.750336,40.522773],[22.736664,40.529608],[22.736664,40.515326],[22.723155,40.522773],[22.719005,40.510972],[22.710948,40.511623],[22.673513,40.526842],[22.657725,40.516669],[22.656261,40.504543],[22.675304,40.496161],[22.659679,40.492906],[22.650727,40.472805],[22.602875,40.481269],[22.579112,40.468207],[22.60377,40.443996],[22.606456,40.41356],[22.639985,40.383694],[22.658376,40.379462],[22.661143,40.369045],[22.620616,40.310492],[22.590831,40.23017],[22.552501,40.166571],[22.549653,40.143866],[22.572927,40.087714],[22.5713,40.054267],[22.587657,40.044908],[22.600271,40.016303],[22.667166,39.974351],[22.707856,39.961371],[22.710134,39.933783],[22.730479,39.885403],[22.801117,39.840318],[22.850271,39.790513],[22.871755,39.715806],[22.939464,39.580634],[23.004893,39.543402],[23.055919,39.527248],[23.101817,39.497382],[23.125662,39.454413],[23.210948,39.37934],[23.223806,39.358588],[23.271332,39.322943],[23.292247,39.268988],[23.342296,39.192613],[23.343761,39.179633],[23.30128,39.151353],[23.209727,39.131822],[23.230235,39.124416],[23.230235,39.11815],[23.203624,39.10456],[23.1692,39.106594],[23.115489,39.088284],[23.052013,39.097724],[23.07309,39.124416],[23.067719,39.138007],[23.081065,39.147203],[23.114106,39.159125],[23.100597,39.10456],[23.171723,39.134955],[23.182384,39.146145],[23.175548,39.155463],[23.181326,39.158677],[23.199229,39.151435],[23.217133,39.179633],[23.175548,39.23428],[23.179861,39.2508],[23.169119,39.268541],[23.134613,39.296942],[23.098155,39.312201],[23.020518,39.317532],[22.998057,39.357123],[22.935883,39.360582],[22.942882,39.344143],[22.929047,39.324205],[22.942882,39.303168],[22.84254,39.288479],[22.826182,39.272162],[22.826182,39.221259],[22.854015,39.159125],[22.88087,39.179633],[22.876964,39.190375],[22.89503,39.172797],[22.901866,39.179633],[22.920584,39.125149],[22.936046,39.111396],[22.942882,39.11815],[22.936046,39.131822],[22.961111,39.119045],[22.998057,39.06977],[22.991954,39.057318],[22.998057,39.049262],[22.958832,39.025133],[22.963878,39.008979],[23.042491,39.040107],[23.07309,39.042467],[23.07309,39.036282],[23.023285,39.00845],[23.007172,38.973944],[22.984548,38.954332],[22.936046,38.946845],[22.940603,38.936469],[22.898448,38.919623],[22.846528,38.926418],[22.836681,38.89647],[22.804698,38.891018],[22.792003,38.877997],[22.732677,38.872382],[22.718272,38.889797],[22.688975,38.877997],[22.621593,38.914496],[22.538829,38.877997],[22.525076,38.885443],[22.525076,38.85814],[22.572927,38.864325],[22.553884,38.84809],[22.563324,38.836249],[22.582774,38.831977],[22.600271,38.844468],[22.593435,38.830227],[22.641124,38.830227],[22.702647,38.850653],[22.748057,38.799221],[22.778331,38.781724],[22.829275,38.786078],[22.867198,38.755072],[22.887543,38.771145],[22.914887,38.77558],[22.945323,38.758124],[23.042003,38.746731],[23.059418,38.727729],[23.090505,38.649115],[23.104503,38.638414],[23.123546,38.636908],[23.156423,38.653469],[23.182465,38.653754],[23.196056,38.666327],[23.168142,38.679389],[23.186778,38.685981],[23.253754,38.661811],[23.305919,38.652655],[23.331228,38.630276],[23.333263,38.604234],[23.293305,38.579088],[23.285411,38.556464],[23.295421,38.568101],[23.307384,38.568549],[23.340587,38.545559],[23.381602,38.535346],[23.381602,38.528551],[23.340099,38.522366],[23.329275,38.508368],[23.334972,38.503607],[23.418468,38.50434],[23.519379,38.490668],[23.542979,38.511705],[23.567231,38.501125],[23.601329,38.473944],[23.573497,38.460883],[23.573497,38.453437],[23.596202,38.446763],[23.594005,38.426093],[23.625011,38.414008],[23.672862,38.356431],[23.709972,38.336737],[23.781993,38.343573],[23.95102,38.29092],[24.050629,38.210679],[24.069021,38.204739],[24.069509,38.173529],[24.080577,38.166002],[24.064138,38.155097],[24.059418,38.131293],[24.053233,38.14525],[24.037771,38.143744],[23.989024,38.122626],[24.009125,38.040595],[24.032725,38.007758],[24.011729,37.966864],[24.011729,37.925238],[24.034434,37.922919],[24.046397,37.905992],[24.011729,37.89175],[24.027843,37.880316],[24.053233,37.878079],[24.046397,37.870592],[24.066905,37.864407],[24.059337,37.848538],[24.066905,37.837104],[24.053233,37.822821],[24.076996,37.811103],[24.087413,37.785224],[24.081879,37.752509],[24.059418,37.733466],[24.07309,37.72724],[24.07309,37.719794],[24.059418,37.719794],[24.066905,37.699286],[24.065278,37.70482],[24.059418,37.699286],[24.072113,37.689521],[24.032725,37.651516],[23.949718,37.677436],[23.943044,37.689927],[23.94337,37.72724],[23.922699,37.721177],[23.902517,37.781887],[23.888845,37.7744],[23.865571,37.807685],[23.812999,37.829657],[23.807302,37.80858],[23.786632,37.812161],[23.778982,37.802314],[23.776622,37.814276],[23.764496,37.815985],[23.770844,37.828315],[23.766449,37.838935],[23.744802,37.857611],[23.742198,37.876654],[23.700531,37.925198],[23.697032,37.939521],[23.680186,37.945868],[23.628103,37.932685],[23.641775,37.952541],[23.626638,37.947496],[23.610362,37.962144],[23.560802,37.972805],[23.552989,37.980455],[23.597911,38.021145],[23.590587,38.038804],[23.574555,38.04678],[23.521821,38.042548],[23.49464,38.028876],[23.449962,38.02143],[23.395274,37.987942],[23.429454,37.980455],[23.408946,37.974311],[23.329845,37.980455],[23.226817,37.973619],[23.094086,37.911038],[23.052013,37.925238],[23.015147,37.925238],[23.010265,37.896959],[22.995128,37.882148],[23.012543,37.847561],[23.032237,37.850775],[23.073497,37.841132],[23.114106,37.850775],[23.182384,37.809149],[23.176443,37.789984],[23.182384,37.7744],[23.128184,37.760484],[23.120942,37.740912],[23.145844,37.725816],[23.175548,37.719794],[23.163829,37.681586],[23.175548,37.64468],[23.161876,37.64468],[23.16863,37.614163],[23.230235,37.582587],[23.237641,37.590033],[23.274669,37.561225],[23.336681,37.535468],[23.360362,37.547675],[23.359141,37.574286],[23.340587,37.600287],[23.312185,37.610541],[23.312185,37.617377],[23.34783,37.634426],[23.398692,37.637885],[23.409028,37.625922],[23.404307,37.59927],[23.374278,37.555894],[23.39503,37.541409],[23.422048,37.535468],[23.422048,37.528022],[23.395274,37.521796],[23.395274,37.51496],[23.479177,37.490668],[23.525645,37.459703],[23.520518,37.455064],[23.525645,37.439195],[23.446544,37.414618],[23.305919,37.411933],[23.312185,37.398261],[23.262706,37.401028],[23.264415,37.390815],[23.230235,37.384589],[23.229991,37.374945],[23.257579,37.370917],[23.251313,37.357327],[23.278005,37.34984],[23.186046,37.340644],[23.203624,37.30268],[23.16863,37.299506],[23.141449,37.309516],[23.141449,37.316352],[23.161876,37.316352],[23.161876,37.323147],[23.123383,37.324774],[23.114106,37.336168],[23.134613,37.329332],[23.122406,37.345689],[23.100597,37.357327],[23.092784,37.350775],[23.07309,37.355211],[23.072602,37.401109],[23.094981,37.389553],[23.105235,37.396918],[23.114106,37.425605],[23.141449,37.411933],[23.132009,37.448635],[23.097179,37.462226],[23.062022,37.454983],[23.045909,37.459703],[23.059418,37.466539],[23.045909,37.487006],[23.004893,37.459703],[22.980724,37.508775],[22.963878,37.521796],[22.939138,37.52497],[22.92156,37.540351],[22.901866,37.541653],[22.922374,37.528022],[22.88502,37.533149],[22.854015,37.51496],[22.819347,37.535468],[22.826182,37.549058],[22.802013,37.560858],[22.798839,37.576402],[22.778331,37.596869],[22.738455,37.580878],[22.72641,37.566352],[22.723155,37.541653],[22.736664,37.518378],[22.730479,37.494452],[22.750336,37.466539],[22.750336,37.442613],[22.764822,37.431789],[22.757986,37.398261],[22.819347,37.343695],[22.812511,37.329332],[22.826182,37.329332],[22.819347,37.316352],[22.906586,37.193915],[22.911632,37.183417],[22.900401,37.172919],[22.89503,37.133857],[22.903168,37.121283],[22.956391,37.123969],[22.963878,37.110297],[22.956391,37.095933],[22.9817,37.082709],[22.963878,37.082953],[22.999848,37.033271],[23.011729,36.986762],[22.990733,36.986762],[23.014985,36.963853],[23.011729,36.93891],[23.049001,36.876899],[23.045909,36.869086],[23.093272,36.818264],[23.091807,36.798326],[23.080577,36.788764],[23.114106,36.781317],[23.094412,36.76081],[23.088634,36.732896],[23.052013,36.747138],[23.030935,36.725572],[23.025645,36.715644],[23.039073,36.706204],[23.03419,36.695868],[23.059418,36.692572],[23.034434,36.674872],[23.035655,36.649075],[23.080577,36.579291],[23.15504,36.541083],[23.141449,36.528022],[23.148204,36.517157],[23.134613,36.507554],[23.151866,36.487291],[23.203624,36.456122],[23.196056,36.432522],[23.161876,36.446194],[23.139334,36.434068],[23.094737,36.443183],[23.066254,36.473456],[23.072113,36.493109],[23.051036,36.522447],[23.035655,36.528022],[22.972423,36.520209],[22.92921,36.59634],[22.874685,36.63052],[22.888927,36.642483],[22.884288,36.654242],[22.837169,36.68651],[22.819347,36.665229],[22.814952,36.670559],[22.817149,36.717963],[22.800792,36.775784],[22.786876,36.793443],[22.765147,36.804185],[22.685557,36.809475],[22.622569,36.803453],[22.577403,36.783026],[22.579112,36.740383],[22.546153,36.721422],[22.525076,36.685126],[22.549815,36.67829],[22.552501,36.650946],[22.533865,36.670559],[22.516775,36.666164],[22.51002,36.648017],[22.531016,36.632799],[22.526052,36.612372],[22.512706,36.602769],[22.504649,36.624254],[22.48406,36.606635],[22.486583,36.525092],[22.511485,36.46662],[22.511485,36.452338],[22.493907,36.43476],[22.504649,36.404527],[22.495453,36.405341],[22.490977,36.390937],[22.479747,36.402045],[22.4699,36.452338],[22.420421,36.473538],[22.408376,36.487128],[22.381358,36.480455],[22.354503,36.511908],[22.367442,36.547919],[22.383556,36.544176],[22.388194,36.556057],[22.373709,36.582709],[22.38795,36.602525],[22.367442,36.602525],[22.371349,36.642727],[22.38795,36.64411],[22.38795,36.650946],[22.368419,36.65648],[22.38795,36.706204],[22.358572,36.702094],[22.305431,36.775092],[22.306977,36.794582],[22.291677,36.820136],[22.221528,36.897528],[22.200206,36.906399],[22.175059,36.891181],[22.137869,36.917141],[22.133474,36.932115],[22.147716,36.956041],[22.153168,37.021186],[22.048106,37.035142],[21.9546,37.003648],[21.943126,36.993313],[21.921723,36.863227],[21.934906,36.834215],[21.928559,36.822252],[21.970225,36.801744],[21.970225,36.794989],[21.945079,36.789944],[21.935883,36.766018],[21.882579,36.726549],[21.874034,36.726711],[21.822765,36.80858],[21.764171,36.794989],[21.722504,36.822252],[21.707367,36.81802],[21.688487,36.849555],[21.688487,36.891181],[21.709483,36.92593],[21.709972,36.942694],[21.702647,36.957261],[21.688162,36.964545],[21.667979,36.959418],[21.681651,36.97309],[21.667735,36.970933],[21.661794,36.959418],[21.654796,36.994696],[21.599294,37.045722],[21.578624,37.076728],[21.569672,37.116197],[21.574392,37.192369],[21.592133,37.22016],[21.682302,37.283922],[21.695811,37.316352],[21.691417,37.356635],[21.674815,37.395982],[21.607107,37.499498],[21.549978,37.561469],[21.443044,37.618598],[21.402192,37.655422],[21.343272,37.669338],[21.323741,37.664944],[21.318533,37.637885],[21.312266,37.637885],[21.308279,37.666246],[21.298676,37.672593],[21.311046,37.693101],[21.31186,37.726304],[21.284923,37.785102],[21.227306,37.811916],[21.122081,37.837388],[21.107595,37.855455],[21.106212,37.878079],[21.133556,37.946357],[21.164399,37.929633],[21.207774,37.946031],[21.277517,38.000963],[21.291515,37.997219],[21.325938,38.02143],[21.325938,38.028876],[21.308849,38.031724],[21.284353,38.015286],[21.367035,38.12108],[21.374278,38.220649],[21.408539,38.18594],[21.40089,38.214789],[21.420665,38.202338],[21.473969,38.196031],[21.523936,38.166002],[21.603038,38.151801],[21.622325,38.154771],[21.674815,38.179674],[21.701345,38.205268],[21.764171,38.295803],[21.849457,38.341295],[21.915538,38.330512],[21.955903,38.336737],[22.020356,38.313218],[22.048839,38.274807],[22.089366,38.261664],[22.108653,38.267401],[22.137218,38.254218],[22.161388,38.213202],[22.206065,38.200181],[22.218516,38.188178],[22.312836,38.172268],[22.331228,38.1789],[22.414806,38.137885],[22.432791,38.143256],[22.511485,38.129299],[22.680431,38.066596],[22.778331,38.000963],[22.796397,37.976793],[22.867198,37.939521],[22.9463,37.946234],[22.975352,37.97899],[22.950938,38.002427],[22.899181,38.027777],[22.88087,38.028876],[22.887462,38.033637],[22.854015,38.035102],[22.875499,38.049302],[22.911632,38.060126],[22.942882,38.083482],[23.019054,38.065253],[23.039073,38.069892],[23.068614,38.058905],[23.172862,38.079495],[23.189708,38.094387],[23.216645,38.103339],[23.194184,38.126939],[23.175548,38.131293],[23.175548,38.144965],[23.223399,38.151801],[23.223399,38.159247],[23.128429,38.172268],[23.148936,38.18594],[23.122732,38.208075],[23.10963,38.21011],[23.066661,38.183173],[23.032237,38.18594],[23.032237,38.192776],[23.052013,38.192776],[23.025076,38.21662],[22.951915,38.225287],[22.933767,38.222073],[22.922374,38.207017],[22.950531,38.209784],[22.969493,38.192776],[22.908702,38.192776],[22.89503,38.241156],[22.88087,38.226955],[22.874685,38.241156],[22.805675,38.226955],[22.764822,38.247992],[22.798839,38.282131],[22.696462,38.316881],[22.675304,38.343573],[22.684418,38.36107],[22.670177,38.381537],[22.646495,38.38996],[22.626801,38.371527],[22.644867,38.369615],[22.646169,38.361802],[22.636729,38.356269],[22.612315,38.363837],[22.587169,38.336737],[22.587169,38.330512],[22.606456,38.323065],[22.600271,38.302639],[22.588634,38.293036],[22.562511,38.293524],[22.545665,38.302639],[22.528982,38.328803],[22.538829,38.336737],[22.525157,38.358832],[22.468435,38.421129],[22.401622,38.453437],[22.408376,38.415595],[22.373709,38.392035],[22.385997,38.380194],[22.394786,38.385159],[22.398611,38.375922],[22.381114,38.357856],[22.38795,38.35102],[22.382335,38.342678],[22.32252,38.35102],[22.284923,38.347317],[22.266449,38.358547],[22.224864,38.360053],[22.195974,38.339545],[22.18922,38.323065],[22.168793,38.35102],[22.145763,38.35399],[22.147716,38.364081],[22.132579,38.372748],[22.049083,38.398505],[22.011241,38.392035],[21.987641,38.41059],[21.957856,38.411689],[21.879242,38.377997],[21.864106,38.377672],[21.840505,38.398871],[21.831228,38.396674],[21.782237,38.363674],[21.771658,38.333645],[21.762543,38.328355],[21.716319,38.357856],[21.65797,38.357856],[21.613536,38.344957],[21.59962,38.35102],[21.535411,38.313951],[21.517751,38.295803],[21.476085,38.306057],[21.428396,38.330512],[21.445323,38.334052],[21.489757,38.309475],[21.483735,38.329047],[21.489757,38.336737],[21.476085,38.35102],[21.489757,38.357856],[21.469981,38.357856],[21.476085,38.371527],[21.42213,38.364081],[21.428477,38.383734],[21.41627,38.39411],[21.377452,38.398871],[21.369884,38.408189],[21.360118,38.467719],[21.32252,38.496283],[21.308604,38.494371],[21.353282,38.432929],[21.339041,38.432929],[21.336599,38.395697],[21.291189,38.377672],[21.291189,38.364081],[21.269542,38.367865],[21.272227,38.354438],[21.239268,38.331122],[21.212657,38.330512],[21.189626,38.341376],[21.181326,38.330512],[21.199962,38.323065],[21.175059,38.3133],[21.17449,38.302639],[21.15561,38.3039],[21.140391,38.336737],[21.085216,38.343573],[21.105724,38.352973],[21.106212,38.371527],[21.096446,38.366929],[21.106212,38.385159],[21.103282,38.37816],[21.113536,38.373928],[21.140391,38.398871],[21.122406,38.410346],[21.106212,38.398871],[21.086762,38.410468],[21.078949,38.432929],[21.106781,38.425442],[21.116222,38.428046],[21.119884,38.440375],[21.106212,38.432929],[21.106212,38.481391],[21.078949,38.487535],[21.099376,38.494371],[21.089692,38.500434],[21.095958,38.531928],[21.086681,38.536444],[21.047211,38.511379],[21.030528,38.51142],[21.016856,38.545885],[21.024669,38.608466],[21.003673,38.626451],[20.988129,38.664008],[20.979015,38.672553],[20.926606,38.676744],[20.914399,38.686225],[20.883149,38.779364],[20.859874,38.803534],[20.830577,38.787787],[20.811371,38.762519],[20.804047,38.773383],[20.773285,38.760932],[20.763682,38.781724],[20.72934,38.80976],[20.74936,38.857245],[20.805186,38.867743],[20.764496,38.891791],[20.756033,38.906887],[20.757498,38.94009],[20.769786,38.95897],[20.781586,38.935004],[20.817068,38.921373],[20.835948,38.9289],[20.859874,38.960517],[20.86671,38.960517],[20.871104,38.947252],[20.86671,38.926418],[20.903819,38.928046],[20.915782,38.936103],[20.920665,38.954332],[20.937185,38.944037],[20.975352,38.946845],[21.027354,38.932603],[21.025564,38.898017],[21.085216,38.864325],[21.099376,38.885443],[21.091645,38.904527],[21.102306,38.910834],[21.12086,38.910224],[21.167003,38.87519],[21.177419,38.876044],[21.181326,38.885443],[21.16684,38.910875],[21.154552,38.913398],[21.140147,38.941311],[21.14503,38.971381],[21.160818,38.974189],[21.159923,38.997748],[21.085216,39.062934],[21.074392,39.050035],[21.078949,39.036282],[21.055186,39.037502],[21.037364,39.021959],[21.05836,39.008979],[21.003184,39.015123],[21.003184,39.021959],[20.969981,39.037177],[20.953787,39.034166],[20.934825,39.056708],[20.948497,39.06977],[20.920177,39.064521],[20.901378,39.077216],[20.86671,39.053046],[20.886485,39.036444],[20.8449,39.036933],[20.859874,39.042467],[20.857758,39.058905],[20.854991,39.065497],[20.846202,39.062934],[20.846202,39.077216],[20.825694,39.06977],[20.838064,39.091742],[20.834158,39.108466],[20.822439,39.114488],[20.811371,39.10456],[20.805186,39.111396],[20.777192,39.090888],[20.777192,39.083441],[20.79184,39.080797],[20.784028,39.049262],[20.757498,39.021959],[20.743175,39.029486],[20.74936,39.013983],[20.823497,38.977851],[20.831798,38.96369],[20.766368,38.977607],[20.735118,38.9501],[20.703298,38.995795],[20.713878,39.011908],[20.70574,39.04857],[20.686534,39.072455],[20.595876,39.123847],[20.517833,39.200751],[20.478852,39.225165],[20.475108,39.255072],[20.482432,39.28266],[20.460216,39.277289],[20.448253,39.289496],[20.4192,39.283352],[20.393565,39.296942],[20.365571,39.287665],[20.32488,39.303778],[20.292817,39.333441],[20.290701,39.364651],[20.269705,39.387356],[20.258962,39.397284],[20.236013,39.399359],[20.242849,39.412421],[20.215587,39.440334],[20.267345,39.446926],[20.263927,39.460761],[20.215587,39.488715],[20.215587,39.49494],[20.255056,39.492377],[20.263927,39.508612],[20.222016,39.521308],[20.222423,39.508612],[20.190684,39.521674],[20.201915,39.529731],[20.183116,39.533271],[20.133556,39.529731],[20.145518,39.547065],[20.146658,39.570705],[20.160899,39.564358],[20.174571,39.57685],[20.174164,39.593207],[20.186046,39.603827],[20.181814,39.624457],[20.088878,39.673082],[20.004405,39.692776],[20.01607,39.701402],[20.089347,39.682799],[20.184122,39.637013],[20.199935,39.640062],[20.212027,39.667037],[20.24603,39.662903],[20.249027,39.684814],[20.28272,39.704399],[20.299463,39.728222],[20.278173,39.756748],[20.284684,39.780312],[20.275485,39.792404],[20.280033,39.80398],[20.298326,39.805427],[20.371604,39.784291],[20.388967,39.79814],[20.397028,39.818087],[20.392998,39.835451],[20.346902,39.894259],[20.317964,39.918391],[20.297913,39.986914],[20.376461,39.993736],[20.400439,40.045257],[20.432789,40.063809],[20.465965,40.060812],[20.499865,40.071457],[20.577793,40.067271],[20.647556,40.09404],[20.666779,40.13352],[20.660372,40.178892],[20.68528,40.191191],[20.696442,40.215066],[20.699129,40.278369],[20.736646,40.303639],[20.770442,40.36255],[20.770649,40.421978],[20.8092,40.436603],[20.826666,40.464818],[20.839999,40.471639],[20.911932,40.459547],[20.93684,40.472518],[20.957924,40.514944],[20.981489,40.523264],[21.018799,40.558972],[21.035336,40.65938],[21.018593,40.690902],[20.963505,40.736068],[20.943662,40.765265],[20.960922,40.780768],[20.967019,40.802007],[20.965262,40.849394]]],[[[24.128429,34.855292],[24.12143,34.836127],[24.135265,34.815009],[24.108572,34.816555],[24.046397,34.849066],[24.046397,34.855292],[24.080577,34.868964],[24.128429,34.862738],[24.128429,34.855292]]],[[[26.976085,35.431342],[27.011974,35.43769],[27.013357,35.431342],[26.999685,35.424506],[27.007091,35.397773],[26.958751,35.390326],[26.87672,35.349351],[26.848399,35.372382],[26.896739,35.421332],[26.91977,35.41828],[26.976085,35.431342]]],[[[26.321137,35.315253],[26.312348,35.296942],[26.265961,35.259996],[26.29949,35.185533],[26.321137,35.197943],[26.285004,35.150702],[26.293956,35.136461],[26.277517,35.100043],[26.235362,35.034084],[26.147227,35.002265],[26.105235,34.999335],[26.081716,35.019761],[26.020274,35.020941],[25.984874,35.03913],[25.960297,35.028957],[25.924083,35.034084],[25.881521,35.027086],[25.808116,35.005764],[25.601248,35.013577],[25.506196,34.984565],[25.415212,34.99372],[25.347667,34.991523],[25.303966,34.984768],[25.223155,34.954169],[25.15089,34.955715],[25.107758,34.937893],[25.059744,34.94359],[25.019054,34.931627],[24.983735,34.938707],[24.738536,34.931627],[24.755219,34.957913],[24.752126,34.995917],[24.759939,35.02733],[24.742849,35.077216],[24.70753,35.096137],[24.564626,35.106147],[24.5324,35.136461],[24.500743,35.152411],[24.464122,35.150133],[24.403819,35.175035],[24.40211,35.191107],[24.293224,35.182278],[24.217784,35.191107],[24.197276,35.205146],[24.111339,35.197943],[24.084646,35.204535],[24.080577,35.194525],[24.049815,35.191107],[23.987641,35.233303],[23.901866,35.231187],[23.860199,35.236314],[23.826671,35.25259],[23.782074,35.234687],[23.711681,35.236721],[23.68336,35.225816],[23.669119,35.237291],[23.587169,35.239488],[23.580333,35.259996],[23.552989,35.266832],[23.51824,35.294135],[23.525645,35.300971],[23.51824,35.307766],[23.552989,35.321479],[23.54184,35.336371],[23.546153,35.356187],[23.538585,35.374091],[23.573497,35.43476],[23.560883,35.458401],[23.577647,35.492906],[23.578461,35.500556],[23.566091,35.507025],[23.566091,35.527493],[23.581228,35.55268],[23.580333,35.575914],[23.604747,35.612616],[23.608165,35.551703],[23.619884,35.524075],[23.639496,35.518988],[23.639496,35.510565],[23.659434,35.501207],[23.702973,35.502875],[23.718435,35.512844],[23.730479,35.554185],[23.712738,35.607001],[23.723643,35.616889],[23.711192,35.648871],[23.741547,35.686957],[23.778982,35.671536],[23.767833,35.653876],[23.778982,35.575914],[23.79949,35.544623],[23.817149,35.534817],[23.929047,35.520697],[24.025401,35.520697],[24.044688,35.527655],[24.057628,35.552924],[24.094086,35.554185],[24.081798,35.589911],[24.115245,35.601304],[24.160411,35.597073],[24.182953,35.585598],[24.203298,35.541815],[24.182953,35.513251],[24.142589,35.507025],[24.081228,35.51496],[24.066905,35.507025],[24.071951,35.498358],[24.186697,35.451809],[24.222504,35.461168],[24.252452,35.479071],[24.264008,35.433173],[24.265473,35.369859],[24.340099,35.348334],[24.428071,35.369696],[24.464122,35.362454],[24.593598,35.391181],[24.676931,35.423489],[24.720958,35.427232],[24.840831,35.403998],[24.895518,35.424506],[24.95753,35.403998],[24.971202,35.424506],[25.018728,35.415025],[25.029633,35.403266],[25.053233,35.403998],[25.047048,35.380439],[25.055349,35.355211],[25.076996,35.344468],[25.197113,35.349351],[25.221365,35.335679],[25.306977,35.343166],[25.346365,35.336086],[25.361664,35.343166],[25.3685,35.335679],[25.375987,35.343166],[25.425304,35.299547],[25.453624,35.294135],[25.659923,35.349351],[25.707774,35.335679],[25.766368,35.335679],[25.724783,35.294135],[25.732188,35.287909],[25.729259,35.264553],[25.739024,35.259996],[25.737804,35.277411],[25.750987,35.284125],[25.758962,35.259996],[25.732188,35.246324],[25.735118,35.237494],[25.719493,35.211371],[25.724783,35.191107],[25.712738,35.182847],[25.728526,35.133368],[25.753184,35.133124],[25.795258,35.115139],[25.830333,35.122382],[25.847667,35.15058],[25.883067,35.164455],[25.895518,35.182115],[25.978526,35.195461],[26.060557,35.233303],[26.11964,35.215318],[26.108246,35.20539],[26.129731,35.195868],[26.179454,35.20718],[26.197765,35.219062],[26.190929,35.225816],[26.237804,35.268785],[26.259532,35.284491],[26.293956,35.287909],[26.286469,35.300971],[26.297211,35.300605],[26.296072,35.311713],[26.321137,35.315253]]],[[[27.211925,35.520697],[27.233165,35.504096],[27.232432,35.472235],[27.206798,35.477525],[27.180919,35.46894],[27.161632,35.4501],[27.156749,35.424506],[27.171072,35.431342],[27.165863,35.423326],[27.136241,35.403998],[27.143077,35.420396],[27.108897,35.431342],[27.093028,35.45185],[27.094249,35.461575],[27.108897,35.466051],[27.102061,35.479071],[27.118826,35.482652],[27.108897,35.520697],[27.11378,35.550971],[27.108897,35.561672],[27.067882,35.588935],[27.085704,35.626288],[27.115408,35.642239],[27.12794,35.693345],[27.154145,35.717963],[27.161794,35.746894],[27.156749,35.801215],[27.171072,35.808661],[27.184581,35.801215],[27.220958,35.82925],[27.232432,35.822333],[27.211925,35.77733],[27.218761,35.726142],[27.189789,35.697414],[27.156749,35.633979],[27.158539,35.612047],[27.184581,35.595771],[27.220876,35.551011],[27.204356,35.527655],[27.211925,35.520697]]],[[[23.278005,35.897447],[23.33074,35.864936],[23.333263,35.829169],[23.295665,35.859565],[23.271739,35.904242],[23.278005,35.897447]]],[[[23.011729,36.308295],[23.076915,36.270738],[23.103852,36.237209],[23.066254,36.226386],[23.058442,36.216457],[23.052013,36.144843],[23.014415,36.148342],[22.990733,36.13703],[22.987559,36.151557],[22.949555,36.164984],[22.946137,36.177965],[22.932302,36.177232],[22.908702,36.205959],[22.916189,36.285102],[22.901622,36.338324],[22.944591,36.38939],[22.956391,36.38345],[23.011729,36.308295]]],[[[25.735606,36.38345],[25.767833,36.401597],[25.802989,36.389594],[25.83546,36.366156],[25.855154,36.363593],[25.846853,36.350287],[25.817638,36.363593],[25.776866,36.353827],[25.743337,36.358832],[25.732432,36.373033],[25.735606,36.38345]]],[[[28.239757,36.432522],[28.225841,36.417955],[28.236339,36.373033],[28.211192,36.357652],[28.205089,36.322659],[28.175466,36.290432],[28.163422,36.237698],[28.148448,36.22606],[28.130544,36.185452],[28.103282,36.185452],[28.095225,36.167873],[28.085785,36.164984],[28.061697,36.116523],[28.096446,36.103502],[28.075938,36.075588],[28.08961,36.055121],[28.037608,36.068427],[27.993419,36.061957],[27.932302,36.025336],[27.863536,35.940985],[27.827403,35.913764],[27.780447,35.890041],[27.732677,35.915107],[27.71225,35.952704],[27.725352,35.96719],[27.75408,36.037177],[27.757091,36.084377],[27.708832,36.127102],[27.713552,36.139797],[27.684255,36.158149],[27.771983,36.197821],[27.767426,36.205959],[27.803233,36.270209],[27.837413,36.280992],[27.899669,36.340155],[27.959239,36.356757],[28.118419,36.42768],[28.18393,36.424465],[28.213878,36.455471],[28.23113,36.449774],[28.239757,36.432522]]],[[[25.382091,36.479641],[25.417979,36.470404],[25.479177,36.424384],[25.491384,36.397691],[25.489268,36.377834],[25.465099,36.342434],[25.426443,36.337958],[25.361664,36.356757],[25.409434,36.363593],[25.436778,36.390937],[25.425304,36.427151],[25.41627,36.432522],[25.421886,36.451117],[25.3685,36.46662],[25.382091,36.479641]]],[[[27.396821,36.438666],[27.387462,36.420844],[27.399587,36.410142],[27.420665,36.408637],[27.438487,36.418158],[27.44337,36.412055],[27.428233,36.385199],[27.37794,36.382025],[27.357432,36.410224],[27.362804,36.424994],[27.34962,36.43122],[27.314952,36.411363],[27.296886,36.427558],[27.297048,36.465155],[27.300629,36.473456],[27.310232,36.457709],[27.355805,36.479641],[27.3685,36.472398],[27.381684,36.444159],[27.396821,36.438666]]],[[[26.362153,36.637885],[26.393321,36.636542],[26.430512,36.61872],[26.459483,36.596666],[26.465994,36.582709],[26.454926,36.57685],[26.444672,36.589504],[26.415863,36.574897],[26.373302,36.572414],[26.348643,36.541083],[26.349457,36.515611],[26.317719,36.507554],[26.300955,36.513251],[26.282237,36.539862],[26.265961,36.547919],[26.273448,36.561591],[26.261485,36.587633],[26.266449,36.595933],[26.280284,36.589504],[26.29477,36.596584],[26.341645,36.569037],[26.365977,36.589504],[26.403819,36.589504],[26.39031,36.595445],[26.388927,36.613349],[26.362153,36.63052],[26.362153,36.637885]]],[[[27.869884,36.589504],[27.87672,36.561591],[27.867524,36.55683],[27.87672,36.541083],[27.843028,36.527899],[27.828298,36.528022],[27.828298,36.534247],[27.849376,36.547919],[27.792491,36.566962],[27.807872,36.575873],[27.76002,36.575873],[27.786957,36.606269],[27.787852,36.616848],[27.801524,36.624254],[27.801524,36.616848],[27.84197,36.644721],[27.861013,36.646715],[27.863048,36.637885],[27.822276,36.623765],[27.815278,36.610012],[27.824474,36.612942],[27.835704,36.602525],[27.869884,36.624254],[27.863048,36.602525],[27.869884,36.606676],[27.869884,36.589504]]],[[[24.868175,36.665229],[24.947927,36.624335],[24.963715,36.59634],[24.922862,36.602281],[24.849783,36.646918],[24.840831,36.665229],[24.868175,36.665229]]],[[[25.146251,36.719875],[25.185802,36.719143],[25.183442,36.706204],[25.09311,36.636623],[25.067393,36.637885],[25.104666,36.699368],[25.146251,36.719875]]],[[[21.764171,36.753974],[21.78004,36.747504],[21.777843,36.699368],[21.764171,36.719875],[21.750499,36.712388],[21.764171,36.753974]]],[[[24.474376,36.747138],[24.533376,36.768012],[24.546072,36.753974],[24.546072,36.688788],[24.48463,36.665229],[24.364594,36.663031],[24.326996,36.650946],[24.326996,36.699368],[24.340668,36.712388],[24.331391,36.718166],[24.354259,36.753974],[24.381602,36.733547],[24.395356,36.735907],[24.407237,36.707261],[24.426524,36.699368],[24.471446,36.70425],[24.459158,36.726711],[24.427094,36.733832],[24.408865,36.76081],[24.420258,36.771064],[24.474376,36.747138]]],[[[24.642263,36.788764],[24.665782,36.774644],[24.659353,36.750556],[24.644786,36.74726],[24.608165,36.781317],[24.621837,36.794989],[24.642263,36.788764]]],[[[25.27296,36.719875],[25.277599,36.723538],[25.251801,36.726711],[25.262706,36.767646],[25.306977,36.794989],[25.347992,36.747138],[25.399425,36.727973],[25.409434,36.712388],[25.390147,36.703681],[25.395193,36.6789],[25.37322,36.653713],[25.337901,36.66828],[25.27296,36.719875]]],[[[21.695811,36.740383],[21.700857,36.791083],[21.709483,36.801744],[21.72934,36.794989],[21.695811,36.740383]]],[[[24.608165,36.835924],[24.572765,36.781928],[24.539806,36.784491],[24.521169,36.817369],[24.53419,36.836127],[24.561778,36.845649],[24.585948,36.836493],[24.600759,36.84276],[24.608165,36.835924]]],[[[25.423106,36.832506],[25.446951,36.857408],[25.478363,36.870673],[25.470958,36.863227],[25.47641,36.862698],[25.477794,36.83515],[25.434418,36.822659],[25.423106,36.832506]]],[[[27.280935,36.907904],[27.291515,36.891832],[27.340994,36.881903],[27.355805,36.863227],[27.323416,36.8487],[27.214203,36.823879],[27.129893,36.76081],[27.083181,36.761217],[27.047537,36.775092],[26.992035,36.753607],[26.975759,36.74079],[26.986013,36.719875],[26.97169,36.716254],[26.965668,36.705552],[26.972911,36.6789],[26.937266,36.692776],[26.917735,36.716132],[26.92628,36.765611],[26.937673,36.76081],[26.958751,36.781317],[26.986013,36.767646],[27.020763,36.80858],[27.061209,36.839342],[27.164236,36.891181],[27.280935,36.907904]]],[[[25.608653,36.883734],[25.649669,36.911607],[25.684418,36.891181],[25.674001,36.879462],[25.608653,36.883734]]],[[[26.00587,36.93891],[26.035411,36.912991],[26.074229,36.898017],[26.07309,36.892076],[26.050141,36.896959],[26.00587,36.891181],[25.921397,36.841051],[25.879649,36.794989],[25.798676,36.772773],[25.755544,36.769965],[25.739024,36.794989],[25.753266,36.788764],[25.774099,36.807115],[25.807384,36.801744],[25.84547,36.80858],[25.863129,36.835924],[25.851573,36.831122],[25.843761,36.84512],[25.971853,36.898017],[25.950694,36.918443],[26.00587,36.93891]]],[[[25.081065,36.952623],[25.047048,36.969224],[25.030528,36.988959],[25.02589,37.00788],[25.035492,37.021918],[25.072765,37.042182],[25.087901,37.041978],[25.059906,36.97309],[25.081065,36.952623]]],[[[24.704356,37.035142],[24.751638,36.985785],[24.765798,36.949205],[24.710623,36.904202],[24.6692,36.978461],[24.676524,37.000434],[24.642263,37.027737],[24.649669,37.041978],[24.642263,37.048814],[24.655935,37.048814],[24.689301,37.029202],[24.704356,37.035142]]],[[[26.911632,36.945787],[26.931407,36.966864],[26.925304,36.981676],[26.953868,37.027899],[26.943614,37.040717],[26.917166,37.041653],[26.88559,37.075588],[26.889822,37.089789],[26.901622,37.077297],[26.986013,37.048814],[26.986013,37.041978],[26.972911,37.041978],[27.00587,37.016181],[27.007091,37.000434],[27.032481,37.012356],[27.044281,36.996243],[27.033865,36.952623],[27.047537,36.959418],[27.040375,36.945054],[26.993419,36.952623],[26.983409,36.929511],[26.951915,36.931627],[26.945079,36.92593],[26.929861,36.942776],[26.911632,36.945787]]],[[[25.807384,37.10342],[25.800548,37.095933],[25.780528,37.123969],[25.834646,37.1376],[25.82838,37.123969],[25.842052,37.110297],[25.836762,37.102362],[25.819102,37.09691],[25.807384,37.10342]]],[[[25.279796,37.048814],[25.268809,37.046129],[25.232188,37.005113],[25.188487,36.985297],[25.152843,36.986762],[25.103363,37.012885],[25.112966,37.06273],[25.156261,37.089789],[25.135753,37.093817],[25.150076,37.110541],[25.209809,37.144029],[25.23878,37.151842],[25.223969,37.134345],[25.259288,37.123969],[25.27296,37.1376],[25.266124,37.151842],[25.293305,37.151842],[25.26295,37.08983],[25.262869,37.075588],[25.279796,37.069281],[25.279796,37.062486],[25.266124,37.062486],[25.266124,37.054999],[25.279796,37.054999],[25.279796,37.048814]]],[[[25.526134,37.196234],[25.533702,37.20067],[25.574555,37.178534],[25.592459,37.142524],[25.595063,37.099677],[25.580821,37.017768],[25.552501,36.96894],[25.526134,36.959418],[25.491384,36.932115],[25.44988,36.918443],[25.432384,36.939276],[25.423106,36.966864],[25.388927,36.986762],[25.394054,36.998114],[25.380707,37.018744],[25.381033,37.033149],[25.366954,37.059556],[25.341807,37.082953],[25.371837,37.089057],[25.409434,37.123969],[25.47462,37.161811],[25.495128,37.189114],[25.526134,37.196234]]],[[[24.443696,37.178534],[24.436209,37.18537],[24.468272,37.202094],[24.520518,37.203925],[24.532074,37.185614],[24.5324,37.130113],[24.526134,37.144436],[24.518809,37.144436],[24.51531,37.12287],[24.498302,37.110297],[24.491466,37.117743],[24.498302,37.123969],[24.480968,37.129706],[24.464122,37.123969],[24.455821,37.135891],[24.450531,37.130113],[24.434418,37.134182],[24.422537,37.123969],[24.419119,37.135647],[24.430512,37.144436],[24.423513,37.149848],[24.436209,37.164862],[24.432791,37.172268],[24.443696,37.178534]]],[[[23.128429,37.288398],[23.158458,37.271389],[23.162364,37.244208],[23.131033,37.24372],[23.094412,37.274726],[23.128429,37.288398]]],[[[23.587169,37.370917],[23.547699,37.34984],[23.505138,37.34984],[23.5088,37.329901],[23.496837,37.320014],[23.374278,37.30268],[23.374278,37.309516],[23.463634,37.357327],[23.587169,37.370917]]],[[[24.367931,37.411933],[24.374848,37.438463],[24.436209,37.487006],[24.443696,37.487006],[24.443696,37.472724],[24.430512,37.446031],[24.469412,37.427476],[24.482677,37.412421],[24.477794,37.390815],[24.46339,37.394477],[24.45281,37.38345],[24.443696,37.34984],[24.411794,37.323961],[24.367931,37.309516],[24.38559,37.361151],[24.40211,37.370917],[24.388438,37.384589],[24.394786,37.41177],[24.367931,37.411933]]],[[[25.395193,37.418158],[25.306977,37.411933],[25.309255,37.436184],[25.3213,37.439195],[25.326427,37.462877],[25.322439,37.471015],[25.306977,37.472724],[25.312673,37.488227],[25.347992,37.508124],[25.377289,37.467434],[25.38559,37.489936],[25.395356,37.493964],[25.462901,37.470038],[25.457286,37.446031],[25.407725,37.436835],[25.402599,37.418158],[25.395193,37.418158]]],[[[24.94337,37.435492],[24.963715,37.418158],[24.964041,37.40176],[24.881847,37.363511],[24.888682,37.398261],[24.861339,37.398261],[24.881847,37.425605],[24.868175,37.431789],[24.886729,37.435289],[24.898123,37.448676],[24.902354,37.48017],[24.895356,37.510443],[24.929698,37.508124],[24.94809,37.485582],[24.95753,37.459703],[24.94337,37.435492]]],[[[23.477306,37.555894],[23.500824,37.53262],[23.525645,37.528022],[23.525645,37.521796],[23.481212,37.509589],[23.43629,37.521796],[23.43629,37.528022],[23.475434,37.540839],[23.477306,37.555894]]],[[[25.091319,37.582587],[25.047048,37.617377],[24.997895,37.637885],[24.984386,37.658026],[24.984874,37.67886],[25.053233,37.67886],[25.067393,37.672593],[25.059906,37.658352],[25.087901,37.64468],[25.10377,37.653754],[25.122732,37.651679],[25.149425,37.631049],[25.164806,37.645819],[25.245616,37.624213],[25.23878,37.617377],[25.252778,37.60871],[25.259288,37.590033],[25.234711,37.562893],[25.227306,37.537421],[25.215994,37.532904],[25.169932,37.538642],[25.125499,37.555894],[25.091319,37.582587]]],[[[24.374766,37.686265],[24.402517,37.655748],[24.395763,37.624661],[24.312999,37.538235],[24.293468,37.525702],[24.275401,37.531684],[24.278087,37.62287],[24.289317,37.645331],[24.305675,37.660834],[24.320649,37.658352],[24.327891,37.664984],[24.333832,37.672593],[24.320649,37.67886],[24.330414,37.683987],[24.361095,37.67886],[24.361664,37.685045],[24.374766,37.686265]]],[[[26.362153,37.686265],[26.319102,37.634263],[26.230642,37.571357],[26.12794,37.555813],[26.057872,37.519232],[25.976329,37.516018],[25.971853,37.535468],[25.979747,37.548651],[26.01238,37.575019],[26.042003,37.617011],[26.074229,37.637885],[26.197439,37.63227],[26.254242,37.652004],[26.280772,37.675442],[26.362153,37.686265]]],[[[23.546153,37.7744],[23.563162,37.768256],[23.544932,37.745063],[23.546153,37.733466],[23.532074,37.725328],[23.525645,37.69245],[23.484141,37.67886],[23.457367,37.69245],[23.468272,37.714504],[23.434418,37.733588],[23.42449,37.761786],[23.425629,37.768215],[23.546153,37.7744]]],[[[27.047537,37.72724],[27.058767,37.733791],[27.065278,37.729071],[27.061209,37.706732],[27.036957,37.712877],[27.000824,37.70661],[26.910004,37.678046],[26.869314,37.64468],[26.797374,37.64468],[26.787446,37.647203],[26.760916,37.689683],[26.708263,37.713568],[26.657237,37.704901],[26.628429,37.69066],[26.622895,37.67886],[26.609223,37.686265],[26.598399,37.677191],[26.583507,37.704169],[26.580251,37.74079],[26.594981,37.761379],[26.643891,37.772406],[26.658051,37.792792],[26.806407,37.814521],[26.842052,37.809149],[26.881847,37.785386],[26.916677,37.777818],[26.966075,37.747748],[26.9699,37.758775],[26.945079,37.788723],[26.973643,37.784491],[26.993419,37.796129],[26.993988,37.784003],[27.067882,37.7744],[27.033865,37.761379],[27.047537,37.72724]]],[[[20.901378,37.792426],[20.917979,37.765286],[20.986827,37.729885],[20.996349,37.699286],[20.954356,37.723863],[20.893891,37.733466],[20.843516,37.701565],[20.853038,37.672593],[20.846853,37.653306],[20.815115,37.651516],[20.704356,37.738349],[20.702159,37.754543],[20.642426,37.811103],[20.619477,37.822821],[20.627696,37.857611],[20.619477,37.864407],[20.68572,37.929592],[20.708995,37.925238],[20.741954,37.862291],[20.752452,37.854885],[20.777192,37.843329],[20.808849,37.849555],[20.850108,37.836412],[20.885997,37.813951],[20.901378,37.792426]]],[[[24.99171,37.768215],[24.994395,37.754096],[24.95753,37.706732],[24.963715,37.686265],[24.95753,37.686265],[24.916026,37.719794],[24.8921,37.768215],[24.865245,37.77383],[24.81658,37.823879],[24.799978,37.815985],[24.7942,37.843817],[24.775727,37.86225],[24.738536,37.89175],[24.716156,37.879096],[24.718028,37.898586],[24.683849,37.932685],[24.695649,37.935533],[24.693614,37.965766],[24.779063,38.00023],[24.793712,37.994086],[24.794688,37.977118],[24.830089,37.96308],[24.837576,37.925482],[24.848399,37.914862],[24.875011,37.905992],[24.953868,37.905992],[24.963715,37.896796],[24.94337,37.843329],[24.984874,37.815985],[24.971202,37.809149],[24.972016,37.796373],[24.95753,37.7744],[24.99171,37.768215]]],[[[23.408376,37.898586],[23.40211,37.912177],[23.422862,37.93301],[23.439464,37.939602],[23.468516,37.932034],[23.497732,37.966864],[23.46046,37.952541],[23.422048,37.960028],[23.457367,37.973619],[23.429454,37.987942],[23.47047,37.980455],[23.47047,37.994086],[23.478201,37.998847],[23.51824,37.999091],[23.536876,37.988023],[23.532725,37.975084],[23.546153,37.952541],[23.573497,37.952541],[23.539317,37.939521],[23.543468,37.92886],[23.521739,37.913967],[23.51824,37.898586],[23.501313,37.906073],[23.467052,37.884223],[23.408376,37.898586]]],[[[20.733572,38.062405],[20.718435,38.066311],[20.681651,38.097805],[20.614594,38.119818],[20.58074,38.115465],[20.564952,38.090318],[20.509776,38.110785],[20.496104,38.124457],[20.489268,38.159247],[20.468761,38.192776],[20.509776,38.172268],[20.509776,38.179674],[20.493826,38.191718],[20.445323,38.27619],[20.435069,38.278795],[20.427908,38.261664],[20.436046,38.21247],[20.425304,38.175279],[20.380056,38.151801],[20.374034,38.169013],[20.345388,38.182115],[20.339041,38.200181],[20.356944,38.228583],[20.351573,38.245917],[20.379649,38.273993],[20.3921,38.300116],[20.399913,38.364081],[20.406749,38.343573],[20.427257,38.363349],[20.455089,38.323065],[20.463227,38.331488],[20.479015,38.309475],[20.529796,38.33747],[20.539561,38.374213],[20.530935,38.392035],[20.55128,38.385159],[20.537771,38.426093],[20.54363,38.459174],[20.537771,38.473944],[20.571788,38.473944],[20.625824,38.351752],[20.62615,38.328437],[20.599132,38.302639],[20.630544,38.257961],[20.642914,38.253404],[20.681651,38.282131],[20.676768,38.271715],[20.693533,38.264635],[20.708995,38.226955],[20.751313,38.196763],[20.762218,38.170396],[20.797699,38.131293],[20.807791,38.099555],[20.794688,38.066107],[20.763682,38.069892],[20.733572,38.062405]]],[[[20.715831,38.392035],[20.757498,38.371527],[20.737559,38.371527],[20.743663,38.344387],[20.763682,38.330512],[20.763682,38.323065],[20.719412,38.315619],[20.705821,38.318264],[20.687836,38.336737],[20.695323,38.343573],[20.667328,38.371527],[20.647634,38.405666],[20.640147,38.446601],[20.614513,38.467108],[20.619477,38.481391],[20.635509,38.472968],[20.65447,38.501858],[20.671886,38.497545],[20.674083,38.485012],[20.661143,38.460883],[20.678233,38.461859],[20.708995,38.446601],[20.674815,38.377672],[20.715831,38.371527],[20.702159,38.385159],[20.722504,38.385159],[20.715831,38.392035]]],[[[20.941091,38.604234],[20.909353,38.562934],[20.907563,38.549018],[20.893891,38.549018],[20.93214,38.603013],[20.941091,38.604234]]],[[[26.163585,38.542792],[26.15089,38.530422],[26.144379,38.492906],[26.121918,38.487535],[26.142426,38.473944],[26.136404,38.467719],[26.154063,38.467271],[26.142426,38.446601],[26.139334,38.418891],[26.149913,38.343573],[26.163585,38.302639],[26.137055,38.299628],[26.113536,38.284247],[26.102224,38.261705],[26.112071,38.222602],[26.04005,38.200181],[26.019705,38.159247],[25.974864,38.166002],[25.92449,38.203111],[25.910411,38.226955],[25.894379,38.22248],[25.889822,38.247992],[25.873302,38.239732],[25.866059,38.245673],[25.876231,38.275295],[25.917247,38.288967],[25.934255,38.302639],[25.964366,38.302639],[25.975597,38.337226],[25.992198,38.343573],[25.985362,38.392035],[25.978038,38.385159],[25.950694,38.405666],[25.955577,38.428209],[25.943858,38.453437],[25.875255,38.483547],[25.834646,38.528551],[25.832774,38.544094],[25.848888,38.58039],[26.01588,38.602037],[26.063975,38.590033],[26.108246,38.542792],[26.121918,38.556464],[26.115733,38.5633],[26.130707,38.567206],[26.143565,38.564399],[26.163585,38.542792]]],[[[25.588878,38.611721],[25.621349,38.577786],[25.614919,38.576972],[25.604991,38.535346],[25.571544,38.541246],[25.560802,38.535346],[25.560802,38.5633],[25.523204,38.597398],[25.53297,38.606879],[25.543956,38.600491],[25.560069,38.60932],[25.580821,38.604234],[25.580821,38.611721],[25.588878,38.611721]]],[[[20.58546,38.617906],[20.55128,38.569525],[20.544607,38.569525],[20.562348,38.69123],[20.60255,38.781724],[20.645274,38.828192],[20.68629,38.850084],[20.717784,38.822699],[20.72934,38.781724],[20.723888,38.769965],[20.728852,38.730618],[20.696951,38.689846],[20.706065,38.680406],[20.722504,38.707261],[20.715994,38.627021],[20.695323,38.638414],[20.702159,38.617906],[20.687836,38.624742],[20.681651,38.604234],[20.648936,38.608588],[20.64088,38.600572],[20.647634,38.583808],[20.63087,38.588324],[20.633311,38.604234],[20.613617,38.607001],[20.602306,38.626776],[20.58546,38.617906]]],[[[24.676524,38.80976],[24.682872,38.784247],[24.657481,38.769232],[24.61378,38.773098],[24.600759,38.79267],[24.569998,38.778144],[24.566661,38.762519],[24.5324,38.796088],[24.573985,38.80976],[24.556977,38.845689],[24.546072,38.836982],[24.528331,38.851549],[24.505138,38.844468],[24.505219,38.855048],[24.482595,38.862779],[24.477794,38.877997],[24.470958,38.871161],[24.4546,38.884833],[24.436209,38.877997],[24.438813,38.897121],[24.462169,38.910956],[24.461111,38.967678],[24.491466,38.981024],[24.56072,38.944159],[24.573985,38.932603],[24.578624,38.875556],[24.642589,38.841702],[24.676524,38.80976]]],[[[24.587657,38.159247],[24.579926,38.084215],[24.594493,38.062405],[24.566661,37.987942],[24.509288,37.962551],[24.476899,37.96247],[24.447765,38.010565],[24.429698,38.021186],[24.403087,38.011908],[24.386404,37.996527],[24.40211,37.987942],[24.40211,37.980455],[24.386892,37.970364],[24.371755,37.97191],[24.338634,37.996731],[24.313813,38.029242],[24.326996,38.042548],[24.314789,38.064887],[24.292247,38.069892],[24.286306,38.086249],[24.248709,38.096869],[24.203949,38.090318],[24.210785,38.097805],[24.210785,38.124457],[24.186046,38.127387],[24.182953,38.134996],[24.210785,38.166002],[24.185313,38.217963],[24.156993,38.22956],[24.142589,38.226955],[24.148774,38.213202],[24.126231,38.217475],[24.131114,38.235826],[24.163097,38.267808],[24.153494,38.281317],[24.118175,38.254218],[24.109386,38.256293],[24.114757,38.275295],[24.100922,38.275295],[24.121593,38.309475],[24.079438,38.325385],[24.025401,38.330512],[24.059744,38.341254],[24.066905,38.35102],[24.042247,38.401516],[24.03891,38.395413],[23.980805,38.398871],[23.912364,38.392035],[23.843761,38.405666],[23.793956,38.398505],[23.709972,38.412502],[23.649181,38.405666],[23.614431,38.460883],[23.594005,38.453437],[23.635753,38.500922],[23.628103,38.514879],[23.635509,38.528551],[23.614106,38.557929],[23.599946,38.571357],[23.54005,38.582261],[23.505138,38.597398],[23.497732,38.631008],[23.453136,38.658026],[23.445974,38.676744],[23.381602,38.707261],[23.337657,38.738959],[23.323009,38.762519],[23.202322,38.829901],[23.143565,38.850653],[23.069102,38.846584],[23.036388,38.874457],[22.969412,38.889106],[22.956391,38.885443],[22.956391,38.877997],[22.983897,38.873521],[22.991954,38.864691],[22.990733,38.850653],[22.981781,38.845038],[22.855805,38.832953],[22.833018,38.82274],[22.833751,38.845404],[22.837413,38.854478],[22.874848,38.874905],[23.035655,38.926418],[23.043712,38.943061],[23.086762,38.954332],[23.097341,38.972073],[23.094412,38.98786],[23.127452,39.005805],[23.199718,39.008979],[23.299083,39.042467],[23.329845,39.021959],[23.371593,39.010321],[23.381602,39.001532],[23.37436,38.982489],[23.384613,38.967515],[23.425629,38.954332],[23.450694,38.874579],[23.480479,38.83808],[23.524669,38.823188],[23.567882,38.79385],[23.594005,38.789252],[23.591319,38.774156],[23.607595,38.77558],[23.619965,38.76553],[23.662283,38.755072],[23.672699,38.760443],[23.68336,38.755072],[23.702647,38.765082],[23.722667,38.761949],[23.738455,38.749416],[23.753591,38.719184],[23.857595,38.682522],[23.947765,38.66942],[23.966563,38.670111],[23.984223,38.686225],[24.005707,38.678046],[24.07309,38.679389],[24.15561,38.652655],[24.126231,38.635199],[24.121104,38.6081],[24.126475,38.598578],[24.231456,38.522366],[24.206554,38.506822],[24.188162,38.474107],[24.184337,38.439643],[24.203949,38.412502],[24.185069,38.40762],[24.210785,38.377672],[24.214854,38.336412],[24.250255,38.295071],[24.257823,38.258979],[24.245128,38.241156],[24.252452,38.227973],[24.326996,38.18594],[24.344412,38.159247],[24.392589,38.164008],[24.420665,38.147366],[24.477794,38.138739],[24.587657,38.159247]]],[[[23.43629,39.146145],[23.395274,39.146145],[23.398692,39.163642],[23.429454,39.176215],[23.444672,39.198472],[23.47047,39.213813],[23.503754,39.194281],[23.512869,39.178534],[23.505138,39.159125],[23.489024,39.168769],[23.475108,39.157782],[23.46046,39.131822],[23.43629,39.146145]]],[[[23.669688,39.11815],[23.627778,39.147284],[23.587169,39.207587],[23.601329,39.213813],[23.665538,39.169664],[23.730479,39.146145],[23.726736,39.131496],[23.792654,39.124416],[23.760265,39.090644],[23.716807,39.077216],[23.658051,39.097724],[23.669688,39.11815]]],[[[20.140391,39.241685],[20.190115,39.202623],[20.201915,39.179633],[20.168712,39.182807],[20.138438,39.209296],[20.125336,39.236029],[20.140391,39.241685]]],[[[23.936534,39.221259],[23.921641,39.190416],[23.895844,39.16177],[23.864513,39.143988],[23.833507,39.146145],[23.873057,39.180162],[23.889334,39.217475],[23.939789,39.279771],[23.957042,39.289496],[23.950206,39.275214],[23.972179,39.271918],[23.96697,39.251166],[23.936534,39.221259]]],[[[26.612315,39.049262],[26.610037,39.022935],[26.597423,39.011949],[26.567638,39.021959],[26.551443,39.015041],[26.539399,39.019355],[26.519298,39.036282],[26.526622,39.042467],[26.516124,39.052639],[26.526622,39.083441],[26.50587,39.109198],[26.489268,39.113674],[26.437022,39.103502],[26.54713,39.008979],[26.54713,38.98786],[26.489268,38.972561],[26.424164,38.967353],[26.339366,38.982856],[26.276378,39.010647],[26.165701,39.022406],[26.087901,39.083441],[26.160167,39.097724],[26.191417,39.12759],[26.225597,39.131822],[26.293468,39.177151],[26.28004,39.196438],[26.225597,39.207587],[26.187348,39.202053],[26.160167,39.183336],[26.145274,39.155666],[26.097423,39.105658],[26.063975,39.090888],[25.958344,39.117662],[25.888927,39.144721],[25.834646,39.179633],[25.834646,39.187079],[25.845958,39.190375],[25.855154,39.221259],[25.842052,39.228013],[25.853526,39.236396],[25.858653,39.259223],[25.883067,39.268988],[25.917247,39.296942],[25.936371,39.276557],[26.006196,39.286322],[26.033214,39.28266],[26.046886,39.303168],[26.060557,39.289496],[26.094005,39.310492],[26.162771,39.323635],[26.172537,39.335395],[26.163585,39.378852],[26.362153,39.378852],[26.354747,39.356513],[26.417491,39.330471],[26.379649,39.28266],[26.382172,39.277086],[26.424164,39.245103],[26.466319,39.229234],[26.504731,39.185004],[26.539724,39.165961],[26.526622,39.159125],[26.530772,39.150621],[26.54713,39.135321],[26.550548,39.119208],[26.567638,39.11815],[26.566254,39.097968],[26.579438,39.075344],[26.612315,39.049262]]],[[[25.012218,39.56387],[25.047374,39.545356],[25.040375,39.520575],[24.984874,39.466986],[24.973643,39.514635],[24.976573,39.537665],[24.997895,39.550198],[24.994477,39.558173],[25.012218,39.56387]]],[[[20.092052,39.433539],[20.117686,39.377997],[20.105724,39.364651],[20.0324,39.395006],[19.999278,39.399359],[19.954845,39.426093],[19.911794,39.430325],[19.907481,39.435004],[19.927501,39.44717],[19.879731,39.460761],[19.878754,39.454576],[19.865571,39.468573],[19.828868,39.572333],[19.748546,39.620022],[19.718923,39.673082],[19.681326,39.679999],[19.671723,39.724066],[19.653168,39.714667],[19.650157,39.741767],[19.626475,39.748236],[19.667491,39.793524],[19.799083,39.802802],[19.851817,39.82453],[19.928966,39.79206],[19.934337,39.782945],[19.948009,39.790351],[19.9463,39.759223],[19.933767,39.741156],[19.841563,39.704169],[19.839122,39.679877],[19.858653,39.666246],[19.858653,39.65884],[19.844981,39.65884],[19.844981,39.652655],[19.927501,39.625312],[19.923513,39.603502],[19.900157,39.604193],[19.911876,39.583401],[19.936534,39.472968],[20.032725,39.439276],[20.081879,39.447333],[20.092052,39.433539]]],[[[25.44988,40.0362],[25.436778,40.022528],[25.44988,39.98843],[25.401622,39.963772],[25.38559,39.944403],[25.388927,39.919501],[25.364106,39.917222],[25.347992,39.90644],[25.3685,39.898993],[25.341645,39.883857],[25.340343,39.874213],[25.355479,39.865546],[25.342784,39.854641],[25.369884,39.817125],[25.355479,39.810248],[25.348969,39.787665],[25.295258,39.807685],[25.290294,39.830756],[25.273123,39.835679],[25.256602,39.855902],[25.23878,39.858059],[25.279796,39.889106],[25.275157,39.903632],[25.250662,39.918524],[25.23878,39.919501],[25.197113,39.892808],[25.225108,39.885403],[25.194184,39.873603],[25.177257,39.845038],[25.190929,39.851874],[25.202159,39.84101],[25.221039,39.809963],[25.214529,39.803412],[25.14324,39.817084],[25.169932,39.848456],[25.164887,39.859076],[25.135753,39.837592],[25.128917,39.837592],[25.122081,39.858059],[25.047048,39.837592],[25.067393,39.858059],[25.047048,39.865546],[25.059906,39.885403],[25.053233,39.898993],[25.067393,39.90644],[25.059906,39.90644],[25.068207,39.920803],[25.047048,39.947455],[25.045421,39.984687],[25.033376,39.98843],[25.033376,39.995266],[25.132335,40.008857],[25.171886,39.996975],[25.225108,40.008857],[25.260997,39.990912],[25.28712,39.961086],[25.285167,39.953355],[25.347992,39.981594],[25.347992,39.990302],[25.382091,40.022528],[25.412852,40.022528],[25.44988,40.0362]]],[[[25.690684,40.447699],[25.695323,40.432685],[25.682628,40.423082],[25.589122,40.398139],[25.567149,40.399888],[25.466319,40.455756],[25.443533,40.481879],[25.461681,40.481594],[25.546641,40.515326],[25.575857,40.514716],[25.671886,40.487494],[25.69752,40.461005],[25.690684,40.447699]]],[[[24.786388,40.735053],[24.765473,40.73432],[24.759288,40.723375],[24.766612,40.711493],[24.786388,40.707831],[24.786388,40.687934],[24.769298,40.683417],[24.765798,40.669664],[24.780121,40.612209],[24.755707,40.61994],[24.744477,40.608466],[24.681814,40.594957],[24.642263,40.570624],[24.615001,40.598578],[24.603526,40.597805],[24.601329,40.609809],[24.586762,40.622016],[24.516775,40.639106],[24.511974,40.666815],[24.533376,40.718207],[24.566661,40.755561],[24.642263,40.803941],[24.7317,40.783515],[24.743826,40.759345],[24.775401,40.748765],[24.786388,40.735053]]],[[[23.884288,36.843573],[23.884288,36.832343],[23.87672,36.843695],[23.884288,36.843573]]],[[[23.459646,36.921373],[23.467296,36.906399],[23.457774,36.90644],[23.449718,36.929145],[23.459646,36.921373]]],[[[27.565684,36.24494],[27.616466,36.242621],[27.618663,36.228095],[27.610118,36.216498],[27.582856,36.212551],[27.518891,36.216864],[27.517426,36.230902],[27.526541,36.240058],[27.565684,36.24494]]],[[[27.185802,36.615668],[27.206065,36.587104],[27.198009,36.568305],[27.161388,36.56037],[27.129731,36.569525],[27.12615,36.580064],[27.137218,36.600084],[27.166759,36.615058],[27.185802,36.615668]]],[[[26.871837,37.134101],[26.886892,37.116604],[26.886892,37.105699],[26.849946,37.098456],[26.837576,37.112128],[26.852306,37.124579],[26.817231,37.119859],[26.810395,37.129381],[26.816905,37.146552],[26.776215,37.169664],[26.772716,37.182685],[26.808279,37.200263],[26.849783,37.187323],[26.844086,37.162014],[26.864268,37.153306],[26.871837,37.134101]]],[[[26.598806,37.355414],[26.60613,37.339545],[26.572439,37.347154],[26.548839,37.326565],[26.565196,37.308417],[26.567719,37.274644],[26.546397,37.277167],[26.54477,37.288398],[26.528575,37.300727],[26.538829,37.338121],[26.536388,37.372707],[26.568614,37.374416],[26.598806,37.355414]]],[[[24.739431,37.613837],[24.741222,37.595689],[24.71811,37.593573],[24.659679,37.606879],[24.694021,37.61518],[24.716075,37.631049],[24.732921,37.632066],[24.741059,37.625922],[24.739431,37.613837]]],[[[20.94516,38.652493],[20.952891,38.638861],[20.941661,38.627387],[20.898123,38.606024],[20.870616,38.582506],[20.870128,38.603502],[20.888357,38.628974],[20.903819,38.642768],[20.94516,38.652493]]],[[[20.800955,38.665269],[20.805349,38.661933],[20.796641,38.651068],[20.762869,38.639106],[20.759613,38.627387],[20.800059,38.595445],[20.75172,38.626044],[20.73699,38.652167],[20.74643,38.663479],[20.783051,38.674994],[20.800955,38.665269]]],[[[24.081309,39.352362],[24.094737,39.345526],[24.094005,39.330024],[24.081879,39.304755],[24.063162,39.297024],[24.053722,39.305243],[24.059418,39.314439],[24.041515,39.330512],[24.044932,39.341498],[24.058604,39.361274],[24.067149,39.363023],[24.069835,39.345689],[24.081309,39.352362]]]]}},{"type":"Feature","properties":{"iso3":"AUT","name":"Austria","continent":"Europe"},"geometry":{"type":"Polygon","coordinates":[[[16.945043,48.604166],[16.954345,48.557399],[16.946903,48.539726],[16.913934,48.519339],[16.864944,48.458077],[16.84448,48.365602],[16.901945,48.339402],[16.906492,48.33147],[16.898431,48.316173],[16.916621,48.2908],[16.954345,48.273127],[16.98194,48.161299],[17.007158,48.142799],[17.047465,48.130991],[17.080228,48.097608],[17.059144,48.060427],[17.075061,48.052081],[17.069686,48.035674],[17.148338,48.005443],[17.085603,47.970148],[17.095731,47.95573],[17.076818,47.934956],[17.075164,47.927773],[17.085396,47.924621],[17.083329,47.904829],[17.067619,47.881626],[17.004057,47.863281],[17.004367,47.852377],[17.039507,47.837365],[17.05563,47.812354],[17.040644,47.801114],[17.050566,47.730989],[17.075371,47.708484],[16.902668,47.682026],[16.864738,47.686729],[16.850165,47.712929],[16.797455,47.675463],[16.730379,47.685902],[16.702474,47.7236],[16.689865,47.729568],[16.567805,47.754192],[16.531115,47.742978],[16.526877,47.720137],[16.512924,47.706004],[16.45453,47.681768],[16.43913,47.690475],[16.407815,47.66133],[16.481919,47.638954],[16.509617,47.64314],[16.575453,47.624949],[16.608422,47.628773],[16.63023,47.622004],[16.656172,47.585934],[16.65059,47.566555],[16.68139,47.550561],[16.689141,47.53803],[16.677359,47.509866],[16.636845,47.4932],[16.640875,47.452919],[16.589406,47.425633],[16.481919,47.392302],[16.456597,47.411836],[16.433963,47.39685],[16.436443,47.358506],[16.424351,47.345199],[16.43882,47.336569],[16.473237,47.276805],[16.466622,47.263421],[16.421354,47.243138],[16.424661,47.225594],[16.409262,47.203683],[16.412776,47.187173],[16.441818,47.177121],[16.433653,47.145754],[16.447089,47.139708],[16.497318,47.149681],[16.509514,47.137537],[16.481919,47.10524],[16.460835,47.0963],[16.454323,47.081701],[16.461765,47.068498],[16.493701,47.059816],[16.493184,47.049145],[16.424661,47.024082],[16.467553,47.018423],[16.486363,46.998554],[16.410398,46.990415],[16.387764,47.002042],[16.274903,47.004315],[16.261054,46.97809],[16.232942,46.966075],[16.22395,46.941064],[16.170723,46.918533],[16.110055,46.867916],[16.032024,46.837556],[15.981691,46.827685],[15.971976,46.820632],[15.978177,46.809134],[15.970529,46.743014],[15.982001,46.718545],[16.003291,46.709191],[16.014557,46.693714],[16.016723,46.670691],[15.986962,46.69219],[15.850743,46.724488],[15.728683,46.70299],[15.635975,46.717563],[15.626984,46.680873],[15.603729,46.673018],[15.545955,46.671881],[15.530659,46.663845],[15.513939,46.632545],[15.492625,46.618293],[15.462653,46.614649],[15.388135,46.645578],[15.204891,46.638963],[15.061954,46.649557],[15.004386,46.636844],[14.967179,46.600257],[14.947955,46.619274],[14.933589,46.621135],[14.897726,46.605554],[14.85039,46.601136],[14.822278,46.567546],[14.788585,46.506646],[14.760887,46.496284],[14.709727,46.492512],[14.679961,46.458871],[14.666629,46.460524],[14.631696,46.440577],[14.590148,46.434428],[14.557695,46.38394],[14.540332,46.378643],[14.502194,46.418356],[14.450931,46.414481],[14.395844,46.440991],[14.149865,46.440061],[14.050026,46.484399],[13.98233,46.481918],[13.860683,46.51525],[13.782135,46.507782],[13.670256,46.518712],[13.549229,46.545842],[13.506751,46.546927],[13.478019,46.563567],[13.373323,46.565789],[13.271417,46.550777],[13.231109,46.552173],[13.146463,46.584961],[13.064504,46.598035],[12.83041,46.609637],[12.739873,46.642994],[12.706593,46.637749],[12.671368,46.652466],[12.62019,46.656481],[12.547327,46.652192],[12.499888,46.672139],[12.40501,46.690123],[12.370387,46.711155],[12.342688,46.765131],[12.269101,46.788566],[12.275819,46.846289],[12.26662,46.868148],[12.1951,46.880085],[12.172156,46.89918],[12.126887,46.908869],[12.141563,46.918843],[12.141667,46.927989],[12.111178,46.992998],[12.12172,47.010517],[12.182284,47.033616],[12.203575,47.053331],[12.204195,47.079686],[12.180631,47.085215],[12.116242,47.076559],[12.014956,47.040489],[11.943643,47.038164],[11.899511,47.027725],[11.822513,46.993257],[11.777141,46.988296],[11.73487,46.970622],[11.683814,46.991913],[11.59648,47.00044],[11.524443,46.988347],[11.471837,47.00708],[11.411169,46.970493],[11.31381,46.987262],[11.174491,46.963853],[11.091912,46.912435],[11.054291,46.834145],[11.052844,46.814921],[10.99693,46.76911],[10.930888,46.773994],[10.870426,46.764072],[10.83415,46.780246],[10.795082,46.776888],[10.754775,46.790763],[10.722942,46.786448],[10.716947,46.795207],[10.748677,46.819443],[10.738962,46.829546],[10.647081,46.863756],[10.527708,46.843214],[10.486264,46.846366],[10.453811,46.864427],[10.451434,46.88577],[10.463836,46.919747],[10.458462,46.936619],[10.373403,46.996254],[10.338883,46.98411],[10.313665,46.964318],[10.296198,46.941374],[10.295681,46.922693],[10.235116,46.923313],[10.201423,46.86683],[10.157808,46.851612],[10.1113,46.847116],[10.045567,46.865564],[10.006913,46.890757],[9.899943,46.914398],[9.875138,46.927421],[9.862426,46.939772],[9.870591,46.998838],[9.860566,47.001602],[9.857982,47.015478],[9.669053,47.056199],[9.581203,47.05687],[9.608798,47.080771],[9.615723,47.106764],[9.605594,47.132266],[9.581823,47.154901],[9.552057,47.16689],[9.562909,47.19774],[9.540378,47.229108],[9.547096,47.243035],[9.521155,47.262801],[9.587404,47.32781],[9.601047,47.36127],[9.649519,47.409717],[9.650346,47.452092],[9.58451,47.480721],[9.554951,47.5109],[9.547482,47.534547],[9.612622,47.521881],[9.676701,47.52263],[9.703986,47.531415],[9.752665,47.582058],[9.782121,47.588414],[9.807959,47.576322],[9.813127,47.54175],[9.833487,47.534619],[9.858912,47.541337],[9.918753,47.53219],[9.945935,47.540769],[9.948726,47.524232],[9.97167,47.506404],[9.982625,47.481031],[9.993581,47.476586],[10.022623,47.487955],[10.080604,47.42739],[10.075953,47.416874],[10.053215,47.40486],[10.082878,47.359074],[10.11037,47.367394],[10.130833,47.362666],[10.146956,47.373802],[10.190881,47.379228],[10.209278,47.372484],[10.190778,47.298251],[10.172691,47.292308],[10.155431,47.272878],[10.239354,47.277735],[10.305913,47.302178],[10.34343,47.330756],[10.371646,47.367394],[10.411643,47.381037],[10.428283,47.396049],[10.451951,47.438759],[10.44761,47.472581],[10.419601,47.493045],[10.43097,47.542164],[10.414227,47.573015],[10.429213,47.57702],[10.453604,47.581102],[10.461563,47.569914],[10.453501,47.546246],[10.482543,47.532862],[10.536907,47.529865],[10.583726,47.562473],[10.739892,47.52847],[10.760769,47.513638],[10.858644,47.530666],[10.892234,47.514879],[10.851616,47.493097],[10.858438,47.485165],[10.909907,47.46899],[10.959827,47.432506],[10.957656,47.409717],[10.965511,47.396075],[10.979464,47.390545],[11.083747,47.389512],[11.193818,47.428941],[11.215212,47.422998],[11.213041,47.395816],[11.237019,47.393956],[11.258827,47.400725],[11.305645,47.4354],[11.383884,47.444857],[11.392462,47.454779],[11.388638,47.46222],[11.365487,47.469326],[11.412616,47.506094],[11.482585,47.50258],[11.551212,47.51369],[11.569402,47.527384],[11.589142,47.570379],[11.617048,47.586761],[11.820343,47.575288],[11.851969,47.599163],[11.935891,47.610738],[12.173603,47.60508],[12.202128,47.629833],[12.206779,47.645568],[12.205125,47.672285],[12.1766,47.705823],[12.239749,47.731687],[12.223315,47.695901],[12.238715,47.6789],[12.293699,47.69001],[12.351473,47.68169],[12.42413,47.69156],[12.444697,47.656291],[12.49658,47.628903],[12.538232,47.631331],[12.598383,47.66288],[12.653057,47.675127],[12.761991,47.666859],[12.751655,47.649392],[12.81315,47.611824],[12.785865,47.602677],[12.773669,47.5795],[12.77894,47.554825],[12.828446,47.537255],[12.931593,47.473512],[12.96973,47.475734],[13.001873,47.466019],[13.037323,47.493045],[13.028124,47.541647],[13.040113,47.560457],[13.038253,47.584022],[13.057063,47.597664],[13.069569,47.620247],[13.072049,47.659469],[13.044557,47.696573],[13.019856,47.712929],[12.964045,47.705358],[12.908338,47.71236],[12.892009,47.723548],[12.917227,47.750161],[12.926735,47.777395],[12.991227,47.847106],[12.964976,47.871963],[12.931076,47.924879],[12.862036,47.962552],[12.830617,48.015468],[12.750932,48.074741],[12.736979,48.099959],[12.745041,48.12063],[12.764058,48.123756],[12.782351,48.142024],[12.822142,48.160679],[12.862553,48.196646],[12.93304,48.209255],[13.032775,48.263567],[13.136438,48.291059],[13.274207,48.307104],[13.405569,48.376583],[13.436161,48.430585],[13.438228,48.478541],[13.459209,48.516394],[13.440709,48.557347],[13.454558,48.573445],[13.520704,48.584581],[13.624367,48.565357],[13.65806,48.551094],[13.673356,48.535488],[13.714336,48.523215],[13.733869,48.559776],[13.77428,48.569207],[13.802392,48.611711],[13.800945,48.675221],[13.803529,48.687159],[13.816862,48.695582],[13.783582,48.71527],[13.815725,48.76643],[13.855929,48.759299],[13.98233,48.706485],[14.034729,48.661165],[14.008064,48.642407],[14.015196,48.620393],[14.040827,48.601169],[14.07483,48.591712],[14.216527,48.58117],[14.325358,48.558639],[14.405353,48.586286],[14.421166,48.597061],[14.443593,48.636516],[14.458166,48.643182],[14.482144,48.624475],[14.53382,48.608714],[14.594179,48.621323],[14.605134,48.600316],[14.634693,48.602332],[14.659187,48.576959],[14.675621,48.576235],[14.695671,48.589542],[14.703836,48.673103],[14.722749,48.693411],[14.775356,48.724004],[14.800367,48.776507],[14.86765,48.775577],[14.939584,48.762813],[14.951056,48.780331],[14.938137,48.80281],[14.968213,48.885028],[14.964595,48.971741],[14.978858,49.00626],[15.003973,49.009774],[15.059576,48.997217],[15.137401,48.993031],[15.148977,48.965333],[15.141949,48.937479],[15.238067,48.95076],[15.257084,48.963886],[15.266902,48.986675],[15.27455,48.986727],[15.28871,48.975358],[15.357853,48.97081],[15.450354,48.944817],[15.521254,48.908489],[15.681347,48.858466],[15.726823,48.854952],[15.779222,48.870868],[15.818497,48.872315],[15.833276,48.852006],[15.885986,48.842033],[15.875754,48.833093],[15.899629,48.834746],[15.908103,48.819709],[15.930324,48.818313],[15.931771,48.806428],[16.032334,48.758059],[16.085354,48.742866],[16.177751,48.746535],[16.339498,48.735579],[16.358309,48.727259],[16.384974,48.737078],[16.43572,48.794542],[16.453083,48.80219],[16.519539,48.805601],[16.643149,48.778264],[16.661959,48.740023],[16.675085,48.733926],[16.729035,48.733099],[16.798902,48.709224],[16.873006,48.718991],[16.896674,48.696977],[16.910523,48.63078],[16.945043,48.604166]]]}},{"type":"Feature","properties":{"iso3":"ITA","name":"Italy","continent":"Europe"},"geometry":{"type":"MultiPolygon","coordinates":[[[[7.022083,45.92526],[7.153547,45.876529],[7.393843,45.9157],[7.524377,45.978073],[7.831232,45.91446],[7.883782,45.973869],[7.998354,46.010629],[8.018197,46.080858],[8.110595,46.126953],[8.129509,46.196044],[8.076592,46.249736],[8.087341,46.271802],[8.291462,46.378359],[8.316267,46.433653],[8.427888,46.44869],[8.427165,46.251442],[8.601831,46.122819],[8.834375,46.066388],[8.773397,45.990579],[8.898144,45.90955],[8.900004,45.826403],[9.002427,45.820718],[9.059271,45.881955],[8.982686,45.961847],[9.015553,45.993111],[8.997776,46.027941],[9.067126,46.071142],[9.090587,46.138167],[9.215747,46.221056],[9.275175,46.331385],[9.245823,46.461041],[9.282306,46.49737],[9.350829,46.497861],[9.377081,46.468689],[9.426794,46.497111],[9.444364,46.375284],[9.536451,46.298622],[9.674324,46.291801],[9.730858,46.350712],[9.93901,46.367455],[10.042673,46.220487],[10.075746,46.220022],[10.158945,46.262449],[10.091766,46.328956],[10.140755,46.402905],[10.026344,46.446262],[10.031408,46.525792],[10.083498,46.597002],[10.192122,46.626819],[10.295371,46.551087],[10.451833,46.546702],[10.459082,46.623564],[10.369165,46.672398],[10.428696,46.755648],[10.453811,46.864427],[10.662481,46.860965],[10.795082,46.776888],[10.99693,46.76911],[11.156611,46.956515],[11.31381,46.987262],[11.411169,46.970493],[11.461812,47.005504],[11.746445,46.972457],[12.180631,47.085215],[12.203575,47.053331],[12.111178,46.992998],[12.126887,46.908869],[12.250807,46.875615],[12.266724,46.795336],[12.40501,46.690123],[13.231109,46.552173],[13.478019,46.563567],[13.700951,46.519746],[13.658783,46.445125],[13.600182,46.442644],[13.365261,46.290302],[13.401641,46.216663],[13.637389,46.180386],[13.616409,46.125041],[13.461793,46.006392],[13.509439,45.967428],[13.622817,45.966394],[13.565973,45.83033],[13.778724,45.743411],[13.884144,45.635148],[13.847764,45.584661],[13.711762,45.593207],[13.808116,45.614325],[13.739268,45.649115],[13.739106,45.691596],[13.647309,45.76203],[13.574229,45.789618],[13.524181,45.760077],[13.554942,45.737209],[13.401703,45.675442],[13.37672,45.683173],[13.431407,45.706855],[13.351817,45.740302],[13.221853,45.776068],[13.11085,45.767646],[13.122895,45.744615],[13.075043,45.696845],[13.149669,45.703762],[13.084972,45.641913],[12.943858,45.628567],[12.423676,45.438056],[12.430919,45.484036],[12.573578,45.540025],[12.506602,45.57331],[12.451427,45.511908],[12.396739,45.539252],[12.424001,45.504462],[12.272716,45.463609],[12.208751,45.309068],[12.162934,45.31623],[12.168793,45.262152],[12.221446,45.283271],[12.230479,45.20425],[12.296072,45.22663],[12.328461,45.10102],[12.307302,45.128363],[12.297374,45.10635],[12.376231,45.038967],[12.355154,45.024644],[12.401378,45.049872],[12.53297,44.960842],[12.444591,44.820502],[12.438324,44.901109],[12.415538,44.899848],[12.39796,44.793769],[12.302989,44.842922],[12.266368,44.826646],[12.246593,44.711615],[12.283458,44.613756],[12.283702,44.487616],[12.368826,44.250678],[12.69158,43.990627],[12.928884,43.915839],[13.253266,43.703192],[13.473399,43.612006],[13.510265,43.633734],[13.624522,43.547187],[13.834809,43.127265],[13.944672,42.798285],[14.075369,42.598822],[14.560232,42.225653],[14.693696,42.18537],[14.757498,42.078843],[15.165375,41.927802],[15.446056,41.906928],[16.02711,41.944078],[16.140473,41.919908],[16.192882,41.79092],[15.900076,41.614651],[15.896332,41.536444],[15.961111,41.459459],[16.593923,41.206977],[17.05714,41.081855],[17.276378,40.980211],[17.476085,40.830146],[18.011078,40.644192],[18.037446,40.556952],[18.303233,40.399888],[18.437266,40.26789],[18.516124,40.139228],[18.411388,39.978827],[18.373709,39.799791],[18.071544,39.911526],[17.995372,40.002672],[18.015798,40.0362],[17.978363,40.051663],[18.010997,40.096015],[17.863129,40.285631],[17.512055,40.303697],[17.212901,40.406195],[17.243012,40.441392],[17.22755,40.474433],[17.295746,40.473212],[17.304047,40.499457],[17.189952,40.481879],[17.049571,40.51911],[16.976085,40.492621],[16.604747,40.084459],[16.631602,39.966213],[16.542247,39.885403],[16.489757,39.775214],[16.545909,39.660875],[16.782481,39.61164],[16.846202,39.55268],[17.158702,39.406195],[17.114919,39.282782],[17.1421,39.222317],[17.124522,39.090888],[17.192556,39.031073],[17.17156,38.96601],[17.104015,38.899075],[16.957286,38.94009],[16.838552,38.918199],[16.585623,38.797838],[16.534841,38.699897],[16.569591,38.429511],[16.306326,38.277086],[16.169444,38.143215],[16.090017,37.949205],[15.761485,37.925238],[15.684418,37.953518],[15.635102,38.009101],[15.658458,38.042548],[15.627452,38.107367],[15.632823,38.220282],[15.812836,38.300605],[15.917817,38.516791],[15.836599,38.648993],[16.002615,38.725409],[16.152599,38.730902],[16.200938,38.776435],[16.22169,38.856594],[16.214692,38.919013],[16.139659,38.973782],[16.083018,39.075263],[15.995396,39.438768],[15.876231,39.551459],[15.815684,39.6789],[15.774425,39.891099],[15.624278,40.077786],[15.534923,40.077786],[15.4101,39.99397],[15.272227,40.028754],[15.263438,40.073717],[15.127208,40.169623],[15.034923,40.17536],[14.92213,40.238023],[14.932384,40.333726],[14.99449,40.358434],[14.998267,40.397559],[14.888845,40.573065],[14.781993,40.669867],[14.329845,40.584459],[14.337738,40.624416],[14.47637,40.695102],[14.474132,40.729682],[14.2942,40.838772],[14.223643,40.831366],[14.203461,40.801215],[14.08253,40.831285],[14.08253,40.783515],[14.047697,40.789589],[14.021344,40.921829],[13.851725,41.147316],[13.721853,41.252387],[13.594412,41.253119],[13.56365,41.237982],[13.57545,41.208075],[13.543956,41.20661],[13.285818,41.295722],[13.044607,41.227525],[12.893565,41.399319],[12.653982,41.465644],[12.635265,41.447496],[12.448009,41.630764],[12.223481,41.750678],[12.170177,41.879584],[12.020356,41.993069],[11.822113,42.04678],[11.658214,42.279364],[11.376638,42.406887],[11.227387,42.422187],[11.164724,42.36933],[11.106619,42.391262],[11.099132,42.442857],[11.179692,42.456498],[11.166026,42.54621],[10.943614,42.742987],[10.731293,42.804429],[10.766368,42.854193],[10.76352,42.91828],[10.632498,42.958482],[10.499522,42.940497],[10.47755,42.990058],[10.539073,43.079413],[10.528168,43.246772],[10.437022,43.388577],[10.326345,43.476874],[10.251638,43.846625],[10.105805,44.01675],[9.844737,44.108629],[9.833263,44.052069],[9.230642,44.353705],[9.210704,44.305325],[9.102061,44.373969],[8.76238,44.432115],[8.466075,44.304267],[8.394542,44.182359],[8.256521,44.128363],[8.15268,43.983222],[8.167979,43.962633],[8.055675,43.892076],[7.736583,43.798245],[7.502289,43.792222],[7.477869,43.865515],[7.689949,44.067337],[7.64189,44.14356],[7.655636,44.176064],[7.340616,44.123664],[6.973403,44.249445],[6.873978,44.358379],[6.877182,44.414396],[6.9178,44.436307],[6.835737,44.534027],[6.897336,44.57542],[6.959864,44.683165],[7.037275,44.684612],[7.005856,44.816335],[6.982808,44.846979],[6.86602,44.855661],[6.745407,44.907803],[6.723496,45.013378],[6.662208,45.029242],[6.602728,45.10345],[6.72887,45.154609],[6.844109,45.130115],[7.108382,45.259202],[7.092569,45.323953],[7.160679,45.410924],[6.982808,45.511125],[6.963378,45.640729],[6.8161,45.69685],[6.784681,45.759585],[6.800804,45.826455],[6.949012,45.857822],[7.022083,45.92526]],[[12.42945,43.892056],[12.478287,43.917038],[12.489188,43.97311],[12.395654,43.948409],[12.385629,43.924534],[12.42945,43.892056]],[[12.453137,41.902752],[12.453983,41.903862],[12.453031,41.903915],[12.453137,41.902752]]],[[[11.999522,36.835924],[12.051524,36.790351],[12.03061,36.74136],[11.924978,36.811957],[11.999522,36.835924]]],[[[12.273204,37.939521],[12.354666,37.926988],[12.299653,37.919257],[12.273204,37.939521]]],[[[15.528656,38.302639],[15.651622,38.275295],[15.583751,38.240424],[15.500336,38.084947],[15.213064,37.761461],[15.163829,37.567694],[15.09669,37.494452],[15.103526,37.329779],[15.251964,37.257717],[15.261241,37.233832],[15.205414,37.244696],[15.183442,37.207465],[15.216482,37.155219],[15.247569,37.158677],[15.246593,37.118232],[15.307872,37.086656],[15.281993,37.060858],[15.329438,37.027737],[15.158376,36.924221],[15.094005,36.799547],[15.134939,36.68769],[15.093923,36.654934],[15.021007,36.699368],[14.882172,36.730658],[14.780772,36.699368],[14.487315,36.793362],[14.394542,36.945014],[14.278819,37.044013],[14.126313,37.11225],[13.894379,37.100816],[13.715831,37.171373],[13.569184,37.273505],[13.452647,37.298814],[13.289236,37.389146],[13.179373,37.483832],[13.026378,37.493232],[12.942638,37.568508],[12.659353,37.565131],[12.57781,37.652004],[12.489024,37.682685],[12.427419,37.809272],[12.46046,37.819037],[12.504161,38.011217],[12.576345,38.071723],[12.725352,38.125922],[12.731781,38.192776],[12.81837,38.077948],[12.901134,38.028062],[13.061371,38.083482],[13.056814,38.132717],[13.100922,38.19009],[13.207205,38.176093],[13.318126,38.220649],[13.391368,38.103176],[13.51352,38.110541],[13.557465,38.04914],[13.651134,38.000963],[13.790782,37.973619],[14.007172,38.038275],[14.273204,38.015123],[14.511729,38.044379],[14.634613,38.081488],[14.733735,38.15762],[14.897472,38.18594],[15.087901,38.128241],[15.177419,38.156317],[15.240733,38.261664],[15.257579,38.210191],[15.321056,38.210883],[15.528656,38.302639]]],[[[14.966319,38.432929],[14.998546,38.371039],[14.948253,38.39643],[14.966319,38.432929]]],[[[14.907725,38.473944],[14.924815,38.522366],[14.97934,38.487535],[14.948741,38.450914],[14.907725,38.473944]]],[[[14.863292,38.549018],[14.793793,38.571601],[14.85141,38.584906],[14.863292,38.549018]]],[[[8.455903,39.073554],[8.47641,39.06977],[8.437022,38.96719],[8.409841,38.961819],[8.349294,39.062161],[8.360362,39.11815],[8.444591,39.102729],[8.455903,39.073554]]],[[[8.305837,39.193305],[8.312022,39.120307],[8.269379,39.100165],[8.229991,39.172797],[8.305837,39.193305]]],[[[13.944672,40.701606],[13.890147,40.694159],[13.85613,40.734849],[13.9463,40.745185],[13.944672,40.701606]]],[[[8.27475,41.057278],[8.24643,40.993638],[8.209646,40.995795],[8.277843,41.105658],[8.326182,41.126125],[8.332367,41.064643],[8.27475,41.057278]]],[[[9.792247,40.556952],[9.820567,40.536363],[9.808767,40.470771],[9.62615,40.263088],[9.654633,40.144599],[9.73227,40.08393],[9.687266,39.961168],[9.715668,39.940131],[9.684337,39.894232],[9.644867,39.483954],[9.602061,39.355658],[9.634613,39.303168],[9.567556,39.238105],[9.557791,39.139716],[9.518565,39.10456],[9.450369,39.124416],[9.292166,39.221259],[9.216319,39.228013],[9.166026,39.187079],[9.024425,39.264838],[9.037852,39.227118],[9.074962,39.229885],[9.018321,39.146145],[9.044932,39.051256],[9.018321,38.995307],[8.853282,38.877997],[8.716563,38.932603],[8.634776,38.871161],[8.559581,39.056708],[8.482758,39.08039],[8.372813,39.222073],[8.426443,39.283271],[8.374034,39.378852],[8.40504,39.427191],[8.389496,39.462348],[8.46339,39.57685],[8.444021,39.757025],[8.565766,39.701077],[8.506847,39.738471],[8.555186,39.852688],[8.523448,39.898871],[8.463064,39.91413],[8.435395,39.858059],[8.393565,39.920478],[8.394542,40.0362],[8.459727,40.057318],[8.490001,40.104478],[8.459646,40.21601],[8.476085,40.292141],[8.385997,40.351793],[8.379893,40.468695],[8.291515,40.595364],[8.216319,40.570624],[8.19337,40.617499],[8.161794,40.563788],[8.147309,40.593207],[8.188487,40.680487],[8.1338,40.728909],[8.216319,40.899604],[8.193044,40.963772],[8.229015,40.962551],[8.233165,40.910102],[8.310232,40.850653],[8.500987,40.824449],[8.709158,40.92064],[8.764415,40.913804],[9.005544,41.121894],[9.157563,41.168891],[9.189952,41.251125],[9.257823,41.249661],[9.267426,41.201972],[9.278331,41.221747],[9.412283,41.180732],[9.442882,41.091986],[9.469086,41.146186],[9.559581,41.126125],[9.521251,41.031684],[9.662608,41.002631],[9.604259,41.002631],[9.566417,40.948635],[9.511892,40.934312],[9.573253,40.906399],[9.6421,40.92064],[9.623871,40.900702],[9.663259,40.858222],[9.723969,40.844916],[9.661794,40.809027],[9.792247,40.556952]]],[[[10.895844,42.386705],[10.923331,42.318728],[10.871702,42.354052],[10.895844,42.386705]]],[[[10.44337,42.845445],[10.388845,42.763495],[10.425141,42.74079],[10.415538,42.708889],[10.337901,42.764838],[10.235199,42.735907],[10.106781,42.757392],[10.132986,42.811916],[10.354666,42.808173],[10.412364,42.873358],[10.44337,42.845445]]],[[[9.840099,43.065172],[9.842127,43.024956],[9.801498,43.007805],[9.806944,43.066408],[9.840099,43.065172]]],[[[12.352061,45.405463],[12.430919,45.415676],[12.376231,45.422553],[12.321462,45.348009],[12.352061,45.405463]]],[[[12.859874,35.872219],[12.87672,35.855862],[12.856944,35.852281],[12.859874,35.872219]]],[[[14.346446,38.535142],[14.357188,38.551215],[14.36085,38.539049],[14.346446,38.535142]]],[[[14.57602,38.576646],[14.58546,38.55744],[14.551606,38.561591],[14.542491,38.586859],[14.57602,38.576646]]],[[[13.169281,38.717271],[13.195974,38.711493],[13.153494,38.69477],[13.169281,38.717271]]],[[[15.227794,38.810289],[15.217459,38.773017],[15.187022,38.789008],[15.227794,38.810289]]],[[[13.418956,40.7956],[13.431977,40.801459],[13.414724,40.785875],[13.418956,40.7956]]],[[[12.621755,35.509752],[12.611095,35.489244],[12.536143,35.5126],[12.621755,35.509752]]],[[[12.072276,37.967922],[12.079275,37.950263],[12.030447,37.984361],[12.072276,37.967922]]],[[[9.474783,41.23607],[9.464366,41.172675],[9.447765,41.205064],[9.474783,41.23607]]],[[[9.430919,41.224799],[9.373057,41.22191],[9.40797,41.258124],[9.430919,41.224799]]],[[[10.297048,42.344875],[10.315929,42.340766],[10.313243,42.32392],[10.294444,42.32803],[10.297048,42.344875]]],[[[10.091645,42.595771],[10.095388,42.576972],[10.050304,42.581936],[10.091645,42.595771]]],[[[12.329845,45.458808],[12.36378,45.449652],[12.33725,45.427395],[12.329845,45.458808]]]]}},{"type":"Feature","properties":{"iso3":"CHE","name":"Switzerland","continent":"Europe"},"geometry":{"type":"Polygon","coordinates":[[[10.453811,46.864427],[10.444923,46.823241],[10.417224,46.79885],[10.428696,46.755648],[10.399654,46.735546],[10.394383,46.70082],[10.369165,46.672398],[10.377537,46.653277],[10.395623,46.638808],[10.438205,46.635656],[10.459082,46.623564],[10.465903,46.578476],[10.443993,46.537729],[10.295371,46.551087],[10.275941,46.565531],[10.234703,46.575298],[10.233773,46.617982],[10.217856,46.626974],[10.192122,46.626819],[10.087839,46.604392],[10.071199,46.564394],[10.032752,46.532975],[10.028101,46.483934],[10.044017,46.466984],[10.026344,46.446262],[10.042053,46.432722],[10.133417,46.414016],[10.140755,46.402905],[10.13321,46.381098],[10.104995,46.361357],[10.092386,46.338103],[10.104892,46.309371],[10.14613,46.280277],[10.158945,46.262449],[10.14582,46.243328],[10.117914,46.231133],[10.075746,46.220022],[10.042673,46.220487],[10.041847,46.24307],[10.031718,46.260072],[9.977561,46.298105],[9.964022,46.356086],[9.918443,46.37115],[9.855398,46.366964],[9.768065,46.33862],[9.720109,46.350893],[9.709257,46.342392],[9.70843,46.311748],[9.674324,46.291801],[9.536451,46.298622],[9.502551,46.32074],[9.482604,46.35681],[9.444364,46.375284],[9.434648,46.498326],[9.384626,46.466416],[9.351553,46.485484],[9.350829,46.497861],[9.330986,46.501504],[9.282306,46.49737],[9.263186,46.485122],[9.237968,46.436547],[9.260912,46.416651],[9.260396,46.379728],[9.275175,46.331385],[9.224842,46.231184],[9.181331,46.204054],[9.163788,46.172989],[9.090587,46.138167],[9.072087,46.118892],[9.07033,46.083441],[9.059168,46.061789],[9.002117,46.03931],[8.997776,46.027941],[9.015553,45.993111],[8.979793,45.966911],[9.010798,45.926655],[9.051726,45.915545],[9.063095,45.898957],[9.059271,45.881955],[9.034363,45.848107],[9.002427,45.820718],[8.939588,45.834826],[8.900004,45.826403],[8.91375,45.86609],[8.912096,45.883402],[8.870962,45.947067],[8.800372,45.978538],[8.767919,45.983086],[8.834375,46.066388],[8.80895,46.089746],[8.747145,46.094449],[8.723891,46.109538],[8.695055,46.095172],[8.677485,46.095792],[8.601831,46.122819],[8.51026,46.207878],[8.43812,46.23537],[8.423237,46.275833],[8.442874,46.353373],[8.445768,46.412362],[8.441634,46.434945],[8.427888,46.44869],[8.399156,46.452179],[8.316267,46.433653],[8.286605,46.40536],[8.297457,46.387506],[8.281541,46.370116],[8.24175,46.354123],[8.192554,46.309164],[8.106874,46.285548],[8.087341,46.271802],[8.073078,46.253612],[8.09995,46.235629],[8.129509,46.196044],[8.132299,46.159354],[8.110595,46.126953],[8.066877,46.100598],[8.025329,46.091141],[8.010653,46.029698],[7.985848,45.999312],[7.898205,45.981949],[7.872917,45.959383],[7.870201,45.94037],[7.84962,45.939712],[7.846115,45.922573],[7.831232,45.91446],[7.732013,45.930376],[7.69398,45.928671],[7.673722,45.950323],[7.643027,45.966343],[7.541121,45.984119],[7.524377,45.978073],[7.503707,45.956731],[7.452961,45.945879],[7.393843,45.9157],[7.361803,45.907845],[7.286666,45.913426],[7.153547,45.876529],[7.090192,45.880508],[7.066938,45.890223],[7.015158,45.933321],[6.987666,45.993111],[6.915112,46.048612],[6.892375,46.055588],[6.869224,46.044064],[6.85093,46.049645],[6.851344,46.086025],[6.869224,46.112329],[6.853927,46.122612],[6.774346,46.134808],[6.765664,46.151603],[6.774863,46.185864],[6.827676,46.269477],[6.750368,46.345518],[6.782097,46.378462],[6.787058,46.414171],[6.762667,46.42926],[6.613684,46.455899],[6.547021,46.457372],[6.482942,46.448587],[6.397676,46.408176],[6.301558,46.394482],[6.269105,46.375026],[6.219496,46.329111],[6.214122,46.315469],[6.237583,46.267926],[6.252259,46.259916],[6.27603,46.26312],[6.281198,46.240073],[6.191384,46.191704],[6.140328,46.150207],[6.107875,46.138632],[6.073872,46.149174],[6.028293,46.147934],[5.95884,46.130467],[5.982921,46.170826],[5.954809,46.19992],[5.95853,46.211961],[6.042866,46.24307],[6.089685,46.246377],[6.100743,46.301413],[6.1364,46.359342],[6.135057,46.370401],[6.108185,46.396497],[6.054235,46.419416],[6.067567,46.433601],[6.064157,46.471118],[6.145702,46.55163],[6.121517,46.570285],[6.118417,46.583463],[6.266315,46.680356],[6.337938,46.707409],[6.429199,46.760816],[6.432609,46.785983],[6.417107,46.802157],[6.446769,46.857709],[6.445219,46.882617],[6.427752,46.909076],[6.442635,46.944164],[6.491107,46.963388],[6.598698,46.986539],[6.665412,47.021291],[6.688253,47.043848],[6.676264,47.0624],[6.6897,47.07829],[6.746027,47.103948],[6.744787,47.121053],[6.774759,47.128184],[6.838076,47.168132],[6.888344,47.211305],[6.956247,47.245231],[6.952216,47.270036],[6.958624,47.290551],[7.036552,47.329515],[7.044303,47.340497],[7.003996,47.368143],[6.86664,47.354165],[6.884003,47.382587],[6.924517,47.405996],[6.926068,47.424858],[6.968546,47.435194],[6.990973,47.452221],[6.9733,47.489092],[7.009784,47.499247],[7.053915,47.490384],[7.103731,47.496275],[7.180833,47.488265],[7.162642,47.459895],[7.168327,47.443565],[7.23809,47.416797],[7.309093,47.432661],[7.378547,47.430646],[7.406349,47.438242],[7.429293,47.465114],[7.414307,47.490177],[7.46743,47.481909],[7.482726,47.491263],[7.476939,47.514879],[7.505464,47.523018],[7.505154,47.533017],[7.485103,47.541595],[7.550319,47.575495],[7.637032,47.594977],[7.659666,47.596579],[7.646541,47.571542],[7.612337,47.564731],[7.683438,47.544257],[7.76674,47.555961],[7.78555,47.563196],[7.819657,47.595339],[7.898205,47.587846],[7.912157,47.560561],[8.042279,47.560561],[8.087237,47.567382],[8.113902,47.587846],[8.179015,47.615803],[8.232965,47.621952],[8.288569,47.615803],[8.306345,47.592187],[8.354094,47.581024],[8.448869,47.58428],[8.461788,47.606139],[8.49238,47.619833],[8.522353,47.621901],[8.560697,47.589396],[8.580644,47.600171],[8.580334,47.639005],[8.594493,47.640969],[8.601624,47.632598],[8.607309,47.656291],[8.568241,47.662932],[8.458274,47.639884],[8.391301,47.665464],[8.397709,47.67629],[8.392128,47.699519],[8.437913,47.723186],[8.463648,47.763907],[8.551602,47.779255],[8.5423,47.795017],[8.558216,47.801166],[8.601624,47.794603],[8.607619,47.762254],[8.617437,47.757319],[8.62984,47.762796],[8.635007,47.784604],[8.644102,47.791012],[8.657022,47.788118],[8.68193,47.75874],[8.713142,47.757422],[8.719757,47.747319],[8.70043,47.723496],[8.71707,47.694558],[8.769883,47.695074],[8.761718,47.70125],[8.77071,47.720861],[8.797581,47.720034],[8.856079,47.690682],[8.837682,47.687788],[8.837786,47.680838],[8.881711,47.656136],[8.945376,47.654302],[9.016586,47.6789],[9.183398,47.670425],[9.196937,47.656136],[9.273211,47.65009],[9.547482,47.534547],[9.554951,47.5109],[9.58451,47.480721],[9.650346,47.452092],[9.649519,47.409717],[9.639804,47.394524],[9.601047,47.36127],[9.587404,47.32781],[9.504618,47.243732],[9.487358,47.210014],[9.484981,47.176346],[9.511853,47.129372],[9.51237,47.10803],[9.475886,47.073226],[9.477023,47.063898],[9.560636,47.0524],[9.669053,47.056199],[9.857982,47.015478],[9.856328,47.004083],[9.870591,46.992947],[9.862426,46.939772],[9.875138,46.927421],[9.899943,46.914398],[10.006913,46.890757],[10.045567,46.865564],[10.1113,46.847116],[10.157808,46.851612],[10.201423,46.86683],[10.235116,46.923313],[10.295681,46.922693],[10.296198,46.941374],[10.313665,46.964318],[10.338883,46.98411],[10.378984,46.995505],[10.458462,46.936619],[10.463836,46.919747],[10.451434,46.88577],[10.453811,46.864427]]]}},{"type":"Feature","properties":{"iso3":"NLD","name":"Netherlands","continent":"Europe"},"geometry":{"type":"MultiPolygon","coordinates":[[[[7.194591,53.245022],[7.195405,53.184998],[7.171944,53.137714],[7.18507,53.105442],[7.192821,52.998006],[7.183623,52.966122],[7.161919,52.932636],[7.079857,52.854424],[7.061977,52.824012],[7.036655,52.647382],[7.018465,52.625988],[6.967719,52.636659],[6.91842,52.632189],[6.8654,52.641956],[6.737035,52.634695],[6.701792,52.619115],[6.710164,52.60865],[6.703962,52.583071],[6.743753,52.559713],[6.671716,52.541678],[6.684015,52.525994],[6.695074,52.475609],[6.714814,52.461553],[6.90023,52.431917],[6.951493,52.437472],[6.9733,52.451373],[7.034175,52.390783],[7.048231,52.365074],[7.039756,52.328616],[7.012471,52.284949],[7.011851,52.26663],[7.02632,52.230637],[6.981878,52.213997],[6.927721,52.171907],[6.88483,52.160332],[6.830673,52.112893],[6.749851,52.102867],[6.711404,52.067288],[6.679881,52.060467],[6.672957,52.050054],[6.675024,52.034809],[6.77817,52.001271],[6.809176,51.979542],[6.810726,51.960576],[6.789849,51.951145],[6.743753,51.908331],[6.716675,51.899262],[6.628153,51.897505],[6.528624,51.876421],[6.462892,51.848361],[6.378453,51.860117],[6.386617,51.837561],[6.382483,51.827587],[6.344966,51.821102],[6.341969,51.836682],[6.287399,51.846165],[6.264661,51.866189],[6.22518,51.862546],[6.126995,51.89673],[6.092992,51.88531],[6.156141,51.842056],[6.084,51.853658],[5.931451,51.81565],[5.928041,51.806736],[5.950778,51.795909],[5.964111,51.776556],[5.962354,51.756351],[5.940133,51.742631],[5.939306,51.731882],[5.97827,51.729789],[6.012067,51.715863],[6.021989,51.709506],[6.008553,51.681188],[6.031497,51.662998],[6.099193,51.644472],[6.08214,51.607807],[6.086481,51.595534],[6.193348,51.509338],[6.205337,51.458436],[6.192727,51.398957],[6.207817,51.387666],[6.193554,51.344516],[6.147769,51.318161],[6.06519,51.231629],[6.056612,51.211707],[6.053718,51.189383],[6.060849,51.170909],[6.08431,51.162692],[6.134126,51.184215],[6.157071,51.179254],[6.126272,51.164578],[6.147252,51.152254],[5.982921,51.074687],[5.937963,51.030943],[5.919566,51.029703],[5.880498,51.052053],[5.85249,51.042751],[5.873574,50.990584],[5.874607,50.965366],[5.927731,50.977665],[6.003695,50.973737],[5.99584,50.951775],[5.999871,50.929399],[6.063743,50.90754],[6.054648,50.891468],[6.063123,50.870901],[6.056715,50.852659],[6.045553,50.844184],[6.009276,50.840464],[6.000491,50.830439],[5.998321,50.800725],[5.983955,50.792198],[5.968762,50.794627],[5.972999,50.781811],[5.997081,50.762949],[5.99491,50.749927],[5.793165,50.752149],[5.752444,50.773439],[5.727846,50.754164],[5.706556,50.754216],[5.688366,50.76083],[5.700458,50.795557],[5.64072,50.815039],[5.624493,50.830284],[5.622323,50.852659],[5.694463,50.903664],[5.722369,50.911674],[5.76402,50.959423],[5.722369,50.959423],[5.777559,51.023553],[5.76402,51.035181],[5.771461,51.058125],[5.791305,51.054998],[5.79885,51.061484],[5.811769,51.082309],[5.804948,51.096624],[5.845979,51.103393],[5.823241,51.118741],[5.840501,51.138921],[5.829132,51.156465],[5.781383,51.152409],[5.730844,51.18375],[5.659013,51.179074],[5.62501,51.196902],[5.568373,51.207651],[5.545532,51.219924],[5.535197,51.26204],[5.493235,51.286535],[5.471635,51.288085],[5.389056,51.258707],[5.215423,51.258733],[5.214906,51.294338],[5.197336,51.308342],[5.122922,51.313381],[5.102561,51.350665],[5.068145,51.37454],[5.061737,51.384255],[5.065251,51.405907],[5.079927,51.438541],[5.06029,51.461976],[5.030318,51.47443],[5.012128,51.474327],[4.995798,51.446706],[4.957144,51.410997],[4.910325,51.391903],[4.853274,51.40614],[4.762117,51.413375],[4.767802,51.425389],[4.779067,51.426423],[4.822682,51.413685],[4.815447,51.431074],[4.823922,51.475645],[4.778654,51.495359],[4.731215,51.485618],[4.653907,51.426216],[4.630136,51.418206],[4.540632,51.420067],[4.521512,51.428645],[4.533191,51.467583],[4.525232,51.475929],[4.483064,51.474327],[4.377128,51.442882],[4.38922,51.434588],[4.379918,51.409525],[4.416195,51.373971],[4.411234,51.356737],[4.392217,51.350407],[4.261068,51.369379],[4.249034,51.384223],[4.244884,51.414496],[4.234711,51.419013],[4.20102,51.405341],[4.111095,51.406968],[3.99879,51.453111],[3.957042,51.455797],[3.943126,51.450385],[3.90211,51.404934],[3.827159,51.391059],[3.789073,51.412177],[3.72877,51.430813],[3.689708,51.454291],[3.610037,51.445054],[3.535411,51.459215],[3.494802,51.500922],[3.45102,51.529731],[3.447032,51.545966],[3.45753,51.55508],[3.560395,51.594631],[3.851085,51.610785],[3.882172,51.596096],[3.905772,51.569241],[3.871593,51.555569],[3.871593,51.549384],[3.967296,51.543118],[4.01588,51.530829],[4.05714,51.508368],[4.104828,51.445705],[4.180837,51.445868],[4.20045,51.439521],[4.283214,51.447699],[4.296723,51.470526],[4.288585,51.492133],[4.267751,51.508287],[4.153331,51.535061],[4.091319,51.535061],[3.988129,51.590277],[4.067719,51.610663],[4.157237,51.607896],[4.206879,51.590522],[4.202647,51.609117],[4.189952,51.616685],[4.135997,51.620429],[4.112966,51.63939],[4.112641,51.670803],[4.142914,51.684149],[4.176931,51.685858],[4.141124,51.703925],[4.071544,51.71719],[4.05714,51.730292],[4.050792,51.763495],[4.033946,51.784247],[3.981456,51.810004],[3.871593,51.788275],[3.862315,51.816067],[3.962657,51.847357],[4.043468,51.834215],[4.077647,51.843573],[4.032074,51.882025],[4.040212,51.924058],[4.01002,51.980129],[4.015636,51.987698],[4.022472,51.994371],[4.069021,51.987942],[4.107677,51.991889],[4.141856,52.005601],[4.284679,52.112942],[4.406912,52.223456],[4.508149,52.336371],[4.568614,52.445258],[4.577322,52.480943],[4.596934,52.506578],[4.639334,52.70067],[4.669444,52.796576],[4.711681,52.863105],[4.72641,52.9383],[4.745453,52.967597],[4.806977,52.961819],[4.816905,52.967597],[4.824392,52.96015],[4.809418,52.929592],[4.832774,52.911322],[4.87379,52.903957],[4.913097,52.905585],[4.978282,52.935696],[5.078136,52.954006],[5.312755,53.082831],[5.379242,53.097357],[5.39975,53.122056],[5.427094,53.190334],[5.447439,53.220893],[5.504242,53.257025],[5.541026,53.266588],[5.591563,53.302802],[5.659679,53.311957],[5.694591,53.330064],[5.980805,53.406073],[6.273936,53.412665],[6.311534,53.398993],[6.345551,53.412665],[6.494395,53.438707],[6.730235,53.460639],[6.829112,53.450588],[6.866873,53.434272],[6.900564,53.351793],[6.948578,53.326077],[7.02003,53.306138],[7.037771,53.309638],[7.058279,53.301947],[7.08546,53.309638],[7.073741,53.291327],[7.08074,53.266791],[7.194591,53.245022]]],[[[3.349415,51.375223],[3.541352,51.416734],[3.604666,51.391059],[3.702159,51.373603],[3.755544,51.350084],[3.833995,51.343248],[3.955821,51.371772],[3.984141,51.410468],[4.029063,51.404202],[4.07016,51.370551],[4.121918,51.359361],[4.156505,51.357571],[4.180024,51.377427],[4.221491,51.368001],[4.207939,51.330589],[4.168562,51.29687],[4.118952,51.272401],[3.995032,51.23323],[3.949454,51.210777],[3.808687,51.205325],[3.781402,51.219872],[3.776234,51.254521],[3.609526,51.290436],[3.514338,51.281031],[3.503383,51.273952],[3.501212,51.240284],[3.453877,51.235633],[3.391658,51.24677],[3.36737,51.263487],[3.353211,51.288602],[3.358068,51.336713],[3.349415,51.375223]]],[[[-68.211537,12.228095],[-68.190012,12.20482],[-68.210846,12.19009],[-68.205312,12.118232],[-68.23884,12.10456],[-68.227528,12.050727],[-68.237294,12.026801],[-68.254221,12.023627],[-68.280629,12.072211],[-68.287262,12.108303],[-68.282216,12.159898],[-68.302561,12.202948],[-68.321278,12.213853],[-68.391835,12.227769],[-68.410715,12.240302],[-68.417388,12.257025],[-68.40331,12.276516],[-68.410756,12.282701],[-68.400054,12.304389],[-68.376617,12.310045],[-68.331899,12.269029],[-68.252512,12.235541],[-68.211537,12.228095]]],[[[-62.997141,17.525621],[-62.945065,17.485384],[-62.958723,17.464571],[-62.981086,17.467724],[-62.9947,17.492133],[-62.997141,17.525621]]],[[[4.036632,51.685858],[4.097341,51.670233],[4.099376,51.65412],[4.054861,51.632636],[3.960297,51.623847],[3.901541,51.641995],[3.88559,51.668362],[3.809255,51.69953],[3.795909,51.700141],[3.765391,51.678412],[3.720551,51.676825],[3.700043,51.680609],[3.686697,51.692694],[3.689464,51.725043],[3.725841,51.739732],[3.830577,51.747301],[3.961762,51.738105],[4.036632,51.685858]]],[[[4.892589,53.111029],[4.892589,53.104804],[4.913097,53.104804],[4.893077,53.076117],[4.865245,53.050198],[4.818126,53.02676],[4.795665,53.000312],[4.761974,52.99433],[4.726817,53.003079],[4.707693,53.028469],[4.713878,53.054633],[4.733653,53.084215],[4.758474,53.108466],[4.805675,53.133002],[4.85434,53.18773],[4.889822,53.180854],[4.885753,53.166205],[4.910167,53.134589],[4.909923,53.118842],[4.892589,53.111029]]],[[[4.878917,53.220893],[4.986501,53.289984],[5.054454,53.313788],[5.104828,53.309638],[5.104828,53.302802],[5.036469,53.291815],[4.910167,53.21247],[4.878917,53.220893]]],[[[5.423595,53.430365],[5.585297,53.453599],[5.562022,53.434312],[5.475434,53.426947],[5.479747,53.416205],[5.468598,53.408515],[5.427013,53.40644],[5.208344,53.352688],[5.179861,53.353095],[5.167654,53.368232],[5.178884,53.385443],[5.250173,53.40644],[5.407237,53.422553],[5.423595,53.430365]]],[[[5.674001,53.467922],[5.913829,53.473863],[5.9546,53.461086],[5.855642,53.447414],[5.752778,53.447414],[5.678966,53.430121],[5.653575,53.433743],[5.636078,53.448676],[5.641938,53.463365],[5.658865,53.471869],[5.674001,53.467922]]],[[[6.211762,53.508857],[6.310802,53.514146],[6.338715,53.508857],[6.338715,53.502021],[6.153168,53.468817],[6.133311,53.453599],[6.127452,53.459906],[6.133311,53.467922],[6.122813,53.481635],[6.14796,53.494859],[6.211762,53.508857]]],[[[6.441173,53.556627],[6.510102,53.543606],[6.49643,53.5362],[6.460704,53.543362],[6.441173,53.556627]]],[[[-63.238433,17.646918],[-63.223704,17.629218],[-63.238393,17.614691],[-63.251332,17.623765],[-63.248931,17.640367],[-63.238433,17.646918]]]]}},{"type":"Feature","properties":{"iso3":"LIE","name":"Liechtenstein","continent":"Europe"},"geometry":{"type":"Polygon","coordinates":[[[9.521155,47.262801],[9.547096,47.243035],[9.540378,47.229108],[9.562909,47.19774],[9.552057,47.16689],[9.581823,47.154901],[9.605594,47.132266],[9.615723,47.106764],[9.608798,47.080771],[9.581203,47.05687],[9.560636,47.0524],[9.477023,47.063898],[9.475886,47.073226],[9.51237,47.10803],[9.511853,47.129372],[9.484981,47.176346],[9.487358,47.210014],[9.521155,47.262801]]]}},{"type":"Feature","properties":{"iso3":"SRB","name":"Republic of Serbia","continent":"Europe"},"geometry":{"type":"Polygon","coordinates":[[[20.242826,46.108091],[20.305665,46.053572],[20.35393,45.976678],[20.429068,45.946706],[20.481674,45.912703],[20.538002,45.903711],[20.572108,45.887691],[20.605284,45.846143],[20.636704,45.827023],[20.645902,45.788731],[20.68807,45.7431],[20.700059,45.735401],[20.726827,45.736176],[20.765171,45.766768],[20.785739,45.752557],[20.777264,45.657524],[20.754423,45.605589],[20.75804,45.58926],[20.800208,45.530504],[20.797624,45.516499],[20.760727,45.493348],[20.767135,45.479344],[20.816021,45.462859],[20.863047,45.418728],[20.981489,45.33279],[21.063964,45.30628],[21.09156,45.288089],[21.103342,45.286074],[21.139412,45.303696],[21.206075,45.245922],[21.239251,45.229385],[21.405546,45.199671],[21.459393,45.17404],[21.493292,45.145101],[21.494119,45.119314],[21.458566,45.107325],[21.442443,45.092908],[21.444406,45.07787],[21.421875,45.031413],[21.363378,45.01653],[21.351389,44.998236],[21.353456,44.989813],[21.383945,44.986661],[21.385185,44.969504],[21.40844,44.958342],[21.51634,44.933899],[21.539078,44.908474],[21.536287,44.889302],[21.48151,44.872611],[21.395314,44.871629],[21.355523,44.856591],[21.342811,44.831942],[21.378571,44.816645],[21.395934,44.790239],[21.49722,44.778043],[21.578042,44.777681],[21.595612,44.765951],[21.619693,44.713913],[21.65628,44.687661],[21.705166,44.677067],[21.756842,44.677274],[21.855441,44.698461],[21.962411,44.662288],[21.994347,44.658567],[22.032174,44.603325],[22.045197,44.569219],[22.076306,44.550718],[22.086951,44.52178],[22.126639,44.502659],[22.172114,44.505347],[22.185136,44.515113],[22.304922,44.677377],[22.38068,44.700528],[22.426052,44.733653],[22.483723,44.72399],[22.587489,44.649369],[22.621182,44.637432],[22.700144,44.63061],[22.765153,44.58281],[22.759262,44.564671],[22.741692,44.551855],[22.700144,44.54183],[22.621182,44.569219],[22.580461,44.565498],[22.565578,44.555421],[22.548422,44.511703],[22.484136,44.499766],[22.477005,44.463954],[22.505427,44.435015],[22.505117,44.404061],[22.522687,44.37507],[22.582838,44.328406],[22.68154,44.305307],[22.689498,44.291716],[22.685364,44.243657],[22.690739,44.228878],[22.648777,44.213995],[22.608573,44.175858],[22.597101,44.119065],[22.604749,44.079378],[22.592967,44.063926],[22.534159,44.057157],[22.50367,44.019898],[22.43432,44.013955],[22.411789,44.006927],[22.399594,43.993336],[22.394529,43.936337],[22.379026,43.913496],[22.377063,43.883524],[22.349467,43.807921],[22.362593,43.780843],[22.388535,43.758286],[22.386054,43.725498],[22.404865,43.687179],[22.466256,43.64912],[22.481449,43.600647],[22.478452,43.559229],[22.518863,43.474247],[22.565785,43.453344],[22.596274,43.429159],[22.637822,43.426369],[22.664694,43.396732],[22.702934,43.394045],[22.73301,43.381513],[22.80453,43.328984],[22.817139,43.315497],[22.826958,43.28139],[22.883802,43.230592],[22.915531,43.212247],[22.981367,43.198992],[22.984571,43.174627],[22.955632,43.108274],[22.935271,43.085562],[22.901682,43.069749],[22.884215,43.036651],[22.829025,42.993656],[22.776418,42.979729],[22.739579,42.898858],[22.727015,42.886892],[22.666244,42.871932],[22.5909,42.886892],[22.563615,42.884283],[22.53757,42.868341],[22.506047,42.870123],[22.481449,42.84674],[22.430446,42.817077],[22.425845,42.809843],[22.45313,42.763592],[22.482896,42.733775],[22.442072,42.681685],[22.449203,42.667965],[22.425328,42.572855],[22.512145,42.519189],[22.536536,42.47839],[22.508838,42.404932],[22.46977,42.391703],[22.423985,42.325893],[22.345023,42.313439],[22.307609,42.31933],[22.276914,42.341241],[22.268852,42.370335],[22.233402,42.348889],[22.095529,42.305817],[22.027627,42.303956],[21.929028,42.335117],[21.88438,42.309512],[21.8172,42.305145],[21.676886,42.234945],[21.575044,42.242022],[21.564066,42.246289],[21.553857,42.273984],[21.514893,42.317832],[21.51603,42.341939],[21.537321,42.35863],[21.596645,42.372092],[21.617419,42.386639],[21.618969,42.449245],[21.667855,42.490095],[21.717671,42.551151],[21.727697,42.574147],[21.720152,42.593887],[21.730074,42.601018],[21.735551,42.621276],[21.772758,42.647501],[21.764387,42.669619],[21.708886,42.687189],[21.629408,42.672203],[21.565226,42.720184],[21.405546,42.7353],[21.378674,42.744136],[21.404099,42.803978],[21.40844,42.846998],[21.398931,42.854569],[21.346738,42.860847],[21.306327,42.882448],[21.260542,42.886556],[21.23243,42.910896],[21.225298,42.973554],[21.209795,42.995878],[21.193052,42.997893],[21.165354,42.985103],[21.147887,42.992622],[21.124012,43.058277],[21.10851,43.081558],[21.092593,43.090678],[21.005157,43.099128],[20.838552,43.170467],[20.832041,43.178606],[20.839999,43.212092],[20.8616,43.217518],[20.848474,43.238137],[20.819432,43.257412],[20.769512,43.260849],[20.666986,43.209663],[20.604044,43.197959],[20.600117,43.173826],[20.626058,43.123725],[20.669157,43.109799],[20.664919,43.085407],[20.643835,43.052257],[20.596396,43.007092],[20.562393,43.009495],[20.530457,42.975156],[20.476403,42.966371],[20.459454,42.950015],[20.450979,42.922032],[20.488909,42.899191],[20.498831,42.877875],[20.4763,42.855525],[20.345352,42.827439],[20.35362,42.890975],[20.337084,42.906969],[20.19456,42.966836],[20.116942,42.976654],[20.019894,43.047348],[19.959742,43.07856],[19.92915,43.113907],[19.907136,43.113261],[19.872203,43.090368],[19.805127,43.089955],[19.761202,43.108739],[19.713556,43.165609],[19.663016,43.158504],[19.598111,43.176203],[19.512431,43.240643],[19.473054,43.293276],[19.414039,43.338389],[19.372285,43.384226],[19.218392,43.438202],[19.192244,43.454532],[19.175914,43.480887],[19.175191,43.509619],[19.195345,43.532796],[19.217462,43.532796],[19.252706,43.588633],[19.300868,43.588297],[19.34655,43.608838],[19.38045,43.585584],[19.410732,43.540754],[19.431816,43.57114],[19.48959,43.564448],[19.476878,43.588684],[19.477498,43.616977],[19.481735,43.628914],[19.507367,43.647182],[19.505713,43.67364],[19.461685,43.762136],[19.359469,43.842209],[19.275443,43.933263],[19.229348,43.95768],[19.240717,43.965741],[19.243507,44.002018],[19.287329,44.013025],[19.364637,43.973286],[19.528554,43.977213],[19.593357,44.005584],[19.618885,44.035711],[19.611443,44.054521],[19.598938,44.062583],[19.583848,44.054315],[19.570929,44.056898],[19.522043,44.08501],[19.476361,44.127023],[19.465716,44.15281],[19.442565,44.143198],[19.362363,44.191206],[19.353991,44.22433],[19.324329,44.263966],[19.307379,44.274198],[19.249502,44.270736],[19.157001,44.293577],[19.116693,44.343703],[19.107185,44.382718],[19.115763,44.403596],[19.141394,44.430829],[19.143358,44.458218],[19.127339,44.502556],[19.129922,44.518317],[19.165269,44.526689],[19.179635,44.538264],[19.188317,44.57604],[19.208677,44.588391],[19.255703,44.645648],[19.277614,44.684871],[19.318025,44.715463],[19.375695,44.873128],[19.356982,44.895877],[19.33022,44.898708],[19.31017,44.91235],[19.283815,44.908371],[19.239476,44.915141],[19.201856,44.908371],[19.18687,44.927543],[19.08455,44.878967],[19.015821,44.865635],[18.994323,44.894832],[18.991429,44.914934],[19.018405,44.925683],[19.06667,44.905684],[19.131679,44.953175],[19.118554,44.97555],[19.09809,44.970021],[19.087238,44.977101],[19.095402,45.020922],[19.082277,45.084949],[19.044863,45.137246],[19.060056,45.146858],[19.137674,45.146031],[19.141705,45.162154],[19.121861,45.195795],[19.143875,45.199516],[19.185319,45.168045],[19.225937,45.161947],[19.267795,45.165823],[19.286709,45.179517],[19.304279,45.166547],[19.390682,45.169337],[19.405358,45.179672],[19.407838,45.203133],[19.397296,45.223287],[19.378073,45.229592],[19.28975,45.23631],[19.158482,45.276171],[19.104147,45.298726],[19.096229,45.329121],[19.082956,45.339224],[19.03024,45.345137],[18.977491,45.371209],[18.975527,45.39113],[19.02262,45.402392],[19.031319,45.416201],[18.997144,45.455517],[18.99639,45.473815],[19.00962,45.498671],[19.077212,45.491643],[19.106255,45.511642],[19.095092,45.526059],[19.040936,45.545025],[19.018095,45.567401],[18.960217,45.539134],[18.941717,45.538927],[18.90358,45.573085],[18.912365,45.619232],[18.968485,45.668738],[18.962697,45.683052],[18.917325,45.706565],[18.900169,45.764908],[18.844978,45.815706],[18.855314,45.857357],[18.90699,45.867951],[18.872884,45.895236],[18.90699,45.9157],[18.901306,45.931203],[18.987502,45.923813],[18.978717,45.947171],[19.005589,45.96257],[19.048584,45.963449],[19.049721,45.993111],[19.06543,46.012025],[19.088478,46.018846],[19.111009,46.012955],[19.125788,45.993266],[19.148009,45.984068],[19.263454,45.981432],[19.286915,46.016159],[19.306966,46.026649],[19.378899,46.033677],[19.404738,46.060239],[19.453727,46.07755],[19.47295,46.098686],[19.499305,46.108608],[19.487523,46.134239],[19.549948,46.16416],[19.669321,46.1731],[19.79045,46.129072],[19.92915,46.16354],[19.993125,46.159406],[20.034983,46.142973],[20.098442,46.154962],[20.138026,46.136461],[20.170479,46.145505],[20.188462,46.140389],[20.242826,46.108091]]]}},{"type":"Feature","properties":{"iso3":"HRV","name":"Croatia","continent":"Europe"},"geometry":{"type":"MultiPolygon","coordinates":[[[[16.515302,46.501711],[16.577623,46.470653],[16.594263,46.482978],[16.659272,46.464193],[16.712395,46.412672],[16.742885,46.399624],[16.75508,46.381873],[16.769343,46.39611],[16.803449,46.388694],[16.827531,46.374018],[16.837659,46.381873],[16.875073,46.342857],[16.871766,46.327199],[16.889232,46.292163],[16.940702,46.251493],[16.974808,46.210565],[17.028035,46.18049],[17.052943,46.153463],[17.116195,46.123129],[17.208593,46.116566],[17.24859,46.080238],[17.275875,46.012025],[17.307811,46.006392],[17.316803,45.997659],[17.290138,45.991457],[17.290138,45.984636],[17.327138,45.972027],[17.337887,45.984636],[17.342124,45.958643],[17.38915,45.963087],[17.399692,45.959935],[17.406203,45.943657],[17.426667,45.956731],[17.511933,45.95394],[17.591102,45.936215],[17.645775,45.891825],[17.656524,45.84542],[17.809176,45.814414],[17.838218,45.799635],[17.857959,45.775863],[17.870051,45.773486],[17.889791,45.792141],[17.975367,45.792141],[18.080477,45.771729],[18.12895,45.785372],[18.211219,45.785372],[18.317672,45.747286],[18.367178,45.75819],[18.383818,45.743204],[18.404385,45.741809],[18.481797,45.791418],[18.504224,45.784028],[18.530269,45.79085],[18.57347,45.816688],[18.62215,45.868416],[18.633002,45.891929],[18.655636,45.907587],[18.674343,45.910377],[18.775525,45.882834],[18.804878,45.913633],[18.828339,45.905726],[18.901306,45.931203],[18.90699,45.9157],[18.872884,45.895236],[18.90699,45.867951],[18.855314,45.857357],[18.848699,45.809556],[18.900169,45.764908],[18.917325,45.706565],[18.962697,45.683052],[18.968485,45.668738],[18.912365,45.619232],[18.90358,45.573085],[18.941717,45.538927],[18.960217,45.539134],[19.018095,45.567401],[19.040936,45.545025],[19.095092,45.526059],[19.106255,45.511642],[19.077212,45.491643],[19.00962,45.498671],[18.99639,45.473815],[18.997144,45.455517],[19.031319,45.416201],[19.02262,45.402392],[18.975527,45.39113],[18.977491,45.371209],[19.03024,45.345137],[19.082956,45.339224],[19.096229,45.329121],[19.104147,45.298726],[19.158482,45.276171],[19.28975,45.23631],[19.378073,45.229592],[19.397296,45.223287],[19.407838,45.203133],[19.405358,45.179672],[19.393929,45.171624],[19.304279,45.166547],[19.291359,45.177709],[19.279474,45.177244],[19.267795,45.165823],[19.225937,45.161947],[19.185319,45.168045],[19.143875,45.199516],[19.121861,45.195795],[19.141705,45.162154],[19.137674,45.146031],[19.060056,45.146858],[19.044863,45.137246],[19.082277,45.084949],[19.095402,45.020922],[19.087238,44.977101],[19.09809,44.970021],[19.118554,44.97555],[19.131679,44.953175],[19.06667,44.905684],[19.018405,44.925683],[18.991429,44.914934],[18.994323,44.894832],[19.015821,44.865635],[18.889627,44.86119],[18.817797,44.887545],[18.78338,44.913745],[18.772631,44.942478],[18.804568,44.973845],[18.791752,45.001544],[18.738318,45.01591],[18.684058,45.084794],[18.671346,45.086861],[18.648711,45.062677],[18.616672,45.097662],[18.549596,45.094768],[18.53492,45.090427],[18.541121,45.055287],[18.51704,45.055856],[18.466087,45.074046],[18.412033,45.112441],[18.322323,45.12288],[18.237884,45.157451],[18.213286,45.153782],[18.20233,45.144067],[18.192512,45.108514],[18.153651,45.097558],[18.090296,45.107997],[18.035002,45.143344],[18.003479,45.149338],[17.911185,45.081074],[17.835738,45.064434],[17.797497,45.081952],[17.741377,45.133267],[17.684739,45.163963],[17.651563,45.165358],[17.629962,45.157348],[17.572395,45.120399],[17.481858,45.114405],[17.496224,45.14169],[17.472349,45.13275],[17.447751,45.1343],[17.458086,45.146134],[17.443307,45.162051],[17.436176,45.151922],[17.382432,45.139623],[17.268951,45.189543],[17.24549,45.155384],[17.187095,45.148563],[17.098418,45.177657],[17.055734,45.200446],[17.036303,45.23047],[17.008295,45.216156],[17.013566,45.230574],[17.008295,45.244165],[16.998683,45.2314],[16.961166,45.250934],[16.967987,45.237292],[16.947317,45.23569],[16.93264,45.278788],[16.924372,45.284524],[16.86174,45.232227],[16.830734,45.216983],[16.824223,45.189077],[16.811718,45.181223],[16.786293,45.178846],[16.587028,45.220858],[16.528944,45.222254],[16.481919,45.199516],[16.435513,45.132853],[16.389211,45.116834],[16.38177,45.107584],[16.381976,45.083709],[16.356965,45.048621],[16.340635,45.005936],[16.316244,45.001234],[16.212994,45.031464],[16.121527,45.096163],[16.067474,45.169595],[16.024375,45.184323],[16.029233,45.205045],[16.020448,45.213934],[15.878855,45.217241],[15.824801,45.210988],[15.792348,45.189801],[15.780049,45.160294],[15.78377,45.100917],[15.755968,45.042213],[15.76744,44.993224],[15.763616,44.97555],[15.730853,44.927233],[15.734264,44.902118],[15.773435,44.845016],[15.76868,44.827342],[15.730647,44.817007],[15.716074,44.80321],[15.728476,44.769103],[15.805681,44.696653],[15.856427,44.703577],[15.876271,44.724816],[15.888776,44.724248],[15.905416,44.690141],[15.913064,44.684509],[15.937352,44.688953],[15.948101,44.678101],[15.955646,44.653193],[15.968978,44.63924],[16.028303,44.624719],[16.044736,44.589372],[16.034917,44.585393],[16.006082,44.541003],[16.026649,44.52519],[16.04732,44.52333],[16.0837,44.534905],[16.104887,44.532373],[16.116463,44.52147],[16.159664,44.416101],[16.159871,44.400702],[16.13827,44.377602],[16.171343,44.377086],[16.202866,44.359774],[16.203176,44.333057],[16.189533,44.308511],[16.18757,44.282414],[16.215785,44.208155],[16.275523,44.157357],[16.326889,44.082375],[16.367197,44.058139],[16.414016,44.055813],[16.439647,44.014007],[16.501039,43.992716],[16.555816,43.937474],[16.678599,43.840684],[16.698236,43.788078],[16.712602,43.771515],[16.82381,43.707307],[17.030516,43.54848],[17.084569,43.513237],[17.142757,43.489336],[17.239495,43.478407],[17.270501,43.463214],[17.286417,43.437376],[17.267607,43.353324],[17.289931,43.30343],[17.328689,43.260358],[17.400209,43.216045],[17.42677,43.165713],[17.442067,43.152432],[17.587381,43.082126],[17.628412,43.046573],[17.659004,42.993656],[17.662725,42.965699],[17.63451,42.950403],[17.580658,42.942084],[17.549653,42.955308],[17.534516,42.950629],[17.515636,42.958889],[17.488292,42.982611],[17.470876,43.013414],[17.501964,43.030992],[17.487966,43.03498],[17.433604,43.017401],[17.460216,43.030992],[17.432302,43.0362],[17.427419,43.060858],[17.404552,43.0515],[17.316254,43.127265],[17.172374,43.18183],[17.113943,43.213202],[17.100271,43.231676],[17.066661,43.244859],[17.051117,43.274237],[17.0324,43.282375],[16.93393,43.373603],[16.880626,43.405951],[16.752452,43.419501],[16.625824,43.449042],[16.534841,43.497138],[16.524669,43.51081],[16.504405,43.503974],[16.391449,43.51081],[16.391449,43.517646],[16.434255,43.521877],[16.473399,43.538153],[16.433849,43.54975],[16.336762,43.551174],[16.239594,43.526557],[16.117686,43.524482],[16.117686,43.517646],[16.164887,43.504096],[16.172374,43.489691],[16.11085,43.489691],[16.113129,43.478909],[16.039561,43.49079],[16.014008,43.503974],[16.007823,43.497138],[15.973481,43.503119],[15.966319,43.51081],[15.964366,43.503892],[15.961274,43.515041],[15.983653,43.521064],[15.987315,43.544908],[15.959483,43.538153],[15.94809,43.552883],[15.925304,43.55858],[15.941905,43.560004],[15.944184,43.566718],[15.917979,43.572903],[15.93214,43.586575],[15.917979,43.606391],[15.925304,43.613837],[15.918956,43.62873],[15.966319,43.633734],[15.966319,43.641181],[15.904796,43.648017],[15.952973,43.650865],[15.93214,43.668443],[15.945974,43.672309],[15.95045,43.688544],[15.938975,43.696438],[15.939708,43.677639],[15.931163,43.6765],[15.892914,43.700507],[15.870779,43.703192],[15.844005,43.729926],[15.792166,43.754462],[15.706309,43.763414],[15.68214,43.797187],[15.632986,43.810452],[15.617442,43.825507],[15.663097,43.812974],[15.678884,43.811835],[15.678884,43.819281],[15.574067,43.859524],[15.512218,43.911078],[15.455089,43.928046],[15.358084,44.025702],[15.319509,44.045233],[15.212901,44.131049],[15.212738,44.148261],[15.144542,44.195461],[15.160411,44.213202],[15.152192,44.235297],[15.110362,44.26435],[15.140636,44.282457],[15.157563,44.280341],[15.176606,44.249945],[15.197927,44.25731],[15.207774,44.272773],[15.185395,44.285386],[15.206554,44.285386],[15.19809,44.301663],[15.247569,44.277981],[15.279552,44.251776],[15.295258,44.250678],[15.281749,44.285386],[15.302745,44.29914],[15.278168,44.309801],[15.261241,44.332587],[15.42449,44.267971],[15.503591,44.259223],[15.525238,44.260688],[15.528656,44.271796],[15.449229,44.285386],[15.406016,44.320624],[15.307953,44.354397],[15.15504,44.466702],[15.080089,44.536078],[15.007335,44.569729],[14.901378,44.690172],[14.8838,44.723619],[14.895193,44.736151],[14.8838,44.788764],[14.8838,44.861477],[14.921641,44.958808],[14.852794,45.093655],[14.827403,45.113959],[14.765961,45.137356],[14.657888,45.196601],[14.6067,45.244371],[14.57602,45.262274],[14.568614,45.275946],[14.582205,45.285346],[14.570811,45.293647],[14.534353,45.31269],[14.552257,45.297675],[14.551931,45.288072],[14.533051,45.283881],[14.510509,45.29975],[14.402354,45.338609],[14.329763,45.35399],[14.311534,45.34398],[14.271983,45.290107],[14.232595,45.149359],[14.209239,45.12637],[14.179373,45.134508],[14.195323,45.120592],[14.193126,45.105618],[14.154307,45.078925],[14.158214,45.053209],[14.143891,45.053209],[14.159434,45.040351],[14.166189,45.018948],[14.163748,44.995754],[14.151378,44.977484],[14.139903,44.97134],[14.101329,44.97427],[14.068858,44.94953],[14.083832,44.986396],[14.075694,45.004828],[14.054535,45.018459],[14.051931,45.038031],[14.040294,45.038967],[14.044281,45.00141],[14.071544,44.993354],[14.075694,44.98371],[14.044444,44.951402],[14.034679,44.956366],[14.039073,44.93183],[14.034679,44.922309],[14.022634,44.9206],[14.027843,44.908637],[14.020518,44.901109],[13.972667,44.901109],[13.993012,44.881293],[13.986176,44.881293],[13.993012,44.867621],[13.972667,44.847154],[13.972667,44.826646],[13.989431,44.8251],[14.000011,44.813056],[13.963878,44.811835],[13.931651,44.820502],[13.924815,44.813056],[13.918712,44.829047],[13.890147,44.833482],[13.883149,44.826646],[13.904307,44.817288],[13.90447,44.798774],[13.917979,44.778266],[13.903168,44.772406],[13.896983,44.813056],[13.849132,44.826646],[13.853852,44.837063],[13.845551,44.840155],[13.849132,44.847154],[13.842296,44.854641],[13.815684,44.856594],[13.78712,44.875067],[13.794607,44.881293],[13.819591,44.867662],[13.833751,44.873358],[13.842296,44.888129],[13.815278,44.883531],[13.794607,44.894965],[13.808116,44.915432],[13.774099,44.963813],[13.660818,45.061225],[13.62322,45.073065],[13.636892,45.093573],[13.612559,45.117865],[13.63852,45.130032],[13.726248,45.134508],[13.683604,45.143378],[13.600597,45.137274],[13.595958,45.145413],[13.599376,45.171291],[13.589122,45.175482],[13.594412,45.187323],[13.582286,45.196601],[13.594493,45.212633],[13.589122,45.230699],[13.595225,45.2508],[13.57545,45.264879],[13.602712,45.285346],[13.57545,45.306464],[13.609548,45.320136],[13.561778,45.326361],[13.54127,45.346137],[13.540538,45.356757],[13.554942,45.36107],[13.554942,45.367336],[13.543142,45.376166],[13.513357,45.436225],[13.520763,45.457261],[13.504568,45.483873],[13.507091,45.511908],[13.585139,45.489247],[13.624107,45.462745],[13.759294,45.463169],[13.819859,45.432628],[13.889002,45.423637],[13.923005,45.448958],[13.969824,45.462963],[13.98264,45.475313],[13.961452,45.493142],[13.971891,45.514226],[14.013956,45.507973],[14.092917,45.473918],[14.145524,45.476243],[14.218698,45.497172],[14.326805,45.4749],[14.372797,45.477845],[14.468915,45.525594],[14.482144,45.542441],[14.498577,45.596184],[14.556145,45.656697],[14.580949,45.667808],[14.591905,45.663364],[14.593868,45.616183],[14.603067,45.603574],[14.669833,45.564558],[14.668489,45.533966],[14.781144,45.493348],[14.797164,45.465185],[14.838815,45.458983],[14.881603,45.469784],[14.900826,45.493142],[14.904444,45.514432],[14.922634,45.514949],[14.962631,45.493142],[15.007383,45.480843],[15.056166,45.479912],[15.139262,45.430045],[15.18422,45.4256],[15.281578,45.450974],[15.325193,45.452834],[15.361367,45.482031],[15.311034,45.505906],[15.296668,45.522959],[15.268556,45.601662],[15.287883,45.610344],[15.297391,45.625692],[15.373769,45.640213],[15.333875,45.682639],[15.304936,45.672149],[15.283025,45.680107],[15.250883,45.70765],[15.255017,45.723463],[15.303799,45.746149],[15.429063,45.775295],[15.441052,45.782168],[15.440328,45.811468],[15.451284,45.815137],[15.48539,45.810176],[15.523527,45.826816],[15.626054,45.820202],[15.666051,45.831674],[15.676076,45.841699],[15.659436,45.888828],[15.67556,45.925157],[15.674216,45.993163],[15.697987,46.036209],[15.683931,46.051144],[15.631531,46.070574],[15.603833,46.090986],[15.58988,46.113517],[15.589983,46.138684],[15.604349,46.167002],[15.639799,46.207672],[15.661297,46.21532],[15.749767,46.210772],[15.768887,46.21935],[15.789144,46.24307],[15.81829,46.255524],[15.879323,46.259308],[15.948721,46.284204],[16.019208,46.298829],[16.049922,46.316735],[16.059619,46.332315],[16.057965,46.377532],[16.106024,46.373734],[16.143851,46.394714],[16.191807,46.369781],[16.275626,46.373165],[16.278727,46.387351],[16.250925,46.404998],[16.234905,46.493339],[16.260931,46.513576],[16.340276,46.543827],[16.406264,46.539486],[16.440371,46.519022],[16.481298,46.519022],[16.515302,46.501711]]],[[[18.437355,42.559212],[18.437148,42.493402],[18.454925,42.464722],[18.492855,42.442372],[18.49643,42.416327],[18.474457,42.441352],[18.413097,42.461859],[18.411876,42.47602],[18.238943,42.559068],[18.220551,42.579169],[18.223481,42.614691],[18.21754,42.620103],[18.07602,42.651313],[18.057384,42.667914],[18.077322,42.667914],[18.043224,42.702053],[18.028331,42.691311],[17.961192,42.729397],[17.901622,42.751899],[17.880707,42.768744],[17.892833,42.790839],[17.865082,42.789944],[17.834972,42.807196],[17.806651,42.811916],[17.780121,42.796942],[17.720958,42.826239],[17.748709,42.803412],[17.761892,42.778713],[17.748709,42.77204],[17.748871,42.790839],[17.72877,42.800767],[17.44044,42.873358],[17.442719,42.898627],[17.417247,42.9112],[17.350922,42.92178],[17.271332,42.963365],[17.213878,42.982611],[17.095388,42.984442],[17.046153,42.995063],[17.017914,43.013821],[17.028168,43.030992],[17.001638,43.0515],[17.023123,43.048651],[17.073253,43.024156],[17.158702,43.030992],[17.240245,43.022773],[17.390473,42.977729],[17.454112,42.942288],[17.460216,42.92178],[17.50766,42.909084],[17.518891,42.908149],[17.522146,42.919623],[17.532074,42.9206],[17.55893,42.912828],[17.641612,42.884467],[17.65268,42.873358],[17.673676,42.875067],[17.715994,42.844184],[17.741466,42.83926],[17.701915,42.868476],[17.713634,42.880805],[17.707367,42.88703],[17.678722,42.879381],[17.653331,42.890937],[17.679468,42.915676],[17.701586,42.9195],[17.786748,42.901388],[17.81176,42.909863],[17.826229,42.888649],[17.827159,42.853122],[17.858475,42.816974],[17.904467,42.804546],[17.995315,42.740441],[18.224138,42.628071],[18.311574,42.601225],[18.338653,42.602517],[18.385265,42.566524],[18.437355,42.559212]]],[[[16.858165,42.784003],[16.921072,42.777167],[16.93393,42.770941],[16.936371,42.75552],[16.905447,42.731757],[16.884939,42.729397],[16.858165,42.742987],[16.834321,42.730943],[16.820811,42.73607],[16.809825,42.749823],[16.822276,42.755113],[16.824067,42.764065],[16.818858,42.769355],[16.802989,42.763495],[16.810232,42.775336],[16.858165,42.784003]]],[[[17.658946,42.742987],[17.730479,42.713446],[17.748871,42.694566],[17.385916,42.770941],[17.37379,42.759996],[17.323741,42.790839],[17.392345,42.801703],[17.371593,42.790839],[17.486013,42.782172],[17.523692,42.764838],[17.597504,42.749823],[17.590668,42.742987],[17.658946,42.742987]]],[[[17.131847,42.96955],[17.200206,42.92178],[17.19337,42.914293],[17.174327,42.922024],[17.107432,42.914293],[17.01531,42.928616],[16.972911,42.926703],[16.85141,42.900702],[16.691417,42.928209],[16.655447,42.926256],[16.638438,42.93476],[16.706798,42.962104],[16.706798,42.96955],[16.631684,42.982611],[16.65268,42.992377],[16.72047,42.990058],[16.824067,42.962104],[16.878673,42.962104],[16.915538,42.974514],[17.032074,42.982611],[17.111095,42.964301],[17.131847,42.96955]]],[[[16.241222,43.071967],[16.249848,43.079413],[16.252126,43.062405],[16.210297,43.033271],[16.087169,43.011461],[16.063162,43.017401],[16.084483,43.025946],[16.087087,43.041409],[16.079112,43.05329],[16.063162,43.0515],[16.048839,43.065172],[16.130219,43.088446],[16.170177,43.087714],[16.199718,43.079413],[16.194672,43.074408],[16.228201,43.078681],[16.241222,43.071967]]],[[[16.693126,43.127265],[16.559825,43.142971],[16.371593,43.195502],[16.391449,43.202338],[16.415294,43.198472],[16.439789,43.209784],[16.446056,43.202338],[16.460297,43.215969],[16.460297,43.209784],[16.49643,43.218085],[16.554942,43.187934],[16.583263,43.188666],[16.520518,43.22899],[16.562755,43.22899],[16.583263,43.215969],[16.616384,43.223538],[16.659516,43.215969],[16.693126,43.188666],[16.68629,43.18183],[16.727712,43.164618],[16.848155,43.16234],[16.864431,43.16885],[16.896739,43.154771],[17.018565,43.140855],[17.155284,43.140326],[17.19337,43.127265],[16.693126,43.127265]]],[[[16.500743,43.284247],[16.421886,43.317572],[16.405772,43.332709],[16.42628,43.325181],[16.426768,43.331488],[16.439789,43.332709],[16.434906,43.346422],[16.453461,43.353176],[16.42628,43.39411],[16.493907,43.38231],[16.687673,43.377021],[16.809825,43.353176],[16.809825,43.346381],[16.796153,43.346381],[16.816254,43.340237],[16.830333,43.346381],[16.858165,43.325181],[16.885102,43.321967],[16.892345,43.312201],[16.872325,43.287991],[16.864431,43.291693],[16.846202,43.273383],[16.813162,43.267768],[16.628266,43.263739],[16.500743,43.284247]]],[[[16.391449,43.346381],[16.375987,43.333441],[16.348643,43.33869],[16.281749,43.369371],[16.207042,43.387274],[16.213227,43.39411],[16.20045,43.40705],[16.220063,43.415229],[16.277029,43.411933],[16.298188,43.403632],[16.302745,43.387274],[16.329845,43.389716],[16.391449,43.346381]]],[[[15.678884,43.648017],[15.740408,43.627509],[15.672048,43.637437],[15.60377,43.674709],[15.611339,43.682115],[15.650157,43.673041],[15.678884,43.648017]]],[[[15.261241,43.867092],[15.266368,43.857001],[15.395681,43.772406],[15.30893,43.805609],[15.247895,43.849026],[15.227794,43.874457],[15.240733,43.880764],[15.261241,43.867092]]],[[[15.302745,43.966376],[15.261241,44.011054],[15.296397,44.005601],[15.349946,43.976304],[15.384044,43.97016],[15.391612,43.942206],[15.426768,43.922065],[15.446056,43.887519],[15.407074,43.896145],[15.397716,43.908108],[15.358653,43.919379],[15.349946,43.929145],[15.356781,43.93537],[15.302745,43.966376]]],[[[15.254405,44.01789],[15.223318,44.050279],[15.206554,44.045233],[15.199067,44.058824],[15.189138,44.047797],[15.121837,44.092231],[15.068696,44.133979],[15.071462,44.146389],[15.062511,44.161933],[15.225759,44.06623],[15.247081,44.046698],[15.254405,44.01789]]],[[[14.842784,44.148261],[14.85727,44.152045],[14.869151,44.14053],[14.835216,44.141669],[14.819835,44.153022],[14.822439,44.168687],[14.842784,44.148261]]],[[[15.144542,43.949652],[15.216807,43.912787],[15.220225,43.90119],[15.195486,43.895209],[15.145518,43.923896],[15.133311,43.92121],[15.175548,43.890937],[15.196788,43.886379],[15.194509,43.872626],[15.106619,43.925442],[15.042817,43.990424],[15.003103,44.052314],[14.955089,44.075588],[14.870128,44.140815],[14.84962,44.175605],[14.863292,44.175605],[14.939138,44.127143],[14.954438,44.103217],[14.993826,44.087836],[15.007335,44.093004],[15.002778,44.083157],[15.022716,44.072211],[15.041352,44.026435],[15.088227,43.989651],[15.11378,43.983791],[15.144542,43.949652]]],[[[14.876964,44.55976],[14.761485,44.658637],[14.733653,44.703192],[14.779959,44.669501],[14.845225,44.600531],[14.8838,44.579657],[14.880138,44.609198],[14.904063,44.610012],[14.966319,44.573432],[15.003917,44.536078],[15.041189,44.527493],[15.075531,44.484076],[15.007335,44.504543],[15.011729,44.514879],[14.972911,44.536119],[14.911143,44.552314],[14.911143,44.545478],[14.965994,44.523871],[15.048025,44.439439],[15.09669,44.415188],[15.064952,44.437934],[15.041515,44.47663],[15.083263,44.461859],[15.254405,44.340033],[15.235118,44.336249],[15.16505,44.367377],[15.16505,44.360541],[15.215831,44.338121],[15.227061,44.326361],[15.206554,44.326361],[15.220225,44.31273],[15.13087,44.332587],[15.172374,44.29914],[15.128754,44.311998],[15.09669,44.340033],[15.09669,44.346259],[15.110362,44.346259],[15.110362,44.353705],[15.089203,44.374213],[15.106944,44.37519],[15.117198,44.387193],[15.083018,44.401516],[15.049001,44.39468],[15.020763,44.429999],[14.958832,44.466702],[14.897472,44.490912],[14.897472,44.497056],[14.91863,44.504543],[14.876964,44.55976]]],[[[14.445567,44.565985],[14.526622,44.50373],[14.534353,44.484076],[14.511974,44.482245],[14.485037,44.500637],[14.438162,44.538642],[14.438162,44.545478],[14.466075,44.538642],[14.422618,44.573879],[14.404063,44.579657],[14.386567,44.565619],[14.363048,44.573432],[14.369884,44.579657],[14.364757,44.587226],[14.382579,44.603258],[14.375987,44.623033],[14.349376,44.655341],[14.335785,44.716783],[14.397472,44.685614],[14.390391,44.662177],[14.404063,44.610338],[14.445567,44.565985]]],[[[14.740489,44.778266],[14.75408,44.757758],[14.724946,44.767646],[14.699474,44.765204],[14.657888,44.798774],[14.70574,44.792548],[14.699474,44.813056],[14.726817,44.798774],[14.685802,44.847154],[14.726817,44.840277],[14.719981,44.854641],[14.753266,44.845852],[14.756114,44.835679],[14.740489,44.820502],[14.822439,44.77143],[14.85906,44.717353],[14.84962,44.703192],[14.740489,44.778266]]],[[[14.513927,44.662177],[14.508556,44.645331],[14.527517,44.647895],[14.534353,44.634263],[14.513357,44.618842],[14.472992,44.620266],[14.427908,44.656562],[14.394542,44.707587],[14.397227,44.751614],[14.368175,44.761054],[14.361583,44.815985],[14.329845,44.83393],[14.314138,44.893785],[14.2942,44.908637],[14.301524,44.922309],[14.292491,44.940334],[14.301524,44.943427],[14.325206,44.93651],[14.35963,44.908637],[14.38738,44.909003],[14.397227,44.929104],[14.39031,44.960395],[14.404063,44.94953],[14.411388,44.956366],[14.37672,44.986884],[14.340831,45.055609],[14.278494,45.113349],[14.288585,45.14883],[14.31365,45.172431],[14.356212,45.169257],[14.364106,45.15762],[14.363048,45.093573],[14.387706,45.039049],[14.417654,44.997992],[14.466075,44.98371],[14.473481,44.971422],[14.451915,44.922309],[14.459239,44.915432],[14.449962,44.898017],[14.451915,44.850898],[14.466563,44.804836],[14.451915,44.798774],[14.472911,44.765204],[14.466075,44.729804],[14.472179,44.707953],[14.513927,44.662177]]],[[[14.723399,44.943345],[14.628917,44.978176],[14.62086,45.0456],[14.603282,45.038967],[14.616954,45.024644],[14.510509,45.032172],[14.460134,45.052395],[14.425059,45.087348],[14.44158,45.099799],[14.462657,45.10102],[14.467052,45.124091],[14.476329,45.128363],[14.530121,45.134833],[14.521251,45.14883],[14.539561,45.170396],[14.536876,45.201728],[14.549815,45.221422],[14.543793,45.235745],[14.534353,45.237535],[14.548839,45.248725],[14.595876,45.237535],[14.58546,45.23786],[14.583995,45.23017],[14.62379,45.175482],[14.597423,45.166449],[14.643728,45.156806],[14.665294,45.161811],[14.670909,45.143459],[14.658946,45.108344],[14.665294,45.087348],[14.695974,45.073432],[14.740489,45.073065],[14.740001,45.044338],[14.799815,45.005194],[14.814952,44.977484],[14.784679,44.969306],[14.760916,44.977484],[14.747244,44.970038],[14.760753,44.955146],[14.756847,44.948717],[14.723399,44.943345]]],[[[16.310313,43.507758],[16.375255,43.49018],[16.333344,43.481391],[16.281993,43.487942],[16.24643,43.481431],[16.211436,43.490058],[16.218923,43.497748],[16.2435,43.49494],[16.252208,43.499945],[16.248057,43.508287],[16.264415,43.512885],[16.310313,43.507758]]],[[[14.759776,44.29206],[14.791677,44.272528],[14.789724,44.266913],[14.748546,44.261664],[14.739594,44.280178],[14.749685,44.280219],[14.759776,44.29206]]],[[[14.613455,44.340806],[14.661388,44.308661],[14.640798,44.311835],[14.595063,44.347113],[14.613455,44.340806]]],[[[14.797862,44.377672],[14.811209,44.350043],[14.801036,44.343085],[14.756196,44.364],[14.76824,44.384223],[14.763438,44.415351],[14.782888,44.418931],[14.803233,44.405504],[14.797862,44.377672]]],[[[14.244151,44.661444],[14.265798,44.679511],[14.280447,44.677558],[14.274181,44.661689],[14.256847,44.653062],[14.256684,44.63703],[14.271169,44.612535],[14.232595,44.626044],[14.244151,44.661444]]]]}},{"type":"Feature","properties":{"iso3":"SVN","name":"Slovenia","continent":"Europe"},"geometry":{"type":"Polygon","coordinates":[[[13.64292,45.45943],[13.624107,45.462745],[13.589529,45.488837],[13.595958,45.518134],[13.578624,45.523383],[13.568614,45.539252],[13.75294,45.552883],[13.711762,45.593207],[13.761051,45.596236],[13.800532,45.58125],[13.847764,45.584661],[13.894686,45.631841],[13.858409,45.649359],[13.778724,45.743411],[13.709478,45.765321],[13.660334,45.792038],[13.581269,45.809246],[13.565973,45.83033],[13.56928,45.86454],[13.608244,45.926552],[13.622817,45.966394],[13.605867,45.985411],[13.509439,45.967428],[13.461793,46.006392],[13.490008,46.025564],[13.490318,46.038948],[13.482257,46.044839],[13.505098,46.066027],[13.616409,46.125041],[13.645037,46.161731],[13.637389,46.180386],[13.559048,46.184107],[13.510162,46.213976],[13.468304,46.223433],[13.422829,46.228601],[13.437402,46.210927],[13.410116,46.207982],[13.384898,46.243122],[13.365261,46.290302],[13.391306,46.301568],[13.434094,46.353864],[13.530006,46.388332],[13.600182,46.442644],[13.67749,46.452075],[13.700951,46.519746],[13.782135,46.507782],[13.860683,46.51525],[13.98233,46.481918],[14.050026,46.484399],[14.147933,46.440425],[14.40649,46.439337],[14.420029,46.424351],[14.450931,46.414481],[14.502194,46.418356],[14.540332,46.378643],[14.557695,46.38394],[14.590148,46.434428],[14.631696,46.440577],[14.662081,46.459698],[14.679961,46.458871],[14.709727,46.492512],[14.760887,46.496284],[14.788585,46.506646],[14.822278,46.567546],[14.85039,46.601136],[14.894063,46.605215],[14.933589,46.621135],[14.947955,46.619274],[14.967179,46.600257],[15.004386,46.636844],[15.061954,46.649557],[15.204891,46.638963],[15.388135,46.645578],[15.462653,46.614649],[15.511228,46.628369],[15.530659,46.663845],[15.545955,46.671881],[15.603729,46.673018],[15.626984,46.680873],[15.635975,46.717563],[15.728683,46.70299],[15.850743,46.724488],[15.986962,46.69219],[16.016593,46.670757],[16.014557,46.693714],[16.003291,46.709191],[15.982001,46.718545],[15.970529,46.743014],[15.978177,46.809134],[15.971976,46.820632],[16.094035,46.862774],[16.135376,46.855849],[16.272009,46.863962],[16.301878,46.843214],[16.325339,46.839442],[16.327509,46.825463],[16.29949,46.77951],[16.314177,46.743324],[16.343426,46.714178],[16.357275,46.715832],[16.357585,46.699011],[16.405024,46.687255],[16.410502,46.668367],[16.368437,46.642994],[16.376395,46.629093],[16.430242,46.604392],[16.467139,46.564704],[16.500832,46.544809],[16.515302,46.501711],[16.481298,46.519022],[16.440371,46.519022],[16.406264,46.539486],[16.357895,46.546979],[16.351694,46.539486],[16.344149,46.546979],[16.32999,46.535455],[16.263947,46.515922],[16.234905,46.493339],[16.233665,46.47874],[16.249375,46.437528],[16.250925,46.404998],[16.278727,46.387351],[16.275626,46.373165],[16.191807,46.369781],[16.143851,46.394714],[16.106024,46.373734],[16.057965,46.377532],[16.059619,46.332315],[16.052384,46.318595],[16.019208,46.298829],[15.948721,46.284204],[15.883712,46.2594],[15.81829,46.255524],[15.789144,46.24307],[15.768887,46.21935],[15.749767,46.210772],[15.661297,46.21532],[15.639799,46.207672],[15.604349,46.167002],[15.589983,46.138684],[15.58988,46.113517],[15.603833,46.090986],[15.631531,46.070574],[15.683931,46.051144],[15.697987,46.036209],[15.674319,45.993318],[15.67556,45.925157],[15.659436,45.888828],[15.676076,45.841699],[15.666051,45.831674],[15.626054,45.820202],[15.523527,45.826816],[15.48539,45.810176],[15.451284,45.815137],[15.440328,45.811468],[15.441052,45.782168],[15.429755,45.775691],[15.303799,45.746149],[15.255017,45.723463],[15.250883,45.70765],[15.283025,45.680107],[15.304936,45.672149],[15.333875,45.682639],[15.373769,45.640213],[15.297391,45.625692],[15.287883,45.610344],[15.268556,45.601662],[15.296668,45.522959],[15.311034,45.505906],[15.361367,45.482031],[15.325193,45.452834],[15.281578,45.450974],[15.18422,45.4256],[15.139262,45.430045],[15.056166,45.479912],[15.007383,45.480843],[14.962631,45.493142],[14.922634,45.514949],[14.904444,45.514432],[14.900826,45.493142],[14.881603,45.469784],[14.838815,45.458983],[14.797164,45.465185],[14.781454,45.493142],[14.668489,45.533966],[14.669833,45.564558],[14.603067,45.603574],[14.593868,45.616183],[14.591905,45.663364],[14.580949,45.667808],[14.556145,45.656697],[14.498577,45.596184],[14.482144,45.542441],[14.468915,45.525594],[14.372797,45.477845],[14.326805,45.4749],[14.218698,45.497172],[14.145524,45.476243],[14.092917,45.473918],[14.013956,45.507973],[13.971891,45.514226],[13.961452,45.493142],[13.98264,45.475313],[13.969824,45.462963],[13.923005,45.448958],[13.889002,45.423637],[13.819859,45.432628],[13.759294,45.463169],[13.64292,45.45943]]]}},{"type":"Feature","properties":{"iso3":"BGR","name":"Bulgaria","continent":"Europe"},"geometry":{"type":"Polygon","coordinates":[[[26.333359,41.713036],[26.273931,41.714897],[26.23445,41.745825],[26.211816,41.750476],[26.189905,41.734689],[26.108359,41.727893],[26.053686,41.701513],[26.047485,41.674615],[26.055029,41.648751],[26.066915,41.635496],[26.115284,41.616634],[26.13027,41.582683],[26.1312,41.552659],[26.158072,41.542323],[26.16293,41.50646],[26.145877,41.478038],[26.174299,41.445998],[26.175642,41.431891],[26.159002,41.421814],[26.120865,41.357787],[26.021853,41.341664],[25.959635,41.314999],[25.921187,41.316032],[25.882017,41.304043],[25.811013,41.341044],[25.763471,41.319029],[25.717479,41.31412],[25.679962,41.29717],[25.639758,41.311071],[25.551494,41.31567],[25.537955,41.312208],[25.505089,41.280582],[25.453464,41.280427],[25.285722,41.239396],[25.23911,41.240895],[25.21968,41.249731],[25.177098,41.293863],[25.116534,41.320735],[25.104855,41.334067],[25.08036,41.334067],[24.886367,41.400627],[24.803271,41.392668],[24.802858,41.361921],[24.794279,41.3474],[24.774436,41.348072],[24.699195,41.408946],[24.638217,41.41768],[24.644314,41.427653],[24.595842,41.429772],[24.580442,41.440521],[24.581062,41.460209],[24.549436,41.485428],[24.530936,41.547543],[24.510162,41.56165],[24.459209,41.549506],[24.438849,41.527699],[24.296119,41.515245],[24.286817,41.517622],[24.286403,41.54036],[24.250747,41.563459],[24.197698,41.547711],[24.181604,41.537362],[24.173129,41.515297],[24.162793,41.512041],[24.146257,41.526769],[24.076597,41.536019],[24.047348,41.525735],[24.051999,41.463],[24.034739,41.451321],[24.000736,41.464137],[23.964666,41.43835],[23.949887,41.437575],[23.894799,41.464344],[23.851598,41.439591],[23.777081,41.429049],[23.754446,41.400678],[23.672177,41.402952],[23.612439,41.371016],[23.578953,41.371998],[23.513014,41.397733],[23.414519,41.399903],[23.347236,41.371223],[23.326049,41.369311],[23.287705,41.398198],[23.224246,41.379026],[23.209777,41.368587],[23.199545,41.332982],[23.15717,41.316342],[23.115209,41.312673],[22.916978,41.335773],[22.940852,41.349829],[22.937339,41.410755],[22.954598,41.432408],[22.946227,41.453233],[22.943023,41.538551],[22.948707,41.560978],[22.932068,41.597953],[22.936098,41.626168],[22.945813,41.641077],[22.967001,41.647046],[22.998627,41.693115],[23.009582,41.71637],[23.008859,41.739934],[22.991185,41.760992],[22.945917,41.769338],[22.918322,41.814348],[22.901372,41.860418],[22.880804,41.872691],[22.85476,41.982632],[22.838223,42.019478],[22.821273,42.025369],[22.798949,42.021235],[22.780862,42.043171],[22.718437,42.044463],[22.705725,42.055935],[22.617771,42.082704],[22.531058,42.129109],[22.494678,42.164559],[22.481449,42.193317],[22.443622,42.214427],[22.345023,42.313439],[22.423985,42.325893],[22.46977,42.391703],[22.508838,42.404932],[22.533125,42.45759],[22.536536,42.47839],[22.524857,42.507665],[22.429669,42.571408],[22.428842,42.592776],[22.449203,42.667965],[22.442072,42.681685],[22.482896,42.733775],[22.45313,42.763592],[22.425845,42.809843],[22.430446,42.817077],[22.481449,42.84674],[22.506047,42.870123],[22.53757,42.868341],[22.563615,42.884283],[22.5909,42.886892],[22.666244,42.871932],[22.727015,42.886892],[22.738798,42.897383],[22.776418,42.979729],[22.828818,42.993449],[22.884215,43.036651],[22.901682,43.069749],[22.935271,43.085562],[22.955632,43.108274],[22.984571,43.174627],[22.981367,43.198992],[22.897754,43.220335],[22.826958,43.28139],[22.817139,43.315497],[22.80453,43.328984],[22.73301,43.381513],[22.702934,43.394045],[22.664694,43.396732],[22.637822,43.426369],[22.596274,43.429159],[22.565785,43.453344],[22.518863,43.474247],[22.478452,43.559229],[22.481449,43.598529],[22.466256,43.64912],[22.404865,43.687179],[22.386054,43.725498],[22.388535,43.758286],[22.362593,43.780843],[22.349467,43.807921],[22.377063,43.883524],[22.379026,43.913496],[22.394529,43.936337],[22.399594,43.993336],[22.411789,44.006927],[22.43432,44.013955],[22.50367,44.019898],[22.534159,44.057157],[22.592967,44.063926],[22.604749,44.079378],[22.597101,44.119065],[22.6094,44.159941],[22.606196,44.174566],[22.648777,44.213995],[22.69164,44.228435],[22.906436,44.122889],[23.030976,44.093072],[23.040071,44.062325],[23.023018,44.031629],[22.885869,43.994525],[22.850522,43.896986],[22.851039,43.874352],[22.863441,43.855412],[22.888763,43.839522],[22.919562,43.834225],[23.131849,43.847945],[23.234478,43.877297],[23.325151,43.886592],[23.484695,43.880604],[23.592699,43.837429],[23.636107,43.832158],[23.720753,43.845826],[23.742871,43.8427],[23.799922,43.818463],[24.159383,43.752938],[24.358234,43.760017],[24.431201,43.794176],[24.466341,43.802418],[24.500137,43.799498],[24.705603,43.743765],[24.752628,43.738804],[24.963675,43.749605],[25.0816,43.718935],[25.252339,43.704646],[25.35962,43.654287],[25.403131,43.65005],[25.467417,43.667749],[25.556558,43.670359],[25.616503,43.687748],[25.671384,43.717359],[25.739596,43.718935],[25.781144,43.732009],[25.839332,43.788439],[25.869304,43.800893],[25.934003,43.870321],[26.054306,43.934322],[26.079317,43.969049],[26.116214,43.998866],[26.150734,44.012405],[26.231453,44.027495],[26.310518,44.052609],[26.614168,44.084855],[26.708685,44.10811],[26.753695,44.10811],[26.789455,44.115965],[26.884126,44.156531],[27.001535,44.165109],[27.027476,44.177046],[27.100237,44.14449],[27.226741,44.120719],[27.251132,44.122373],[27.269012,44.112399],[27.26431,44.089765],[27.285342,44.072453],[27.341669,44.053074],[27.383837,44.015092],[27.574523,44.016281],[27.633434,44.029768],[27.656275,44.023877],[27.721698,43.94874],[27.787327,43.960419],[27.85647,43.988634],[27.912074,43.993336],[27.935845,43.964398],[27.98101,43.84934],[28.014806,43.830039],[28.221254,43.761981],[28.434574,43.735213],[28.57838,43.741278],[28.57309,43.606147],[28.602712,43.55272],[28.603526,43.538153],[28.560313,43.453843],[28.488617,43.40644],[28.473888,43.384263],[28.473155,43.366848],[28.393809,43.414293],[28.321625,43.42829],[28.243175,43.407782],[28.157237,43.407782],[28.118826,43.391547],[28.091563,43.363959],[28.017589,43.232733],[27.903982,43.202338],[27.903982,43.195502],[27.945567,43.16885],[27.911388,43.065172],[27.883556,43.030992],[27.903982,42.942288],[27.898448,42.874661],[27.903982,42.859687],[27.883962,42.848375],[27.897146,42.784003],[27.892263,42.710517],[27.732677,42.714504],[27.719005,42.694566],[27.71697,42.674506],[27.739513,42.661078],[27.646739,42.64057],[27.628429,42.628974],[27.630382,42.602729],[27.650157,42.558051],[27.540863,42.565497],[27.511485,42.553046],[27.480154,42.482896],[27.46225,42.489569],[27.452891,42.480129],[27.45338,42.465237],[27.465668,42.455634],[27.465668,42.42829],[27.472667,42.461859],[27.514171,42.435126],[27.544444,42.460028],[27.562022,42.448188],[27.571056,42.458482],[27.595551,42.448188],[27.629405,42.458645],[27.643321,42.455634],[27.636485,42.448188],[27.652192,42.418524],[27.667735,42.416083],[27.691661,42.42829],[27.699067,42.413886],[27.719005,42.4147],[27.719005,42.407213],[27.698009,42.400377],[27.719005,42.386705],[27.709483,42.376776],[27.714366,42.349189],[27.740408,42.334296],[27.780447,42.338935],[27.774425,42.321723],[27.787852,42.310981],[27.76295,42.2956],[27.75115,42.277045],[27.75587,42.25849],[27.780447,42.243354],[27.773692,42.235907],[27.809744,42.218411],[27.856212,42.181301],[27.85141,42.170111],[27.886729,42.147366],[27.903982,42.119818],[27.986583,42.072089],[27.982432,42.061103],[28.007009,42.037909],[28.000173,42.030463],[28.019054,42.00845],[28.016775,41.972561],[27.96592,41.982141],[27.917035,41.977904],[27.852232,41.995448],[27.815955,41.995138],[27.807997,41.993484],[27.802726,41.96005],[27.818281,41.952867],[27.815335,41.946795],[27.789807,41.942686],[27.723971,41.967595],[27.687074,41.968602],[27.609301,41.953487],[27.603359,41.93863],[27.590543,41.942893],[27.550752,41.924212],[27.560674,41.917675],[27.551269,41.913102],[27.562741,41.906435],[27.546411,41.901164],[27.494321,41.942841],[27.39686,41.989324],[27.332471,42.057434],[27.273353,42.091747],[27.216405,42.095623],[27.178165,42.058364],[27.11605,42.061826],[27.0837,42.078415],[27.047903,42.08292],[27.022619,42.073893],[27.000398,42.04281],[26.96717,42.028495],[26.938903,41.996223],[26.911463,41.996792],[26.890327,41.985423],[26.860768,41.987903],[26.819427,41.965657],[26.780566,41.983433],[26.736745,41.958965],[26.605693,41.967414],[26.542958,41.920362],[26.558978,41.901733],[26.547816,41.856283],[26.526112,41.824244],[26.478363,41.813289],[26.375527,41.816622],[26.334185,41.789543],[26.316305,41.743758],[26.333359,41.713036]]]}},{"type":"Feature","properties":{"iso3":"SMR","name":"San Marino","continent":"Europe"},"geometry":{"type":"Polygon","coordinates":[[[12.42945,43.892056],[12.399581,43.903218],[12.385629,43.924534],[12.395654,43.948409],[12.421389,43.967219],[12.48216,43.982567],[12.492392,43.956419],[12.478287,43.917038],[12.460456,43.895259],[12.42945,43.892056]]]}},{"type":"Feature","properties":{"iso3":"MCO","name":"Monaco","continent":"Europe"},"geometry":{"type":"Polygon","coordinates":[[[7.437454,43.743361],[7.404319,43.717969],[7.36575,43.72273],[7.372655,43.745832],[7.406969,43.763506],[7.437454,43.743361]]]}},{"type":"Feature","properties":{"iso3":"AND","name":"Andorra","continent":"Europe"},"geometry":{"type":"Polygon","coordinates":[[[1.707006,42.502781],[1.686336,42.490612],[1.656984,42.49764],[1.639517,42.466427],[1.544432,42.450356],[1.528206,42.434233],[1.508466,42.428677],[1.436429,42.440951],[1.436429,42.453482],[1.407593,42.486762],[1.449968,42.504073],[1.446557,42.519886],[1.428987,42.531462],[1.406456,42.52924],[1.4263,42.561796],[1.419272,42.579263],[1.429297,42.595386],[1.451415,42.602052],[1.466814,42.641455],[1.543089,42.649362],[1.608304,42.618123],[1.721993,42.609855],[1.713311,42.589546],[1.752688,42.576679],[1.765091,42.563372],[1.739976,42.561641],[1.721683,42.548515],[1.707006,42.502781]]]}},{"type":"Feature","properties":{"iso3":"MNE","name":"Montenegro","continent":"Europe"},"geometry":{"type":"Polygon","coordinates":[[[18.49643,42.416327],[18.492855,42.442372],[18.454925,42.464722],[18.437148,42.493402],[18.437355,42.559212],[18.458956,42.569728],[18.492132,42.564767],[18.486654,42.58983],[18.538434,42.618304],[18.549596,42.638923],[18.550009,42.668069],[18.539674,42.695457],[18.502157,42.727445],[18.453891,42.793151],[18.443659,42.834467],[18.473322,42.862553],[18.434047,42.936889],[18.433531,42.954201],[18.452754,42.993398],[18.483037,43.014637],[18.538951,43.023887],[18.638996,43.020243],[18.620599,43.122563],[18.645301,43.180182],[18.688399,43.224469],[18.664318,43.233176],[18.679511,43.24948],[18.807151,43.318029],[18.833506,43.324153],[18.821207,43.341387],[18.899135,43.351903],[18.923423,43.346838],[18.957323,43.325858],[18.959493,43.303456],[18.992463,43.267102],[19.022535,43.296546],[19.069668,43.30883],[19.00993,43.410995],[18.968278,43.448098],[18.946264,43.443938],[18.951225,43.463808],[18.937893,43.478949],[18.905647,43.490628],[18.911021,43.507268],[18.977477,43.546232],[19.000214,43.547886],[19.038145,43.511015],[19.054991,43.5067],[19.096023,43.512901],[19.122791,43.535948],[19.195345,43.532796],[19.175191,43.509619],[19.175914,43.480887],[19.192244,43.454532],[19.218392,43.438202],[19.372285,43.384226],[19.414039,43.338389],[19.473054,43.293276],[19.512431,43.240643],[19.598111,43.176203],[19.663016,43.158504],[19.713556,43.165609],[19.761202,43.108739],[19.805127,43.089955],[19.872203,43.090368],[19.907136,43.113261],[19.92915,43.113907],[19.959742,43.07856],[20.019894,43.047348],[20.116942,42.976654],[20.223189,42.957663],[20.337084,42.906969],[20.35362,42.890975],[20.345352,42.827439],[20.264427,42.817258],[20.217608,42.802737],[20.209236,42.791704],[20.208409,42.763282],[20.183398,42.742508],[20.076325,42.773437],[20.026508,42.743206],[20.024751,42.723414],[20.03612,42.707989],[20.101956,42.656674],[20.075704,42.603085],[20.077048,42.55991],[20.064956,42.546758],[20.039221,42.557765],[19.981757,42.510765],[19.907549,42.506399],[19.835512,42.470251],[19.801406,42.468132],[19.75159,42.493402],[19.73433,42.524382],[19.732159,42.555543],[19.746009,42.579934],[19.746009,42.5989],[19.722134,42.64608],[19.699293,42.654814],[19.676039,42.646675],[19.621779,42.604997],[19.605035,42.584844],[19.588086,42.532857],[19.549328,42.508595],[19.517806,42.45803],[19.481735,42.434491],[19.417243,42.374107],[19.402671,42.352015],[19.400397,42.325893],[19.304589,42.215099],[19.274926,42.191276],[19.272033,42.180682],[19.281956,42.164723],[19.355025,42.12004],[19.374869,42.094667],[19.356575,42.064798],[19.350581,42.027823],[19.354198,42.008703],[19.371045,41.98656],[19.365774,41.969713],[19.346447,41.961548],[19.352854,41.938501],[19.34593,41.914471],[19.364947,41.888995],[19.365082,41.852362],[19.310232,41.894517],[19.170258,41.937974],[19.16033,41.96898],[19.13795,41.985297],[19.139171,42.042426],[19.08253,42.081204],[19.074718,42.095649],[19.083832,42.110093],[19.063975,42.120185],[19.048676,42.140204],[19.01059,42.139553],[18.999848,42.161078],[18.981619,42.16706],[18.968028,42.188707],[18.913341,42.222235],[18.885997,42.284369],[18.854015,42.290473],[18.831391,42.277533],[18.817638,42.291164],[18.778575,42.27147],[18.714529,42.325263],[18.714122,42.338935],[18.693614,42.353217],[18.695811,42.373765],[18.678477,42.385972],[18.658539,42.386623],[18.653168,42.366278],[18.61671,42.368069],[18.570649,42.392971],[18.578136,42.400377],[18.545177,42.42357],[18.550141,42.435126],[18.562836,42.438544],[18.656505,42.415513],[18.70045,42.392971],[18.706554,42.421047],[18.683849,42.458808],[18.687348,42.482896],[18.654145,42.451809],[18.608653,42.44538],[18.502452,42.455634],[18.502452,42.448188],[18.521251,42.437974],[18.51295,42.409003],[18.529796,42.400377],[18.49643,42.416327]]]}},{"type":"Feature","properties":{"iso3":"BIH","name":"Bosnia and Herzegovina","continent":"Europe"},"geometry":{"type":"Polygon","coordinates":[[[17.653331,42.890937],[17.556488,42.93476],[17.617931,42.92178],[17.580658,42.942084],[17.63451,42.950403],[17.662725,42.965699],[17.659314,42.993398],[17.628412,43.046573],[17.587381,43.082126],[17.442067,43.152432],[17.42677,43.165713],[17.400209,43.216045],[17.328689,43.260358],[17.289931,43.30343],[17.267607,43.353324],[17.286417,43.437376],[17.270501,43.463214],[17.239495,43.478407],[17.142757,43.489336],[17.084569,43.513237],[17.030516,43.54848],[16.82381,43.707307],[16.712602,43.771515],[16.698236,43.788078],[16.678599,43.840684],[16.555816,43.937474],[16.501039,43.992716],[16.439647,44.014007],[16.414016,44.055813],[16.367197,44.058139],[16.326889,44.082375],[16.275523,44.157357],[16.215785,44.208155],[16.18757,44.282414],[16.189533,44.308511],[16.203176,44.333057],[16.202866,44.359774],[16.138787,44.385406],[16.159871,44.400702],[16.159664,44.416101],[16.116463,44.52147],[16.104887,44.532373],[16.0837,44.534905],[16.04732,44.52333],[16.026649,44.52519],[16.006082,44.541003],[16.043186,44.588442],[16.028303,44.624719],[15.968978,44.63924],[15.955646,44.653193],[15.948101,44.678101],[15.937352,44.688953],[15.913064,44.684509],[15.905416,44.690141],[15.888776,44.724248],[15.876271,44.724816],[15.856427,44.703577],[15.805681,44.696653],[15.728476,44.769103],[15.716074,44.80321],[15.730647,44.817007],[15.76868,44.827342],[15.773435,44.845016],[15.734264,44.902118],[15.730853,44.927233],[15.763616,44.97555],[15.76744,44.993224],[15.755968,45.042213],[15.78377,45.100917],[15.780049,45.160294],[15.792348,45.189801],[15.824801,45.210988],[15.878855,45.217241],[16.020448,45.213934],[16.029233,45.205045],[16.024996,45.188922],[16.033057,45.179724],[16.067474,45.169595],[16.121527,45.096163],[16.212994,45.031464],[16.316244,45.001234],[16.340635,45.005936],[16.356965,45.048621],[16.381976,45.083709],[16.38177,45.107584],[16.389211,45.116834],[16.435513,45.132853],[16.481919,45.199516],[16.528944,45.222254],[16.587028,45.220858],[16.786293,45.178846],[16.811718,45.181223],[16.824223,45.189077],[16.830734,45.216983],[16.86174,45.232227],[16.924372,45.284524],[16.93264,45.278788],[16.947317,45.23569],[16.967987,45.237292],[16.961166,45.250934],[16.998683,45.2314],[17.008295,45.244165],[17.013566,45.230574],[17.008295,45.216156],[17.036303,45.23047],[17.055734,45.200446],[17.098418,45.177657],[17.187095,45.148563],[17.24549,45.155384],[17.268951,45.189543],[17.382432,45.139623],[17.434109,45.148563],[17.443307,45.162051],[17.458086,45.146134],[17.447751,45.1343],[17.472349,45.13275],[17.496224,45.14169],[17.481858,45.114405],[17.572395,45.120399],[17.629962,45.157348],[17.651563,45.165358],[17.684739,45.163963],[17.741377,45.133267],[17.797497,45.081952],[17.835738,45.064434],[17.911185,45.081074],[18.003479,45.149338],[18.035002,45.143344],[18.090296,45.107997],[18.153651,45.097558],[18.192512,45.108514],[18.20233,45.144067],[18.213286,45.153782],[18.237884,45.157451],[18.322323,45.12288],[18.412033,45.112441],[18.466087,45.074046],[18.51704,45.055856],[18.541121,45.055287],[18.534803,45.088412],[18.549596,45.094768],[18.616672,45.097662],[18.648711,45.062677],[18.678167,45.087378],[18.738318,45.01591],[18.791752,45.001544],[18.803017,44.977307],[18.80157,44.963975],[18.772631,44.942478],[18.78338,44.913745],[18.817797,44.887545],[18.889627,44.86119],[19.004969,44.863309],[19.068427,44.874833],[19.18687,44.927543],[19.201856,44.908371],[19.239476,44.915141],[19.283815,44.908371],[19.31017,44.91235],[19.368667,44.887132],[19.376626,44.862999],[19.363707,44.854628],[19.318025,44.715463],[19.277614,44.684871],[19.255703,44.645648],[19.208677,44.588391],[19.188317,44.57604],[19.179635,44.538264],[19.165269,44.526689],[19.129922,44.518317],[19.127339,44.502556],[19.143358,44.458218],[19.141394,44.430829],[19.115763,44.403596],[19.108942,44.36365],[19.138914,44.309338],[19.157001,44.293577],[19.249502,44.270736],[19.307379,44.274198],[19.341589,44.245828],[19.362363,44.191206],[19.381173,44.177098],[19.442565,44.143198],[19.465716,44.15281],[19.476361,44.127023],[19.522043,44.08501],[19.580231,44.051524],[19.598938,44.062583],[19.611443,44.054521],[19.618885,44.035711],[19.61041,44.019278],[19.552222,43.983415],[19.528554,43.977213],[19.364637,43.973286],[19.300558,44.009511],[19.272756,44.012405],[19.243507,44.002018],[19.240717,43.965741],[19.229348,43.95768],[19.275443,43.933263],[19.359469,43.842209],[19.461685,43.762136],[19.505713,43.67364],[19.507367,43.647182],[19.481735,43.628914],[19.477498,43.616977],[19.476878,43.588684],[19.491761,43.568608],[19.481735,43.560831],[19.431816,43.57114],[19.410732,43.540754],[19.38045,43.585584],[19.34655,43.608838],[19.300868,43.588297],[19.252706,43.588633],[19.217462,43.532796],[19.122791,43.535948],[19.096023,43.512901],[19.054991,43.5067],[19.038145,43.511015],[19.000214,43.547886],[18.977477,43.546232],[18.911021,43.507268],[18.905647,43.490628],[18.937893,43.478949],[18.951225,43.463808],[18.946264,43.443938],[18.968278,43.448098],[19.00993,43.410995],[19.069668,43.30883],[19.024709,43.298728],[18.992463,43.267102],[18.959493,43.303456],[18.957323,43.325858],[18.923423,43.346838],[18.899135,43.351903],[18.821207,43.341387],[18.833506,43.324153],[18.807151,43.318029],[18.679511,43.24948],[18.664318,43.233176],[18.688399,43.224469],[18.645301,43.180182],[18.621128,43.124578],[18.638996,43.020243],[18.538951,43.023887],[18.483037,43.014637],[18.452754,42.993398],[18.433531,42.954201],[18.434047,42.936889],[18.473322,42.862553],[18.443659,42.834467],[18.444589,42.817078],[18.46743,42.769199],[18.539674,42.695457],[18.550009,42.668069],[18.549596,42.638923],[18.538434,42.618304],[18.486654,42.58983],[18.492132,42.564767],[18.458956,42.569728],[18.437355,42.559212],[18.385265,42.566524],[18.338653,42.602517],[18.311574,42.601225],[18.224138,42.628071],[17.995315,42.740441],[17.904467,42.804546],[17.858475,42.816974],[17.827159,42.853122],[17.826229,42.888649],[17.81176,42.909863],[17.786748,42.901388],[17.701586,42.9195],[17.679468,42.915676],[17.653331,42.890937]]]}},{"type":"Feature","properties":{"iso3":"PRT","name":"Portugal","continent":"Europe"},"geometry":{"type":"MultiPolygon","coordinates":[[[[-7.104859,38.827192],[-7.151006,38.819285],[-7.179738,38.790889],[-7.27043,38.737507],[-7.284073,38.713245],[-7.292961,38.656272],[-7.290946,38.638159],[-7.27043,38.617696],[-7.317714,38.556252],[-7.345619,38.494137],[-7.334095,38.481011],[-7.335181,38.469436],[-7.35921,38.446362],[-7.317146,38.424581],[-7.211364,38.317533],[-7.196326,38.29216],[-7.167181,38.272084],[-7.126873,38.1909],[-7.103515,38.173588],[-7.063053,38.177542],[-7.038713,38.186223],[-7.026414,38.199633],[-6.964196,38.206145],[-6.950576,38.198386],[-6.957633,38.168162],[-7.023985,38.022564],[-7.049358,38.020213],[-7.123256,38.040005],[-7.159739,37.996803],[-7.185267,37.98869],[-7.223301,37.993832],[-7.272704,37.977011],[-7.268621,37.949235],[-7.306862,37.850766],[-7.334405,37.811931],[-7.426338,37.750617],[-7.444011,37.730153],[-7.471606,37.636903],[-7.514343,37.601401],[-7.515841,37.580937],[-7.529691,37.567165],[-7.515428,37.529338],[-7.475947,37.49425],[-7.468868,37.475569],[-7.462253,37.417872],[-7.444993,37.386763],[-7.427578,37.274522],[-7.434244,37.259329],[-7.429387,37.236746],[-7.414418,37.192816],[-7.400217,37.178534],[-7.407623,37.164862],[-7.445709,37.179633],[-7.51179,37.17178],[-7.627349,37.113959],[-7.819569,36.998725],[-7.949534,37.014106],[-7.958119,37.002631],[-7.9912,37.014106],[-7.976796,36.986762],[-7.999257,37.013251],[-8.035268,37.037502],[-8.106557,37.069281],[-8.179152,37.088099],[-8.293202,37.077704],[-8.365384,37.097999],[-8.438834,37.082734],[-8.537465,37.117825],[-8.580149,37.123969],[-8.641591,37.117743],[-8.686269,37.082953],[-8.74767,37.082953],[-8.798573,37.062486],[-8.837215,37.056588],[-8.859158,37.040798],[-8.878919,37.047209],[-8.946034,37.00788],[-8.9829,37.026597],[-8.997874,37.02147],[-8.985585,37.063381],[-8.941793,37.118706],[-8.913564,37.169908],[-8.922719,37.199652],[-8.881365,37.23248],[-8.86709,37.276725],[-8.882768,37.309931],[-8.838657,37.360318],[-8.815989,37.417914],[-8.797861,37.4896],[-8.795497,37.535362],[-8.826527,37.600572],[-8.799306,37.697577],[-8.757639,37.706732],[-8.752187,37.73078],[-8.808705,37.722886],[-8.817006,37.740302],[-8.797182,37.844873],[-8.804815,37.901873],[-8.820669,37.927267],[-8.853871,37.932278],[-8.894846,37.952541],[-8.867502,37.973619],[-8.815683,38.062115],[-8.774396,38.186949],[-8.795071,38.359227],[-8.820941,38.398821],[-8.878285,38.449164],[-8.942616,38.481391],[-8.927317,38.493801],[-8.90453,38.486396],[-8.867502,38.460883],[-8.80016,38.439114],[-8.798573,38.426093],[-8.756988,38.427314],[-8.65689,38.405951],[-8.606801,38.418687],[-8.66275,38.424506],[-8.736155,38.45185],[-8.752512,38.487982],[-8.737172,38.522366],[-8.76122,38.538072],[-8.757639,38.5633],[-8.773346,38.565334],[-8.792958,38.533596],[-8.812856,38.528551],[-8.812856,38.522366],[-8.790639,38.519924],[-8.780263,38.505439],[-8.780019,38.489081],[-8.788401,38.481391],[-8.832265,38.487047],[-8.905832,38.512397],[-8.95489,38.505144],[-8.999765,38.464253],[-8.991864,38.459478],[-9.048595,38.440671],[-9.145657,38.431383],[-9.200357,38.412481],[-9.226186,38.418402],[-9.233998,38.424221],[-9.231068,38.43769],[-9.190027,38.472532],[-9.183793,38.551537],[-9.252675,38.665484],[-9.234395,38.673361],[-9.145042,38.681068],[-9.107737,38.658881],[-9.113922,38.679389],[-9.052398,38.693671],[-9.021168,38.72653],[-8.947133,38.774237],[-8.942616,38.781724],[-8.970286,38.835435],[-8.963124,38.850653],[-8.986318,38.849433],[-9.011545,38.913398],[-8.943227,39.015204],[-8.908437,39.036282],[-8.826527,39.049262],[-8.790354,39.070624],[-8.765126,39.097724],[-8.836415,39.056708],[-8.922719,39.049262],[-8.935862,39.040717],[-9.003529,38.95775],[-9.058909,38.871405],[-9.10025,38.830227],[-9.106557,38.813788],[-9.098248,38.737858],[-9.112503,38.714182],[-9.220171,38.693895],[-9.285209,38.698758],[-9.321777,38.670325],[-9.404775,38.704088],[-9.471669,38.70246],[-9.491689,38.707587],[-9.484731,38.744696],[-9.497467,38.80976],[-9.455496,38.850469],[-9.422725,38.931404],[-9.425364,38.991645],[-9.436635,39.029486],[-9.422549,39.078625],[-9.35086,39.197309],[-9.34059,39.26683],[-9.354075,39.31623],[-9.409291,39.37519],[-9.352922,39.367934],[-9.260803,39.418442],[-9.240315,39.419997],[-9.2176,39.406195],[-9.205922,39.415473],[-9.229888,39.440741],[-9.182873,39.492584],[-9.135694,39.51618],[-9.090434,39.579275],[-9.090343,39.615641],[-9.071692,39.680437],[-8.868153,40.124823],[-8.853261,40.139228],[-8.825063,40.120063],[-8.784983,40.11872],[-8.784983,40.126166],[-8.816151,40.146552],[-8.896474,40.16474],[-8.908437,40.20067],[-8.865387,40.275458],[-8.798573,40.474433],[-8.753,40.640815],[-8.744618,40.646918],[-8.744618,40.619045],[-8.710276,40.653469],[-8.690012,40.646918],[-8.696156,40.673651],[-8.686391,40.677924],[-8.671986,40.666815],[-8.662099,40.669867],[-8.641591,40.694159],[-8.666331,40.713202],[-8.663645,40.724066],[-8.603871,40.735785],[-8.572662,40.755561],[-8.645375,40.739732],[-8.668446,40.747463],[-8.683705,40.783108],[-8.645579,40.823676],[-8.655263,40.844916],[-8.663197,40.814927],[-8.670522,40.811184],[-8.675689,40.824449],[-8.689809,40.804104],[-8.714263,40.709052],[-8.750803,40.653144],[-8.6551,40.993801],[-8.666127,41.132758],[-8.648346,41.152777],[-8.68578,41.159491],[-8.737172,41.249661],[-8.732289,41.262926],[-8.744618,41.297431],[-8.744456,41.328111],[-8.783803,41.393866],[-8.785564,41.434878],[-8.774849,41.468338],[-8.78647,41.491067],[-8.830511,41.671586],[-8.827056,41.682807],[-8.743276,41.696967],[-8.696156,41.721991],[-8.829986,41.694648],[-8.861113,41.704368],[-8.880306,41.736862],[-8.872039,41.810569],[-8.878896,41.839016],[-8.867502,41.859117],[-8.762766,41.931952],[-8.750803,41.96898],[-8.67081,41.999815],[-8.652568,42.031441],[-8.626885,42.051026],[-8.572805,42.054411],[-8.501208,42.083091],[-8.346747,42.101695],[-8.29538,42.130091],[-8.252334,42.137584],[-8.222362,42.15363],[-8.204327,42.128799],[-8.204016,42.069552],[-8.191304,42.062085],[-8.137612,42.072911],[-8.103196,42.055806],[-8.095083,42.040923],[-8.108028,42.010899],[-8.182132,41.965424],[-8.220708,41.922714],[-8.231715,41.886049],[-8.220398,41.868195],[-8.177041,41.84985],[-8.179265,41.812613],[-8.093481,41.806726],[-8.050446,41.815986],[-7.993642,41.863673],[-7.944756,41.866955],[-7.925791,41.908167],[-7.906102,41.913851],[-7.896593,41.857937],[-7.864812,41.857885],[-7.849723,41.875765],[-7.750142,41.888375],[-7.72203,41.899252],[-7.661156,41.874913],[-7.60736,41.873182],[-7.622812,41.841737],[-7.622192,41.832331],[-7.606068,41.825536],[-7.546692,41.832047],[-7.531551,41.84016],[-7.515841,41.864991],[-7.469384,41.852537],[-7.442719,41.805951],[-7.391921,41.842047],[-7.322468,41.845406],[-7.21865,41.879047],[-7.197928,41.9015],[-7.199943,41.963719],[-7.159739,41.985733],[-7.145373,41.98749],[-7.05127,41.942015],[-6.992359,41.96638],[-6.945127,41.943358],[-6.854952,41.942945],[-6.831232,41.953952],[-6.824928,41.983769],[-6.794387,41.979713],[-6.757903,41.93757],[-6.727983,41.930853],[-6.622821,41.940955],[-6.609488,41.962324],[-6.571661,41.942609],[-6.567631,41.926072],[-6.575795,41.882897],[-6.524222,41.86742],[-6.560137,41.766883],[-6.577397,41.739727],[-6.55528,41.674899],[-6.541534,41.658905],[-6.503035,41.653092],[-6.460815,41.676553],[-6.365937,41.663608],[-6.272248,41.628235],[-6.205947,41.57028],[-6.279534,41.497003],[-6.285891,41.486874],[-6.282945,41.465635],[-6.321134,41.411013],[-6.352347,41.409256],[-6.379167,41.397319],[-6.379167,41.377475],[-6.395496,41.378406],[-6.430998,41.339028],[-6.495852,41.294948],[-6.563496,41.270712],[-6.646644,41.267611],[-6.70695,41.194334],[-6.755216,41.158833],[-6.764776,41.108861],[-6.80436,41.06442],[-6.818003,41.054136],[-6.845288,41.051914],[-6.906835,41.0561],[-6.927448,41.048098],[-6.942491,41.015999],[-6.940424,41.00339],[-6.885182,40.948923],[-6.855262,40.887221],[-6.821155,40.870065],[-6.816194,40.856835],[-6.820328,40.844226],[-6.836658,40.840247],[-6.839139,40.757513],[-6.814282,40.647184],[-6.850456,40.582227],[-6.848389,40.56476],[-6.818055,40.531894],[-6.812525,40.514634],[-6.857122,40.442132],[-6.851283,40.409524],[-6.82808,40.380585],[-6.794438,40.356401],[-6.811957,40.33232],[-6.870196,40.295526],[-6.878051,40.265244],[-6.896448,40.255477],[-6.954687,40.253358],[-7.015769,40.225504],[-7.043105,40.181373],[-7.027654,40.132642],[-7.015769,40.119051],[-6.955721,40.102928],[-6.879705,40.009187],[-6.901615,39.976476],[-6.909522,39.931982],[-6.925231,39.917926],[-6.92766,39.861909],[-6.952827,39.832867],[-6.985228,39.821136],[-7.000266,39.802533],[-6.993031,39.774214],[-7.01334,39.738919],[-7.009619,39.715458],[-7.021143,39.694012],[-7.18289,39.675099],[-7.214051,39.676184],[-7.235755,39.686519],[-7.341433,39.671843],[-7.557286,39.679801],[-7.515841,39.59376],[-7.451349,39.537846],[-7.417553,39.524204],[-7.399414,39.493663],[-7.362931,39.476093],[-7.320918,39.467411],[-7.313528,39.457438],[-7.318851,39.413254],[-7.331925,39.384729],[-7.326654,39.341321],[-7.250845,39.270627],[-7.264332,39.252334],[-7.265779,39.231353],[-7.244127,39.195645],[-7.168059,39.170633],[-7.155812,39.151513],[-7.168886,39.121851],[-7.157207,39.105444],[-7.127286,39.097485],[-7.091268,39.112446],[-7.038816,39.109138],[-6.999697,39.084696],[-6.985693,39.066764],[-6.979388,39.047178],[-6.986313,39.030074],[-6.973291,39.013951],[-7.022125,38.94287],[-7.06605,38.904603],[-7.0522,38.884992],[-7.056076,38.855149],[-7.104859,38.827192]]],[[[-16.48705,32.491685],[-16.536773,32.55801],[-16.542348,32.580512],[-16.506663,32.544176],[-16.48705,32.491685]]],[[[-16.788686,32.686672],[-16.806386,32.656806],[-16.847808,32.644029],[-16.976796,32.647203],[-17.142974,32.705552],[-17.180653,32.725979],[-17.2412,32.77912],[-17.252105,32.814521],[-17.246449,32.828599],[-17.184885,32.874172],[-17.166127,32.868476],[-17.131947,32.839057],[-17.067983,32.814154],[-17.014312,32.817043],[-16.97997,32.833238],[-16.919749,32.841213],[-16.797475,32.774563],[-16.747467,32.770819],[-16.713612,32.758612],[-16.693023,32.766669],[-16.672678,32.758612],[-16.749989,32.730618],[-16.788686,32.686672]]],[[[-16.339955,33.057196],[-16.364329,33.034369],[-16.398346,33.039781],[-16.398346,33.046617],[-16.379872,33.051337],[-16.361684,33.090318],[-16.341298,33.105943],[-16.317128,33.110785],[-16.295888,33.101264],[-16.289133,33.10871],[-16.289784,33.079413],[-16.27538,33.060248],[-16.325673,33.065823],[-16.339955,33.057196]]],[[[-7.955719,36.980536],[-7.903961,36.97484],[-7.860097,37.000434],[-7.853261,36.986762],[-7.878489,36.970852],[-7.903879,36.965888],[-7.955719,36.97309],[-7.955719,36.980536]]],[[[-25.066803,37.02147],[-25.046742,37.010728],[-25.016916,36.970445],[-25.012196,36.949205],[-25.027089,36.934312],[-25.119008,36.952623],[-25.169097,36.94599],[-25.20165,36.990424],[-25.170318,37.01553],[-25.133616,37.023017],[-25.066803,37.02147]]],[[[-25.197825,37.864407],[-25.159169,37.852037],[-25.135162,37.822333],[-25.132314,37.7862],[-25.15685,37.754543],[-25.194732,37.740709],[-25.372426,37.717434],[-25.488271,37.71369],[-25.505686,37.706732],[-25.559071,37.729071],[-25.615549,37.740912],[-25.704254,37.744045],[-25.825063,37.815416],[-25.859486,37.853909],[-25.841461,37.905992],[-25.764556,37.911566],[-25.739084,37.905992],[-25.704213,37.882636],[-25.688832,37.845852],[-25.553782,37.829657],[-25.498891,37.850775],[-25.458485,37.829657],[-25.339752,37.861802],[-25.197825,37.864407]]],[[[-28.109486,38.446601],[-28.063832,38.442776],[-28.047109,38.432563],[-28.040598,38.409084],[-28.054189,38.398505],[-28.185211,38.405951],[-28.241851,38.37759],[-28.274566,38.405666],[-28.296783,38.411322],[-28.439443,38.41352],[-28.459543,38.405666],[-28.52538,38.453925],[-28.548899,38.484442],[-28.548899,38.528551],[-28.518666,38.550116],[-28.48526,38.557807],[-28.374501,38.550482],[-28.206288,38.470852],[-28.109486,38.446601]]],[[[-28.609731,38.597398],[-28.596059,38.55272],[-28.643951,38.535346],[-28.623402,38.522366],[-28.63622,38.51553],[-28.671783,38.522366],[-28.72704,38.514879],[-28.749582,38.523505],[-28.77538,38.554389],[-28.841135,38.591132],[-28.842397,38.599433],[-28.766347,38.606757],[-28.719594,38.645209],[-28.632639,38.614],[-28.609731,38.597398]]],[[[-27.890981,38.604234],[-27.77892,38.567084],[-27.76061,38.549018],[-27.835764,38.542792],[-27.931996,38.570299],[-27.976877,38.593085],[-28.003774,38.589423],[-28.020741,38.597398],[-28.034535,38.590074],[-28.074371,38.617621],[-28.177887,38.645087],[-28.215566,38.682115],[-28.247222,38.686225],[-28.248525,38.694403],[-28.312123,38.735256],[-28.315541,38.755072],[-28.264475,38.731513],[-28.034332,38.666327],[-27.890981,38.604234]]],[[[-27.020131,38.693671],[-27.054351,38.679389],[-27.054351,38.645209],[-27.089101,38.631008],[-27.114166,38.638983],[-27.181711,38.63935],[-27.204498,38.652655],[-27.228383,38.641099],[-27.252919,38.652655],[-27.327626,38.666327],[-27.352691,38.684394],[-27.373402,38.706977],[-27.391713,38.758857],[-27.368764,38.78266],[-27.298207,38.803534],[-27.144276,38.796088],[-27.075063,38.766995],[-27.042551,38.744452],[-27.040883,38.714423],[-27.020131,38.693671]]],[[[-27.983469,39.015123],[-28.025217,39.01911],[-28.061635,39.036282],[-28.072987,39.052965],[-28.071523,39.067613],[-28.05484,39.097724],[-28.034332,39.105048],[-28.013824,39.097724],[-28.007069,39.10456],[-27.942209,39.053046],[-27.935902,39.035956],[-27.947174,39.024237],[-27.983469,39.015123]]],[[[-31.207916,39.508612],[-31.186269,39.496649],[-31.159535,39.501776],[-31.140736,39.482733],[-31.13268,39.465522],[-31.131581,39.423],[-31.156646,39.372626],[-31.177235,39.355618],[-31.193674,39.364651],[-31.25475,39.3581],[-31.268788,39.364651],[-31.284657,39.397895],[-31.284901,39.416164],[-31.275624,39.426093],[-31.280914,39.443101],[-31.255767,39.507473],[-31.239329,39.517564],[-31.20051,39.522203],[-31.207916,39.508612]]],[[[-31.117299,39.728339],[-31.082672,39.722724],[-31.08023,39.693305],[-31.099965,39.664008],[-31.131581,39.65884],[-31.152699,39.701077],[-31.141103,39.720893],[-31.117299,39.728339]]],[[[-16.027984,30.033596],[-16.023101,30.032294],[-16.027252,30.029608],[-16.027984,30.033596]]],[[[-15.86441,30.152533],[-15.855458,30.146918],[-15.859771,30.133287],[-15.874094,30.139716],[-15.86441,30.152533]]],[[[-9.041127,38.867621],[-9.035268,38.870551],[-9.034576,38.864203],[-9.041412,38.849189],[-9.07315,38.818183],[-9.079661,38.820136],[-9.061391,38.85224],[-9.041127,38.867621]]]]}},{"type":"Feature","properties":{"iso3":"MDA","name":"Moldova","continent":"Europe"},"geometry":{"type":"Polygon","coordinates":[[[26.617889,48.258968],[26.625124,48.282894],[26.6691,48.30881],[26.679797,48.330178],[26.699434,48.325113],[26.735918,48.291834],[26.754573,48.286149],[26.785734,48.294108],[26.789351,48.32594],[26.777518,48.36617],[26.78806,48.375963],[26.816947,48.371726],[26.831933,48.391363],[26.875961,48.383999],[26.943244,48.351262],[26.990579,48.362372],[27.033057,48.360202],[27.025409,48.389864],[27.02634,48.397099],[27.037398,48.399683],[27.175788,48.361804],[27.208551,48.360615],[27.246481,48.373741],[27.306012,48.42366],[27.342186,48.436114],[27.403474,48.411491],[27.480885,48.451411],[27.50383,48.472365],[27.604806,48.484122],[27.606873,48.457819],[27.627026,48.451256],[27.751773,48.451979],[27.78526,48.441566],[27.864841,48.398907],[27.92644,48.339428],[28.076405,48.314933],[28.092838,48.302066],[28.098315,48.284108],[28.078678,48.244912],[28.093251,48.237444],[28.131078,48.239589],[28.178517,48.258864],[28.189369,48.223052],[28.216965,48.208144],[28.294479,48.236488],[28.357731,48.238607],[28.36817,48.230623],[28.363364,48.191013],[28.322178,48.163211],[28.317424,48.135358],[28.328586,48.127012],[28.349566,48.129725],[28.388634,48.168586],[28.411578,48.170704],[28.436899,48.149853],[28.435659,48.134686],[28.419019,48.122232],[28.447441,48.082751],[28.479584,48.064923],[28.490023,48.065491],[28.49979,48.108914],[28.519323,48.149129],[28.573635,48.154969],[28.665619,48.129337],[28.771246,48.124454],[28.799255,48.111793],[28.827573,48.057016],[28.832534,48.024822],[28.882557,47.976763],[28.950356,47.934801],[28.980846,47.926378],[29.017226,47.931081],[29.061047,47.96976],[29.092725,47.980173],[29.123989,47.975987],[29.147967,47.955369],[29.172565,47.891006],[29.236024,47.870723],[29.232768,47.85708],[29.186724,47.818219],[29.177836,47.78972],[29.221968,47.774811],[29.238608,47.756001],[29.196956,47.717502],[29.182074,47.613219],[29.130501,47.55963],[29.117426,47.533327],[29.155615,47.449999],[29.182074,47.429871],[29.201866,47.446588],[29.21835,47.451601],[29.232613,47.44633],[29.2507,47.425375],[29.281396,47.411474],[29.300826,47.378194],[29.345836,47.365844],[29.35891,47.352718],[29.367592,47.308225],[29.380821,47.29298],[29.409553,47.279751],[29.441696,47.282128],[29.459163,47.293497],[29.480867,47.338274],[29.520968,47.33892],[29.556573,47.324038],[29.579259,47.283601],[29.580189,47.26045],[29.568717,47.243138],[29.544015,47.23425],[29.540398,47.212546],[29.55063,47.160172],[29.544842,47.135574],[29.530373,47.123688],[29.480867,47.117487],[29.47787,47.111544],[29.520141,47.059919],[29.551353,47.090202],[29.570164,47.091442],[29.6021,47.061005],[29.595433,47.032143],[29.572489,47.011757],[29.558691,46.94574],[29.567476,46.934656],[29.598482,46.935379],[29.631865,46.914398],[29.696151,46.904683],[29.754132,46.85802],[29.843635,46.854144],[29.872212,46.837711],[29.889627,46.80717],[29.928178,46.809754],[29.931795,46.772443],[29.951122,46.743117],[29.944404,46.662476],[29.931279,46.619171],[29.949675,46.578863],[29.9381,46.55734],[29.898826,46.553129],[29.901926,46.53083],[29.916086,46.518815],[29.960217,46.505948],[29.967039,46.493856],[30.00285,46.494217],[30.021712,46.470653],[30.014064,46.462023],[30.077006,46.422826],[30.102017,46.430733],[30.131576,46.422826],[30.107185,46.391898],[30.08114,46.374199],[30.037267,46.368928],[29.918669,46.373656],[29.884666,46.3642],[29.847769,46.341462],[29.828132,46.339395],[29.808185,46.354691],[29.80033,46.398358],[29.714134,46.47117],[29.713824,46.443058],[29.702869,46.42833],[29.654396,46.422697],[29.647988,46.416393],[29.652949,46.391898],[29.645508,46.375594],[29.615639,46.361822],[29.582979,46.369651],[29.541432,46.413034],[29.480867,46.425152],[29.473322,46.439802],[29.486448,46.475872],[29.457612,46.484709],[29.418235,46.462488],[29.374723,46.416186],[29.362114,46.415928],[29.320773,46.468741],[29.306717,46.471997],[29.289147,46.451636],[29.290077,46.410243],[29.283256,46.397427],[29.259175,46.394353],[29.200677,46.35712],[29.183727,46.367171],[29.183417,46.37761],[29.205638,46.406109],[29.206775,46.502511],[29.200212,46.523983],[29.184244,46.538039],[29.162747,46.538091],[29.020326,46.489515],[28.945809,46.454788],[28.925448,46.432774],[28.919247,46.404662],[28.944879,46.32074],[28.93351,46.258986],[29.009836,46.204364],[29.015365,46.182609],[29.00348,46.158941],[28.946429,46.105094],[28.938781,46.089281],[28.958935,46.021016],[28.956868,46.001379],[28.74024,45.953217],[28.729181,45.938644],[28.728406,45.921953],[28.746441,45.870586],[28.738276,45.837565],[28.669753,45.812037],[28.669753,45.77731],[28.643605,45.76651],[28.576684,45.761911],[28.560613,45.743204],[28.567641,45.7246],[28.56144,45.71659],[28.515241,45.702018],[28.474003,45.657938],[28.511314,45.635045],[28.523096,45.593239],[28.536893,45.579803],[28.498239,45.558719],[28.506456,45.520582],[28.502012,45.508748],[28.480928,45.501978],[28.416849,45.503787],[28.270501,45.521512],[28.217275,45.493348],[28.199498,45.461774],[28.165908,45.494589],[28.165391,45.528282],[28.140949,45.560218],[28.062142,45.593601],[28.107721,45.6244],[28.167975,45.632461],[28.154953,45.761807],[28.113302,45.825369],[28.110511,45.854308],[28.131078,45.871361],[28.117436,45.895236],[28.124981,45.918387],[28.082709,46.014712],[28.096869,46.05967],[28.090151,46.073365],[28.127358,46.135325],[28.144721,46.183229],[28.108961,46.23413],[28.132112,46.239918],[28.135212,46.269322],[28.177794,46.287047],[28.191333,46.307769],[28.190351,46.351074],[28.207146,46.358153],[28.212934,46.388694],[28.233294,46.401768],[28.22606,46.415359],[28.246058,46.427865],[28.2458,46.475511],[28.2381,46.475588],[28.219032,46.503726],[28.221099,46.541191],[28.234121,46.553129],[28.225439,46.569562],[28.247144,46.607156],[28.24735,46.620825],[28.234121,46.662424],[28.178104,46.739836],[28.178156,46.758646],[28.121518,46.8343],[28.124257,46.861637],[28.113095,46.87143],[28.11356,46.894761],[28.096869,46.902616],[28.105447,46.91768],[28.102295,46.935121],[28.082709,46.971527],[28.028036,47.03297],[28.008295,47.026304],[27.938739,47.046638],[27.938429,47.061056],[27.843757,47.114386],[27.849855,47.12852],[27.80655,47.144617],[27.794665,47.155831],[27.805879,47.158234],[27.804793,47.168492],[27.788309,47.204277],[27.752393,47.238926],[27.753634,47.251432],[27.733273,47.275617],[27.636948,47.306674],[27.599948,47.360728],[27.572353,47.375197],[27.580311,47.405996],[27.562534,47.416538],[27.569356,47.438553],[27.582998,47.450671],[27.575867,47.460412],[27.548168,47.474261],[27.50724,47.477982],[27.473134,47.491779],[27.459491,47.533224],[27.440061,47.541027],[27.429404,47.57813],[27.369161,47.60831],[27.304049,47.666549],[27.272009,47.71497],[27.295057,47.718174],[27.288114,47.75068],[27.264671,47.764553],[27.219196,47.813775],[27.253406,47.828089],[27.212375,47.847933],[27.211548,47.885011],[27.194185,47.904054],[27.160698,47.921727],[27.178268,47.937928],[27.178268,47.944129],[27.150983,47.957797],[27.169793,47.973791],[27.16876,47.983067],[27.157184,47.991955],[27.143748,47.986839],[27.121476,48.013194],[27.095793,48.005598],[27.088971,48.019809],[27.109332,48.026088],[27.109332,48.033503],[27.059206,48.05805],[27.041739,48.077273],[27.034298,48.101768],[27.047424,48.116496],[27.042773,48.127296],[27.025099,48.135048],[27.012697,48.128123],[26.966602,48.143367],[26.966602,48.149594],[26.997607,48.15794],[26.997607,48.16657],[26.963088,48.175381],[26.938128,48.204811],[26.908001,48.184528],[26.897665,48.208971],[26.855497,48.237832],[26.844749,48.23331],[26.804906,48.25827],[26.76372,48.252741],[26.744031,48.255583],[26.733127,48.27075],[26.722379,48.259769],[26.688531,48.274832],[26.617889,48.258968]]]}},{"type":"Feature","properties":{"iso3":"GIB","name":"Gibraltar","continent":"Europe"},"geometry":{"type":"Polygon","coordinates":[[[-5.358387,36.141109],[-5.338773,36.14112],[-5.34203,36.1105],[-5.358387,36.141109]]]}},{"type":"Feature","properties":{"iso3":"VAT","name":"Vatican","continent":"Europe"},"geometry":{"type":"Polygon","coordinates":[[[12.453137,41.902752],[12.453031,41.903915],[12.453983,41.903862],[12.453137,41.902752]]]}},{"type":"Feature","properties":{"iso3":"ISL","name":"Iceland","continent":"Europe"},"geometry":{"type":"MultiPolygon","coordinates":[[[[-14.563629,66.384508],[-14.610748,66.363227],[-14.788197,66.33039],[-14.867177,66.305854],[-14.959137,66.296454],[-14.99059,66.285834],[-15.014801,66.268378],[-14.978261,66.259508],[-14.935211,66.22191],[-14.952138,66.193305],[-15.05602,66.148139],[-15.134633,66.143256],[-15.161,66.133612],[-15.179351,66.111314],[-15.133453,66.0987],[-15.074127,66.097113],[-15.061391,66.089342],[-15.055776,66.07038],[-15.09675,66.056098],[-15.075999,66.049628],[-14.852691,66.037177],[-14.770416,66.067857],[-14.71935,66.07038],[-14.677317,66.05622],[-14.663238,66.041164],[-14.651479,66.006741],[-14.616933,65.997748],[-14.603342,65.95303],[-14.623769,65.939399],[-14.622874,65.923896],[-14.650461,65.88817],[-14.726796,65.850653],[-14.800526,65.827948],[-14.822987,65.815863],[-14.821156,65.798407],[-14.891265,65.761217],[-14.834869,65.770901],[-14.788197,65.796047],[-14.844106,65.735175],[-14.808705,65.727729],[-14.772817,65.732001],[-14.694407,65.7508],[-14.479726,65.774888],[-14.361562,65.79678],[-14.329498,65.782375],[-14.372874,65.740383],[-14.397613,65.730048],[-14.395131,65.721503],[-14.378977,65.70718],[-14.274322,65.672512],[-14.357818,65.656073],[-14.382232,65.630276],[-14.433909,65.604804],[-14.454213,65.583441],[-14.530181,65.545478],[-14.557037,65.51789],[-14.562367,65.501166],[-14.52831,65.530829],[-14.472646,65.552314],[-14.320221,65.652411],[-14.271718,65.655951],[-14.192372,65.631537],[-14.247629,65.665025],[-14.027903,65.610419],[-13.871409,65.619045],[-13.85969,65.614163],[-13.850942,65.591986],[-13.869618,65.57689],[-13.815012,65.569403],[-13.821278,65.54149],[-13.805776,65.528632],[-13.787668,65.521674],[-13.715443,65.558295],[-13.685292,65.555162],[-13.679067,65.53856],[-13.651194,65.535346],[-13.609609,65.514228],[-13.607981,65.492133],[-13.651194,65.459621],[-13.63683,65.426093],[-13.677846,65.411811],[-13.667633,65.405707],[-13.670969,65.377631],[-13.704742,65.367336],[-13.795806,65.373114],[-13.83552,65.364],[-13.733062,65.343492],[-13.729848,65.327094],[-13.784535,65.309801],[-13.83434,65.309638],[-14.006744,65.28205],[-13.991119,65.272691],[-13.832509,65.297593],[-13.687652,65.306383],[-13.607818,65.288642],[-13.567983,65.260972],[-13.654205,65.219957],[-13.780873,65.206366],[-14.034088,65.200141],[-14.003326,65.189765],[-13.886952,65.200141],[-13.733062,65.192694],[-13.626617,65.200141],[-13.616607,65.196763],[-13.63683,65.178412],[-13.643666,65.159166],[-13.746693,65.144924],[-13.746693,65.137437],[-13.669301,65.144355],[-13.651194,65.131293],[-13.685292,65.117011],[-13.654205,65.117011],[-13.630849,65.105943],[-13.616607,65.107001],[-13.561106,65.15176],[-13.520172,65.172187],[-13.517812,65.136298],[-13.526967,65.096503],[-13.508372,65.090766],[-13.502919,65.081285],[-13.526967,65.055487],[-13.609609,65.035061],[-13.585317,65.007717],[-13.647369,64.98664],[-13.719472,64.994086],[-13.781606,64.989325],[-13.801991,64.994086],[-13.830312,65.029608],[-13.947865,65.054511],[-14.034088,65.082831],[-14.017323,65.063788],[-13.993764,65.055487],[-14.029775,65.038398],[-14.233388,65.035061],[-14.233388,65.027574],[-13.91804,65.014594],[-13.867909,64.978217],[-13.821278,64.959947],[-13.71817,64.939602],[-13.698313,64.925198],[-13.739898,64.9112],[-13.876454,64.932603],[-13.976064,64.925198],[-14.037465,64.936469],[-14.054596,64.932603],[-13.995513,64.914496],[-13.852284,64.900295],[-13.787668,64.877387],[-13.766916,64.853827],[-13.832102,64.829576],[-13.936594,64.847073],[-13.96642,64.835842],[-13.858022,64.81684],[-13.839833,64.809312],[-13.839223,64.79857],[-14.013661,64.802314],[-14.048451,64.788642],[-14.048451,64.781195],[-13.986318,64.74022],[-14.048451,64.719713],[-14.270619,64.699286],[-14.339467,64.716295],[-14.368072,64.755316],[-14.420562,64.789618],[-14.513905,64.802314],[-14.4558,64.790229],[-14.466135,64.761298],[-14.383616,64.74022],[-14.385243,64.720852],[-14.371449,64.704983],[-14.339467,64.685614],[-14.270172,64.669501],[-14.281158,64.658271],[-14.274322,64.651435],[-14.441965,64.675727],[-14.493479,64.658271],[-14.417714,64.631008],[-14.40925,64.610256],[-14.438832,64.596869],[-14.572174,64.596869],[-14.584381,64.590318],[-14.531606,64.555609],[-14.490468,64.548407],[-14.486562,64.555854],[-14.445383,64.560696],[-14.383616,64.600735],[-14.352528,64.6105],[-14.346181,64.605618],[-14.466135,64.534735],[-14.476674,64.496894],[-14.509348,64.47191],[-14.509389,64.446112],[-14.544911,64.405097],[-14.648752,64.400092],[-14.746693,64.383979],[-14.703359,64.398871],[-14.568512,64.418118],[-14.594065,64.425605],[-14.713124,64.431708],[-14.712514,64.41413],[-14.757192,64.39765],[-14.782053,64.377753],[-14.848948,64.357123],[-14.904897,64.322455],[-14.891265,64.349799],[-14.949045,64.322455],[-14.949818,64.311957],[-14.931956,64.301418],[-14.891265,64.308824],[-14.877594,64.28148],[-14.899973,64.281643],[-14.929433,64.264838],[-15.015859,64.26675],[-15.106679,64.301418],[-15.143951,64.28148],[-15.17927,64.287909],[-15.192291,64.28148],[-15.179351,64.274115],[-15.190053,64.269192],[-15.226471,64.26789],[-15.206614,64.301418],[-15.254506,64.298041],[-15.265777,64.320543],[-15.290273,64.334377],[-15.302154,64.322455],[-15.281117,64.295233],[-15.32315,64.3039],[-15.336293,64.308824],[-15.326568,64.329006],[-15.366444,64.36933],[-15.408437,64.387641],[-15.4735,64.39765],[-15.401479,64.380805],[-15.363637,64.336819],[-15.380686,64.329779],[-15.397817,64.336819],[-15.397817,64.329332],[-15.377553,64.321275],[-15.374013,64.305894],[-15.397817,64.274115],[-15.422271,64.2685],[-15.478017,64.275133],[-15.500885,64.26789],[-15.43871,64.260443],[-15.672109,64.219428],[-15.685699,64.233791],[-15.713612,64.21662],[-15.802398,64.18537],[-15.719106,64.197699],[-15.699452,64.191555],[-15.733022,64.179267],[-15.992055,64.144477],[-16.02831,64.130072],[-15.981191,64.130072],[-15.981191,64.123928],[-16.075999,64.09394],[-16.151275,64.054999],[-16.161733,64.064643],[-16.181793,64.062323],[-16.19286,64.048163],[-16.17927,64.048163],[-16.17927,64.041938],[-16.261138,64.020819],[-16.254872,64.035102],[-16.308909,64.017076],[-16.350494,63.986721],[-16.311025,63.99726],[-16.336903,63.974066],[-16.422353,63.938137],[-16.470204,63.904771],[-16.501332,63.897366],[-16.476308,63.905219],[-16.460357,63.924628],[-16.611195,63.869371],[-16.745351,63.852118],[-16.782541,63.863186],[-16.747792,63.849555],[-16.782541,63.842719],[-16.779775,63.818305],[-16.796213,63.801703],[-16.802968,63.825385],[-16.861073,63.858791],[-16.887359,63.865668],[-16.898264,63.854071],[-16.895823,63.807766],[-16.901967,63.801703],[-16.915354,63.805162],[-16.912221,63.839301],[-16.930043,63.8664],[-16.939565,63.809149],[-16.926137,63.800035],[-16.930898,63.793199],[-16.966908,63.787502],[-16.955637,63.810126],[-16.960683,63.828437],[-16.941274,63.845526],[-16.940297,63.897773],[-16.968984,63.920315],[-16.97704,63.888821],[-16.966908,63.869371],[-17.018544,63.862006],[-17.02892,63.849555],[-17.00475,63.817084],[-16.987945,63.809149],[-17.006215,63.797838],[-17.114858,63.794908],[-17.166127,63.809149],[-17.20344,63.798285],[-17.207102,63.815375],[-17.330556,63.781236],[-17.560943,63.7508],[-17.543568,63.766791],[-17.549672,63.787502],[-17.569081,63.763577],[-17.598053,63.767564],[-17.590647,63.746527],[-17.721018,63.705512],[-17.711171,63.727362],[-17.685292,63.739691],[-17.624827,63.746527],[-17.624827,63.753974],[-17.714752,63.781236],[-17.719879,63.767727],[-17.714752,63.753974],[-17.740468,63.745998],[-17.817209,63.753974],[-17.796742,63.746527],[-17.796742,63.740302],[-17.878407,63.731024],[-17.91808,63.679023],[-17.935902,63.675767],[-17.954416,63.685045],[-17.967356,63.6765],[-17.966949,63.66059],[-17.950673,63.657701],[-17.902821,63.671373],[-17.796742,63.671373],[-17.839752,63.634101],[-17.865834,63.623847],[-17.926422,63.636664],[-17.924957,63.627346],[-17.968617,63.622992],[-17.946889,63.620795],[-17.946929,63.602484],[-17.858225,63.609931],[-17.883046,63.576117],[-17.919057,63.545152],[-17.964955,63.522528],[-18.067372,63.501532],[-18.132924,63.479315],[-18.195383,63.472805],[-18.228139,63.493232],[-18.187367,63.505194],[-18.150624,63.526313],[-18.118886,63.527411],[-18.118886,63.534247],[-18.228139,63.527411],[-18.316803,63.548529],[-18.310658,63.541002],[-18.32433,63.534247],[-18.276763,63.501166],[-18.265696,63.466539],[-18.183665,63.463853],[-18.397694,63.449205],[-18.521596,63.422512],[-18.732045,63.396715],[-18.974762,63.424384],[-19.055653,63.414374],[-19.084625,63.418158],[-19.064117,63.424384],[-19.132436,63.438666],[-19.152659,63.425727],[-19.287262,63.438666],[-19.352162,63.459133],[-19.434153,63.466539],[-19.550933,63.502021],[-19.711578,63.521552],[-19.743235,63.534247],[-19.722035,63.539252],[-19.735748,63.548529],[-19.777089,63.541002],[-19.872914,63.548529],[-19.769887,63.534247],[-20.033803,63.542385],[-20.051015,63.554755],[-20.064076,63.548529],[-20.078359,63.554755],[-20.071523,63.541002],[-20.185699,63.54442],[-20.352691,63.609931],[-20.322499,63.601752],[-20.290639,63.609931],[-20.339101,63.616767],[-20.334299,63.63227],[-20.367096,63.619818],[-20.407338,63.630439],[-20.407338,63.636664],[-20.373158,63.630439],[-20.386545,63.645697],[-20.442128,63.671373],[-20.478668,63.706366],[-20.503529,63.705512],[-20.503529,63.699286],[-20.434641,63.64411],[-20.531606,63.68891],[-20.550689,63.712348],[-20.537099,63.719794],[-20.558217,63.740302],[-20.498525,63.763007],[-20.431264,63.767564],[-20.399648,63.761054],[-20.344146,63.734768],[-20.311147,63.732856],[-20.365793,63.767564],[-20.442128,63.787502],[-20.412017,63.812567],[-20.411122,63.836249],[-20.431142,63.836371],[-20.427846,63.822211],[-20.483022,63.787502],[-20.562408,63.756822],[-20.565053,63.72602],[-20.577504,63.714179],[-20.770416,63.7744],[-20.70523,63.7744],[-20.654368,63.760728],[-20.652333,63.766547],[-20.605946,63.767564],[-20.605946,63.7744],[-20.63386,63.7744],[-20.63386,63.781236],[-20.619618,63.787502],[-20.71581,63.781236],[-20.681793,63.807318],[-20.671783,63.837633],[-20.685618,63.86343],[-20.723256,63.869371],[-20.723256,63.863186],[-20.695139,63.857978],[-20.698313,63.844184],[-20.754506,63.80565],[-20.805287,63.794745],[-20.832509,63.801703],[-20.818227,63.781236],[-20.948842,63.827216],[-21.076731,63.848456],[-21.144276,63.867499],[-21.188791,63.891099],[-21.184478,63.908759],[-21.194936,63.932074],[-21.117014,63.929877],[-21.044789,63.945746],[-21.119944,63.945746],[-21.185048,63.959418],[-21.23644,63.953355],[-21.298695,63.924628],[-21.298695,63.918402],[-21.222035,63.898871],[-21.209299,63.883694],[-21.27538,63.891791],[-21.349762,63.884182],[-21.365834,63.873765],[-21.352651,63.856391],[-21.366933,63.849555],[-21.659901,63.831855],[-21.759999,63.868394],[-21.793202,63.870551],[-21.959462,63.843736],[-22.065785,63.835883],[-22.336415,63.863186],[-22.394399,63.835924],[-22.415883,63.842719],[-22.401601,63.849555],[-22.42516,63.849514],[-22.525136,63.822211],[-22.63268,63.826117],[-22.671254,63.810981],[-22.691233,63.812201],[-22.717519,63.828437],[-22.697418,63.851874],[-22.700185,63.874172],[-22.73058,63.891099],[-22.715077,63.901272],[-22.685902,63.945746],[-22.634999,63.949164],[-22.639231,63.95954],[-22.691721,63.954779],[-22.72997,63.974677],[-22.736806,63.993476],[-22.717519,64.020819],[-22.718739,64.070502],[-22.702138,64.085924],[-22.67516,64.087388],[-22.609975,64.061591],[-22.558461,64.019436],[-22.544911,63.993476],[-22.559234,63.993476],[-22.518463,63.979438],[-22.39684,63.979804],[-22.381174,63.986721],[-22.392323,63.994086],[-22.386383,64.002102],[-22.346059,64.017279],[-22.298573,64.020819],[-22.250885,64.035102],[-22.199208,64.020819],[-22.124176,64.043891],[-22.040679,64.051093],[-21.990102,64.076117],[-21.975168,64.069281],[-21.963368,64.076117],[-21.963368,64.082261],[-22.00475,64.097724],[-22.045318,64.096584],[-22.034901,64.112738],[-21.982493,64.121649],[-21.963368,64.117092],[-21.990102,64.109565],[-21.931996,64.105902],[-21.915028,64.109565],[-21.915028,64.117092],[-21.935455,64.117092],[-21.915028,64.123928],[-21.977162,64.149156],[-22.045318,64.158026],[-22.015126,64.16828],[-21.864858,64.156317],[-21.846669,64.144355],[-21.799672,64.137274],[-21.784657,64.144355],[-21.826243,64.15119],[-21.798248,64.164862],[-21.818756,64.171698],[-21.723785,64.171454],[-21.702748,64.191555],[-21.756093,64.181789],[-21.76415,64.188422],[-21.757232,64.200344],[-21.709584,64.213202],[-21.759999,64.220404],[-21.812652,64.213202],[-21.806467,64.230211],[-21.81786,64.237982],[-21.928619,64.233791],[-21.889556,64.253119],[-21.894521,64.26789],[-21.803212,64.301744],[-21.754506,64.345201],[-21.715688,64.352037],[-21.652577,64.349189],[-21.689076,64.356635],[-21.603098,64.377753],[-21.442006,64.364081],[-21.414133,64.383979],[-21.459096,64.37287],[-21.483022,64.377753],[-21.483022,64.383979],[-21.449452,64.390774],[-21.455719,64.39765],[-21.449452,64.39765],[-21.631174,64.402655],[-21.716542,64.393866],[-21.792104,64.364081],[-21.812652,64.342963],[-21.865834,64.334174],[-21.962636,64.297309],[-22.099965,64.315009],[-22.099965,64.322455],[-22.018056,64.349799],[-21.984771,64.370266],[-21.963368,64.376125],[-21.941721,64.370307],[-21.859731,64.390774],[-21.948883,64.394965],[-22.011342,64.382758],[-22.045318,64.405097],[-22.03189,64.414455],[-22.021474,64.456],[-21.999867,64.453925],[-21.975087,64.50373],[-21.83727,64.539008],[-21.777821,64.541571],[-21.792063,64.555487],[-21.818756,64.555854],[-21.818756,64.562079],[-21.762278,64.592108],[-21.702748,64.6105],[-21.64745,64.6105],[-21.651438,64.592515],[-21.60558,64.589342],[-21.579905,64.571845],[-21.496653,64.569525],[-21.565541,64.575751],[-21.620188,64.603013],[-21.579213,64.6105],[-21.579213,64.616645],[-21.68224,64.616645],[-21.68224,64.624172],[-21.606516,64.647691],[-21.510894,64.643988],[-21.510894,64.651435],[-21.613352,64.658271],[-21.677317,64.632514],[-21.702748,64.631008],[-21.702748,64.637844],[-21.676584,64.648586],[-21.661122,64.665717],[-21.721832,64.638821],[-21.728424,64.615709],[-21.792104,64.590033],[-21.859731,64.575751],[-21.853505,64.562079],[-21.911204,64.563218],[-22.009023,64.525092],[-22.035634,64.537665],[-22.018056,64.569525],[-22.038808,64.566596],[-22.048655,64.555406],[-22.051584,64.524563],[-22.079457,64.500637],[-22.085032,64.478664],[-22.164784,64.459662],[-22.199045,64.471869],[-22.2235,64.500637],[-22.257639,64.487006],[-22.231109,64.515286],[-22.22704,64.530341],[-22.237172,64.541571],[-22.2235,64.548407],[-22.257639,64.555854],[-22.243398,64.575751],[-22.289377,64.560858],[-22.339508,64.555854],[-22.357533,64.56802],[-22.364817,64.584418],[-22.346995,64.616645],[-22.364329,64.618109],[-22.442535,64.665717],[-22.365102,64.642646],[-22.339508,64.651435],[-22.360707,64.651435],[-22.354604,64.662787],[-22.319651,64.678778],[-22.333363,64.69245],[-22.217519,64.717434],[-22.18871,64.733385],[-22.18871,64.74022],[-22.250722,64.717108],[-22.34317,64.699205],[-22.402089,64.676337],[-22.422109,64.685614],[-22.349233,64.72309],[-22.339508,64.733385],[-22.346995,64.74022],[-22.319651,64.753852],[-22.372141,64.768744],[-22.436391,64.767524],[-22.422109,64.781195],[-22.442535,64.781195],[-22.408437,64.82274],[-22.427887,64.817572],[-22.442535,64.802314],[-22.457021,64.815334],[-22.476715,64.809149],[-22.476715,64.802314],[-22.547475,64.805813],[-22.593414,64.788642],[-22.593414,64.781195],[-22.56607,64.774359],[-22.658193,64.766669],[-22.682118,64.774359],[-22.638051,64.777777],[-22.672515,64.802314],[-22.778391,64.802314],[-22.710072,64.781195],[-22.710072,64.774359],[-22.736887,64.774807],[-22.783925,64.792711],[-22.812571,64.794867],[-22.805735,64.794867],[-23.1881,64.804145],[-23.246246,64.830471],[-23.398427,64.82274],[-23.423329,64.802314],[-23.457143,64.793647],[-23.573476,64.809149],[-23.538442,64.816799],[-23.555247,64.81981],[-23.593495,64.810981],[-23.623525,64.794257],[-23.628082,64.774359],[-23.646596,64.750881],[-23.67394,64.741116],[-23.747874,64.74022],[-23.833567,64.725898],[-23.946116,64.760891],[-23.955881,64.786689],[-24.016957,64.831732],[-24.060048,64.891059],[-24.053293,64.898505],[-24.033111,64.889635],[-24.014272,64.893378],[-23.958404,64.917304],[-23.849762,64.930569],[-23.748118,64.906928],[-23.63801,64.898505],[-23.600819,64.918362],[-23.559438,64.917385],[-23.512847,64.946357],[-23.47175,64.952379],[-23.381093,64.945624],[-23.395334,64.966783],[-23.339752,64.962633],[-23.346913,64.945624],[-23.33373,64.941392],[-23.30602,64.953111],[-23.297027,64.922268],[-23.278676,64.932603],[-23.263092,64.926256],[-23.245025,64.930121],[-23.224029,64.949408],[-23.24059,64.986884],[-23.23766,65.000922],[-23.210194,65.016913],[-23.168568,65.020087],[-23.086822,65.014594],[-23.106801,64.995429],[-23.135325,64.98664],[-23.127797,64.972968],[-23.147939,64.968085],[-23.162587,64.953111],[-23.107289,64.918362],[-23.114003,64.946112],[-23.109527,64.956855],[-23.099843,64.966783],[-23.066396,64.972968],[-23.04898,64.997504],[-23.021392,65.013007],[-22.992787,65.014228],[-22.94286,64.98664],[-22.906077,65.003485],[-22.844716,65.009914],[-22.785227,65.027574],[-22.873891,65.027574],[-22.873891,65.035061],[-22.831858,65.03913],[-22.757069,65.071926],[-22.717519,65.075995],[-22.73058,65.069159],[-22.695872,65.062323],[-22.695872,65.049302],[-22.751088,65.027574],[-22.689605,65.035061],[-22.674428,65.007554],[-22.579742,64.980414],[-22.579742,64.98664],[-22.628163,65.014594],[-22.601064,65.029975],[-22.56607,65.035061],[-22.564117,65.048326],[-22.5454,65.052191],[-22.461903,65.050482],[-22.379994,65.058783],[-22.24474,65.047268],[-22.155181,65.027574],[-22.120432,65.041897],[-22.045318,65.041897],[-21.982533,65.027533],[-21.963368,65.035061],[-21.937164,65.027533],[-21.826243,65.035061],[-21.799672,65.044623],[-21.798655,65.057034],[-21.816477,65.066962],[-21.846669,65.069159],[-21.836578,65.082424],[-21.792104,65.096503],[-21.779286,65.108059],[-21.737416,65.159166],[-21.73412,65.193793],[-21.766103,65.207953],[-21.809478,65.206122],[-21.840484,65.192694],[-21.833079,65.178412],[-21.983876,65.123765],[-22.033844,65.114936],[-22.318959,65.138414],[-22.401601,65.165351],[-22.511871,65.154202],[-22.557688,65.168931],[-22.490346,65.185858],[-22.456858,65.178412],[-22.456858,65.185858],[-22.478993,65.192776],[-22.55248,65.185858],[-22.524037,65.214993],[-22.490346,65.233629],[-22.426178,65.251451],[-22.428863,65.267768],[-22.378041,65.267768],[-22.339508,65.295722],[-22.312856,65.304348],[-22.201283,65.317694],[-21.975087,65.397406],[-21.935455,65.385077],[-21.949086,65.405585],[-21.695302,65.453355],[-21.791331,65.440131],[-21.897572,65.446519],[-21.97643,65.439765],[-21.935455,65.467027],[-21.971547,65.481879],[-21.990102,65.508002],[-22.045318,65.501166],[-22.039662,65.487128],[-22.062815,65.484036],[-22.114247,65.52851],[-22.111399,65.497463],[-22.134755,65.473863],[-22.17162,65.459621],[-22.199208,65.432318],[-22.253814,65.433661],[-22.28067,65.451321],[-22.381581,65.482856],[-22.387196,65.491685],[-22.345815,65.514716],[-22.235097,65.524807],[-22.164784,65.54149],[-22.153717,65.545885],[-22.148346,65.57689],[-22.106801,65.596747],[-22.136383,65.593329],[-22.209828,65.548977],[-22.243886,65.537095],[-22.346995,65.52851],[-22.346995,65.535346],[-22.291737,65.555162],[-22.291737,65.562649],[-22.312489,65.561998],[-22.373931,65.538153],[-22.415883,65.548977],[-22.403717,65.53384],[-22.408844,65.524848],[-22.478627,65.508002],[-22.493398,65.511176],[-22.504018,65.52851],[-22.501454,65.569648],[-22.545888,65.634019],[-22.55838,65.624742],[-22.556956,65.597886],[-22.541005,65.576606],[-22.546539,65.560736],[-22.57665,65.536282],[-22.589182,65.53559],[-22.631459,65.565823],[-22.637766,65.539781],[-22.656158,65.528062],[-22.676829,65.532782],[-22.707631,65.572211],[-22.711985,65.588528],[-22.704742,65.605292],[-22.682118,65.624091],[-22.759389,65.629828],[-22.763417,65.618354],[-22.717519,65.508002],[-22.731516,65.501776],[-22.785227,65.508002],[-22.77953,65.522528],[-22.795725,65.533677],[-22.842275,65.530829],[-22.853261,65.53205],[-22.854115,65.54149],[-22.887603,65.54149],[-22.887603,65.548977],[-22.818715,65.58454],[-22.791982,65.589993],[-22.801991,65.600979],[-22.854115,65.617906],[-22.859609,65.595608],[-22.879954,65.576483],[-22.905263,65.566881],[-22.925771,65.573188],[-22.942738,65.60635],[-22.95344,65.610419],[-22.963979,65.562649],[-22.985219,65.551215],[-23.073476,65.538398],[-23.158111,65.562201],[-23.155141,65.583157],[-23.183013,65.576361],[-23.200022,65.556586],[-23.201324,65.534735],[-23.182444,65.521674],[-23.182444,65.514228],[-23.231435,65.487494],[-23.357493,65.49494],[-23.408274,65.513739],[-23.423329,65.508002],[-23.409006,65.501166],[-23.490346,65.477932],[-23.625396,65.466457],[-23.656077,65.473863],[-23.661285,65.457994],[-23.714101,65.426093],[-23.897532,65.404608],[-23.943837,65.406928],[-23.984364,65.418647],[-23.982981,65.441311],[-24.004872,65.453355],[-23.970693,65.446519],[-23.967763,65.464911],[-23.986195,65.474189],[-24.009023,65.472846],[-24.019154,65.459621],[-24.04308,65.474555],[-24.196685,65.501166],[-24.48176,65.488471],[-24.5183,65.49136],[-24.539906,65.508002],[-24.496002,65.518988],[-24.451568,65.545233],[-24.375396,65.569403],[-24.365793,65.617906],[-24.303375,65.638373],[-24.135406,65.606147],[-24.080556,65.57689],[-23.971303,65.558661],[-23.922963,65.52851],[-23.892812,65.522162],[-23.806793,65.535346],[-23.895009,65.54149],[-23.940785,65.572496],[-24.009999,65.599433],[-24.086781,65.651353],[-23.935943,65.638373],[-23.806793,65.610419],[-23.852651,65.638983],[-24.022857,65.676174],[-24.080556,65.706],[-24.121571,65.74079],[-24.124827,65.77733],[-24.135162,65.78913],[-24.092844,65.804755],[-24.049875,65.803534],[-23.628082,65.706],[-23.56664,65.672512],[-23.556386,65.65469],[-23.579701,65.617906],[-23.561757,65.613674],[-23.497792,65.645209],[-23.477895,65.631537],[-23.46703,65.640937],[-23.388539,65.638373],[-23.409006,65.65884],[-23.285471,65.679348],[-23.404124,65.675198],[-23.458241,65.68244],[-23.511627,65.699693],[-23.539174,65.722724],[-23.466908,65.739691],[-23.437815,65.731635],[-23.356191,65.736233],[-23.309682,65.748236],[-23.244537,65.740383],[-23.224029,65.748236],[-23.251332,65.755072],[-23.251332,65.761217],[-23.189849,65.782375],[-23.276275,65.773139],[-23.319244,65.757025],[-23.588775,65.759752],[-23.676503,65.782375],[-23.729156,65.774359],[-23.8131,65.815863],[-23.845204,65.842963],[-23.866607,65.875556],[-23.863149,65.905829],[-23.820546,65.925727],[-23.800852,65.926215],[-23.669667,65.905219],[-23.600819,65.877916],[-23.51887,65.884752],[-23.395334,65.864325],[-23.35436,65.864325],[-23.244537,65.836127],[-23.209788,65.843207],[-23.29247,65.854234],[-23.318837,65.867865],[-23.401519,65.87108],[-23.474273,65.894843],[-23.57787,65.905015],[-23.6551,65.942572],[-23.763295,65.979926],[-23.8131,66.011379],[-23.807485,66.058417],[-23.792592,66.07038],[-23.751373,66.076565],[-23.699574,66.071723],[-23.5183,66.026679],[-23.465199,66.020982],[-23.429433,66.029446],[-23.412506,66.000312],[-23.374867,65.987779],[-23.422515,66.035875],[-23.547027,66.059516],[-23.669667,66.117499],[-23.637318,66.128485],[-23.48412,66.12759],[-23.395334,66.097642],[-23.481028,66.138617],[-23.577056,66.137681],[-23.600819,66.144843],[-23.590972,66.159857],[-23.55956,66.176459],[-23.501291,66.180487],[-23.485585,66.186225],[-23.48412,66.199449],[-23.461415,66.204169],[-23.304351,66.185777],[-23.152699,66.145819],[-23.110219,66.112535],[-23.114166,66.097642],[-23.107289,66.075914],[-23.057973,66.107611],[-23.027699,66.10871],[-22.986073,66.079535],[-22.976877,66.033677],[-23.058949,65.966702],[-22.976552,66.00845],[-22.929189,66.049262],[-22.909657,66.038642],[-22.89509,66.015082],[-22.89977,66.010647],[-22.85554,66.02851],[-22.840443,66.021918],[-22.880971,65.975287],[-22.909779,65.956366],[-22.94286,65.946845],[-22.884429,65.951809],[-22.82311,66.004584],[-22.809153,65.977607],[-22.824696,65.926256],[-22.819325,65.912095],[-22.785227,65.960517],[-22.782948,66.008612],[-22.764027,66.049262],[-22.750478,66.058417],[-22.682729,66.055854],[-22.667226,66.030911],[-22.620269,66.009223],[-22.578277,65.977607],[-22.586171,65.940375],[-22.600209,65.925727],[-22.593414,65.919582],[-22.644887,65.860582],[-22.655426,65.84219],[-22.648183,65.833686],[-22.635162,65.835273],[-22.611684,65.873847],[-22.545318,65.946967],[-22.538726,65.974189],[-22.517323,65.975775],[-22.476715,65.939399],[-22.457509,65.941067],[-22.449371,65.932563],[-22.456166,65.90998],[-22.442535,65.905219],[-22.429433,65.927965],[-22.422109,65.925727],[-22.428863,65.884752],[-22.469879,65.836982],[-22.43163,65.845893],[-22.392649,65.901679],[-22.360707,65.912095],[-22.360707,65.919582],[-22.381256,65.928778],[-22.408437,65.987779],[-22.423004,66.002021],[-22.484202,66.029446],[-22.463735,66.065863],[-22.449371,66.075914],[-22.392812,66.084052],[-22.381174,66.097642],[-22.488393,66.076728],[-22.572174,66.093695],[-22.628163,66.117499],[-22.865956,66.159491],[-22.935862,66.189765],[-22.97761,66.234198],[-22.930898,66.246405],[-22.751088,66.262152],[-22.606557,66.246772],[-22.593414,66.234198],[-22.552358,66.221381],[-22.538726,66.227362],[-22.559234,66.248481],[-22.484486,66.251166],[-22.440541,66.265448],[-22.367502,66.275214],[-22.503407,66.266425],[-22.564565,66.283637],[-22.502919,66.306098],[-22.469879,66.309312],[-22.469879,66.316799],[-22.492096,66.321967],[-22.595693,66.291734],[-22.710072,66.29564],[-22.711415,66.306464],[-22.682118,66.323635],[-22.669097,66.357123],[-22.607655,66.371405],[-22.683949,66.358303],[-22.763051,66.323676],[-22.82311,66.316799],[-22.835357,66.322659],[-22.799469,66.364569],[-22.83373,66.358832],[-22.939687,66.301459],[-23.098053,66.318305],[-23.139312,66.327786],[-23.189687,66.355292],[-23.176259,66.364569],[-23.046742,66.360663],[-23.02481,66.391832],[-23.084625,66.403266],[-23.135325,66.432807],[-23.104726,66.442816],[-23.011708,66.419176],[-23.032297,66.440253],[-22.922719,66.447659],[-22.89509,66.426011],[-22.873525,66.423774],[-22.864491,66.431383],[-22.868153,66.441392],[-22.950307,66.466986],[-22.832631,66.463813],[-22.695872,66.419176],[-22.670237,66.420966],[-22.607655,66.446479],[-22.613881,66.46015],[-22.574534,66.465888],[-22.510732,66.440416],[-22.426625,66.427924],[-22.422109,66.440253],[-22.429351,66.450141],[-22.455556,66.457465],[-22.463124,66.466986],[-22.43102,66.464748],[-22.376698,66.432563],[-22.367502,66.408922],[-22.350006,66.394192],[-22.268625,66.375922],[-22.243398,66.357123],[-22.257639,66.347154],[-22.202301,66.337226],[-22.202301,66.33039],[-22.228261,66.328559],[-22.229644,66.309312],[-22.214101,66.2897],[-22.229644,66.28262],[-22.229644,66.275214],[-22.216664,66.268378],[-22.155181,66.28262],[-22.128285,66.268297],[-22.105621,66.287828],[-22.089589,66.289862],[-22.080393,66.282864],[-22.086293,66.268378],[-21.996938,66.268378],[-21.979319,66.27497],[-21.921783,66.241034],[-21.990102,66.213772],[-21.920725,66.219672],[-21.853505,66.193305],[-21.812652,66.199449],[-21.749867,66.185777],[-21.757314,66.172756],[-21.740061,66.168199],[-21.730092,66.156236],[-21.730336,66.14411],[-21.743642,66.138617],[-21.731801,66.122504],[-21.723012,66.082221],[-21.702748,66.07038],[-21.653961,66.077582],[-21.641225,66.07038],[-21.639272,66.056545],[-21.667958,66.021918],[-21.620188,66.039008],[-21.620717,66.063463],[-21.641225,66.083441],[-21.593251,66.096381],[-21.548818,66.097642],[-21.527659,66.075914],[-21.509185,66.072333],[-21.551869,66.056098],[-21.558461,66.046536],[-21.534779,66.025702],[-21.509389,66.017076],[-21.401031,66.029446],[-21.348704,66.020697],[-21.330637,66.009019],[-21.318512,65.987779],[-21.459299,65.982327],[-21.486073,65.973212],[-21.606516,65.960517],[-21.588124,65.946357],[-21.410024,65.967475],[-21.380605,65.960517],[-21.43578,65.939399],[-21.43578,65.932563],[-21.328114,65.945258],[-21.301747,65.935981],[-21.284047,65.898627],[-21.295888,65.885565],[-21.325917,65.877916],[-21.278188,65.864325],[-21.278188,65.856879],[-21.327789,65.809027],[-21.375315,65.784898],[-21.476796,65.768704],[-21.476796,65.761217],[-21.401031,65.761217],[-21.332143,65.74079],[-21.443512,65.690497],[-21.579213,65.69302],[-21.629221,65.719387],[-21.661122,65.755072],[-21.685943,65.769436],[-21.716705,65.776435],[-21.777821,65.768704],[-21.695302,65.748236],[-21.665395,65.715644],[-21.689076,65.69302],[-21.627675,65.648261],[-21.609934,65.641547],[-21.442983,65.643378],[-21.414296,65.637152],[-21.401031,65.624091],[-21.483022,65.569403],[-21.483022,65.562649],[-21.373362,65.59691],[-21.320912,65.601874],[-21.298695,65.558905],[-21.319814,65.522366],[-21.369862,65.487128],[-21.428822,65.461493],[-21.476796,65.453355],[-21.476796,65.446519],[-21.315419,65.480699],[-21.278432,65.473293],[-21.212148,65.438178],[-21.201894,65.428412],[-21.209299,65.411811],[-21.193023,65.40058],[-21.19286,65.310126],[-21.14037,65.247301],[-21.145375,65.244859],[-21.107655,65.215522],[-21.097076,65.19599],[-21.106191,65.172187],[-21.089915,65.166164],[-21.073313,65.172065],[-21.065419,65.185777],[-21.085683,65.233629],[-21.119944,65.267768],[-21.099436,65.28205],[-21.103017,65.290717],[-21.078969,65.308783],[-21.073557,65.324164],[-21.098866,65.445461],[-21.086049,65.459621],[-21.055247,65.452338],[-20.962961,65.353339],[-20.91511,65.343492],[-20.907623,65.35102],[-20.933705,65.37401],[-20.975006,65.437567],[-20.987294,65.506781],[-20.983306,65.521674],[-20.962229,65.54149],[-20.948598,65.57689],[-20.91808,65.601386],[-20.805247,65.638373],[-20.743723,65.672512],[-20.691965,65.683173],[-20.688547,65.69302],[-20.675364,65.693915],[-20.646962,65.679348],[-20.629791,65.680243],[-20.623443,65.670722],[-20.631256,65.667385],[-20.640859,65.624986],[-20.63386,65.589993],[-20.645863,65.573065],[-20.646474,65.55565],[-20.635732,65.545152],[-20.613393,65.548977],[-20.623647,65.567288],[-20.621897,65.583441],[-20.608957,65.590969],[-20.58552,65.583157],[-20.576772,65.576646],[-20.572418,65.555162],[-20.578684,65.535346],[-20.550689,65.52851],[-20.523997,65.501166],[-20.475657,65.49494],[-20.45344,65.501451],[-20.427846,65.548977],[-20.454661,65.566596],[-20.530873,65.57689],[-20.410715,65.596747],[-20.39802,65.587348],[-20.402008,65.542873],[-20.387522,65.52851],[-20.391184,65.544623],[-20.375559,65.568101],[-20.387522,65.583157],[-20.376129,65.596422],[-20.328521,65.627834],[-20.318593,65.65884],[-20.270131,65.665025],[-20.292348,65.666938],[-20.30602,65.679267],[-20.307851,65.693183],[-20.271596,65.714016],[-20.263295,65.744534],[-20.27123,65.770168],[-20.290679,65.793647],[-20.339101,65.822699],[-20.339101,65.830146],[-20.312489,65.840399],[-20.322581,65.869452],[-20.393422,65.946519],[-20.406158,65.997504],[-20.448883,66.029446],[-20.419504,66.054389],[-20.414866,66.070624],[-20.427846,66.083441],[-20.407704,66.090766],[-20.342152,66.090237],[-20.304351,66.103909],[-20.25593,66.103909],[-20.184804,66.131171],[-20.113433,66.12287],[-20.09203,66.131171],[-20.086903,66.109809],[-20.073638,66.097357],[-20.030588,66.083441],[-20.037424,66.075914],[-19.954823,66.001451],[-19.940053,65.97842],[-19.928131,65.974189],[-19.937734,65.963568],[-19.921783,65.94717],[-19.877594,65.92357],[-19.879791,65.905219],[-19.708404,65.87108],[-19.694814,65.843207],[-19.66686,65.815863],[-19.65038,65.76496],[-19.628774,65.752753],[-19.577748,65.746405],[-19.557607,65.733954],[-19.544301,65.762844],[-19.513539,65.761217],[-19.488678,65.748236],[-19.449086,65.747504],[-19.468251,65.737372],[-19.456166,65.728949],[-19.427235,65.739936],[-19.41804,65.753852],[-19.39981,65.81151],[-19.399241,65.836615],[-19.405832,65.860175],[-19.451527,65.925727],[-19.510406,65.95303],[-19.510854,65.96015],[-19.497914,65.977525],[-19.447499,65.987779],[-19.413645,66.007636],[-19.434316,66.02143],[-19.451772,66.052558],[-19.437856,66.066636],[-19.362701,66.088365],[-19.229319,66.097642],[-19.157582,66.081122],[-19.159739,66.097642],[-19.135243,66.104926],[-19.1256,66.103909],[-19.132436,66.090237],[-19.057932,66.07038],[-19.086252,66.088284],[-19.091461,66.097642],[-19.084625,66.103909],[-19.105133,66.111314],[-19.068674,66.164618],[-19.034047,66.177191],[-18.944692,66.19066],[-18.912913,66.184394],[-18.920155,66.152289],[-18.887685,66.164252],[-18.864898,66.185777],[-18.869374,66.195624],[-18.854115,66.20539],[-18.827016,66.203437],[-18.776845,66.193305],[-18.804677,66.14175],[-18.721547,66.172756],[-18.69225,66.169989],[-18.619618,66.131496],[-18.659535,66.090237],[-18.597157,66.10456],[-18.544545,66.08275],[-18.516103,66.029446],[-18.54247,65.98192],[-18.540028,65.974189],[-18.348012,65.950181],[-18.310455,65.922675],[-18.287343,65.915107],[-18.260325,65.872382],[-18.21817,65.867743],[-18.205474,65.847073],[-18.203684,65.807929],[-18.179677,65.782375],[-18.176584,65.733954],[-18.091542,65.69302],[-18.096913,65.679633],[-18.091949,65.661811],[-18.079905,65.64761],[-18.063588,65.645209],[-18.051015,65.65766],[-18.060374,65.694078],[-18.070424,65.706],[-18.105133,65.720282],[-18.109486,65.731594],[-18.097768,65.748236],[-18.097768,65.782375],[-18.070424,65.796047],[-18.067616,65.830552],[-18.097768,65.877916],[-18.097768,65.894965],[-18.118886,65.898383],[-18.151519,65.924791],[-18.169911,65.914008],[-18.187001,65.915839],[-18.217926,65.932074],[-18.228139,65.939399],[-18.218739,65.953559],[-18.222524,65.966986],[-18.264068,65.984849],[-18.296986,66.015082],[-18.28954,66.029446],[-18.316721,66.057359],[-18.329213,66.103949],[-18.323842,66.150784],[-18.296986,66.179633],[-18.193959,66.179633],[-18.142445,66.165961],[-18.084137,66.165961],[-18.091542,66.158515],[-18.054067,66.149563],[-17.955434,66.160142],[-17.91275,66.152289],[-17.885487,66.117499],[-17.816477,66.113267],[-17.713124,66.060289],[-17.672963,66.007066],[-17.623769,65.987209],[-17.549672,65.912095],[-17.545644,65.931138],[-17.577626,65.974189],[-17.495107,65.987779],[-17.586903,65.985785],[-17.611155,65.994045],[-17.452016,65.995185],[-17.413197,65.960517],[-17.406646,65.975002],[-17.419342,65.994045],[-17.395131,66.00609],[-17.391998,66.029446],[-17.364654,66.049262],[-17.364654,66.083441],[-17.352162,66.097113],[-17.261464,66.129706],[-17.254791,66.153144],[-17.269887,66.161526],[-17.264963,66.168647],[-17.217356,66.194241],[-17.156117,66.203681],[-17.145619,66.221177],[-17.119252,66.211127],[-16.992421,66.19953],[-16.933339,66.138617],[-16.933339,66.124335],[-16.947011,66.124335],[-16.947011,66.117499],[-16.92276,66.111029],[-16.898549,66.117499],[-16.919749,66.124335],[-16.884104,66.135321],[-16.758127,66.149604],[-16.721059,66.144843],[-16.753041,66.14289],[-16.782541,66.131171],[-16.75182,66.113186],[-16.700551,66.144843],[-16.672353,66.133694],[-16.629547,66.100816],[-16.596913,66.097642],[-16.596913,66.103909],[-16.655629,66.127753],[-16.667714,66.158515],[-16.686269,66.165961],[-16.531361,66.199164],[-16.508168,66.199449],[-16.624257,66.165961],[-16.515696,66.179633],[-16.452463,66.14643],[-16.426259,66.144843],[-16.426259,66.152289],[-16.461537,66.167182],[-16.48705,66.189521],[-16.472768,66.217678],[-16.439931,66.234198],[-16.421986,66.262397],[-16.421946,66.287095],[-16.454213,66.31745],[-16.476186,66.327338],[-16.480824,66.350287],[-16.51537,66.367336],[-16.508168,66.385077],[-16.52184,66.385077],[-16.51183,66.395982],[-16.529286,66.419176],[-16.508168,66.419176],[-16.508168,66.426011],[-16.525502,66.435736],[-16.544667,66.467597],[-16.572987,66.481024],[-16.543324,66.506985],[-16.52184,66.508531],[-16.512603,66.488837],[-16.501332,66.487494],[-16.48705,66.511054],[-16.429677,66.519843],[-16.43102,66.491604],[-16.411977,66.481269],[-16.419423,66.501125],[-16.364735,66.515367],[-16.30956,66.49494],[-16.330068,66.487494],[-16.312856,66.481269],[-16.268625,66.487494],[-16.268625,66.49494],[-16.235585,66.51789],[-16.226796,66.503892],[-16.215199,66.502183],[-16.204457,66.507961],[-16.196278,66.526842],[-16.165517,66.535875],[-16.0808,66.525946],[-16.022939,66.536607],[-15.93871,66.502672],[-15.891225,66.49494],[-15.933339,66.475491],[-15.939605,66.46015],[-15.925933,66.453925],[-15.946401,66.446479],[-15.925933,66.432807],[-15.937652,66.423814],[-15.830393,66.426011],[-15.836537,66.405504],[-15.741038,66.405504],[-15.706695,66.395901],[-15.679555,66.344062],[-15.721303,66.312405],[-15.775136,66.289455],[-15.761464,66.275214],[-15.749501,66.280666],[-15.690541,66.265774],[-15.687001,66.258694],[-15.699452,66.234198],[-15.610666,66.227362],[-15.575429,66.233954],[-15.548573,66.221177],[-15.528717,66.227362],[-15.510121,66.201646],[-15.419667,66.172309],[-15.38036,66.14997],[-15.35676,66.158515],[-15.371083,66.165961],[-15.353505,66.17121],[-15.332346,66.197943],[-15.33788,66.251776],[-15.331288,66.261461],[-15.108754,66.278388],[-15.09675,66.303127],[-15.02595,66.321845],[-14.991119,66.361314],[-14.925445,66.385321],[-14.839752,66.391832],[-14.75414,66.371405],[-14.563629,66.384508]]],[[[-17.751291,63.717841],[-17.743153,63.703192],[-17.764963,63.681952],[-17.771108,63.680732],[-17.759023,63.690172],[-17.768951,63.69892],[-17.823313,63.691392],[-17.820709,63.699652],[-17.790151,63.713202],[-17.751291,63.717841]]],[[[-18.008941,66.564154],[-17.976308,66.548285],[-17.980458,66.539049],[-17.999827,66.533393],[-18.017201,66.544989],[-18.019521,66.561347],[-18.008941,66.564154]]],[[[-20.261871,63.444648],[-20.252553,63.429511],[-20.269643,63.409125],[-20.286773,63.40648],[-20.305572,63.43476],[-20.302602,63.44595],[-20.25886,63.451361],[-20.261871,63.444648]]],[[[-18.380238,66.012112],[-18.35676,65.993232],[-18.35676,65.981635],[-18.390492,65.983466],[-18.414418,66.023668],[-18.408559,66.027411],[-18.380238,66.012112]]]]}},{"type":"Feature","properties":{"iso3":"MLT","name":"Malta","continent":"Europe"},"geometry":{"type":"MultiPolygon","coordinates":[[[[14.548025,35.890041],[14.563162,35.870022],[14.567149,35.845608],[14.561778,35.82982],[14.548025,35.836005],[14.532481,35.821967],[14.527517,35.801215],[14.42449,35.823676],[14.381521,35.842963],[14.345714,35.875922],[14.338227,35.946967],[14.322032,35.973131],[14.347504,35.988715],[14.377289,35.993638],[14.377289,35.986233],[14.349376,35.973131],[14.445079,35.960354],[14.478689,35.936957],[14.507823,35.928534],[14.513927,35.900824],[14.548025,35.890041]]],[[[14.256602,36.075588],[14.314789,36.051093],[14.334239,36.034369],[14.26002,36.013495],[14.220876,36.019192],[14.184906,36.034613],[14.183604,36.064765],[14.256602,36.075588]]]]}},{"type":"Feature","properties":{"iso3":"JEY","name":"Jersey","continent":"Europe"},"geometry":{"type":"Polygon","coordinates":[[[-2.082672,49.26024],[-2.02066,49.235256],[-2.021962,49.225491],[-2.011871,49.215277],[-2.024526,49.171332],[-2.096995,49.183661],[-2.137929,49.205634],[-2.152943,49.199937],[-2.168691,49.17829],[-2.200103,49.191962],[-2.233632,49.184516],[-2.226471,49.206],[-2.241119,49.26024],[-2.196278,49.253404],[-2.151682,49.267035],[-2.110666,49.253404],[-2.082672,49.26024]]]}},{"type":"Feature","properties":{"iso3":"GGY","name":"Guernsey","continent":"Europe"},"geometry":{"type":"MultiPolygon","coordinates":[[[[-2.58023,49.493598],[-2.518219,49.51553],[-2.501698,49.506659],[-2.522125,49.479967],[-2.534088,49.436225],[-2.541982,49.430894],[-2.669342,49.430894],[-2.670766,49.438788],[-2.651845,49.445217],[-2.656565,49.459418],[-2.624623,49.465725],[-2.58023,49.493598]]],[[[-2.363759,49.446845],[-2.3544,49.427802],[-2.373525,49.411566],[-2.375478,49.435452],[-2.363759,49.446845]]],[[[-2.174469,49.731391],[-2.170318,49.723212],[-2.187896,49.710639],[-2.216868,49.70303],[-2.226226,49.707831],[-2.218495,49.718695],[-2.174469,49.731391]]],[[[-2.453684,49.481879],[-2.447825,49.483954],[-2.445221,49.474595],[-2.453359,49.462144],[-2.453684,49.481879]]]]}},{"type":"Feature","properties":{"iso3":"IMN","name":"Isle of Man","continent":"Europe"},"geometry":{"type":"Polygon","coordinates":[[[-4.612131,54.056952],[-4.620758,54.069648],[-4.656402,54.063788],[-4.704498,54.084866],[-4.766225,54.059231],[-4.790151,54.063788],[-4.790151,54.071234],[-4.769683,54.07746],[-4.770863,54.096829],[-4.737172,54.124905],[-4.71227,54.21662],[-4.663971,54.233547],[-4.598378,54.276597],[-4.530995,54.366116],[-4.442006,54.404364],[-4.367787,54.419013],[-4.351308,54.413804],[-4.377553,54.361884],[-4.3756,54.348334],[-4.358225,54.317613],[-4.324696,54.310207],[-4.31192,54.287177],[-4.348256,54.259508],[-4.365631,54.235053],[-4.399159,54.222073],[-4.390777,54.194729],[-4.475494,54.153144],[-4.474599,54.140815],[-4.529286,54.119086],[-4.549794,54.100653],[-4.590932,54.091051],[-4.612131,54.056952]]]}},{"type":"Feature","properties":{"iso3":"ALA","name":"Aland","continent":"Europe"},"geometry":{"type":"MultiPolygon","coordinates":[[[[20.277599,60.142157],[20.297618,60.121527],[20.268891,60.086005],[20.277599,60.066474],[20.266287,60.060492],[20.201915,60.087551],[20.198253,60.104071],[20.222423,60.149604],[20.258067,60.107978],[20.263927,60.118232],[20.255707,60.145413],[20.277599,60.142157]]],[[[19.639496,60.220933],[19.670909,60.190579],[19.671072,60.158108],[19.646983,60.155829],[19.591645,60.196763],[19.603282,60.164008],[19.584809,60.135321],[19.565196,60.12995],[19.527029,60.148627],[19.513927,60.179104],[19.537283,60.201117],[19.53712,60.232164],[19.567882,60.255113],[19.608409,60.256903],[19.634451,60.240139],[19.639496,60.220933]]],[[[20.427908,60.265692],[20.438975,60.258205],[20.441417,60.245185],[20.392914,60.196763],[20.38087,60.198879],[20.387543,60.232978],[20.38266,60.240709],[20.353038,60.228827],[20.345388,60.237698],[20.347016,60.252875],[20.358897,60.265692],[20.379649,60.26968],[20.410981,60.259508],[20.427908,60.265692]]],[[[20.818858,60.232164],[20.790538,60.238715],[20.781098,60.263658],[20.787283,60.286322],[20.805186,60.2862],[20.853038,60.265692],[20.850597,60.253607],[20.838878,60.246812],[20.811371,60.245185],[20.818858,60.232164]]],[[[20.208751,60.224677],[20.229747,60.20425],[20.200938,60.199408],[20.177989,60.173529],[20.161957,60.167141],[20.136974,60.176337],[20.09547,60.176337],[20.087087,60.182196],[20.088878,60.195868],[20.102306,60.220933],[20.122895,60.23078],[20.172374,60.232815],[20.188243,60.245185],[20.111013,60.239447],[20.081879,60.223375],[20.064708,60.190619],[20.057872,60.190619],[20.060883,60.214748],[20.031912,60.236396],[20.023692,60.255113],[20.05714,60.293158],[20.06129,60.310045],[20.023692,60.313463],[20.033865,60.293891],[20.024913,60.276435],[20.003266,60.267035],[19.975922,60.278713],[19.993988,60.241441],[20.030528,60.217231],[20.014903,60.202338],[20.016287,60.183743],[19.948009,60.20425],[19.954845,60.224677],[19.914561,60.218207],[19.917247,60.207668],[19.943614,60.186225],[19.987315,60.173041],[20.01002,60.155829],[20.0442,60.176337],[20.030528,60.114814],[20.050466,60.097805],[20.04477,60.08747],[20.006358,60.094387],[19.948985,60.083889],[19.958181,60.053778],[19.948497,60.047675],[19.937755,60.05036],[19.941173,60.060248],[19.924001,60.091539],[19.91033,60.10106],[19.886567,60.101223],[19.873302,60.096422],[19.868337,60.085517],[19.845063,60.078681],[19.831716,60.079495],[19.823253,60.084296],[19.824474,60.094387],[19.806977,60.09984],[19.78891,60.096259],[19.763031,60.07392],[19.694672,60.170111],[19.682384,60.211982],[19.670909,60.217231],[19.646983,60.265692],[19.682872,60.26435],[19.691417,60.256537],[19.688487,60.238349],[19.709321,60.268866],[19.770518,60.2862],[19.74936,60.306627],[19.79656,60.299791],[19.765147,60.248969],[19.792003,60.200141],[19.81422,60.190619],[19.823497,60.208482],[19.817638,60.232164],[19.851817,60.217231],[19.858653,60.245185],[19.879731,60.258857],[19.892833,60.306627],[19.905528,60.271796],[19.934337,60.282416],[19.924001,60.314276],[19.889496,60.344672],[19.857677,60.313218],[19.819184,60.346829],[19.777354,60.355048],[19.838145,60.400458],[19.882335,60.405585],[19.906423,60.402167],[19.927501,60.356431],[19.995616,60.356431],[20.036794,60.33393],[20.023692,60.361274],[20.072032,60.349921],[20.093028,60.355129],[20.12615,60.33393],[20.178071,60.322984],[20.192068,60.312323],[20.181407,60.2862],[20.201915,60.292955],[20.277599,60.278713],[20.236013,60.232164],[20.208751,60.224677]]],[[[20.875255,59.91413],[20.862071,59.928168],[20.87086,59.936754],[20.897472,59.940131],[20.920177,59.909247],[20.912364,59.904486],[20.875255,59.91413]]],[[[20.983572,59.942776],[20.969412,59.943834],[20.991222,59.926744],[20.982758,59.921536],[20.913259,59.948432],[20.934744,59.957994],[20.99586,59.949897],[20.983572,59.942776]]],[[[20.610118,60.044989],[20.617931,60.042222],[20.603363,60.039781],[20.606293,60.02265],[20.587169,60.008124],[20.550466,60.018866],[20.527029,60.005072],[20.500824,60.012681],[20.544932,60.056098],[20.582856,60.059149],[20.610118,60.044989]]],[[[20.424083,60.055243],[20.462576,60.066799],[20.45102,60.040107],[20.43214,60.025092],[20.402354,60.021308],[20.390147,60.028225],[20.424083,60.055243]]],[[[20.521169,60.048041],[20.500336,60.036363],[20.471365,60.041327],[20.469737,60.057359],[20.54184,60.07099],[20.521169,60.048041]]],[[[20.68336,60.13052],[20.688243,60.117011],[20.67156,60.109198],[20.638682,60.131334],[20.635509,60.143948],[20.659923,60.149726],[20.68336,60.13052]]],[[[20.683767,60.229397],[20.716319,60.209296],[20.686778,60.194566],[20.670665,60.199205],[20.663422,60.216376],[20.668468,60.226711],[20.683767,60.229397]]],[[[20.777354,60.326483],[20.732677,60.314358],[20.732677,60.33275],[20.757172,60.366116],[20.787364,60.361965],[20.789399,60.342719],[20.777354,60.326483]]],[[[20.281315,59.976616],[20.301908,59.998975],[20.339447,60.02011],[20.436746,60.004989],[20.447059,59.995181],[20.398576,59.981349],[20.324819,59.977195],[20.322366,59.962686],[20.306648,59.953624],[20.283707,59.958475],[20.281315,59.976616]]],[[[20.03365,60.063626],[20.068193,60.072654],[20.101269,60.094975],[20.163259,60.087845],[20.193191,60.06557],[20.225218,60.005478],[20.175121,59.971436],[20.184037,59.992938],[20.171495,59.998754],[20.123179,59.988872],[20.105255,59.996469],[20.121318,60.016627],[20.104258,60.028248],[20.025256,60.042485],[20.03365,60.063626]]],[[[21.088634,60.480129],[21.09669,60.463446],[21.088227,60.452216],[21.064952,60.454779],[21.059255,60.466742],[21.064301,60.474351],[21.088634,60.480129]]]]}},{"type":"Feature","properties":{"iso3":"FRO","name":"Faroe Islands","continent":"Europe"},"geometry":{"type":"MultiPolygon","coordinates":[[[[-6.654775,61.395941],[-6.677602,61.39411],[-6.699778,61.404242],[-6.870473,61.501532],[-6.865834,61.526923],[-6.923085,61.566107],[-6.946034,61.590725],[-6.962554,61.62873],[-6.942128,61.62873],[-6.948964,61.636135],[-6.894643,61.649115],[-6.880035,61.64232],[-6.907338,61.62873],[-6.865834,61.622504],[-6.914174,61.601386],[-6.914174,61.595201],[-6.825673,61.600165],[-6.799062,61.583441],[-6.737457,61.579047],[-6.715566,61.567857],[-6.713206,61.554429],[-6.724273,61.546454],[-6.740631,61.544867],[-6.782623,61.561591],[-6.805572,61.554185],[-6.786204,61.551703],[-6.757192,61.526923],[-6.715566,61.526923],[-6.70165,61.514716],[-6.715566,61.498969],[-6.67398,61.488471],[-6.677602,61.479926],[-6.743642,61.469957],[-6.783844,61.472317],[-6.783844,61.46483],[-6.762685,61.460028],[-6.750356,61.444322],[-6.721181,61.459377],[-6.681386,61.457994],[-6.688303,61.444322],[-6.666249,61.439846],[-6.651235,61.425238],[-6.646352,61.408149],[-6.654775,61.395941]]],[[[-6.612538,61.821112],[-6.633168,61.803697],[-6.629872,61.766547],[-6.660959,61.746039],[-6.746653,61.821112],[-6.838287,61.829006],[-6.867665,61.839342],[-6.877553,61.869574],[-6.907338,61.909857],[-6.821685,61.896877],[-6.789703,61.8994],[-6.742909,61.87641],[-6.66686,61.866034],[-6.612538,61.821112]]],[[[-7.383697,62.094875],[-7.410756,62.105699],[-7.429555,62.128485],[-7.431549,62.148179],[-7.407623,62.150092],[-7.359853,62.129584],[-7.329172,62.129584],[-7.286122,62.15526],[-7.215891,62.163764],[-7.222646,62.150092],[-7.160146,62.132554],[-7.133901,62.109117],[-7.057973,62.103176],[-7.038319,62.088609],[-7.071848,62.052558],[-7.093007,62.047675],[-7.143544,62.054023],[-7.161204,62.047675],[-7.126454,62.040229],[-7.202138,62.019721],[-7.189117,62.034003],[-7.207428,62.060207],[-7.221425,62.06623],[-7.236318,62.061347],[-7.206614,62.042548],[-7.208404,62.034003],[-7.380279,62.068183],[-7.380279,62.074937],[-7.28482,62.074937],[-7.383697,62.094875]]],[[[-7.222646,62.1706],[-7.232086,62.176418],[-7.233957,62.198391],[-7.215891,62.204739],[-7.205068,62.235663],[-7.189117,62.239447],[-7.20816,62.254218],[-7.195424,62.314602],[-7.072621,62.290269],[-7.045481,62.252387],[-6.997222,62.20718],[-6.997385,62.184231],[-6.84732,62.142035],[-6.846344,62.133368],[-6.862213,62.115424],[-6.900502,62.102281],[-6.812978,62.104234],[-6.779368,62.066107],[-6.845937,62.061347],[-6.845937,62.0539],[-6.810536,62.046332],[-6.742909,62.047105],[-6.715566,62.034003],[-6.734039,62.005357],[-6.731923,61.991116],[-6.698842,61.982082],[-6.705881,61.960761],[-6.701894,61.944037],[-6.734486,61.938218],[-6.793853,61.974514],[-6.856923,61.994778],[-6.910146,62.037909],[-6.959828,62.049994],[-6.969146,62.056952],[-6.982167,62.094062],[-7.016021,62.111884],[-7.126943,62.127143],[-7.137115,62.136664],[-7.136138,62.146145],[-7.120229,62.150092],[-7.128814,62.162055],[-7.174957,62.150092],[-7.222646,62.1706]]],[[[-7.055084,62.290351],[-7.085561,62.314602],[-7.077138,62.321601],[-7.044586,62.314602],[-6.98644,62.332261],[-6.928456,62.335028],[-6.887522,62.321438],[-6.883209,62.311225],[-6.934641,62.290351],[-6.931304,62.260077],[-6.907338,62.239447],[-6.917388,62.269924],[-6.912953,62.281806],[-6.813832,62.293402],[-6.798085,62.280463],[-6.824778,62.273017],[-6.737131,62.262112],[-6.763499,62.242418],[-6.783844,62.239447],[-6.783844,62.232001],[-6.742909,62.218411],[-6.705637,62.225816],[-6.65095,62.216254],[-6.60554,62.19599],[-6.703969,62.195136],[-6.722401,62.191067],[-6.722401,62.184231],[-6.600087,62.153388],[-6.564117,62.13581],[-6.667795,62.150092],[-6.667795,62.143256],[-6.645823,62.141018],[-6.59203,62.116604],[-6.59203,62.109117],[-6.630686,62.109076],[-6.660959,62.094875],[-6.647328,62.088609],[-6.659535,62.072943],[-6.654775,62.061347],[-6.691396,62.073391],[-6.709381,62.143256],[-6.75357,62.181708],[-6.783844,62.19481],[-6.811838,62.191067],[-6.733022,62.14883],[-6.722401,62.122748],[-6.740305,62.101142],[-6.780873,62.116685],[-6.859609,62.163764],[-6.900258,62.162543],[-6.957509,62.189602],[-7.020334,62.239691],[-7.055084,62.290351]]],[[[-6.537465,62.191067],[-6.582753,62.228583],[-6.57136,62.251776],[-6.55309,62.247016],[-6.54601,62.271959],[-6.551096,62.307766],[-6.571685,62.346747],[-6.566518,62.361274],[-6.537465,62.369818],[-6.544911,62.362372],[-6.516916,62.323065],[-6.482737,62.295111],[-6.386586,62.259955],[-6.405263,62.244615],[-6.436513,62.242377],[-6.489654,62.259955],[-6.49649,62.252509],[-6.439849,62.22012],[-6.420766,62.225816],[-6.407094,62.191067],[-6.463857,62.185533],[-6.522125,62.22956],[-6.537465,62.225816],[-6.503163,62.174058],[-6.529368,62.180609],[-6.537465,62.191067]]],[[[-7.559722,62.107733],[-7.536733,62.098782],[-7.640696,62.09984],[-7.644154,62.107001],[-7.588043,62.115139],[-7.559722,62.107733]]],[[[-6.321441,62.308092],[-6.291331,62.307685],[-6.275787,62.30272],[-6.276845,62.296291],[-6.306142,62.281806],[-6.29955,62.271552],[-6.304107,62.256008],[-6.35851,62.245836],[-6.384348,62.280219],[-6.321441,62.308092]]],[[[-6.585276,62.289862],[-6.579701,62.266791],[-6.594472,62.261176],[-6.636383,62.280097],[-6.673329,62.321031],[-6.684316,62.344062],[-6.680816,62.366116],[-6.664296,62.374213],[-6.648061,62.366523],[-6.585276,62.289862]]],[[[-6.654693,62.264065],[-6.63915,62.24901],[-6.6433,62.238511],[-6.676666,62.2414],[-6.691029,62.252265],[-6.708974,62.283271],[-6.769439,62.336005],[-6.789052,62.375312],[-6.765289,62.373725],[-6.654693,62.264065]]],[[[-6.409169,62.324042],[-6.394602,62.309882],[-6.405914,62.294257],[-6.455719,62.295966],[-6.509267,62.329779],[-6.533437,62.371894],[-6.555898,62.390937],[-6.542551,62.398912],[-6.504628,62.3876],[-6.449127,62.317816],[-6.409169,62.324042]]]]}}]}