{"type":"FeatureCollection","features":[{"type":"Feature","properties":{"iso3":"PNG","name":"Papua New Guinea","continent":"Oceania"},"geometry":{"type":"MultiPolygon","coordinates":[[[[140.974457,-2.600518],[141.081309,-2.594334],[141.264659,-2.638604],[141.338227,-2.701837],[141.832774,-2.905938],[141.885427,-2.9638],[142.000011,-2.955987],[142.064952,-3.008966],[142.062836,-3.060154],[142.137462,-3.055597],[142.948985,-3.335056],[143.52296,-3.435968],[143.607921,-3.532973],[143.818044,-3.621677],[144.021495,-3.802992],[144.167003,-3.800551],[144.12615,-3.814142],[144.249685,-3.867852],[144.309906,-3.798435],[144.498709,-3.813897],[144.546886,-3.863214],[144.572927,-3.990981],[144.730317,-4.026056],[144.867849,-4.099216],[144.865001,-4.161554],[144.991222,-4.232354],[144.996104,-4.274998],[145.07781,-4.356622],[145.181326,-4.390232],[145.345714,-4.390232],[145.690196,-4.768243],[145.801443,-4.842462],[145.792735,-5.202569],[145.727387,-5.422459],[145.759613,-5.476983],[145.872406,-5.48211],[145.886974,-5.513604],[145.956309,-5.474705],[146.295421,-5.582778],[146.460948,-5.599298],[146.812755,-5.838556],[146.932872,-5.841974],[147.007823,-5.924493],[147.225108,-5.968845],[147.343598,-5.930759],[147.513682,-6.005548],[147.621755,-6.106622],[147.726248,-6.272231],[147.826671,-6.335382],[147.865489,-6.463149],[147.854015,-6.691013],[147.573009,-6.7492],[147.194835,-6.738539],[147.147634,-6.712823],[146.962657,-6.747003],[146.956228,-6.954685],[147.027192,-7.032322],[147.059581,-7.020766],[147.063813,-7.132745],[147.141368,-7.213067],[147.182384,-7.452081],[147.354503,-7.515313],[147.487315,-7.616306],[147.503266,-7.678318],[147.585948,-7.718438],[147.606944,-7.816502],[147.655284,-7.809666],[147.634776,-7.767999],[147.68336,-7.810724],[147.726817,-7.932061],[147.876475,-7.937188],[147.967296,-7.987074],[148.018077,-8.057712],[148.13502,-8.046075],[148.236095,-8.441502],[148.229503,-8.55462],[148.436778,-8.666192],[148.48113,-8.730645],[148.496349,-8.882989],[148.585623,-9.06406],[148.767426,-9.10003],[148.921397,-9.044203],[149.069102,-9.035089],[149.141856,-8.974542],[149.153575,-9.003595],[149.284353,-9.008477],[149.324392,-9.033949],[149.306407,-9.09002],[149.326834,-9.097589],[149.302501,-9.104099],[149.334239,-9.145278],[149.272227,-9.172621],[149.19044,-9.343927],[149.226573,-9.486749],[149.619884,-9.620864],[149.753754,-9.600763],[150.000987,-9.634047],[150.048839,-9.684503],[150.055919,-9.71502],[149.806651,-9.775323],[149.720958,-9.830662],[149.8567,-9.975193],[149.854503,-10.014907],[149.977306,-10.075453],[150.177257,-10.093194],[150.382172,-10.201593],[150.601736,-10.20672],[150.583263,-10.228448],[150.627208,-10.277927],[150.874034,-10.224705],[150.653087,-10.338474],[150.399913,-10.300226],[150.366466,-10.326918],[150.361501,-10.399672],[150.647309,-10.476983],[150.687348,-10.56756],[150.48699,-10.621677],[150.429535,-10.674249],[150.368907,-10.687677],[150.319347,-10.662042],[150.211274,-10.701349],[150.187755,-10.657892],[150.012055,-10.611993],[150.018321,-10.578058],[149.854503,-10.55047],[149.893728,-10.498468],[149.991954,-10.51393],[150.081554,-10.461114],[149.954763,-10.426446],[149.92335,-10.488458],[149.872081,-10.396091],[149.748383,-10.338311],[149.572602,-10.337498],[149.5088,-10.364923],[149.368419,-10.276137],[149.314789,-10.302179],[149.101573,-10.234633],[148.978038,-10.276137],[148.761241,-10.236017],[148.737804,-10.186782],[148.767426,-10.158298],[148.710216,-10.150974],[148.689301,-10.104913],[148.641612,-10.18377],[148.402029,-10.200453],[148.163422,-10.077732],[147.977387,-10.166274],[147.913341,-10.0888],[147.854015,-10.098077],[147.879649,-10.052179],[147.85906,-10.044854],[147.844737,-10.078546],[147.785411,-10.054457],[147.723643,-10.098077],[147.699392,-10.014907],[147.608409,-9.979913],[147.509532,-9.864923],[147.490977,-9.767673],[147.310069,-9.538832],[147.172618,-9.513279],[147.122244,-9.431248],[147.095958,-9.429457],[147.107677,-9.474542],[147.069998,-9.473403],[146.966075,-9.279067],[146.905528,-9.281996],[146.892426,-9.140069],[146.976817,-9.076104],[146.975352,-9.033461],[146.872813,-9.106541],[146.601817,-9.006036],[146.54835,-8.892022],[146.606456,-8.802016],[146.575857,-8.821954],[146.435313,-8.61061],[146.363048,-8.560968],[146.277192,-8.435235],[146.235118,-8.274347],[146.099864,-8.165216],[146.102794,-8.100274],[145.798106,-8.007013],[145.770844,-7.969985],[145.79127,-7.911879],[145.722504,-7.93255],[145.73699,-7.952732],[145.441905,-7.944106],[145.321625,-7.861993],[145.234386,-7.858819],[145.191905,-7.818455],[145.124278,-7.830743],[145.081879,-7.778741],[145.071137,-7.80641],[144.996267,-7.816502],[144.955333,-7.775486],[144.872406,-7.769952],[144.850922,-7.758071],[144.852306,-7.569431],[144.824962,-7.68255],[144.771007,-7.681085],[144.653575,-7.561293],[144.661143,-7.63421],[144.604015,-7.656915],[144.564464,-7.625258],[144.522309,-7.496189],[144.523285,-7.669041],[144.42156,-7.526544],[144.413422,-7.569431],[144.507823,-7.798028],[144.413422,-7.720147],[144.384532,-7.751886],[144.311046,-7.610284],[144.333832,-7.688653],[144.307465,-7.692641],[144.269542,-7.630792],[144.228526,-7.658136],[144.254405,-7.66725],[144.242198,-7.726332],[144.276215,-7.767999],[144.228526,-7.789158],[143.85141,-7.651788],[143.765798,-7.506036],[143.646251,-7.438409],[143.681163,-7.50156],[143.745616,-7.523696],[143.856212,-7.808282],[143.956798,-7.972263],[143.922699,-7.988539],[143.87908,-7.939223],[143.803966,-7.93255],[143.913829,-8.007582],[143.860688,-8.041274],[143.767345,-8.040216],[143.65089,-7.981378],[143.506358,-7.99391],[143.448416,-7.918878],[143.364024,-7.896417],[143.548025,-8.031671],[143.627615,-8.186293],[143.612478,-8.23919],[143.337901,-8.247735],[142.957856,-8.337172],[142.683604,-8.26922],[142.514008,-8.331964],[142.413829,-8.310479],[142.360037,-8.167087],[142.224783,-8.173272],[142.159679,-8.206801],[142.159679,-8.240899],[142.231212,-8.193943],[142.354015,-8.188735],[142.397309,-8.328058],[142.452159,-8.373305],[142.632091,-8.309259],[142.769298,-8.329767],[142.899669,-8.412856],[143.102061,-8.467218],[143.261567,-8.59238],[143.399913,-8.782159],[143.406016,-8.944513],[143.372569,-8.99977],[143.052745,-9.093357],[142.652599,-9.330255],[142.577322,-9.323826],[142.465099,-9.240492],[142.223399,-9.161228],[141.621267,-9.234063],[141.345876,-9.141534],[141.152599,-9.232192],[140.97698,-9.106134],[140.977162,-6.896632],[140.916029,-6.862732],[140.849211,-6.702846],[140.8504,-6.623574],[140.90497,-6.589467],[140.967085,-6.393924],[140.974457,-2.600518]]],[[[153.761567,-11.58587],[153.780935,-11.598891],[153.564464,-11.636326],[153.556895,-11.599867],[153.490245,-11.590753],[153.472992,-11.55047],[153.435557,-11.578383],[153.372813,-11.559015],[153.372813,-11.490899],[153.288097,-11.523126],[153.32252,-11.484308],[153.194591,-11.367852],[153.205577,-11.317071],[153.547862,-11.484633],[153.695649,-11.521254],[153.761567,-11.58587]]],[[[154.281749,-11.34824],[154.302257,-11.385919],[154.268077,-11.420668],[154.219493,-11.396173],[154.163422,-11.417739],[154.144705,-11.392185],[154.096202,-11.429132],[154.017345,-11.387465],[154.021169,-11.344985],[154.143321,-11.368341],[154.095225,-11.328302],[154.178722,-11.310805],[154.281749,-11.34824]]],[[[153.185069,-11.277439],[153.199229,-11.263116],[153.101085,-11.197931],[153.117035,-11.180841],[153.235606,-11.238539],[153.243337,-11.263442],[153.185069,-11.277439]]],[[[152.808279,-10.632501],[152.871837,-10.66546],[152.731212,-10.706801],[152.540782,-10.632501],[152.67335,-10.655369],[152.808279,-10.632501]]],[[[151.074718,-10.605727],[151.031993,-10.671075],[151.007091,-10.642999],[150.954763,-10.635512],[150.933767,-10.672133],[150.914561,-10.652114],[150.934093,-10.599867],[151.074718,-10.605727]]],[[[150.875499,-10.53631],[150.899181,-10.550877],[150.882335,-10.653497],[150.793468,-10.639907],[150.766856,-10.605727],[150.860199,-10.625909],[150.799571,-10.534601],[150.875499,-10.53631]]],[[[151.177013,-9.954685],[151.246349,-9.922296],[151.300629,-9.967706],[151.226817,-10.182061],[150.958018,-10.104913],[150.952322,-10.034112],[150.992524,-9.993829],[150.95045,-9.954685],[150.907237,-9.997328],[150.852224,-9.84881],[150.760509,-9.783298],[150.757579,-9.71559],[151.048106,-9.935154],[151.035411,-9.984552],[151.089692,-10.027927],[151.13502,-10.041925],[151.177013,-9.954685]]],[[[150.800955,-9.652439],[150.433604,-9.63128],[150.513682,-9.54697],[150.457774,-9.48797],[150.43214,-9.36533],[150.505544,-9.33766],[150.656098,-9.431085],[150.759451,-9.399184],[150.79835,-9.425714],[150.885753,-9.515802],[150.863536,-9.574314],[150.930919,-9.652439],[150.841319,-9.713962],[150.848155,-9.653985],[150.800955,-9.652439]]],[[[150.368907,-9.37184],[150.335216,-9.471287],[150.361501,-9.474298],[150.355235,-9.501642],[150.312266,-9.519464],[150.114106,-9.369236],[150.112804,-9.299412],[150.214529,-9.205824],[150.31544,-9.259454],[150.368907,-9.37184]]],[[[152.995469,-9.141299],[152.985923,-9.192577],[152.929447,-9.191946],[152.967416,-9.256546],[152.942356,-9.228055],[152.811554,-9.254673],[152.744234,-9.181268],[152.735896,-9.2604],[152.644216,-9.182558],[152.695546,-9.186317],[152.696815,-9.139514],[152.598097,-9.068639],[152.47162,-9.04513],[152.494734,-9.000178],[152.451666,-8.96527],[152.425949,-8.982342],[152.421424,-9.083721],[152.388623,-8.991155],[152.452304,-8.94499],[152.51787,-8.996409],[152.774954,-9.000954],[152.995469,-9.141299]]],[[[151.112559,-8.76865],[151.144542,-8.816176],[151.045421,-8.732843],[151.119477,-8.579034],[150.999034,-8.518162],[151.061046,-8.42962],[151.129242,-8.419122],[151.112559,-8.76865]]],[[[143.608409,-8.638116],[143.644379,-8.66131],[143.642345,-8.72617],[143.188487,-8.429864],[143.207367,-8.414158],[143.256033,-8.456964],[143.465099,-8.52158],[143.608409,-8.638116]]],[[[143.379405,-8.425958],[143.316661,-8.372247],[143.573741,-8.373712],[143.610606,-8.47503],[143.530121,-8.485528],[143.379405,-8.425958]]],[[[148.049164,-5.606134],[148.077485,-5.65781],[148.067638,-5.74684],[147.998546,-5.847589],[147.969005,-5.786228],[147.867524,-5.746352],[147.769054,-5.611749],[147.767345,-5.521254],[147.781912,-5.495294],[147.858897,-5.496759],[148.049164,-5.606134]]],[[[155.933442,-6.640802],[155.96754,-6.727146],[155.930186,-6.793634],[155.912364,-6.809015],[155.92449,-6.738214],[155.878184,-6.801528],[155.816417,-6.782159],[155.697032,-6.876642],[155.523611,-6.839125],[155.330089,-6.719659],[155.173106,-6.527927],[155.224864,-6.500746],[155.234874,-6.45436],[155.214854,-6.317071],[154.981781,-6.199477],[154.959646,-6.130629],[154.75587,-5.947849],[154.74879,-5.834731],[154.701671,-5.773858],[154.727387,-5.575128],[154.770356,-5.55877],[154.700206,-5.431085],[154.774425,-5.449395],[154.891938,-5.55462],[155.064952,-5.547784],[155.187022,-5.75213],[155.203949,-5.853611],[155.364268,-5.951837],[155.502778,-6.189223],[155.551036,-6.178806],[155.590831,-6.219985],[155.623057,-6.190851],[155.758556,-6.343683],[155.813324,-6.364841],[155.916759,-6.517511],[155.933442,-6.640802]]],[[[148.100352,-5.37656],[148.146495,-5.41961],[148.12086,-5.465265],[148.076345,-5.428643],[148.100352,-5.37656]]],[[[147.606944,-5.287205],[147.647797,-5.321222],[147.600108,-5.362888],[147.562185,-5.318129],[147.606944,-5.287205]]],[[[147.209646,-5.269952],[147.243826,-5.355401],[147.21518,-5.430352],[147.161876,-5.444757],[147.099132,-5.423761],[147.005138,-5.319431],[147.018077,-5.24391],[147.112559,-5.191827],[147.209646,-5.269952]]],[[[154.727387,-5.211358],[154.688731,-5.427341],[154.631847,-5.45908],[154.562185,-5.239679],[154.577647,-5.119561],[154.535655,-5.137465],[154.62436,-5.01336],[154.679047,-5.046563],[154.69337,-5.170505],[154.727387,-5.211358]]],[[[149.121918,-4.883071],[149.180431,-4.879164],[149.156098,-4.924005],[149.121918,-4.883071]]],[[[146.202891,-4.82464],[146.243337,-4.787367],[146.263845,-4.835219],[146.23227,-4.853285],[146.202891,-4.82464]]],[[[149.519298,-4.643487],[149.563813,-4.712823],[149.512462,-4.663344],[149.478282,-4.711684],[149.4546,-4.692478],[149.519298,-4.643487]]],[[[145.996837,-4.534275],[146.048106,-4.585138],[146.055186,-4.659926],[146.028575,-4.721449],[145.93922,-4.760919],[145.879161,-4.702732],[145.880707,-4.649591],[145.955903,-4.538995],[145.996837,-4.534275]]],[[[152.417979,-4.34531],[152.36085,-4.506524],[152.411632,-4.68377],[152.386404,-4.791192],[152.29184,-4.935479],[152.157725,-4.999282],[151.974376,-4.984145],[151.97755,-5.148614],[152.147472,-5.345798],[152.089854,-5.457696],[151.834239,-5.59295],[151.739431,-5.534112],[151.671153,-5.529555],[151.606619,-5.571954],[151.580821,-5.535333],[151.479015,-5.52988],[151.445323,-5.569431],[151.530284,-5.647149],[151.515391,-5.681573],[151.431407,-5.707452],[151.355479,-5.834161],[151.286876,-5.856215],[151.182791,-5.964288],[151.086925,-5.985772],[151.061046,-6.029392],[150.972341,-6.020766],[150.880382,-6.053888],[150.827647,-6.01393],[150.796072,-6.120294],[150.625011,-6.157647],[150.421397,-6.286065],[150.246755,-6.29697],[150.163422,-6.259698],[150.103363,-6.302667],[150.054047,-6.257745],[150.012055,-6.321222],[149.98878,-6.274021],[149.92335,-6.308201],[149.727794,-6.287693],[149.635427,-6.308201],[149.488129,-6.12005],[149.320567,-6.054864],[149.236339,-6.093683],[149.1692,-6.082208],[149.141856,-6.14422],[149.065278,-6.161879],[149.080089,-6.11004],[149.033214,-6.068536],[149.053071,-6.006524],[149.012055,-6.027602],[148.868175,-5.992852],[148.881847,-5.951837],[148.804454,-5.915134],[148.779307,-5.931329],[148.764415,-5.862726],[148.635753,-5.817071],[148.57016,-5.841974],[148.397227,-5.778904],[148.328949,-5.68377],[148.342052,-5.533298],[148.422537,-5.451593],[148.556407,-5.539972],[148.665375,-5.482029],[148.832774,-5.533868],[148.978038,-5.465265],[149.224376,-5.599298],[149.430431,-5.561456],[149.492198,-5.586602],[149.614919,-5.513604],[149.663259,-5.52044],[149.670095,-5.478936],[149.709321,-5.567478],[149.792817,-5.521417],[149.911469,-5.515069],[149.980235,-5.438084],[149.92335,-5.339288],[150.026378,-5.22503],[150.034923,-5.034356],[150.112559,-5.007745],[150.199474,-5.070571],[150.075369,-5.159112],[150.084158,-5.250909],[150.032074,-5.29518],[150.161306,-5.546645],[150.306895,-5.561456],[150.411876,-5.463149],[150.474132,-5.447931],[150.59254,-5.486993],[150.633962,-5.556736],[150.70338,-5.539972],[150.763927,-5.456476],[150.809581,-5.443292],[150.905935,-5.490004],[151.022227,-5.390313],[151.033376,-5.258884],[151.082856,-5.163832],[151.261974,-4.988946],[151.357921,-4.946547],[151.368907,-4.903497],[151.473399,-4.940199],[151.534028,-4.916599],[151.612478,-4.96559],[151.678966,-4.90016],[151.695649,-4.81878],[151.657481,-4.608087],[151.609141,-4.451755],[151.518565,-4.310642],[151.507335,-4.229181],[151.540294,-4.17669],[151.804535,-4.21087],[151.852875,-4.230645],[151.882091,-4.305108],[151.964692,-4.331231],[152.030284,-4.276625],[152.008637,-4.191664],[152.126231,-4.20436],[152.185069,-4.142511],[152.245779,-4.235121],[152.172048,-4.22031],[152.177908,-4.296808],[152.417979,-4.34531]]],[[[145.078868,-4.047052],[145.10613,-4.101007],[145.054698,-4.128839],[145.023692,-4.070489],[145.078868,-4.047052]]],[[[153.191742,-3.470961],[153.221934,-3.448175],[153.260102,-3.498956],[153.191742,-3.470961]]],[[[153.301606,-3.368585],[153.343272,-3.416274],[153.267589,-3.403253],[153.301606,-3.368585]]],[[[154.641971,-3.262332],[154.737858,-3.44185],[154.613479,-3.24101],[154.55318,-3.206315],[154.627763,-3.226888],[154.641971,-3.262332]]],[[[152.650645,-3.114679],[152.671153,-3.128351],[152.643809,-3.224542],[152.544243,-3.130871],[152.531557,-3.075272],[152.574661,-3.040101],[152.650645,-3.046482],[152.650645,-3.114679]]],[[[150.992198,-2.957696],[151.012869,-2.958591],[150.992198,-2.984308],[150.856944,-2.959568],[150.776703,-2.984308],[150.882335,-2.903009],[150.992198,-2.957696]]],[[[152.071544,-2.916681],[152.078871,-2.956761],[152.025356,-2.996072],[151.958507,-2.875177],[151.971934,-2.847833],[152.071544,-2.916681]]],[[[152.013194,-2.806817],[151.927562,-2.851772],[151.913038,-2.705389],[152.005056,-2.74212],[152.013194,-2.806817]]],[[[151.982432,-2.662774],[151.960297,-2.626723],[151.999522,-2.594496],[152.037364,-2.642348],[151.982432,-2.662774]]],[[[153.137218,-4.269464],[153.137218,-4.375909],[153.041026,-4.485772],[153.075206,-4.601821],[152.897716,-4.848321],[152.732595,-4.649591],[152.700531,-4.561212],[152.67213,-4.465265],[152.703868,-4.289972],[152.687836,-4.163832],[152.523204,-3.863865],[152.359874,-3.694106],[152.288585,-3.569757],[152.171072,-3.490167],[151.945486,-3.444268],[151.809093,-3.361098],[151.612478,-3.166192],[151.473888,-3.117608],[151.430431,-3.053318],[151.007579,-2.790948],[150.759776,-2.768813],[150.747325,-2.71795],[150.892426,-2.697524],[150.869884,-2.63714],[150.793468,-2.615004],[150.813975,-2.573989],[151.170421,-2.785089],[151.216319,-2.869236],[151.437348,-2.908868],[151.780447,-3.135837],[151.798595,-3.17783],[152.052501,-3.246677],[152.186778,-3.431573],[152.358897,-3.537693],[152.417247,-3.644952],[152.444672,-3.669122],[152.492931,-3.642836],[152.585297,-3.824884],[152.755219,-3.896173],[152.812266,-3.874282],[152.871104,-3.990899],[152.946056,-3.985528],[152.958995,-4.040704],[153.137218,-4.269464]]],[[[150.465099,-2.532485],[150.451345,-2.65838],[150.177257,-2.676446],[150.04713,-2.51629],[149.957774,-2.477634],[150.19337,-2.377048],[150.423595,-2.467218],[150.465099,-2.532485]]],[[[147.826671,-2.237563],[147.863617,-2.278253],[147.858165,-2.324477],[147.816417,-2.347426],[147.730479,-2.32643],[147.78712,-2.3117],[147.826671,-2.237563]]],[[[147.432791,-1.983819],[147.431163,-2.060805],[147.333181,-2.06699],[147.327159,-2.045505],[147.20574,-2.18613],[147.139496,-2.165297],[146.954926,-2.194757],[146.802501,-2.169366],[146.702403,-2.114353],[146.727712,-2.17669],[146.64796,-2.169366],[146.586599,-2.224379],[146.538097,-2.203546],[146.520193,-2.149591],[146.620616,-2.093683],[146.580577,-1.995212],[146.626801,-2.011651],[146.657888,-1.963311],[147.110037,-1.963311],[147.147634,-2.004978],[147.171072,-1.980401],[147.422618,-2.045831],[147.386974,-1.968927],[147.432791,-1.983819]]],[[[149.735037,-1.473565],[149.792979,-1.580336],[149.729503,-1.590509],[149.701996,-1.560724],[149.68336,-1.581313],[149.546886,-1.482192],[149.539806,-1.42547],[149.572276,-1.358575],[149.618663,-1.353774],[149.710948,-1.415134],[149.735037,-1.473565]]],[[[154.192149,-4.464614],[154.25408,-4.526544],[154.23227,-4.580662],[154.185313,-4.546075],[154.185313,-4.519952],[154.21697,-4.567966],[154.241954,-4.527927],[154.192149,-4.464614]]],[[[154.151378,-4.438084],[154.134532,-4.377211],[154.151215,-4.378839],[154.151378,-4.438084]]],[[[152.486583,-4.136326],[152.492686,-4.21087],[152.431326,-4.163018],[152.486583,-4.136326]]],[[[153.664806,-4.040704],[153.670584,-4.090265],[153.629649,-4.129978],[153.59197,-4.083591],[153.643809,-4.022556],[153.664806,-4.040704]]],[[[153.719249,-3.9992],[153.747081,-4.014907],[153.732921,-4.040704],[153.678884,-4.026462],[153.719249,-3.9992]]],[[[152.094493,-10.402032],[152.099132,-10.390883],[152.110118,-10.39129],[152.094493,-10.402032]]],[[[151.86964,-10.344822],[151.868419,-10.337823],[151.877452,-10.334161],[151.86964,-10.344822]]],[[[151.852712,-10.259535],[151.862315,-10.250258],[151.856619,-10.264907],[151.852712,-10.259535]]],[[[144.600271,-3.49977],[144.618663,-3.508722],[144.599864,-3.518162],[144.600271,-3.49977]]],[[[144.061569,-3.215308],[144.095799,-3.188539],[144.115155,-3.247935],[144.061569,-3.215308]]],[[[142.818126,-1.733331],[142.833507,-1.697035],[142.865489,-1.703302],[142.818126,-1.733331]]],[[[151.024669,-9.63893],[151.031261,-9.660821],[150.959809,-9.59238],[151.011729,-9.585056],[151.024669,-9.63893]]],[[[143.815929,-8.495375],[143.813487,-8.530857],[143.782563,-8.527602],[143.815929,-8.495375]]],[[[143.674327,-8.390558],[143.667735,-8.427992],[143.540863,-8.35003],[143.63795,-8.34059],[143.674327,-8.390558]]],[[[143.662934,-8.109308],[143.688243,-8.153578],[143.666677,-8.167413],[143.599376,-8.110772],[143.662934,-8.109308]]],[[[143.675629,-8.053806],[143.697602,-8.090916],[143.607107,-8.08172],[143.56422,-8.029962],[143.675629,-8.053806]]],[[[151.188487,-4.891534],[151.223318,-4.91839],[151.206798,-4.947524],[151.119477,-4.925714],[151.188487,-4.891534]]],[[[143.585216,-3.378676],[143.507172,-3.347589],[143.51588,-3.320408],[143.593923,-3.348728],[143.585216,-3.378676]]],[[[150.004242,-1.672621],[149.91212,-1.664158],[149.956309,-1.633477],[150.004242,-1.672621]]]]}},{"type":"Feature","properties":{"iso3":"AUS","name":"Australia","continent":"Oceania"},"geometry":{"type":"MultiPolygon","coordinates":[[[[131.535899,-31.605564],[131.177501,-31.477634],[130.833751,-31.601739],[129.221365,-31.654392],[127.288748,-32.27337],[126.007579,-32.27337],[124.833991,-32.867698],[124.201182,-33.038018],[123.961111,-33.547133],[123.526622,-33.938653],[123.383311,-33.890883],[123.154633,-34.009454],[123.023123,-33.86061],[122.560313,-33.959161],[122.312266,-33.9249],[122.257823,-34.022068],[122.094737,-34.019138],[122.015636,-33.825372],[121.812999,-33.895115],[121.333751,-33.815199],[120.572276,-33.891534],[120.422699,-33.969903],[120.002208,-33.926039],[119.640636,-34.085219],[119.474946,-34.285903],[119.535004,-34.371515],[119.408458,-34.37005],[119.364024,-34.49505],[118.845958,-34.452569],[118.882009,-34.490655],[118.705903,-34.647719],[118.442638,-34.740004],[118.398448,-34.900974],[118.202403,-34.939223],[118.20102,-35.002374],[117.849294,-35.025567],[117.951996,-35.089532],[117.890473,-35.117364],[117.684337,-35.046319],[117.61964,-35.137872],[117.340587,-35.017836],[116.465099,-35.000665],[116.387543,-34.857517],[116.37615,-34.917413],[116.019786,-34.82936],[115.489268,-34.382094],[115.262869,-34.298517],[115.137543,-34.349867],[115.017833,-34.26214],[114.974457,-34.091892],[114.990001,-33.541925],[115.323741,-33.643813],[115.677094,-33.308038],[115.600922,-32.661716],[115.675792,-32.534926],[115.714122,-32.78045],[115.721528,-31.772638],[115.060802,-30.522393],[114.94752,-30.066827],[114.97934,-29.523207],[114.842459,-29.108575],[114.614513,-28.857517],[114.531098,-28.522393],[114.166026,-28.106703],[114.097179,-27.819431],[114.142345,-27.709161],[114.012543,-27.315362],[113.176286,-26.177308],[113.275971,-26.234857],[113.291314,-26.024567],[113.36201,-26.357447],[113.356698,-26.042086],[113.396642,-26.17658],[113.451631,-26.159384],[113.492788,-26.434715],[113.51384,-26.295082],[113.671084,-26.635582],[113.886567,-26.492838],[113.884773,-26.342673],[113.684138,-26.221604],[113.420781,-25.728215],[113.489869,-25.545269],[113.756951,-25.885217],[113.728004,-26.197035],[113.795386,-26.206715],[113.862315,-25.988946],[114.069083,-26.43656],[114.234371,-26.316584],[114.191742,-26.004002],[114.263194,-25.862237],[113.677908,-25.081638],[113.618663,-24.77044],[113.400238,-24.45794],[113.385265,-24.249119],[113.526378,-23.764744],[113.756847,-23.479099],[113.807384,-22.930597],[113.658946,-22.727797],[113.660818,-22.553399],[113.947032,-21.952569],[114.067149,-21.819024],[114.176036,-21.822198],[114.077485,-22.17547],[114.163829,-22.355564],[114.11085,-22.477716],[114.356944,-22.486017],[114.496104,-22.016046],[114.550304,-22.041925],[114.637706,-21.857354],[115.4546,-21.513767],[115.936697,-21.059015],[116.174083,-20.943048],[116.189301,-20.858819],[116.451508,-20.814711],[116.824474,-20.52809],[116.835948,-20.704278],[117.160167,-20.596368],[117.35377,-20.727716],[117.689952,-20.668145],[118.13559,-20.362074],[118.805675,-20.28102],[119.09547,-19.966729],[119.589854,-20.065851],[119.734386,-19.96266],[120.3685,-19.86712],[121.128266,-19.520685],[121.519379,-19.069594],[121.649669,-18.776788],[121.613292,-18.712498],[121.769054,-18.657403],[121.796641,-18.486912],[122.363048,-18.087986],[122.313731,-17.971449],[122.197113,-17.998793],[122.172048,-17.261163],[122.412771,-16.972752],[122.594981,-16.970961],[122.526134,-16.861749],[122.601248,-16.772231],[122.820974,-16.779718],[122.7588,-16.604425],[122.902843,-16.450616],[123.006602,-16.374444],[122.959809,-16.580336],[123.132172,-16.686293],[123.143565,-16.892348],[123.566905,-17.576349],[123.594981,-16.985121],[123.90268,-17.21852],[123.794607,-17.000095],[123.854015,-17.018487],[123.953298,-16.828546],[123.768077,-16.878513],[123.716807,-16.75742],[123.509939,-16.653904],[123.595063,-16.574884],[123.458507,-16.525974],[123.465831,-16.4638],[123.643321,-16.525974],[123.538748,-16.426446],[123.711681,-16.429783],[123.698253,-16.330011],[123.547374,-16.27752],[123.581309,-16.16961],[123.785818,-16.180434],[123.853282,-16.415948],[123.98463,-16.384698],[123.942393,-16.252862],[123.996267,-16.244806],[124.300629,-16.402439],[124.903982,-16.402439],[124.394786,-16.299249],[124.430919,-16.070001],[124.510916,-16.158298],[124.569672,-16.109959],[124.609711,-15.898696],[124.708751,-15.820733],[124.631684,-15.794203],[124.515147,-15.970147],[124.45045,-15.843194],[124.404307,-15.87477],[124.403331,-15.559259],[124.472911,-15.468683],[124.66863,-15.478448],[124.708751,-15.250421],[124.976248,-15.469171],[125.15797,-15.505141],[125.07252,-15.418878],[125.144298,-15.319268],[124.897146,-15.299412],[125.055431,-15.162286],[124.887218,-15.239679],[124.84197,-15.141209],[125.013031,-15.084649],[125.000173,-14.970392],[125.165294,-15.162286],[125.165294,-15.011407],[125.419932,-15.149347],[125.366466,-15.051446],[125.430837,-15.019708],[125.22169,-14.951918],[125.29477,-14.914727],[125.141368,-14.759861],[125.341075,-14.503106],[125.437999,-14.631931],[125.501313,-14.486261],[125.589203,-14.545343],[125.635265,-14.231541],[125.718435,-14.324314],[125.658051,-14.333103],[125.636974,-14.598077],[125.712738,-14.425877],[125.822113,-14.461196],[125.889659,-14.626886],[125.920095,-14.525974],[126.026703,-14.519952],[126.010997,-14.36712],[126.141856,-14.158461],[125.974946,-14.030938],[126.096365,-14.025079],[126.074474,-13.899102],[126.151622,-13.969903],[126.110606,-14.017755],[126.22047,-13.956231],[126.180349,-14.133233],[126.295584,-14.230076],[126.315929,-14.086847],[126.516938,-13.937433],[126.569184,-13.94199],[126.453298,-14.077569],[126.62086,-14.169203],[126.651866,-14.066095],[126.733735,-14.072931],[126.700043,-13.993829],[126.85727,-13.949395],[126.755544,-13.804946],[126.952891,-13.723565],[127.107432,-13.952813],[127.165212,-13.880548],[127.418468,-13.94199],[127.823578,-14.425877],[128.208669,-14.700779],[128.014903,-15.487481],[128.101329,-15.424574],[128.125173,-15.182061],[128.280284,-15.383559],[128.195811,-15.056817],[128.295177,-14.924981],[128.450206,-15.042657],[128.388438,-14.803399],[128.55421,-14.758722],[129.102306,-14.905369],[129.18393,-14.981866],[129.152599,-15.223728],[129.243663,-15.113377],[129.222992,-14.867771],[129.324392,-14.862074],[129.476573,-14.93377],[129.587576,-15.15309],[129.727061,-15.193617],[129.629893,-15.019464],[129.645518,-14.84059],[129.982432,-14.805922],[129.993337,-14.72503],[129.798595,-14.816827],[129.669932,-14.753106],[129.590099,-14.627374],[129.77768,-14.543634],[129.566661,-14.55462],[129.367361,-14.418634],[129.372895,-14.329278],[129.483246,-14.060235],[129.585216,-14.092869],[129.735606,-13.991795],[129.875336,-13.467055],[129.968923,-13.53045],[130.316661,-13.343357],[130.160492,-13.171482],[130.129893,-12.940525],[130.335134,-12.885431],[130.347423,-12.712823],[130.506847,-12.596449],[130.657481,-12.708103],[130.571544,-12.636651],[130.57838,-12.400811],[130.766124,-12.424737],[130.784434,-12.564874],[130.930512,-12.603285],[130.923595,-12.483331],[130.824718,-12.447931],[130.893565,-12.344903],[131.025157,-12.360528],[131.010916,-12.15602],[131.23227,-12.238539],[131.287364,-12.047296],[131.42628,-12.281183],[131.885509,-12.217055],[132.057872,-12.306736],[132.236176,-12.160577],[132.371837,-12.206964],[132.387543,-12.380304],[132.439626,-12.15488],[132.757579,-12.133396],[132.626964,-12.004327],[132.599864,-11.792087],[132.666759,-11.674249],[132.511567,-11.506606],[132.369884,-11.434991],[132.084727,-11.517999],[131.976085,-11.351251],[131.76588,-11.307224],[131.819102,-11.201593],[131.882498,-11.17197],[131.936046,-11.246759],[132.014334,-11.139581],[132.203868,-11.410333],[132.161306,-11.123712],[132.255219,-11.240411],[132.332367,-11.153253],[132.37794,-11.283136],[132.474946,-11.234145],[132.715994,-11.51629],[132.922048,-11.344985],[133.185069,-11.717055],[133.34669,-11.688246],[133.365082,-11.76336],[133.543224,-11.767348],[133.533946,-11.834161],[133.901622,-11.738865],[133.834158,-11.831476],[133.943126,-11.91367],[134.040375,-11.841567],[134.087087,-11.927911],[134.132172,-11.886407],[134.189464,-12.040785],[134.266287,-11.975763],[134.522227,-12.064386],[134.747569,-11.9485],[134.880626,-12.133884],[135.237804,-12.291599],[135.18889,-12.251444],[135.349294,-12.236017],[135.241498,-12.206796],[135.324728,-12.11087],[135.711997,-12.018483],[135.592947,-12.055597],[135.570717,-11.994575],[135.809825,-11.889907],[135.878184,-11.75628],[135.936778,-11.777032],[135.903417,-11.849899],[135.746918,-11.982843],[135.897227,-11.962579],[135.652138,-12.203286],[135.731944,-12.311456],[136.028575,-12.082208],[135.953868,-12.184747],[135.957367,-12.257501],[136.060232,-12.232192],[135.990245,-12.353692],[136.033946,-12.465916],[136.252696,-12.441095],[136.363943,-12.256443],[136.177013,-12.170831],[136.572215,-11.896443],[136.469447,-11.966811],[136.690603,-12.28281],[136.760916,-12.164483],[136.983653,-12.345473],[136.793987,-12.516123],[136.805512,-12.456476],[136.740245,-12.475763],[136.62322,-12.807061],[136.479259,-12.766697],[136.657494,-12.995739],[136.496755,-12.975193],[136.567231,-13.058201],[136.478038,-13.227634],[136.335078,-13.259059],[136.388194,-13.225763],[136.343553,-13.046855],[136.158618,-13.262878],[136.156505,-13.146905],[136.059093,-13.292657],[135.977545,-13.231961],[135.907169,-13.302557],[135.883429,-13.367306],[135.969435,-13.425652],[135.880528,-13.430094],[135.844837,-13.600186],[135.936778,-13.750177],[136.03297,-13.675063],[135.909434,-14.195245],[135.759125,-14.265395],[135.47934,-14.670831],[135.378266,-14.712335],[135.447765,-14.916274],[136.22462,-15.408624],[136.267914,-15.545017],[136.658214,-15.787774],[136.751964,-15.928481],[136.925548,-15.934666],[136.991873,-15.86419],[137.361176,-16.122166],[137.730235,-16.243829],[138.153494,-16.676853],[139.037283,-16.915623],[139.274181,-17.348321],[139.999522,-17.70615],[140.523204,-17.630304],[140.833263,-17.450779],[140.947032,-17.018324],[141.283702,-16.518731],[141.424815,-16.08172],[141.378754,-15.937921],[141.439708,-15.648858],[141.658946,-15.093927],[141.526134,-14.503676],[141.604259,-14.161065],[141.474132,-13.7763],[141.673106,-13.346124],[141.605479,-12.943455],[141.809744,-12.667657],[141.938731,-12.908461],[141.91391,-12.770603],[141.989024,-12.730239],[141.831798,-12.65781],[141.974132,-12.585138],[141.78297,-12.571466],[141.693614,-12.503188],[141.75115,-12.461114],[141.621837,-12.562107],[141.708263,-12.248305],[141.770763,-12.243259],[141.871349,-11.966241],[141.916352,-12.066095],[142.021983,-12.071873],[141.944184,-11.944106],[142.174571,-10.930108],[142.340343,-10.890232],[142.463227,-10.711196],[142.600841,-10.734959],[142.50172,-10.947849],[142.590831,-10.864923],[142.789806,-11.084893],[142.86964,-11.39129],[142.857921,-11.82171],[142.974294,-11.925226],[143.228038,-11.954848],[143.077159,-12.32879],[143.25294,-12.38893],[143.310395,-12.550958],[143.43393,-12.613051],[143.364268,-12.861749],[143.543793,-12.832778],[143.50294,-13.075128],[143.594412,-13.427179],[143.530121,-13.750177],[143.782725,-14.402276],[143.941173,-14.511163],[144.161632,-14.373142],[144.185395,-14.262628],[144.268077,-14.303643],[144.514903,-14.172784],[144.677582,-14.555841],[144.885997,-14.609633],[145.013845,-14.784112],[145.345714,-14.94256],[145.23585,-15.165948],[145.310069,-15.25449],[145.248057,-15.40602],[145.355805,-15.903416],[145.462413,-16.060479],[145.409028,-16.465427],[145.671235,-16.734796],[145.772472,-16.964776],[145.955089,-16.873142],[145.888031,-17.074802],[146.144298,-17.613946],[146.010509,-18.198989],[146.213715,-18.49212],[146.339366,-18.527032],[146.278087,-18.828709],[146.333263,-18.95908],[146.875011,-19.288344],[147.022309,-19.197686],[147.133962,-19.410821],[147.421397,-19.412774],[147.398774,-19.312758],[147.684255,-19.828058],[147.785004,-19.835382],[147.750824,-19.691502],[147.823904,-19.714288],[147.949474,-19.90781],[148.072439,-19.877048],[148.253917,-19.963474],[148.41627,-20.202244],[148.437511,-20.090753],[148.542817,-20.065362],[148.68214,-20.263442],[148.803884,-20.266697],[148.937022,-20.534926],[148.724132,-20.445571],[148.689301,-20.61004],[148.832042,-20.76393],[148.83253,-20.884861],[149.025727,-20.898045],[149.231212,-21.089776],[149.286469,-21.483331],[149.469005,-21.53753],[149.445079,-21.810642],[149.673839,-22.474216],[149.812755,-22.378106],[150.046723,-22.645278],[149.923513,-22.298272],[150.053559,-22.141534],[150.194021,-22.378676],[150.609141,-22.610528],[150.543712,-22.366957],[150.677501,-22.358005],[150.739919,-22.452244],[150.671641,-22.520603],[150.722667,-22.623793],[150.763682,-22.534763],[150.823253,-22.733575],[150.741466,-22.929132],[150.875824,-23.475844],[150.813975,-23.502537],[151.102715,-23.65327],[151.540294,-24.08408],[151.691661,-24.098321],[151.62143,-24.006036],[151.677989,-23.981622],[151.886974,-24.159845],[152.123057,-24.591729],[152.469737,-24.805597],[152.632335,-25.142755],[152.585297,-25.16839],[152.913829,-25.287693],[152.908376,-25.698907],[153.02003,-25.937433],[153.06422,-25.852797],[153.180675,-25.944757],[153.075206,-26.335056],[153.206228,-27.046075],[153.038259,-27.193455],[153.409841,-27.781915],[153.449474,-28.073175],[153.581228,-28.246759],[153.620942,-28.644464],[153.582286,-28.896091],[153.340343,-29.322686],[153.271495,-29.901625],[153.02307,-30.575506],[153.059501,-31.07721],[152.934502,-31.482811],[152.546373,-32.043679],[152.52156,-32.427494],[152.235862,-32.606999],[152.219249,-32.697198],[152.060883,-32.697931],[152.185069,-32.766778],[151.799237,-32.89368],[151.530686,-33.319119],[151.51611,-33.261109],[151.453795,-33.304199],[151.504995,-33.343743],[151.414317,-33.532892],[151.255544,-33.546808],[151.291502,-33.636533],[151.325472,-33.592058],[151.281423,-33.952325],[151.106293,-34.000909],[151.221446,-34.024998],[150.968953,-34.262675],[150.918868,-34.486404],[150.805837,-34.557224],[150.897227,-34.60117],[150.753429,-34.858087],[150.844737,-35.077244],[150.731456,-35.017267],[150.677501,-35.075779],[150.759451,-35.178888],[150.585948,-35.196222],[150.306895,-35.700291],[150.190929,-35.726821],[150.238617,-35.833103],[150.106781,-36.048598],[150.140391,-36.309747],[149.909679,-36.905532],[149.89031,-37.08408],[150.053559,-37.268731],[149.951345,-37.299737],[149.972097,-37.510268],[149.718435,-37.515802],[149.761485,-37.566339],[149.678477,-37.691013],[149.272227,-37.8235],[148.306407,-37.823419],[147.757579,-37.985121],[146.847667,-38.684991],[146.182384,-38.755955],[146.302908,-38.911879],[146.468516,-38.840265],[146.483409,-39.06463],[146.410655,-39.143162],[146.181651,-38.868341],[146.017345,-38.831638],[145.938975,-38.908787],[145.777354,-38.640883],[145.570811,-38.661716],[145.391612,-38.542739],[145.531586,-38.399021],[145.464366,-38.234552],[145.271739,-38.233168],[145.223806,-38.386],[144.955333,-38.498793],[144.676768,-38.333185],[144.952891,-38.347914],[145.119314,-38.159356],[144.934825,-37.867934],[144.362559,-38.14658],[144.704763,-38.146091],[144.652843,-38.285821],[144.422374,-38.29339],[143.573253,-38.84295],[143.241547,-38.762791],[142.502452,-38.374444],[142.175466,-38.398696],[141.761974,-38.261814],[141.564626,-38.43141],[141.37086,-38.386489],[141.374766,-38.291192],[141.134288,-38.127618],[140.713552,-38.070571],[140.416515,-37.927667],[140.131684,-37.537367],[139.794932,-37.268731],[139.686209,-36.976495],[139.842133,-36.84588],[139.857107,-36.634942],[139.729015,-36.372328],[139.567393,-36.075291],[138.917817,-35.576755],[139.44752,-35.927341],[139.665212,-36.227797],[139.475434,-35.896417],[139.053396,-35.611993],[139.113455,-35.511163],[139.184825,-35.528253],[139.297618,-35.700616],[139.360362,-35.607843],[139.236176,-35.524591],[139.350434,-35.492934],[139.364268,-35.38893],[139.223155,-35.31878],[138.9817,-35.400079],[139.014008,-35.486749],[138.803722,-35.475763],[138.999766,-35.538751],[138.74586,-35.538751],[138.437022,-35.65781],[138.107432,-35.620701],[138.444509,-35.322035],[138.493907,-34.791599],[138.548025,-34.801446],[138.100271,-34.144138],[137.930919,-34.414809],[137.718761,-35.144708],[137.444184,-35.116388],[137.1692,-35.242283],[136.855968,-35.271091],[137.014171,-34.917901],[137.417735,-34.945489],[137.512706,-34.617771],[137.431163,-34.46502],[137.453868,-34.163995],[137.937492,-33.52784],[137.830089,-33.226007],[138.041189,-33.089288],[137.938487,-32.752618],[137.783214,-32.545831],[137.78712,-32.901137],[137.452159,-33.140069],[137.201427,-33.671157],[136.965343,-33.684503],[136.899425,-33.790948],[136.607432,-33.902927],[136.138031,-34.35475],[136.10141,-34.534845],[136.069347,-34.481866],[135.936778,-34.534601],[135.943614,-34.637465],[135.79949,-34.805271],[135.991384,-34.740004],[135.977306,-34.997003],[135.741466,-34.861017],[135.632579,-34.952895],[135.287852,-34.592462],[135.121349,-34.604425],[135.196056,-34.445082],[135.351573,-34.614679],[135.497895,-34.623956],[135.395518,-34.576104],[135.189789,-33.892999],[134.849864,-33.63836],[134.865245,-33.49977],[134.686046,-33.250095],[134.706228,-33.172947],[134.607758,-33.14365],[134.628266,-33.246677],[134.47755,-33.157322],[134.333507,-33.205011],[134.170665,-33.043145],[134.190684,-32.946466],[134.08253,-32.935968],[134.132823,-32.835626],[134.069591,-32.733087],[134.193207,-32.721368],[134.195486,-32.782973],[134.283539,-32.702244],[134.148285,-32.456964],[133.901215,-32.543064],[133.859141,-32.45908],[133.946625,-32.40838],[133.671235,-32.11004],[133.244884,-32.201104],[132.798025,-31.956313],[132.58725,-31.934747],[132.462738,-31.964939],[132.483165,-32.026462],[132.233735,-32.032973],[131.535899,-31.605564]]],[[[128.158865,-15.090265],[128.186778,-15.190199],[128.12379,-15.048598],[128.158865,-15.090265]]],[[[128.416189,-14.956231],[128.441254,-15.01629],[128.348399,-14.882989],[128.416189,-14.956231]]],[[[129.632498,-14.846938],[129.626638,-14.875258],[129.581309,-14.80877],[129.632498,-14.846938]]],[[[129.533458,-14.798517],[129.591482,-14.963637],[129.504649,-14.802911],[129.533458,-14.798517]]],[[[126.500987,-13.873712],[126.61085,-13.89422],[126.52589,-13.903741],[126.500987,-13.873712]]],[[[134.885265,-12.05755],[134.932872,-12.087335],[134.888357,-12.112237],[134.885265,-12.05755]]],[[[134.965256,-12.026465],[134.985986,-12.04145],[134.920789,-12.040263],[134.965256,-12.026465]]],[[[135.121962,-11.929696],[135.057697,-11.953185],[135.053888,-11.919437],[135.121962,-11.929696]]],[[[133.408702,-11.592055],[133.475434,-11.587172],[133.385753,-11.666192],[133.408702,-11.592055]]],[[[133.476899,-11.454848],[133.510997,-11.503188],[133.402599,-11.532647],[133.476899,-11.454848]]],[[[147.998546,-43.230401],[147.882823,-43.131524],[147.821462,-43.214288],[147.700206,-43.162774],[147.733897,-43.118259],[147.627208,-43.042739],[147.678233,-42.939223],[147.875499,-43.040948],[147.831554,-42.931899],[147.533539,-42.836602],[147.559093,-42.977227],[147.454356,-43.038263],[147.403494,-43.010431],[147.477306,-42.908868],[147.299083,-42.788751],[147.359141,-42.910821],[147.333181,-43.042657],[147.271739,-43.011326],[147.257579,-43.254327],[147.15447,-43.264581],[146.972911,-43.131117],[147.099783,-43.299412],[146.996755,-43.316583],[147.055186,-43.348891],[146.921641,-43.42962],[147.00115,-43.455662],[146.855724,-43.639581],[146.710704,-43.629002],[146.582042,-43.494724],[146.024181,-43.552504],[145.943858,-43.386407],[146.237804,-43.384373],[146.233897,-43.333673],[146.04363,-43.325942],[145.917166,-43.195896],[145.860037,-43.30462],[145.688243,-43.049737],[145.472423,-42.915134],[145.247244,-42.504327],[145.188731,-42.195733],[145.42449,-42.370701],[145.463145,-42.502537],[145.535004,-42.377211],[145.346039,-42.182224],[145.27003,-42.223728],[145.206554,-41.966567],[144.776703,-41.438653],[144.605805,-40.996515],[144.703787,-40.871352],[144.721365,-40.640313],[145.075369,-40.807061],[145.263927,-40.752862],[145.79127,-41.017022],[146.35377,-41.167901],[146.572113,-41.17669],[146.730642,-41.068536],[146.916515,-41.157647],[146.819347,-41.075372],[146.881521,-41.026137],[147.285981,-40.941339],[147.444835,-41.008396],[147.650564,-40.828546],[147.849457,-40.888767],[147.969249,-40.743748],[148.287364,-40.923028],[148.271983,-41.308282],[148.333263,-41.292169],[148.260997,-41.800388],[148.364268,-42.20436],[148.264659,-42.250258],[148.320079,-42.119399],[148.162446,-42.059177],[148.242442,-41.990899],[148.202403,-41.948419],[148.15504,-42.045587],[148.217052,-42.093357],[148.119395,-42.091404],[147.983409,-42.319024],[148.011078,-42.489435],[147.915294,-42.517267],[147.955333,-42.691664],[147.850597,-42.851821],[148.004731,-42.908868],[147.949555,-43.072849],[147.998546,-43.230401]]],[[[158.893403,-54.510837],[158.948497,-54.486017],[158.955577,-54.551202],[158.880544,-54.745701],[158.893403,-54.510837]]],[[[147.336599,-43.340265],[147.315929,-43.500665],[147.094086,-43.439874],[147.161632,-43.454034],[147.304454,-43.261814],[147.336599,-43.340265]]],[[[147.40211,-43.131117],[147.437511,-43.238946],[147.379242,-43.247817],[147.344574,-43.082208],[147.40211,-43.131117]]],[[[148.141856,-42.603774],[148.176036,-42.648207],[148.043468,-42.729181],[148.024587,-42.613458],[148.141856,-42.603774]]],[[[148.299001,-42.305597],[148.340587,-42.354099],[148.242686,-42.318129],[148.299001,-42.305597]]],[[[145.013682,-40.668227],[145.058116,-40.696466],[144.876475,-40.719985],[144.917491,-40.623224],[145.013682,-40.668227]]],[[[148.114024,-40.524184],[148.25115,-40.489435],[148.194184,-40.596287],[148.114024,-40.524184]]],[[[144.790863,-40.421157],[144.764659,-40.584568],[144.72877,-40.513604],[144.790863,-40.421157]]],[[[144.900727,-40.469496],[144.846934,-40.441502],[144.941091,-40.386407],[144.900727,-40.469496]]],[[[148.429942,-40.373305],[148.468028,-40.415297],[148.370942,-40.484308],[148.082042,-40.454278],[148.013031,-40.378106],[148.319591,-40.307387],[148.429942,-40.373305]]],[[[148.014903,-40.150567],[147.888682,-39.917576],[147.75766,-39.879327],[147.953298,-39.711684],[148.299001,-39.961847],[148.240001,-40.107029],[148.333751,-40.174737],[148.146658,-40.264907],[148.014903,-40.150567]]],[[[144.105479,-39.892999],[144.112478,-40.030857],[143.88087,-40.09238],[143.854259,-39.761326],[143.944591,-39.578871],[144.112478,-39.677911],[144.105479,-39.892999]]],[[[146.626801,-38.755955],[146.53891,-38.797052],[146.471365,-38.747247],[146.626801,-38.755955]]],[[[145.335216,-38.509454],[145.361339,-38.561782],[145.112966,-38.530532],[145.202403,-38.461114],[145.335216,-38.509454]]],[[[145.441905,-38.316502],[145.494395,-38.365167],[145.282481,-38.390558],[145.297862,-38.324477],[145.441905,-38.316502]]],[[[138.129649,-35.816339],[138.059825,-35.909763],[137.821788,-35.864028],[137.613292,-35.924249],[137.602306,-36.025811],[137.493175,-36.070408],[137.227875,-35.97975],[136.728526,-36.060805],[136.532563,-35.911879],[136.59783,-35.757501],[137.335134,-35.58294],[137.622895,-35.582127],[137.580821,-35.726821],[137.794444,-35.804783],[137.935557,-35.726495],[138.129649,-35.816339]]],[[[136.447276,-35.148126],[136.498546,-35.172052],[136.44752,-35.169366],[136.447276,-35.148126]]],[[[136.173595,-35.011326],[136.206554,-35.061212],[136.099294,-34.968194],[136.173595,-35.011326]]],[[[137.369151,-34.472426],[137.367198,-34.524102],[137.336192,-34.515313],[137.369151,-34.472426]]],[[[134.546397,-33.712172],[134.479015,-33.783624],[134.499278,-33.705336],[134.546397,-33.712172]]],[[[133.565684,-32.321222],[133.560395,-32.274591],[133.650645,-32.239435],[133.565684,-32.321222]]],[[[159.044444,-31.51922],[159.106456,-31.567641],[159.064789,-31.588149],[159.044444,-31.51922]]],[[[153.487315,-27.415216],[153.548839,-27.415216],[153.403331,-27.726251],[153.39796,-27.493097],[153.434093,-27.392999],[153.487315,-27.415216]]],[[[153.411469,-27.339532],[153.36378,-27.163344],[153.439626,-27.022556],[153.411469,-27.339532]]],[[[113.216645,-26.068048],[113.219005,-26.128839],[112.964529,-25.794041],[112.959483,-25.482517],[113.216645,-26.068048]]],[[[152.962413,-25.269627],[153.006358,-25.327732],[152.963715,-25.299086],[152.962413,-25.269627]]],[[[113.055675,-25.262791],[113.079112,-25.062433],[113.117686,-25.009454],[113.055675,-25.262791]]],[[[113.151866,-24.926935],[113.120942,-24.974054],[113.151866,-24.755629],[113.151866,-24.926935]]],[[[153.369965,-24.989028],[153.083263,-25.786879],[152.9463,-25.58294],[153.050059,-25.366388],[153.021821,-25.223403],[153.242524,-24.993259],[153.137218,-24.817071],[153.272472,-24.699884],[153.369965,-24.989028]]],[[[151.372325,-23.820245],[151.383067,-23.879571],[151.322602,-23.771905],[151.372325,-23.820245]]],[[[151.269867,-23.666274],[151.298513,-23.735447],[151.213878,-23.77809],[150.979607,-23.487386],[151.239106,-23.488865],[151.269867,-23.666274]]],[[[149.727794,-22.340509],[149.766287,-22.364679],[149.731212,-22.428155],[149.727794,-22.340509]]],[[[150.536632,-22.275323],[150.48227,-22.344985],[150.488455,-22.237481],[150.536632,-22.275323]]],[[[149.916515,-22.041925],[149.908702,-22.216404],[149.869395,-22.142267],[149.916515,-22.041925]]],[[[150.293224,-21.740899],[150.368907,-21.726739],[150.351736,-21.760675],[150.293224,-21.740899]]],[[[150.300059,-21.678888],[150.246104,-21.678888],[150.246104,-21.62363],[150.300059,-21.678888]]],[[[115.464529,-20.730157],[115.306977,-20.870538],[115.399425,-20.69378],[115.464529,-20.730157]]],[[[149.094086,-20.418227],[149.092621,-20.486098],[149.039317,-20.509454],[149.094086,-20.418227]]],[[[149.067393,-20.315199],[148.971202,-20.28102],[148.969493,-20.164483],[149.067393,-20.315199]]],[[[148.95753,-20.143813],[148.902192,-20.164972],[148.958832,-20.052016],[148.95753,-20.143813]]],[[[148.45045,-19.965753],[148.477306,-20.027114],[148.45045,-20.041599],[148.45045,-19.965753]]],[[[146.860199,-19.115981],[146.820079,-19.175063],[146.780284,-19.132013],[146.860199,-19.115981]]],[[[146.319021,-18.382989],[146.320323,-18.464776],[146.239513,-18.474867],[146.097341,-18.245212],[146.288259,-18.23211],[146.319021,-18.382989]]],[[[139.562185,-17.039239],[139.569347,-17.100356],[139.403982,-17.100681],[139.489513,-17.010431],[139.562185,-17.039239]]],[[[139.089203,-16.827569],[139.158051,-16.827569],[139.107677,-16.862481],[139.089203,-16.827569]]],[[[139.734141,-16.443292],[139.734141,-16.505466],[139.528087,-16.512302],[139.318614,-16.717543],[139.136729,-16.707208],[139.287852,-16.470636],[139.60377,-16.39837],[139.734141,-16.443292]]],[[[136.670421,-15.663181],[136.663585,-15.778578],[136.61964,-15.732599],[136.670421,-15.663181]]],[[[136.800629,-15.642022],[136.741466,-15.749444],[136.731781,-15.648858],[136.800629,-15.642022]]],[[[137.077891,-15.751235],[137.072894,-15.846961],[136.951508,-15.655694],[137.047176,-15.638769],[137.077891,-15.751235]]],[[[136.615733,-15.538995],[136.600352,-15.611586],[136.507172,-15.596287],[136.615733,-15.538995]]],[[[136.895681,-15.587498],[136.861339,-15.626072],[136.857432,-15.520196],[136.895681,-15.587498]]],[[[124.417979,-15.254083],[124.444591,-15.299412],[124.342133,-15.306248],[124.417979,-15.254083]]],[[[124.575694,-15.33294],[124.62794,-15.387384],[124.549164,-15.436293],[124.567068,-15.379327],[124.458832,-15.360935],[124.552013,-15.249444],[124.575694,-15.33294]]],[[[124.928233,-14.973565],[124.93629,-15.026056],[124.87143,-14.95672],[124.928233,-14.973565]]],[[[135.766754,-14.86821],[135.692553,-14.908794],[135.720088,-14.841026],[135.766754,-14.86821]]],[[[125.195079,-14.470147],[125.204926,-14.593032],[125.10377,-14.616469],[125.195079,-14.470147]]],[[[136.807465,-13.818536],[136.810313,-13.808282],[136.818126,-13.801365],[136.807465,-13.818536]]],[[[136.286876,-13.705824],[136.245128,-13.839532],[136.177013,-13.763849],[136.156505,-13.821222],[136.114757,-13.723565],[136.286876,-13.705824]]],[[[136.951508,-14.181573],[136.932953,-14.276544],[136.329845,-14.233087],[136.421397,-14.139337],[136.41505,-13.848891],[136.628591,-13.7763],[136.593516,-13.724705],[136.677094,-13.664809],[136.714854,-13.818617],[136.797211,-13.853204],[136.903087,-13.757582],[136.7046,-14.126886],[136.951508,-14.181573]]],[[[136.135916,-13.434828],[136.118988,-13.3742],[136.197765,-13.454848],[136.142956,-13.56045],[136.135916,-13.434828]]],[[[136.816956,-12.076077],[136.829356,-12.132257],[136.797069,-12.108355],[136.816956,-12.076077]]],[[[132.387543,-12.071873],[132.405772,-12.132989],[132.339854,-12.098565],[132.387543,-12.071873]]],[[[136.290212,-11.975681],[136.269298,-12.038995],[136.134939,-12.037774],[136.290212,-11.975681]]],[[[136.464203,-11.893731],[136.498546,-11.79811],[136.478038,-11.899835],[136.464203,-11.893731]]],[[[136.605235,-11.746026],[136.581554,-11.79811],[136.528005,-11.798517],[136.605235,-11.746026]]],[[[135.955906,-11.707165],[135.980865,-11.661368],[136.055205,-11.650048],[135.955906,-11.707165]]],[[[132.619802,-11.646661],[132.6338,-11.701918],[132.528168,-11.691664],[132.531016,-11.632989],[132.619802,-11.646661]]],[[[136.42335,-11.509535],[136.468516,-11.476007],[136.195649,-11.680434],[136.42335,-11.509535]]],[[[130.536794,-11.705011],[130.628184,-11.80462],[130.024099,-11.79518],[130.064301,-11.691339],[130.185395,-11.676528],[130.170584,-11.447035],[130.308604,-11.33294],[130.456798,-11.67669],[130.536794,-11.705011]]],[[[131.537364,-11.413263],[131.432384,-11.607029],[131.386567,-11.577813],[131.293142,-11.724054],[130.979991,-11.926446],[130.514903,-11.657892],[130.367442,-11.204278],[130.400157,-11.153253],[130.695567,-11.43434],[130.888031,-11.313165],[131.018728,-11.400567],[131.153087,-11.249282],[131.217947,-11.391046],[131.274425,-11.18963],[131.414317,-11.242608],[131.537364,-11.413263]]],[[[136.763685,-11.04007],[136.716482,-11.206231],[136.494098,-11.455346],[136.763685,-11.04007]]],[[[132.489431,-11.160089],[132.472667,-11.040216],[132.566661,-10.98211],[132.600759,-11.315688],[132.489431,-11.160089]]],[[[142.255382,-10.666681],[142.283051,-10.714532],[142.190278,-10.758477],[142.112315,-10.68434],[142.193207,-10.591485],[142.255382,-10.666681]]],[[[142.262218,-10.577813],[142.318858,-10.588637],[142.274425,-10.640802],[142.262218,-10.577813]]],[[[142.293468,-10.13893],[142.289806,-10.260186],[142.193207,-10.193617],[142.293468,-10.13893]]],[[[142.190115,-10.080987],[142.154796,-10.188084],[142.1421,-10.050388],[142.190115,-10.080987]]],[[[115.660004,-32.149835],[115.680512,-32.239353],[115.660004,-32.232517],[115.660004,-32.149835]]],[[[115.492107,-31.995649],[115.54261,-32.000031],[115.440142,-32.021834],[115.492107,-31.995649]]],[[[113.679618,-28.452241],[113.749539,-28.427576],[113.684598,-28.486277],[113.679618,-28.452241]]],[[[146.651134,-18.745782],[146.57016,-18.760837],[146.582774,-18.717706],[146.651134,-18.745782]]],[[[142.754568,-9.369806],[142.741954,-9.419203],[142.601248,-9.399509],[142.754568,-9.369806]]],[[[142.206879,-9.240167],[142.280121,-9.261651],[142.15089,-9.271417],[142.206879,-9.240167]]]]}},{"type":"Feature","properties":{"iso3":"FJI","name":"Fiji","continent":"Oceania"},"geometry":{"type":"MultiPolygon","coordinates":[[[[-180,-16.169614],[-180,-16.149111],[-179.987538,-16.138116],[-179.938588,-16.12127],[-179.961781,-16.154718],[-180,-16.169614]]],[[[-180,-16.541115],[-180,-16.489939],[-179.991404,-16.475763],[-179.959055,-16.446873],[-179.897654,-16.429783],[-179.897654,-16.436456],[-179.911204,-16.441176],[-179.903798,-16.457696],[-179.928334,-16.4638],[-179.937449,-16.477472],[-179.937001,-16.486912],[-179.921986,-16.497491],[-179.952016,-16.523045],[-180,-16.541115]]],[[[-180,-16.964144],[-180,-16.786733],[-179.915883,-16.694513],[-179.877146,-16.67783],[-179.864084,-16.681329],[-179.842397,-16.748712],[-179.815663,-16.772231],[-179.856638,-16.813897],[-179.871571,-16.863865],[-179.890126,-16.867852],[-179.951161,-16.905938],[-179.9829,-16.932387],[-180,-16.964144]]],[[[180,-16.489519],[180,-16.541275],[179.987478,-16.542413],[179.987153,-16.518324],[180,-16.489519]]],[[[180,-16.785349],[180,-16.962782],[179.966807,-16.993341],[179.941091,-17.001886],[179.917491,-16.998793],[179.912446,-16.983005],[179.894216,-16.967462],[179.895274,-16.939142],[179.931163,-16.909438],[179.967296,-16.858331],[180,-16.785349]]],[[[180,-16.149112],[180,-16.168951],[179.937999,-16.224298],[179.903819,-16.231134],[179.858246,-16.282647],[179.798106,-16.369561],[179.780935,-16.38128],[179.781016,-16.403009],[179.738455,-16.459242],[179.693858,-16.477309],[179.591807,-16.545343],[179.571462,-16.625584],[179.523611,-16.658949],[179.506602,-16.683526],[179.478689,-16.697198],[179.492198,-16.72503],[179.478689,-16.758722],[179.486095,-16.766046],[179.520274,-16.749607],[179.53712,-16.752618],[179.548106,-16.766046],[179.585216,-16.729425],[179.632579,-16.710219],[179.64088,-16.68727],[179.671072,-16.676853],[179.676117,-16.659356],[179.705821,-16.638116],[179.722667,-16.604425],[179.749766,-16.592462],[179.756684,-16.576755],[179.814138,-16.546319],[179.841807,-16.515069],[179.903819,-16.484308],[179.917166,-16.466892],[179.939464,-16.463311],[179.953461,-16.499607],[179.890147,-16.614679],[179.891124,-16.63128],[179.873709,-16.634861],[179.848643,-16.662367],[179.875011,-16.664321],[179.891938,-16.675958],[179.903819,-16.717706],[179.935557,-16.720392],[179.949718,-16.730076],[179.951671,-16.745701],[179.941905,-16.752618],[179.896332,-16.738214],[179.910655,-16.766046],[179.890147,-16.758722],[179.875743,-16.769464],[179.863617,-16.764825],[179.862153,-16.738214],[179.826345,-16.737074],[179.802013,-16.717706],[179.780772,-16.72503],[179.726329,-16.717706],[179.69988,-16.735284],[179.66627,-16.740655],[179.656749,-16.758722],[179.643809,-16.745701],[179.633311,-16.765883],[179.596853,-16.788751],[179.582286,-16.807061],[179.565115,-16.791681],[179.544932,-16.790785],[179.471446,-16.801202],[179.438243,-16.813897],[179.403819,-16.802341],[179.296886,-16.806817],[179.323416,-16.771173],[179.354747,-16.758477],[179.35141,-16.731378],[179.307953,-16.717706],[179.266368,-16.689874],[179.152843,-16.73447],[179.122895,-16.758722],[179.129405,-16.775811],[179.110199,-16.799981],[179.095714,-16.807061],[179.06544,-16.798923],[179.044444,-16.823826],[179.019867,-16.895196],[179.045421,-16.880141],[179.075206,-16.881524],[179.026866,-16.92311],[178.954438,-16.899021],[178.945323,-16.877537],[178.925955,-16.873142],[178.917003,-16.848077],[178.910004,-16.848077],[178.910004,-16.867852],[178.894542,-16.859308],[178.874034,-16.861098],[178.8213,-16.902602],[178.80714,-16.950453],[178.787771,-16.967869],[178.800955,-16.977716],[178.765473,-17.001153],[178.733897,-17.007013],[178.705333,-16.998793],[178.691905,-16.985772],[178.670421,-16.899021],[178.627452,-16.83766],[178.636404,-16.807061],[178.606212,-16.792901],[178.602306,-16.779718],[178.540701,-16.809177],[178.511567,-16.814223],[178.485606,-16.79339],[178.490245,-16.791192],[178.479015,-16.765883],[178.483572,-16.759942],[178.499278,-16.766046],[178.496593,-16.747166],[178.506521,-16.730401],[178.540212,-16.704034],[178.540212,-16.724542],[178.55714,-16.698337],[178.568044,-16.704034],[178.585623,-16.665134],[178.588634,-16.649509],[178.552745,-16.658949],[178.533946,-16.629002],[178.581798,-16.614679],[178.608409,-16.642022],[178.650076,-16.649509],[178.691091,-16.669854],[178.704275,-16.667087],[178.788341,-16.596938],[178.797699,-16.606622],[178.800955,-16.635837],[178.813975,-16.629978],[178.81837,-16.586847],[178.848643,-16.546319],[178.855479,-16.56699],[178.867931,-16.557061],[178.869151,-16.539646],[178.886241,-16.552341],[178.930919,-16.512628],[178.917003,-16.470636],[178.932872,-16.47617],[178.942719,-16.460382],[178.965099,-16.470636],[179.136729,-16.429783],[179.177582,-16.429783],[179.191254,-16.407973],[179.222341,-16.399021],[179.29835,-16.409112],[179.31422,-16.395603],[179.329275,-16.407973],[179.358735,-16.388116],[179.372081,-16.40488],[179.403575,-16.407973],[179.395763,-16.378839],[179.37615,-16.360772],[179.397716,-16.347833],[179.417817,-16.353936],[179.431407,-16.319024],[179.443207,-16.310235],[179.458181,-16.31992],[179.471202,-16.274021],[179.486095,-16.265232],[179.535655,-16.262465],[179.520274,-16.244806],[179.542491,-16.250746],[179.554373,-16.272638],[179.568044,-16.224298],[179.572927,-16.236423],[179.602794,-16.25213],[179.618907,-16.242608],[179.630138,-16.258966],[179.630138,-16.243422],[179.653331,-16.235284],[179.656505,-16.220636],[179.701834,-16.223077],[179.710297,-16.207778],[179.764415,-16.18141],[179.780935,-16.231134],[179.828787,-16.20436],[179.841319,-16.213474],[179.828787,-16.224298],[179.855968,-16.231134],[179.910655,-16.179864],[179.983165,-16.149102],[180,-16.149112]]],[[[-178.588572,-19.122817],[-178.566355,-19.151056],[-178.533315,-19.156996],[-178.536977,-19.177179],[-178.555857,-19.174981],[-178.600331,-19.147719],[-178.597117,-19.128513],[-178.581654,-19.111505],[-178.553822,-19.109145],[-178.559682,-19.118829],[-178.588572,-19.122817]]],[[[-178.972157,-18.965102],[-178.969065,-18.942641],[-178.957875,-18.927911],[-178.943593,-18.926365],[-178.931223,-18.944106],[-178.930979,-18.971368],[-178.944447,-18.987237],[-178.961537,-18.986749],[-178.972157,-18.965102]]],[[[-179.863067,-18.965834],[-179.84968,-18.923435],[-179.812693,-18.927341],[-179.78718,-18.955336],[-179.808217,-18.986423],[-179.816762,-18.952244],[-179.837758,-18.948826],[-179.855214,-18.963149],[-179.84435,-19.00213],[-179.858266,-19.005955],[-179.871938,-18.993748],[-179.863067,-18.965834]]],[[[-178.766713,-18.191257],[-178.749135,-18.20322],[-178.745676,-18.221612],[-178.763295,-18.245864],[-178.806589,-18.243748],[-178.845408,-18.21738],[-178.8249,-18.189142],[-178.789784,-18.172133],[-178.766713,-18.191257]]],[[[-179.050294,-17.955952],[-179.031831,-17.966329],[-179.027865,-18.003014],[-179.046215,-18.007515],[-179.069336,-17.989319],[-179.078704,-17.966642],[-179.059511,-17.952518],[-179.050294,-17.955952]]],[[[-178.293162,-17.882745],[-178.246409,-17.917576],[-178.239125,-17.934259],[-178.248647,-17.952569],[-178.298289,-17.963311],[-178.352284,-17.945733],[-178.357777,-17.914321],[-178.33788,-17.886],[-178.293162,-17.882745]]],[[[-178.964711,-17.176935],[-178.917348,-17.201267],[-178.910715,-17.214532],[-178.92748,-17.252699],[-178.965932,-17.275079],[-178.985829,-17.313572],[-179.000681,-17.302504],[-178.99767,-17.283136],[-178.972157,-17.252699],[-178.975779,-17.239841],[-178.958485,-17.224786],[-178.958323,-17.211358],[-178.972157,-17.197442],[-179.013132,-17.183852],[-179.019968,-17.149102],[-178.985422,-17.175877],[-178.964711,-17.176935]]],[[[179.777517,-19.122817],[179.788585,-19.130466],[179.802013,-19.184259],[179.745942,-19.190118],[179.740001,-19.177423],[179.75294,-19.163832],[179.774099,-19.170668],[179.756602,-19.127699],[179.777517,-19.122817]]],[[[178.430349,-18.955255],[178.485606,-18.965102],[178.498383,-18.996759],[178.496593,-19.013279],[178.460948,-19.032647],[178.424083,-19.02044],[178.428966,-19.036798],[178.416677,-19.047784],[178.341482,-19.047784],[178.348318,-19.02044],[178.332856,-19.025649],[178.320486,-19.02044],[178.330089,-19.009535],[178.307302,-18.997166],[178.281505,-19.00742],[178.238536,-19.040948],[178.195079,-19.047459],[178.188731,-19.083591],[178.183849,-19.068943],[178.174327,-19.07586],[178.173106,-19.097752],[178.199474,-19.114028],[178.194672,-19.14658],[178.178966,-19.157485],[178.161632,-19.150567],[178.162852,-19.115981],[178.148204,-19.127537],[178.128673,-19.129653],[178.106619,-19.154555],[178.091645,-19.156996],[178.03712,-19.142755],[178.003673,-19.157485],[177.998871,-19.142755],[177.973969,-19.144789],[177.951182,-19.129653],[177.981456,-19.101251],[177.999522,-19.094822],[178.019379,-19.102309],[178.029796,-19.093845],[178.033458,-19.072035],[178.051768,-19.056736],[178.128673,-19.068943],[178.139415,-19.041925],[178.14975,-19.034112],[178.163259,-19.044041],[178.17213,-19.035333],[178.176443,-18.999282],[178.190684,-18.977227],[178.226085,-18.964125],[178.26588,-18.962091],[178.293712,-18.972589],[178.301931,-18.944024],[178.344981,-18.9249],[178.371918,-18.930352],[178.382579,-18.9249],[178.389822,-18.938165],[178.422699,-18.939711],[178.430349,-18.955255]]],[[[178.526541,-18.87656],[178.538259,-18.892267],[178.533946,-18.910577],[178.520518,-18.906183],[178.508311,-18.926446],[178.471934,-18.907159],[178.49586,-18.86297],[178.531586,-18.860447],[178.526541,-18.87656]]],[[[179.943427,-18.556346],[179.952403,-18.568536],[179.9447,-18.580617],[179.920787,-18.586044],[179.891831,-18.609644],[179.89884,-18.617466],[179.912778,-18.611466],[179.921019,-18.622643],[179.901869,-18.638147],[179.900791,-18.658595],[179.882754,-18.662524],[179.871566,-18.628824],[179.833074,-18.600249],[179.830666,-18.589302],[179.888189,-18.566928],[179.943427,-18.556346]]],[[[177.648774,-18.492852],[177.663097,-18.588474],[177.636485,-18.562758],[177.618988,-18.511895],[177.635102,-18.486017],[177.648774,-18.492852]]],[[[178.122325,-18.369317],[178.127615,-18.351658],[178.138927,-18.348728],[178.150076,-18.357843],[178.156016,-18.376153],[178.142345,-18.411879],[178.126964,-18.41546],[178.108735,-18.403497],[178.12086,-18.395685],[178.122325,-18.369317]]],[[[179.34547,-17.998793],[179.36085,-18.025974],[179.362966,-18.079767],[179.350271,-18.118829],[179.310883,-18.089776],[179.303233,-18.062188],[179.266938,-17.998793],[179.265798,-18.02988],[179.25408,-18.039158],[179.24643,-17.974867],[179.232758,-17.944757],[179.250336,-17.951267],[179.272146,-17.934503],[179.297374,-17.937921],[179.312511,-17.947442],[179.34547,-17.998793]]],[[[179.430837,-17.794041],[179.424083,-17.807061],[179.432302,-17.832778],[179.422618,-17.850518],[179.391775,-17.793064],[179.396739,-17.780369],[179.430837,-17.794041]]],[[[178.725762,-17.72471],[178.741915,-17.749584],[178.779552,-17.766046],[178.772716,-17.780369],[178.734685,-17.767566],[178.713189,-17.710978],[178.725762,-17.72471]]],[[[178.776378,-17.628839],[178.797887,-17.618605],[178.816758,-17.628951],[178.835544,-17.693159],[178.822909,-17.72913],[178.768077,-17.747166],[178.739355,-17.67333],[178.751094,-17.643363],[178.776378,-17.628839]]],[[[179.005382,-17.621352],[178.997406,-17.608005],[179.006847,-17.593194],[179.026052,-17.61061],[179.040782,-17.656183],[179.033376,-17.656183],[179.023204,-17.635431],[179.005382,-17.621352]]],[[[178.711436,-17.991957],[178.698416,-18.019301],[178.694509,-18.056899],[178.684581,-18.070408],[178.612966,-18.1124],[178.588634,-18.136],[178.588634,-18.115492],[178.547618,-18.129083],[178.559337,-18.112726],[178.555024,-18.099216],[178.52711,-18.09002],[178.485606,-18.108657],[178.487804,-18.129083],[178.470225,-18.14186],[178.437755,-18.14658],[178.439952,-18.126072],[178.421641,-18.108005],[178.389903,-18.101821],[178.391287,-18.118097],[178.378429,-18.127211],[178.368907,-18.129083],[178.355235,-18.115492],[178.322927,-18.125584],[178.309337,-18.140232],[178.277029,-18.146254],[178.252208,-18.18377],[178.214203,-18.201104],[178.168305,-18.248468],[178.135509,-18.259454],[178.113048,-18.239435],[178.03891,-18.264907],[177.978363,-18.252699],[177.959809,-18.26572],[177.921072,-18.260675],[177.894054,-18.273126],[177.885753,-18.251642],[177.859386,-18.265802],[177.827159,-18.23447],[177.64503,-18.191095],[177.591645,-18.166681],[177.567638,-18.170099],[177.524913,-18.155369],[177.465099,-18.156427],[177.437185,-18.136],[177.335948,-18.105564],[177.31365,-18.073907],[177.306814,-18.081313],[177.300059,-18.039727],[177.285818,-18.008966],[177.26295,-17.993829],[177.266449,-17.979425],[177.251638,-17.952244],[177.272146,-17.916925],[177.259044,-17.879327],[177.265636,-17.859552],[177.361501,-17.834893],[177.372895,-17.815199],[177.370291,-17.749688],[177.416026,-17.759861],[177.434337,-17.750177],[177.420584,-17.678318],[177.395681,-17.663018],[177.388927,-17.640558],[177.420421,-17.622328],[177.434337,-17.597914],[177.465099,-17.587986],[177.467459,-17.555352],[177.478201,-17.546319],[177.489594,-17.558852],[177.499522,-17.555759],[177.499278,-17.532647],[177.515147,-17.50506],[177.524425,-17.500746],[177.539561,-17.51214],[177.638927,-17.437107],[177.652599,-17.440525],[177.646821,-17.451755],[177.663097,-17.498468],[177.669281,-17.492364],[177.65919,-17.468032],[177.663097,-17.443943],[177.710134,-17.417901],[177.74879,-17.430271],[177.765473,-17.396661],[177.807628,-17.380955],[177.829926,-17.364028],[177.833669,-17.390232],[177.82016,-17.417169],[177.836274,-17.421319],[177.875987,-17.389337],[177.897309,-17.402927],[177.956228,-17.40252],[178.007172,-17.383477],[178.042247,-17.356866],[178.151052,-17.346856],[178.180837,-17.329278],[178.190115,-17.300551],[178.262706,-17.335626],[178.286469,-17.383722],[178.279552,-17.407403],[178.245372,-17.443943],[178.258067,-17.457452],[178.245372,-17.471287],[178.258637,-17.468927],[178.285981,-17.438084],[178.303722,-17.430271],[178.348318,-17.440118],[178.375743,-17.471287],[178.375743,-17.498468],[178.403575,-17.522393],[178.445486,-17.5499],[178.47877,-17.553155],[178.530284,-17.608331],[178.573009,-17.617934],[178.590831,-17.630955],[178.602306,-17.649998],[178.603282,-17.674574],[178.580577,-17.710056],[178.567719,-17.754978],[178.602306,-17.786554],[178.598888,-17.819431],[178.608409,-17.828058],[178.627208,-17.826837],[178.615896,-17.841078],[178.63502,-17.853448],[178.635997,-17.863702],[178.629568,-17.875909],[178.615896,-17.869073],[178.622732,-17.890232],[178.591075,-17.897556],[178.5949,-17.926039],[178.62615,-17.971449],[178.654307,-17.978448],[178.677013,-18.011407],[178.693858,-18.009942],[178.711436,-17.991957]]],[[[177.093923,-17.245294],[177.120128,-17.255466],[177.149181,-17.245294],[177.162852,-17.265802],[177.124522,-17.306817],[177.111827,-17.310317],[177.101329,-17.300551],[177.105235,-17.259698],[177.093923,-17.245294]]],[[[179.451915,-17.290297],[179.432872,-17.358331],[179.39088,-17.396254],[179.383474,-17.390558],[179.383474,-17.331231],[179.368826,-17.286798],[179.371349,-17.259861],[179.378673,-17.249444],[179.437836,-17.241795],[179.448253,-17.249119],[179.451915,-17.290297]]],[[[177.272146,-17.080824],[177.285818,-17.046645],[177.292247,-17.058526],[177.287852,-17.085219],[177.271739,-17.112726],[177.24171,-17.132745],[177.238048,-17.149102],[177.224294,-17.135431],[177.20753,-17.148207],[177.203787,-17.16961],[177.175955,-17.163344],[177.175955,-17.155938],[177.186778,-17.156345],[177.186046,-17.120294],[177.202485,-17.111017],[177.218272,-17.073826],[177.248546,-17.053481],[177.272146,-17.080824]]],[[[177.443696,-16.867852],[177.403656,-16.902602],[177.416515,-16.909438],[177.395356,-16.936782],[177.373057,-16.902927],[177.402843,-16.881524],[177.395763,-16.866143],[177.408214,-16.861098],[177.443696,-16.867852]]],[[[178.333995,-16.79339],[178.335623,-16.825128],[178.290212,-16.834405],[178.28004,-16.786716],[178.333995,-16.79339]]],[[[177.56072,-16.676853],[177.591156,-16.686212],[177.594005,-16.699965],[177.580333,-16.728448],[177.493419,-16.802667],[177.471365,-16.834405],[177.461436,-16.830173],[177.437185,-16.84002],[177.429698,-16.834405],[177.437185,-16.79339],[177.456554,-16.805597],[177.475352,-16.796645],[177.558604,-16.721449],[177.57252,-16.699477],[177.56072,-16.676853]]],[[[179.917491,-16.655532],[179.883311,-16.655532],[179.907237,-16.649509],[179.910167,-16.632094],[179.934581,-16.625095],[179.951671,-16.607843],[179.947439,-16.644464],[179.917491,-16.655532]]],[[[178.588227,-16.573012],[178.605154,-16.580011],[178.622569,-16.573012],[178.60613,-16.591729],[178.592459,-16.595636],[178.560395,-16.587335],[178.588227,-16.573012]]],[[[179.362315,-16.326593],[179.389659,-16.333591],[179.361176,-16.340753],[179.328136,-16.333591],[179.328136,-16.326593],[179.362315,-16.326593]]],[[[177.124766,-12.486098],[177.12908,-12.501642],[177.091075,-12.516371],[177.011485,-12.509454],[177.00587,-12.489516],[177.03297,-12.491388],[177.059744,-12.475274],[177.124766,-12.486098]]],[[[174.615896,-21.711114],[174.596853,-21.698419],[174.588878,-21.681573],[174.594005,-21.668715],[174.614106,-21.668227],[174.626638,-21.676528],[174.627778,-21.702569],[174.615896,-21.711114]]],[[[-178.719065,-20.670994],[-178.731028,-20.657647],[-178.724965,-20.642348],[-178.708119,-20.671319],[-178.719065,-20.670994]]],[[[-178.226796,-19.84002],[-178.228953,-19.829034],[-178.216135,-19.815199],[-178.226796,-19.84002]]],[[[-178.419789,-19.167413],[-178.392934,-19.127537],[-178.391957,-19.165785],[-178.418813,-19.178643],[-178.419789,-19.167413]]],[[[-178.899648,-18.87713],[-178.930613,-18.882094],[-178.879872,-18.854262],[-178.899648,-18.87713]]],[[[-178.507151,-18.665216],[-178.516306,-18.649998],[-178.511098,-18.637953],[-178.499216,-18.633722],[-178.486073,-18.651788],[-178.498118,-18.665948],[-178.507151,-18.665216]]],[[[-179.322581,-17.770196],[-179.33613,-17.758477],[-179.334218,-17.740004],[-179.320302,-17.724867],[-179.298085,-17.72324],[-179.279734,-17.739435],[-179.280751,-17.760186],[-179.296457,-17.774184],[-179.322581,-17.770196]]],[[[-179.156606,-17.471368],[-179.1728,-17.45794],[-179.175486,-17.439711],[-179.166005,-17.425551],[-179.145579,-17.424249],[-179.130808,-17.453709],[-179.137074,-17.468927],[-179.156606,-17.471368]]],[[[-179.157297,-17.272719],[-179.156687,-17.254083],[-179.146474,-17.247979],[-179.134389,-17.25213],[-179.130808,-17.277032],[-179.149485,-17.282159],[-179.157297,-17.272719]]]]}},{"type":"Feature","properties":{"iso3":"NZL","name":"New Zealand","continent":"Oceania"},"geometry":{"type":"MultiPolygon","coordinates":[[[[166.136974,-50.864353],[166.226329,-50.885431],[165.985525,-50.904392],[165.924083,-50.851251],[166.136974,-50.864353]]],[[[169.250421,-52.520257],[169.260438,-52.544456],[169.195296,-52.600313],[169.025645,-52.553481],[169.113593,-52.546453],[169.186255,-52.469199],[169.293524,-52.520198],[169.250421,-52.520257]]],[[[166.243419,-50.600763],[166.201834,-50.604669],[166.212087,-50.652602],[166.164317,-50.686782],[166.226329,-50.693536],[166.122732,-50.700372],[166.198416,-50.72088],[166.177908,-50.75506],[166.219412,-50.753513],[166.206798,-50.790297],[166.253673,-50.817071],[166.240082,-50.851007],[166.108897,-50.80283],[166.061209,-50.830743],[166.078624,-50.772393],[166.054373,-50.753595],[166.007498,-50.7763],[166.011078,-50.84238],[165.933116,-50.821384],[165.896739,-50.851251],[165.886485,-50.79461],[165.925304,-50.754002],[166.078787,-50.675551],[166.115245,-50.574477],[166.095876,-50.535903],[166.287771,-50.542739],[166.295584,-50.571547],[166.243419,-50.600763]]],[[[178.839041,-49.629164],[178.822113,-49.719822],[178.719005,-49.700128],[178.770763,-49.627211],[178.839041,-49.629164]]],[[[-176.145253,-44.248142],[-176.113881,-44.265069],[-176.218984,-44.341241],[-176.223744,-44.23089],[-176.155466,-44.224216],[-176.145253,-44.248142]]],[[[-176.382029,-43.898614],[-176.409373,-43.854181],[-176.358022,-43.804864],[-176.372263,-43.765883],[-176.53539,-43.755629],[-176.514231,-43.791436],[-176.423044,-43.805841],[-176.496409,-43.85117],[-176.456532,-43.949802],[-176.395212,-43.938572],[-176.382395,-43.985772],[-176.300038,-44.042576],[-176.581492,-44.123142],[-176.659617,-44.023858],[-176.51594,-43.922296],[-176.566151,-43.837823],[-176.638376,-43.799574],[-176.825917,-43.839614],[-176.85497,-43.820082],[-176.779286,-43.779067],[-176.786488,-43.75628],[-176.644846,-43.764337],[-176.580637,-43.703383],[-176.391957,-43.744887],[-176.169138,-43.731378],[-176.203318,-43.771661],[-176.285105,-43.769708],[-176.382029,-43.898614]]],[[[-177.909535,-29.278578],[-177.957997,-29.222752],[-177.889394,-29.233819],[-177.848134,-29.278578],[-177.909535,-29.278578]]],[[[-171.190663,-9.356378],[-171.2058,-9.330987],[-171.185658,-9.361261],[-171.190663,-9.356378]]],[[[-172.486073,-8.565362],[-172.502553,-8.543227],[-172.483632,-8.586521],[-172.486073,-8.565362]]],[[[166.637218,-47.993585],[166.637218,-48.062433],[166.56837,-48.041925],[166.637218,-47.993585]]],[[[167.418712,-47.232599],[167.477306,-47.205662],[167.449474,-47.239435],[167.418712,-47.232599]]],[[[167.709239,-46.784112],[167.662852,-46.778497],[167.706716,-46.759698],[167.709239,-46.784112]]],[[[168.590017,-46.732354],[168.605724,-46.754571],[168.572602,-46.791762],[168.550304,-46.772231],[168.590017,-46.732354]]],[[[168.199474,-47.047621],[168.259288,-47.084731],[168.191091,-47.067153],[168.192068,-47.098891],[168.021251,-47.116469],[167.884125,-47.188084],[167.764903,-47.137465],[167.61671,-47.212172],[167.726573,-47.205255],[167.671886,-47.260512],[167.67213,-47.236098],[167.521007,-47.273045],[167.534028,-47.204034],[167.630382,-47.156915],[167.627452,-47.064711],[167.743826,-47.027276],[167.737071,-46.955173],[167.808604,-46.922052],[167.811371,-46.87477],[167.764415,-46.818292],[167.787446,-46.697198],[167.96754,-46.699802],[168.17921,-46.864435],[168.192068,-46.897393],[168.167328,-46.909845],[168.008149,-46.895115],[167.966645,-46.972589],[168.048676,-46.931573],[168.151134,-46.965753],[168.139008,-46.98211],[168.222667,-46.97324],[168.249848,-47.034112],[168.199474,-47.047621]]],[[[166.711436,-45.616306],[166.754649,-45.690118],[166.72169,-45.737074],[166.644216,-45.728692],[166.623057,-45.658298],[166.506196,-45.724867],[166.578624,-45.634942],[166.711436,-45.616306]]],[[[166.973643,-45.163263],[167.034434,-45.30047],[166.893321,-45.243422],[166.973643,-45.163263]]],[[[174.38087,-41.106378],[174.401378,-41.140558],[174.365977,-41.202569],[174.197276,-41.230076],[174.351248,-41.17547],[174.367524,-41.158868],[174.325694,-41.126886],[174.38087,-41.106378]]],[[[173.784434,-40.907159],[173.784434,-40.838962],[173.845876,-40.873142],[173.811778,-40.819024],[173.826834,-40.76629],[173.884776,-40.75628],[173.882498,-40.788995],[173.926524,-40.788018],[173.90797,-40.77752],[173.959809,-40.714776],[173.927745,-40.855239],[173.805186,-40.926365],[173.784434,-40.907159]]],[[[172.748694,-43.279694],[172.729659,-43.414847],[172.778982,-43.557794],[172.756033,-43.58115],[172.832286,-43.601658],[172.681407,-43.639337],[172.742931,-43.655532],[172.836762,-43.629327],[172.875743,-43.668878],[172.893809,-43.614516],[172.924815,-43.67962],[173.052908,-43.653253],[173.107107,-43.70379],[173.092947,-43.854181],[173.005138,-43.882257],[172.948578,-43.751153],[172.926768,-43.840265],[172.968923,-43.903253],[172.817231,-43.881443],[172.745128,-43.824884],[172.763438,-43.792739],[172.422618,-43.854587],[172.647716,-43.782647],[172.497081,-43.721856],[172.417328,-43.737481],[172.376313,-43.864435],[172.061209,-43.956638],[171.346002,-44.278631],[171.28004,-44.371515],[171.257335,-44.473565],[171.173839,-44.54697],[171.212657,-44.724705],[171.183604,-44.773614],[171.212413,-44.813572],[171.203136,-44.905532],[171.091156,-45.073663],[170.980317,-45.154962],[170.926117,-45.238377],[170.876964,-45.35589],[170.906261,-45.402765],[170.865977,-45.482029],[170.786794,-45.571466],[170.756114,-45.56113],[170.769786,-45.601495],[170.684093,-45.620701],[170.722016,-45.642999],[170.625173,-45.71502],[170.7588,-45.763442],[170.566417,-45.879164],[170.687185,-45.851658],[170.765961,-45.794041],[170.786876,-45.792901],[170.787283,-45.863051],[170.333751,-45.981541],[170.26002,-46.063653],[170.21697,-46.172947],[169.899425,-46.344903],[169.853689,-46.457289],[169.797374,-46.488946],[169.675466,-46.489028],[169.755544,-46.499607],[169.704112,-46.549005],[169.635102,-46.578383],[169.566905,-46.565037],[169.47462,-46.629083],[169.391775,-46.64365],[169.330089,-46.625665],[169.219737,-46.66074],[169.180186,-46.615655],[169.154959,-46.661798],[169.118419,-46.664158],[169.076508,-46.636163],[169.035981,-46.681899],[168.877452,-46.64422],[168.8449,-46.560154],[168.66505,-46.581476],[168.712901,-46.56113],[168.617849,-46.547459],[168.635265,-46.591404],[168.591482,-46.614353],[168.4192,-46.601983],[168.460134,-46.572035],[168.547211,-46.590753],[168.513194,-46.559666],[168.365733,-46.540216],[168.405528,-46.623142],[168.378103,-46.619806],[168.267833,-46.5263],[168.385102,-46.499607],[168.387462,-46.440525],[168.343516,-46.417087],[168.341482,-46.465753],[168.301931,-46.478448],[168.199474,-46.341974],[167.855968,-46.394627],[167.752208,-46.329034],[167.789236,-46.294122],[167.712901,-46.197931],[167.460948,-46.148207],[167.405772,-46.251153],[167.309906,-46.269708],[166.761974,-46.219985],[166.675792,-46.163018],[166.832286,-46.001072],[166.952485,-45.950291],[166.802908,-45.992771],[166.752778,-46.066339],[166.744477,-46.040216],[166.616059,-46.088067],[166.658539,-46.000177],[166.808604,-45.930434],[166.688487,-45.933852],[166.753917,-45.86891],[166.732595,-45.8624],[166.629242,-45.965265],[166.474783,-45.996026],[166.473399,-45.817315],[166.875987,-45.776951],[167.020844,-45.697686],[166.774262,-45.718845],[166.875499,-45.659275],[166.794607,-45.659926],[166.770763,-45.61061],[166.882172,-45.56463],[166.991954,-45.575453],[167.013438,-45.56113],[166.952485,-45.546808],[167.054942,-45.491632],[166.722667,-45.579685],[166.702403,-45.557387],[166.757498,-45.425226],[166.812266,-45.392836],[166.952485,-45.436944],[166.925629,-45.388604],[166.897797,-45.402765],[166.809255,-45.357192],[166.825531,-45.317153],[166.881358,-45.279555],[166.964041,-45.352472],[167.047537,-45.361912],[167.021821,-45.417169],[167.05421,-45.429295],[167.090017,-45.387465],[167.199067,-45.47381],[167.200206,-45.445977],[167.047537,-45.327081],[167.180512,-45.284763],[167.259125,-45.331638],[167.308849,-45.313409],[167.233897,-45.29339],[167.247325,-45.254327],[167.064789,-45.276951],[167.004893,-45.149591],[167.06422,-45.122735],[167.178477,-45.177504],[167.054942,-45.101739],[167.1185,-45.039239],[167.192149,-45.135919],[167.214041,-45.089532],[167.274669,-45.094415],[167.181814,-45.057061],[167.164806,-44.991876],[167.335704,-45.037205],[167.203461,-44.949965],[167.385753,-44.84238],[167.418712,-44.840916],[167.447113,-44.950779],[167.496755,-44.994724],[167.457693,-44.789321],[167.523285,-44.763767],[167.555186,-44.785821],[167.54005,-44.860528],[167.568126,-44.882013],[167.594737,-44.79339],[167.551117,-44.741957],[167.588715,-44.716241],[167.679373,-44.765395],[167.603038,-44.683364],[167.751964,-44.603204],[167.810802,-44.599216],[167.932628,-44.697035],[167.932628,-44.642511],[167.856781,-44.594659],[167.836436,-44.505304],[168.033214,-44.353285],[168.028168,-44.320408],[168.118175,-44.320408],[168.139496,-44.299249],[168.103282,-44.265069],[168.30714,-44.148858],[168.386567,-44.057061],[168.37086,-44.039158],[168.645844,-43.964532],[168.699229,-44.00506],[168.803722,-43.997247],[169.419607,-43.650567],[169.717784,-43.573663],[169.875011,-43.407485],[170.030121,-43.345798],[170.114919,-43.251723],[170.227224,-43.23561],[170.303559,-43.162205],[170.200531,-43.216729],[170.289317,-43.106866],[170.385225,-43.095285],[170.514415,-43.006606],[170.700742,-42.954659],[170.858409,-42.843357],[171.215017,-42.465509],[171.304861,-42.29461],[171.363943,-42.063409],[171.417817,-42.00628],[171.48878,-41.830336],[171.46811,-41.76629],[171.639415,-41.757501],[171.855235,-41.66546],[171.994151,-41.451104],[172.070811,-41.414239],[172.087657,-41.30877],[172.127615,-41.291762],[172.115408,-40.879164],[172.507091,-40.589451],[172.544281,-40.57822],[172.540863,-40.626642],[172.584158,-40.609308],[172.625255,-40.574314],[172.557384,-40.565118],[172.595876,-40.527765],[172.83961,-40.50213],[172.996837,-40.524184],[172.731944,-40.530938],[172.677501,-40.649102],[172.689138,-40.734063],[172.856456,-40.843683],[172.943858,-40.793227],[173.017345,-40.797296],[173.009776,-40.866795],[173.064952,-40.886651],[173.058279,-40.963067],[172.996837,-41.017022],[173.069347,-41.1242],[173.030935,-41.149102],[173.075694,-41.176446],[173.105317,-41.256931],[173.086436,-41.299412],[173.212738,-41.301853],[173.402192,-41.159601],[173.555512,-41.103285],[173.588634,-41.056329],[173.688813,-41.099705],[173.674815,-41.075942],[173.746593,-41.027114],[173.687673,-41.037367],[173.698741,-40.999933],[173.853526,-40.925877],[173.849783,-40.971856],[173.87379,-40.976007],[173.983653,-40.900974],[174.034841,-40.933526],[173.969412,-40.927667],[173.917979,-41.001886],[173.795746,-41.001397],[173.770274,-41.099705],[173.790212,-41.110121],[173.828136,-41.063409],[173.95574,-41.058689],[173.880138,-41.082208],[173.885997,-41.10589],[173.829112,-41.140069],[173.87379,-41.185235],[173.861827,-41.217869],[173.763927,-41.264744],[173.774262,-41.283949],[173.934581,-41.236749],[173.887462,-41.216241],[174.006033,-41.221938],[174.133962,-41.175388],[173.896332,-41.191664],[173.887462,-41.161065],[173.948904,-41.079034],[173.983653,-41.085219],[173.976329,-41.147393],[174.045665,-41.092869],[174.033702,-41.017185],[174.000173,-41.052911],[173.956309,-41.022638],[173.998546,-40.968845],[174.094249,-41.019138],[174.198904,-40.984552],[174.207205,-41.070571],[174.326427,-41.009373],[174.260427,-41.118259],[174.216807,-41.147393],[174.20281,-41.096287],[174.167003,-41.1242],[174.216482,-41.188897],[173.938324,-41.267755],[174.138927,-41.239516],[174.211762,-41.262384],[174.325694,-41.216241],[174.245291,-41.322442],[174.190278,-41.343357],[174.19752,-41.314874],[174.133067,-41.320082],[174.055512,-41.424574],[174.058116,-41.517267],[174.115408,-41.558526],[174.105968,-41.513442],[174.172374,-41.57822],[174.225922,-41.723403],[174.286388,-41.754571],[174.21518,-41.856703],[174.00408,-42.031183],[173.89088,-42.240818],[173.703624,-42.378595],[173.715587,-42.443455],[173.668468,-42.41546],[173.558604,-42.491143],[173.499522,-42.610121],[173.455414,-42.62713],[173.476573,-42.641371],[173.38795,-42.800226],[173.32252,-42.851332],[173.291026,-42.946873],[173.153656,-43.002537],[173.083263,-43.06699],[172.91505,-43.102797],[172.811209,-43.169041],[172.748694,-43.279694]]],[[[175.16863,-36.741143],[175.206391,-36.744806],[175.182628,-36.824965],[175.099376,-36.82936],[175.009776,-36.773696],[175.124522,-36.772149],[175.16863,-36.741143]]],[[[175.847667,-36.625095],[175.797537,-36.621759],[175.776866,-36.587498],[175.799164,-36.569757],[175.847667,-36.625095]]],[[[174.853282,-36.391697],[174.882335,-36.389744],[174.90797,-36.439386],[174.855235,-36.452407],[174.853282,-36.391697]]],[[[175.134532,-36.175958],[175.146007,-36.221938],[175.080821,-36.205662],[175.134532,-36.175958]]],[[[175.538422,-36.282403],[175.557791,-36.304295],[175.522797,-36.352146],[175.505544,-36.309259],[175.47755,-36.319757],[175.333751,-36.223728],[175.326915,-36.199884],[175.352794,-36.225193],[175.369477,-36.207127],[175.333751,-36.131606],[175.387706,-36.117934],[175.364106,-36.081313],[175.420258,-36.071954],[175.460297,-36.149102],[175.512055,-36.170994],[175.501801,-36.241306],[175.538422,-36.282403]]],[[[172.145995,-34.144658],[172.148231,-34.164982],[172.116323,-34.144252],[172.145995,-34.144658]]],[[[176.953712,-39.607513],[177.035655,-39.663832],[177.118907,-39.66725],[177.036388,-39.753595],[176.861827,-40.14072],[176.797048,-40.222833],[176.681814,-40.274591],[176.669444,-40.311293],[176.703624,-40.290216],[176.628429,-40.462091],[176.56186,-40.481215],[176.424815,-40.603936],[176.235606,-40.913995],[176.14975,-40.967055],[176.068126,-41.139825],[175.966807,-41.247003],[175.448416,-41.551853],[175.237478,-41.620294],[175.181326,-41.510024],[175.181814,-41.417901],[175.035167,-41.380792],[174.917166,-41.445001],[174.87908,-41.429864],[174.889659,-41.224542],[174.785411,-41.249444],[174.771332,-41.277765],[174.818126,-41.286716],[174.810069,-41.333754],[174.694835,-41.339532],[174.609386,-41.291925],[174.611501,-41.2374],[174.675141,-41.223077],[174.78004,-41.116143],[174.871267,-41.09531],[174.861339,-41.033298],[174.926606,-40.99212],[174.969981,-40.890069],[175.141287,-40.674412],[175.222667,-40.46502],[175.23878,-40.296319],[175.183767,-40.134454],[174.967296,-39.916436],[174.84197,-39.862481],[174.567638,-39.826755],[174.319021,-39.613865],[173.986583,-39.54225],[173.851248,-39.463962],[173.784434,-39.393243],[173.759288,-39.301365],[173.777599,-39.207696],[173.852712,-39.134454],[174.211599,-38.973321],[174.41505,-38.963067],[174.594005,-38.818617],[174.634776,-38.700616],[174.643565,-38.462823],[174.707367,-38.288507],[174.709809,-38.10475],[174.866873,-38.145685],[174.839041,-38.124688],[174.942638,-38.097345],[174.855968,-38.055759],[174.801768,-38.091078],[174.798595,-38.043227],[174.888031,-37.966892],[174.853282,-37.947849],[174.828136,-37.988539],[174.788097,-37.985284],[174.79184,-37.872003],[174.818858,-37.824884],[174.976817,-37.803806],[174.969981,-37.734796],[174.914806,-37.775811],[174.850352,-37.764907],[174.728526,-37.457778],[174.726899,-37.389093],[174.835785,-37.30283],[174.779552,-37.309828],[174.742686,-37.357354],[174.706391,-37.347833],[174.558279,-37.062758],[174.667328,-37.069513],[174.740001,-37.244399],[174.747325,-37.17254],[174.804861,-37.166274],[174.734548,-37.159356],[174.785899,-37.108657],[174.79184,-37.132745],[174.880544,-37.076349],[174.945811,-37.113051],[174.943614,-37.088067],[174.834972,-37.008477],[174.800304,-37.018324],[174.783865,-36.986261],[174.828787,-36.95379],[174.768321,-36.933526],[174.667328,-36.944106],[174.611501,-37.018324],[174.5796,-37.001153],[174.500336,-37.032159],[174.407563,-36.761489],[174.217947,-36.545099],[174.182302,-36.45322],[174.209727,-36.425877],[174.20281,-36.481052],[174.243175,-36.439548],[174.379731,-36.581964],[174.365245,-36.620782],[174.441742,-36.645603],[174.490733,-36.576593],[174.469737,-36.583429],[174.44988,-36.515313],[174.467621,-36.379002],[174.434581,-36.357354],[174.389985,-36.38893],[174.299571,-36.386651],[174.271007,-36.33766],[174.395193,-36.322686],[174.521495,-36.25449],[174.514903,-36.234308],[174.371267,-36.287856],[174.305186,-36.282403],[174.310069,-36.260512],[174.35613,-36.280857],[174.437999,-36.164809],[174.441742,-36.13836],[174.393891,-36.1242],[174.385509,-36.188735],[174.33253,-36.227797],[174.316173,-36.180759],[174.271821,-36.172947],[174.284679,-36.117934],[174.182302,-36.145196],[174.318858,-36.241469],[174.269054,-36.26629],[174.141368,-36.17254],[174.075206,-36.168064],[173.998057,-36.116388],[173.990408,-36.059259],[173.900564,-35.959649],[173.937266,-35.931899],[173.925792,-35.875909],[173.922374,-35.926853],[173.884288,-35.943536],[173.979991,-36.10711],[174.131114,-36.271905],[174.182302,-36.289239],[174.161876,-36.296808],[174.20281,-36.347589],[174.174815,-36.382094],[174.079845,-36.399509],[174.024099,-36.268162],[173.407237,-35.571222],[173.457856,-35.437921],[173.541515,-35.452569],[173.54184,-35.41074],[173.572113,-35.432712],[173.660899,-35.312921],[173.612153,-35.2999],[173.592621,-35.336521],[173.565278,-35.274509],[173.566417,-35.360528],[173.406993,-35.391209],[173.369965,-35.516534],[173.272146,-35.391371],[173.31837,-35.302341],[173.269705,-35.321954],[173.24936,-35.370701],[173.207286,-35.333429],[173.245128,-35.293145],[173.177501,-35.29046],[173.100271,-35.219985],[173.095225,-35.18727],[173.179373,-35.15602],[173.198416,-35.109063],[173.156749,-34.945001],[172.799327,-34.550958],[172.674083,-34.479913],[172.69809,-34.421808],[172.82545,-34.445896],[172.899669,-34.412286],[173.079275,-34.411716],[173.042735,-34.446873],[173.038097,-34.522068],[172.970063,-34.466567],[172.916677,-34.537286],[172.948985,-34.56992],[172.975759,-34.541436],[172.967052,-34.563165],[172.996837,-34.561782],[173.003673,-34.64422],[173.031098,-34.591567],[173.009776,-34.541436],[173.035818,-34.552341],[173.071788,-34.698989],[173.17921,-34.793634],[173.18865,-34.835626],[173.119151,-34.774102],[173.123057,-34.809666],[173.298188,-34.909438],[173.263845,-35.002211],[173.317149,-35.015395],[173.355805,-34.979669],[173.357921,-34.868748],[173.424815,-34.846449],[173.43572,-34.796482],[173.448741,-34.849867],[173.479015,-34.837335],[173.503184,-34.869806],[173.404063,-34.903416],[173.458751,-34.981215],[173.586436,-35.014907],[173.565278,-34.945489],[173.588227,-34.927504],[173.660655,-34.96852],[173.722667,-34.959731],[173.771251,-35.002862],[173.734141,-35.055597],[173.760265,-35.096938],[173.803477,-35.020766],[173.89088,-35.000665],[173.990001,-35.118748],[174.12794,-35.136489],[174.15504,-35.182306],[174.033865,-35.16253],[174.052013,-35.199395],[174.018077,-35.202895],[174.030528,-35.227227],[174.093516,-35.219822],[174.148204,-35.366876],[174.20281,-35.322849],[174.249197,-35.332208],[174.164561,-35.290134],[174.175792,-35.269789],[174.288341,-35.262302],[174.353038,-35.199395],[174.34018,-35.311782],[174.401378,-35.322849],[174.422374,-35.373712],[174.342133,-35.337091],[174.385753,-35.418552],[174.474783,-35.45379],[174.498302,-35.488946],[174.464366,-35.505629],[174.569509,-35.594334],[174.565278,-35.651788],[174.476573,-35.643243],[174.531016,-35.671645],[174.528331,-35.718357],[174.576182,-35.750258],[174.606781,-35.84352],[174.558849,-35.839044],[174.481944,-35.769464],[174.385509,-35.789483],[174.359874,-35.713311],[174.352712,-35.841974],[174.415863,-35.816827],[174.503754,-35.830011],[174.516124,-35.86712],[174.476573,-35.905043],[174.509125,-36.000095],[174.63087,-36.055108],[174.62615,-36.107354],[174.824474,-36.277032],[174.806407,-36.334893],[174.880544,-36.351332],[174.753266,-36.368341],[174.783051,-36.471287],[174.716645,-36.411554],[174.734874,-36.455662],[174.709809,-36.473565],[174.743988,-36.500909],[174.709646,-36.542087],[174.722911,-36.593683],[174.856944,-36.610935],[174.781586,-36.645603],[174.723481,-36.63128],[174.819102,-36.823663],[174.743988,-36.816827],[174.703624,-36.758477],[174.621104,-36.796319],[174.66505,-36.799574],[174.649425,-36.825942],[174.692556,-36.913018],[174.766449,-36.842706],[174.897472,-36.862481],[174.884776,-36.95908],[174.928396,-36.837335],[174.963145,-36.933526],[175.011404,-36.92783],[175.02711,-36.874607],[175.079845,-36.884535],[175.093435,-36.970473],[175.22169,-36.940851],[175.319021,-36.999607],[175.324718,-37.151625],[175.367198,-37.207208],[175.447927,-37.224867],[175.570974,-37.184503],[175.609548,-37.25156],[175.62794,-37.241957],[175.527843,-36.962498],[175.448904,-36.874119],[175.503184,-36.861749],[175.517914,-36.844822],[175.455903,-36.837335],[175.53712,-36.786065],[175.482432,-36.704767],[175.497569,-36.63128],[175.370616,-36.559259],[175.354259,-36.490981],[175.44044,-36.474705],[175.495942,-36.53045],[175.532237,-36.507745],[175.562022,-36.55169],[175.538422,-36.597101],[175.607432,-36.642185],[175.576671,-36.689874],[175.634451,-36.704522],[175.628103,-36.763849],[175.681651,-36.722345],[175.841319,-36.719415],[175.848318,-36.748142],[175.746837,-36.798028],[175.711111,-36.867283],[175.744884,-36.889907],[175.751964,-36.837172],[175.850759,-36.840997],[175.88795,-36.97381],[175.868012,-37.053399],[175.919688,-37.05462],[175.884939,-37.128676],[175.917817,-37.187188],[175.900076,-37.177179],[175.88795,-37.241957],[175.943126,-37.282403],[176.004649,-37.447442],[175.984874,-37.476495],[176.09018,-37.518813],[176.169119,-37.624933],[176.075694,-37.596449],[176.059255,-37.58408],[176.100841,-37.570408],[176.01588,-37.515883],[175.943126,-37.521905],[175.995616,-37.626886],[176.063324,-37.632013],[176.121104,-37.681329],[176.189952,-37.672784],[176.201508,-37.719903],[176.229991,-37.715753],[176.208751,-37.636163],[176.236339,-37.631768],[176.271739,-37.68255],[176.490571,-37.755304],[176.718272,-37.877699],[177.097911,-37.965265],[177.135509,-37.981866],[177.076915,-37.981866],[177.145518,-38.023533],[177.149181,-37.981866],[177.296641,-38.00921],[177.556814,-37.913832],[177.731456,-37.683282],[177.858653,-37.652276],[178.031505,-37.549574],[178.301036,-37.565037],[178.330577,-37.611098],[178.550548,-37.680597],[178.555919,-37.726739],[178.348318,-38.012628],[178.381114,-38.078709],[178.339366,-38.130141],[178.354666,-38.188084],[178.318533,-38.26572],[178.358897,-38.327732],[178.300141,-38.531671],[178.079845,-38.70908],[177.997325,-38.683282],[177.931326,-38.714288],[177.961681,-38.772882],[177.882823,-39.085545],[177.998871,-39.129815],[177.944347,-39.173517],[177.911957,-39.255955],[177.8685,-39.290216],[177.841156,-39.228936],[177.852061,-39.089288],[177.422618,-39.061293],[177.064952,-39.199395],[176.906912,-39.400323],[176.953712,-39.607513]]]]}},{"type":"Feature","properties":{"iso3":"NCL","name":"New Caledonia","continent":"Oceania"},"geometry":{"type":"MultiPolygon","coordinates":[[[[163.985118,-20.047621],[163.978201,-20.083103],[163.971365,-20.06878],[163.956391,-20.073663],[163.947113,-20.066013],[163.937266,-20.033949],[163.949718,-20.002211],[163.967133,-20.008071],[163.985118,-20.047621]]],[[[167.521007,-22.569594],[167.554698,-22.612237],[167.555186,-22.638442],[167.530935,-22.605564],[167.521007,-22.603692],[167.521007,-22.648696],[167.507335,-22.670668],[167.475841,-22.667087],[167.418712,-22.645278],[167.42449,-22.5617],[167.432302,-22.54225],[167.476899,-22.54339],[167.521007,-22.569594]]],[[[166.801768,-22.398858],[166.82545,-22.395685],[166.843272,-22.41253],[166.843435,-22.424412],[166.840587,-22.431248],[166.828949,-22.425551],[166.801768,-22.439874],[166.801768,-22.445977],[166.820974,-22.448826],[166.801768,-22.463067],[166.770763,-22.450616],[166.789399,-22.406671],[166.801768,-22.398858]]],[[[168.137462,-21.431817],[168.143728,-21.488702],[168.12379,-21.555352],[168.126801,-21.622247],[168.035411,-21.658461],[167.992931,-21.654962],[167.958181,-21.638442],[167.959972,-21.61061],[167.912608,-21.595636],[167.863617,-21.603692],[167.859223,-21.597345],[167.856781,-21.589532],[167.889496,-21.559015],[167.891612,-21.541681],[167.856781,-21.500746],[167.843923,-21.439223],[167.808442,-21.383966],[167.848806,-21.37477],[167.904959,-21.392755],[167.987804,-21.335626],[167.990408,-21.348728],[167.966645,-21.394301],[167.983653,-21.429376],[168.00766,-21.452895],[168.038748,-21.459731],[168.074474,-21.455743],[168.137462,-21.431817]]],[[[166.424978,-20.719903],[166.458507,-20.719903],[166.45338,-20.728936],[166.418142,-20.740411],[166.39088,-20.726739],[166.424978,-20.719903]]],[[[167.432302,-21.027765],[167.464692,-21.063653],[167.431814,-21.074884],[167.42335,-21.147556],[167.390798,-21.178643],[167.331065,-21.164158],[167.322439,-21.13421],[167.282074,-21.123468],[167.267589,-21.091485],[167.176036,-21.082208],[167.146332,-21.073012],[167.120128,-21.051935],[167.096446,-21.027765],[167.08839,-21.003839],[167.067393,-20.996352],[167.061534,-20.986261],[167.068614,-20.959568],[167.020844,-20.911716],[167.082205,-20.916192],[167.121593,-20.901544],[167.190929,-20.809991],[167.185313,-20.788181],[167.120128,-20.760186],[167.044444,-20.768243],[167.047048,-20.737237],[167.058849,-20.715997],[167.113129,-20.701104],[167.154307,-20.713067],[167.171886,-20.702569],[167.178477,-20.682061],[167.212576,-20.672133],[167.30128,-20.713067],[167.308279,-20.73089],[167.281505,-20.784438],[167.30128,-20.849705],[167.281505,-20.894301],[167.331065,-20.929457],[167.385509,-20.941664],[167.40504,-20.972426],[167.390798,-21.007908],[167.399181,-21.01922],[167.432302,-21.027765]]],[[[166.637218,-20.425063],[166.67335,-20.445733],[166.673839,-20.463637],[166.633474,-20.465997],[166.611339,-20.477227],[166.579275,-20.549574],[166.587657,-20.599867],[166.629731,-20.596368],[166.575206,-20.685154],[166.537283,-20.704685],[166.493907,-20.713067],[166.479666,-20.699395],[166.508962,-20.683526],[166.558279,-20.624444],[166.559581,-20.545668],[166.60377,-20.458591],[166.599376,-20.43963],[166.571462,-20.405938],[166.561371,-20.410821],[166.563731,-20.401951],[166.60377,-20.383477],[166.615977,-20.389418],[166.637218,-20.425063]]],[[[167.034434,-22.237481],[167.031749,-22.246677],[167.013438,-22.254815],[167.02711,-22.276462],[167.000743,-22.336684],[166.993419,-22.344334],[166.988536,-22.335056],[166.965587,-22.347263],[166.966156,-22.364679],[166.915701,-22.395603],[166.890961,-22.392022],[166.925304,-22.370864],[166.903087,-22.373305],[166.874278,-22.322035],[166.860037,-22.350518],[166.851817,-22.346449],[166.835785,-22.316339],[166.849457,-22.310154],[166.840343,-22.297947],[166.824718,-22.314223],[166.818858,-22.353611],[166.822276,-22.364679],[166.843272,-22.378351],[166.806651,-22.375177],[166.77768,-22.392022],[166.752615,-22.386651],[166.739268,-22.374282],[166.740571,-22.360447],[166.76002,-22.344334],[166.719981,-22.343845],[166.706065,-22.334731],[166.71225,-22.316339],[166.705577,-22.310154],[166.690603,-22.315118],[166.667491,-22.307224],[166.637218,-22.278741],[166.59962,-22.288995],[166.56658,-22.277114],[166.554454,-22.26214],[166.565684,-22.250665],[166.545584,-22.237563],[166.506196,-22.23447],[166.478363,-22.287205],[166.458507,-22.282159],[166.452322,-22.288995],[166.460134,-22.307712],[166.436697,-22.308038],[166.446056,-22.248142],[166.418142,-22.245701],[166.397634,-22.226821],[166.430024,-22.228123],[166.452322,-22.213962],[166.434255,-22.212986],[166.428233,-22.204278],[166.431814,-22.172296],[166.39088,-22.172296],[166.383311,-22.196384],[166.367931,-22.202081],[166.344005,-22.227472],[166.340994,-22.210626],[166.349864,-22.200291],[166.315115,-22.172296],[166.328136,-22.144952],[166.312022,-22.154718],[166.285899,-22.149347],[166.287771,-22.158624],[166.268728,-22.165785],[166.218761,-22.151788],[166.208832,-22.117771],[166.157481,-22.086684],[166.145274,-22.084568],[166.130138,-22.104099],[166.108897,-22.090427],[166.116466,-22.062433],[166.1421,-22.07586],[166.150401,-22.071954],[166.144542,-22.046563],[166.116466,-22.028416],[166.164317,-22.035089],[166.163341,-22.024591],[166.135265,-22.008559],[166.140961,-21.983575],[166.135753,-21.958266],[166.088552,-21.938897],[166.069998,-21.943048],[166.082286,-21.925226],[166.064464,-21.913018],[166.061209,-21.891209],[166.039887,-21.909926],[166.036143,-21.941583],[166.006602,-21.938897],[166.009613,-21.955824],[166.003184,-21.963962],[165.965994,-21.928888],[165.934906,-21.917739],[165.914317,-21.884942],[165.872813,-21.861017],[165.810883,-21.858575],[165.808604,-21.843357],[165.8296,-21.852146],[165.794932,-21.816664],[165.800304,-21.792087],[165.780772,-21.791111],[165.780772,-21.816664],[165.764008,-21.811212],[165.759532,-21.768813],[165.732921,-21.738946],[165.732921,-21.719822],[165.725352,-21.719822],[165.706879,-21.748305],[165.677745,-21.761407],[165.677501,-21.729425],[165.669932,-21.725274],[165.65089,-21.726739],[165.63795,-21.740167],[165.504568,-21.678155],[165.473888,-21.651788],[165.48585,-21.62363],[165.463145,-21.625909],[165.479015,-21.616876],[165.463145,-21.605645],[165.413422,-21.62363],[165.290782,-21.576755],[165.268809,-21.552667],[165.256847,-21.515069],[165.173513,-21.483005],[165.116547,-21.397719],[165.111664,-21.373142],[165.087087,-21.377618],[165.084483,-21.391371],[165.075694,-21.396091],[165.06186,-21.377211],[165.046641,-21.38836],[165.026622,-21.383966],[165.045421,-21.364679],[165.043142,-21.348077],[165.027517,-21.339125],[165.005544,-21.343032],[165.013927,-21.328058],[165.009288,-21.318048],[164.985525,-21.302016],[164.971934,-21.349867],[164.951427,-21.353774],[164.937755,-21.335626],[164.951427,-21.302016],[164.920421,-21.285089],[164.834158,-21.183282],[164.827159,-21.114679],[164.819184,-21.104099],[164.800059,-21.110284],[164.807384,-21.082289],[164.786388,-21.076267],[164.792247,-21.068536],[164.783946,-21.064386],[164.772716,-21.069431],[164.770274,-21.080987],[164.758962,-21.082452],[164.739594,-21.058364],[164.719249,-21.065851],[164.725434,-21.076267],[164.711762,-21.089776],[164.69337,-21.042901],[164.664073,-21.014093],[164.683279,-21.001153],[164.636729,-20.972426],[164.660818,-20.964776],[164.656586,-20.945896],[164.622813,-20.933526],[164.622406,-20.917901],[164.600597,-20.927667],[164.561046,-20.898045],[164.519379,-20.890558],[164.502615,-20.863214],[164.462413,-20.848565],[164.375499,-20.774021],[164.365571,-20.758071],[164.40268,-20.754083],[164.410411,-20.738458],[164.404307,-20.725356],[164.357188,-20.702325],[164.335134,-20.65545],[164.316742,-20.644789],[164.286632,-20.57586],[164.266124,-20.582696],[164.256033,-20.565037],[164.192556,-20.525811],[164.177419,-20.504002],[164.158702,-20.43255],[164.123383,-20.410821],[164.118663,-20.390313],[164.156993,-20.397149],[164.166515,-20.386651],[164.166515,-20.332127],[164.132498,-20.300958],[164.073741,-20.294122],[164.081228,-20.267836],[164.07488,-20.261163],[164.06072,-20.266778],[164.059337,-20.288018],[164.040212,-20.300958],[164.025401,-20.297052],[164.018077,-20.278497],[163.994802,-20.264255],[163.99822,-20.244561],[164.016612,-20.231052],[164.04713,-20.239435],[164.056407,-20.227634],[164.033458,-20.192315],[164.052501,-20.17783],[164.04713,-20.151462],[164.032237,-20.140313],[163.991954,-20.151462],[164.005544,-20.123468],[163.986013,-20.109633],[163.991954,-20.083103],[164.01352,-20.083103],[164.051768,-20.109308],[164.077403,-20.149835],[164.109141,-20.164972],[164.197927,-20.260512],[164.244314,-20.285333],[164.264334,-20.28867],[164.292817,-20.28102],[164.31658,-20.319106],[164.334483,-20.321466],[164.310883,-20.27516],[164.306488,-20.23504],[164.495616,-20.300226],[164.595225,-20.403578],[164.653494,-20.431817],[164.684581,-20.458591],[164.725434,-20.472833],[164.767751,-20.520766],[164.791759,-20.535089],[164.82781,-20.582696],[164.879649,-20.62656],[164.91977,-20.645115],[164.935232,-20.659112],[164.930349,-20.672133],[164.947927,-20.683689],[164.988536,-20.685317],[165.061534,-20.734063],[165.167166,-20.754083],[165.184093,-20.768243],[165.198578,-20.760512],[165.21754,-20.764418],[165.264415,-20.813246],[165.259939,-20.828546],[165.280447,-20.883884],[165.323253,-20.912774],[165.328298,-20.928399],[165.413097,-20.949151],[165.395518,-21.018243],[165.406749,-21.055434],[165.502208,-21.12713],[165.542979,-21.134698],[165.541026,-21.151951],[165.554861,-21.144464],[165.58546,-21.16839],[165.615408,-21.206476],[165.583263,-21.202325],[165.554861,-21.18613],[165.568614,-21.206964],[165.60255,-21.226495],[165.623057,-21.267999],[165.706554,-21.292169],[165.725352,-21.309503],[165.754405,-21.302341],[165.781261,-21.316176],[165.801117,-21.340265],[165.808604,-21.363539],[165.826182,-21.359633],[165.836681,-21.402032],[165.856293,-21.418715],[165.845876,-21.398858],[165.84962,-21.383966],[165.868175,-21.379164],[165.883637,-21.397719],[165.890391,-21.378025],[165.87615,-21.356703],[165.894054,-21.361098],[165.94988,-21.455743],[165.945323,-21.464288],[165.924083,-21.459731],[165.972341,-21.493829],[165.966482,-21.503025],[165.992931,-21.497247],[165.964041,-21.435805],[165.961925,-21.417413],[165.969412,-21.410414],[166.020274,-21.452895],[166.064626,-21.463149],[166.066742,-21.469903],[166.048188,-21.479669],[166.068044,-21.487074],[166.07488,-21.528009],[166.116466,-21.517267],[166.253917,-21.618748],[166.370372,-21.658949],[166.370372,-21.665216],[166.342459,-21.665216],[166.3567,-21.693129],[166.425548,-21.712335],[166.437022,-21.731541],[166.475841,-21.758396],[166.489757,-21.792169],[166.513682,-21.802992],[166.506196,-21.809259],[166.573416,-21.874933],[166.661388,-21.93963],[166.671235,-21.925226],[166.719086,-21.952569],[166.719086,-21.960056],[166.685069,-21.973077],[166.685069,-21.980564],[166.76002,-21.986749],[166.778331,-22.014581],[166.873709,-22.035089],[166.938813,-22.079848],[166.960785,-22.119236],[166.959321,-22.144952],[166.948009,-22.16367],[166.971528,-22.17018],[167.034434,-22.237481]]],[[[164.22462,-20.137628],[164.240245,-20.158298],[164.1692,-20.123305],[164.163748,-20.061944],[164.170584,-20.061944],[164.22462,-20.137628]]],[[[163.682791,-19.739841],[163.696137,-19.765069],[163.669688,-19.787693],[163.639985,-19.723728],[163.637869,-19.660577],[163.632335,-19.645929],[163.615733,-19.636163],[163.621837,-19.623712],[163.649669,-19.646254],[163.682791,-19.739841]]],[[[171.340605,-22.344761],[171.343765,-22.346342],[171.341922,-22.349239],[171.340605,-22.344761]]]]}},{"type":"Feature","properties":{"iso3":"PCN","name":"Pitcairn Islands","continent":"Oceania"},"geometry":{"type":"MultiPolygon","coordinates":[[[[-130.120351,-25.068292],[-130.101145,-25.064386],[-130.086252,-25.075128],[-130.105336,-25.076755],[-130.120351,-25.068292]]],[[[-124.786163,-24.664565],[-124.797109,-24.667087],[-124.780588,-24.664646],[-124.778066,-24.67254],[-124.786163,-24.664565]]],[[[-128.33019,-24.324314],[-128.3037,-24.334649],[-128.290842,-24.365655],[-128.290151,-24.39837],[-128.30012,-24.41367],[-128.320668,-24.400649],[-128.342193,-24.371759],[-128.35025,-24.341241],[-128.33019,-24.324314]]],[[[-130.745269,-23.924412],[-130.746978,-23.932794],[-130.753082,-23.92962],[-130.745269,-23.924412]]]]}},{"type":"Feature","properties":{"iso3":"PYF","name":"French Polynesia","continent":"Oceania"},"geometry":{"type":"MultiPolygon","coordinates":[[[[-136.165761,-22.024347],[-136.185862,-22.034438],[-136.163564,-22.013604],[-136.165761,-22.024347]]],[[[-136.377187,-21.468357],[-136.395823,-21.462823],[-136.413401,-21.471368],[-136.391469,-21.45615],[-136.379872,-21.45908],[-136.377187,-21.468357]]],[[[-136.549387,-21.336847],[-136.532216,-21.331313],[-136.525706,-21.338067],[-136.529449,-21.349867],[-136.543121,-21.359796],[-136.535715,-21.34238],[-136.549387,-21.336847]]],[[[-136.63622,-21.341567],[-136.651601,-21.322931],[-136.639882,-21.32643],[-136.63622,-21.341567]]],[[[-136.734364,-21.312107],[-136.742258,-21.304457],[-136.752187,-21.308526],[-136.738637,-21.299493],[-136.729115,-21.318048],[-136.734364,-21.312107]]],[[[-140.413971,-19.61419],[-140.407379,-19.610121],[-140.383168,-19.625421],[-140.377024,-19.636326],[-140.387359,-19.656996],[-140.412424,-19.663832],[-140.386627,-19.640313],[-140.389801,-19.628839],[-140.413971,-19.61419]]],[[[-139.20226,-19.350681],[-139.214833,-19.334568],[-139.195912,-19.340916],[-139.20519,-19.359145],[-139.20226,-19.350681]]],[[[-138.796742,-19.290297],[-138.812123,-19.283787],[-138.794586,-19.281671],[-138.796742,-19.290297]]],[[[-141.266184,-19.203546],[-141.252349,-19.189711],[-141.237172,-19.193617],[-141.227528,-19.208429],[-141.230377,-19.227146],[-141.242787,-19.202244],[-141.266184,-19.203546]]],[[[-140.721832,-19.133722],[-140.696197,-19.119317],[-140.670155,-19.131768],[-140.660878,-19.152439],[-140.685862,-19.161554],[-140.670033,-19.142755],[-140.681386,-19.132257],[-140.721832,-19.133722]]],[[[-138.801584,-18.765232],[-138.793202,-18.778904],[-138.829742,-18.759942],[-138.801584,-18.765232]]],[[[-143.092112,-17.853285],[-143.080881,-17.837579],[-143.072255,-17.840427],[-143.059885,-17.865818],[-143.072825,-17.844334],[-143.082387,-17.857517],[-143.092112,-17.853285]]],[[[-150.655263,-17.668715],[-150.643178,-17.65545],[-150.644968,-17.677992],[-150.655263,-17.668715]]],[[[-141.438547,-17.368097],[-141.453847,-17.352309],[-141.481842,-17.348565],[-141.460764,-17.344822],[-141.44518,-17.351739],[-141.434967,-17.389337],[-141.438547,-17.368097]]],[[[-138.441721,-17.366388],[-138.461415,-17.365655],[-138.460927,-17.350356],[-138.446929,-17.332696],[-138.426137,-17.324884],[-138.458811,-17.356866],[-138.441721,-17.366388]]],[[[-143.084828,-17.004571],[-143.101226,-16.990167],[-143.079823,-16.993341],[-143.062001,-17.008966],[-143.084828,-17.004571]]],[[[-149.583608,-16.987074],[-149.568227,-16.982192],[-149.586863,-17.000421],[-149.583608,-16.987074]]],[[[-153.93399,-16.79754],[-153.920155,-16.83172],[-153.933217,-16.819106],[-153.950673,-16.773858],[-153.937734,-16.779474],[-153.93399,-16.79754]]],[[[-144.200673,-16.64837],[-144.19811,-16.642185],[-144.18814,-16.645685],[-144.169586,-16.66725],[-144.200673,-16.64837]]],[[[-152.2447,-16.44378],[-152.256296,-16.451267],[-152.263621,-16.447198],[-152.261464,-16.441502],[-152.2447,-16.44378]]],[[[-145.898915,-15.888116],[-145.95051,-15.839614],[-145.914296,-15.863539],[-145.89859,-15.878351],[-145.898915,-15.888116]]],[[[-140.888987,-15.819757],[-140.852366,-15.815525],[-140.879709,-15.838311],[-140.895009,-15.83294],[-140.888987,-15.819757]]],[[[-148.250844,-15.867446],[-148.271718,-15.853204],[-148.279368,-15.830499],[-148.275583,-15.809991],[-148.262074,-15.802423],[-148.229929,-15.848077],[-148.230784,-15.856866],[-148.250844,-15.867446]]],[[[-146.486643,-15.803399],[-146.481923,-15.826918],[-146.503041,-15.791681],[-146.486643,-15.803399]]],[[[-154.523183,-15.819431],[-154.522084,-15.80047],[-154.536977,-15.79225],[-154.52477,-15.789321],[-154.519114,-15.795587],[-154.516347,-15.817315],[-154.525461,-15.827732],[-154.523183,-15.819431]]],[[[-144.64981,-15.730157],[-144.632802,-15.728448],[-144.620432,-15.747003],[-144.641916,-15.755141],[-144.64981,-15.730157]]],[[[-145.455881,-15.479587],[-145.432688,-15.488539],[-145.437856,-15.496352],[-145.457346,-15.481703],[-145.523915,-15.470473],[-145.549631,-15.452081],[-145.455881,-15.479587]]],[[[-146.194163,-15.35947],[-146.202992,-15.388849],[-146.196156,-15.347589],[-146.203603,-15.331476],[-146.217193,-15.323663],[-146.196685,-15.335626],[-146.194163,-15.35947]]],[[[-146.620839,-15.239841],[-146.639027,-15.232599],[-146.611724,-15.24391],[-146.597768,-15.27158],[-146.620839,-15.239841]]],[[[-147.256256,-15.232517],[-147.242258,-15.232354],[-147.237416,-15.244236],[-147.256256,-15.232517]]],[[[-147.778961,-15.216404],[-147.774078,-15.213474],[-147.737131,-15.235284],[-147.778961,-15.216404]]],[[[-147.458974,-15.121352],[-147.530873,-15.069024],[-147.492502,-15.091078],[-147.458974,-15.121352]]],[[[-147.931956,-15.080824],[-147.937815,-15.070896],[-147.936594,-15.066339],[-147.931956,-15.080824]]],[[[-145.922434,-14.43377],[-145.943715,-14.441827],[-145.966176,-14.443129],[-145.922434,-14.43377]]],[[[-141.17455,-14.18963],[-141.179514,-14.196466],[-141.18928,-14.190199],[-141.212799,-14.164972],[-141.17455,-14.18963]]],[[[-147.724233,-23.871759],[-147.724233,-23.864923],[-147.705881,-23.858575],[-147.647857,-23.851821],[-147.668935,-23.871759],[-147.698964,-23.878025],[-147.724233,-23.871759]]],[[[-149.481679,-23.357843],[-149.456492,-23.36533],[-149.450917,-23.381117],[-149.463246,-23.395766],[-149.507802,-23.400486],[-149.518748,-23.394952],[-149.526723,-23.368097],[-149.521433,-23.362726],[-149.481679,-23.357843]]],[[[-135.019358,-23.117608],[-134.997955,-23.116306],[-134.965484,-23.090509],[-134.942983,-23.083591],[-134.984527,-23.138767],[-135.019358,-23.125095],[-135.019358,-23.117608]]],[[[-151.386871,-22.422459],[-151.367502,-22.434177],[-151.355906,-22.456638],[-151.362742,-22.508071],[-151.376332,-22.514337],[-151.397043,-22.442153],[-151.386871,-22.422459]]],[[[-140.671946,-21.658949],[-140.653188,-21.647068],[-140.634185,-21.660821],[-140.603668,-21.706801],[-140.630523,-21.721612],[-140.658274,-21.71266],[-140.675771,-21.688897],[-140.671946,-21.658949]]],[[[-140.678782,-17.780369],[-140.727162,-17.807061],[-140.785227,-17.858575],[-140.812123,-17.863051],[-140.837026,-17.85475],[-140.822743,-17.807061],[-140.78246,-17.751642],[-140.652089,-17.684177],[-140.624664,-17.68727],[-140.619862,-17.70672],[-140.628489,-17.728448],[-140.678782,-17.780369]]],[[[-149.183461,-17.731215],[-149.160634,-17.756931],[-149.149119,-17.802016],[-149.156443,-17.846287],[-149.190297,-17.869073],[-149.27595,-17.844903],[-149.334299,-17.75921],[-149.347971,-17.718194],[-149.357533,-17.717869],[-149.371816,-17.738702],[-149.450388,-17.75921],[-149.487864,-17.757989],[-149.576121,-17.737563],[-149.587514,-17.731215],[-149.605051,-17.671808],[-149.621205,-17.656183],[-149.638661,-17.61891],[-149.642161,-17.600844],[-149.632761,-17.553399],[-149.604319,-17.525811],[-149.519236,-17.498468],[-149.474965,-17.494073],[-149.387644,-17.517999],[-149.354115,-17.540134],[-149.335561,-17.56406],[-149.327463,-17.597833],[-149.327463,-17.684177],[-149.303944,-17.712091],[-149.183461,-17.731215]]],[[[-149.796702,-17.464451],[-149.786122,-17.468927],[-149.785634,-17.479181],[-149.804758,-17.52337],[-149.842763,-17.56756],[-149.861887,-17.566827],[-149.914052,-17.535333],[-149.937489,-17.512465],[-149.944407,-17.492364],[-149.934071,-17.481541],[-149.897776,-17.472263],[-149.885854,-17.491795],[-149.845815,-17.47796],[-149.834584,-17.484959],[-149.82311,-17.466567],[-149.796702,-17.464451]]],[[[-151.005808,-16.76922],[-151.00239,-16.760837],[-150.985341,-16.76922],[-150.979563,-16.800388],[-150.983876,-16.809259],[-150.992787,-16.807061],[-150.998891,-16.817966],[-151.013254,-16.820733],[-151.039906,-16.789972],[-151.034617,-16.777032],[-151.005808,-16.76922]]],[[[-151.478749,-16.738214],[-151.430776,-16.747817],[-151.352488,-16.858575],[-151.400868,-16.885349],[-151.41393,-16.88893],[-151.429392,-16.881931],[-151.440541,-16.901137],[-151.458241,-16.902602],[-151.477895,-16.889581],[-151.488108,-16.856378],[-151.49474,-16.764581],[-151.478749,-16.738214]]],[[[-151.026275,-16.708103],[-151.007558,-16.740492],[-151.047434,-16.766046],[-151.054026,-16.741795],[-151.035146,-16.694268],[-151.029001,-16.692478],[-151.026275,-16.708103]]],[[[-151.458241,-16.629002],[-151.463246,-16.674086],[-151.540395,-16.636489],[-151.536122,-16.594903],[-151.523752,-16.58294],[-151.472605,-16.580499],[-151.476552,-16.590509],[-151.449574,-16.594659],[-151.43871,-16.609308],[-151.441151,-16.619806],[-151.458241,-16.629002]]],[[[-151.780426,-16.478123],[-151.763783,-16.472345],[-151.753611,-16.483819],[-151.746938,-16.525974],[-151.762644,-16.525811],[-151.776845,-16.511814],[-151.784495,-16.492934],[-151.780426,-16.478123]]],[[[-146.387278,-16.108168],[-146.359364,-16.100193],[-146.337717,-16.113377],[-146.328765,-16.137628],[-146.338857,-16.162774],[-146.391754,-16.147231],[-146.402089,-16.129978],[-146.387278,-16.108168]]],[[[-138.698801,-10.426446],[-138.665191,-10.427341],[-138.636708,-10.440606],[-138.620432,-10.471856],[-138.620229,-10.510837],[-138.636952,-10.542169],[-138.671498,-10.55047],[-138.685618,-10.542087],[-138.694447,-10.507908],[-138.679596,-10.473565],[-138.698801,-10.426446]]],[[[-139.082387,-9.899509],[-139.04776,-9.92254],[-139.095855,-9.961684],[-139.130767,-10.014907],[-139.14387,-9.997817],[-139.138987,-9.959405],[-139.144439,-9.940362],[-139.103831,-9.888279],[-139.082387,-9.899509]]],[[[-138.836578,-9.741143],[-138.814036,-9.739516],[-138.869252,-9.791599],[-138.892079,-9.800714],[-138.955678,-9.809991],[-139.049713,-9.803481],[-139.06192,-9.853936],[-139.126291,-9.840102],[-139.143463,-9.828871],[-139.164906,-9.803318],[-139.173248,-9.774184],[-139.169423,-9.761],[-139.051381,-9.70143],[-139.01537,-9.694431],[-138.984527,-9.699477],[-138.961293,-9.733819],[-138.942738,-9.742364],[-138.866689,-9.755466],[-138.836578,-9.741143]]],[[[-140.076731,-9.323419],[-140.053863,-9.346287],[-140.041412,-9.351007],[-140.027699,-9.343927],[-140.062896,-9.435968],[-140.092844,-9.447524],[-140.111399,-9.437758],[-140.158599,-9.37184],[-140.101633,-9.326267],[-140.076731,-9.323419]]],[[[-139.514394,-8.883966],[-139.503163,-8.899021],[-139.508412,-8.912042],[-139.541656,-8.926202],[-139.585601,-8.929457],[-139.603098,-8.936944],[-139.61677,-8.954197],[-139.612701,-8.939223],[-139.630442,-8.89544],[-139.596913,-8.858005],[-139.582346,-8.86891],[-139.546986,-8.86712],[-139.514394,-8.883966]]],[[[-140.049428,-8.823175],[-140.015981,-8.859308],[-140.019154,-8.896417],[-140.055572,-8.878513],[-140.060536,-8.899998],[-140.07665,-8.915216],[-140.096018,-8.919041],[-140.117665,-8.905694],[-140.169911,-8.929457],[-140.183217,-8.953709],[-140.227691,-8.927016],[-140.249582,-8.838637],[-140.261057,-8.823175],[-140.247792,-8.786879],[-140.216705,-8.78102],[-140.089711,-8.802016],[-140.051422,-8.80047],[-140.027699,-8.788995],[-140.049428,-8.823175]]],[[[-140.692454,-8.015069],[-140.707834,-8.039727],[-140.717763,-8.041274],[-140.727162,-8.02809],[-140.727773,-7.991469],[-140.70637,-7.963067],[-140.673166,-7.950128],[-140.638417,-7.959731],[-140.675649,-7.976739],[-140.692454,-8.015069]]],[[[-144.283762,-27.579197],[-144.304189,-27.599705],[-144.304433,-27.63242],[-144.323638,-27.641209],[-144.338368,-27.633722],[-144.347971,-27.585545],[-144.339426,-27.559259],[-144.31786,-27.551202],[-144.283762,-27.579197]]],[[[-138.849599,-21.87127],[-138.9322,-21.87127],[-138.911855,-21.863946],[-138.849599,-21.87127]]],[[[-135.457509,-21.528009],[-135.525787,-21.487074],[-135.484934,-21.49684],[-135.457509,-21.528009]]],[[[-138.534901,-20.876886],[-138.517323,-20.849216],[-138.544667,-20.784682],[-138.56843,-20.788181],[-138.548899,-20.779962],[-138.519765,-20.814548],[-138.512847,-20.85768],[-138.534901,-20.876886]]],[[[-136.314076,-18.567315],[-136.31607,-18.546319],[-136.331288,-18.532647],[-136.382965,-18.514744],[-136.448883,-18.471856],[-136.461252,-18.468683],[-136.465199,-18.48211],[-136.478586,-18.471856],[-136.45873,-18.464288],[-136.426137,-18.475356],[-136.382395,-18.509942],[-136.330434,-18.527602],[-136.304758,-18.545668],[-136.314076,-18.567315]]],[[[-140.671946,-18.417169],[-140.695139,-18.390395],[-140.752065,-18.363946],[-140.779286,-18.339532],[-140.687082,-18.390558],[-140.671946,-18.417169]]],[[[-136.971425,-18.361912],[-137.067616,-18.26629],[-137.010243,-18.304376],[-136.982777,-18.33587],[-136.971425,-18.361912]]],[[[-140.822743,-18.21795],[-140.848378,-18.18255],[-140.895497,-18.149021],[-140.91804,-18.108168],[-140.973622,-18.060235],[-140.92516,-18.084731],[-140.898508,-18.129083],[-140.829945,-18.190362],[-140.822743,-18.21795]]],[[[-142.577463,-17.621352],[-142.565175,-17.601658],[-142.639516,-17.532647],[-142.577626,-17.57171],[-142.558176,-17.599216],[-142.577463,-17.621352]]],[[[-143.413564,-17.456964],[-143.437856,-17.438897],[-143.474965,-17.430271],[-143.437652,-17.433201],[-143.413564,-17.456964]]],[[[-145.380483,-17.484959],[-145.435129,-17.417169],[-145.405588,-17.442966],[-145.380483,-17.484959]]],[[[-145.578481,-17.383071],[-145.591379,-17.35768],[-145.592885,-17.324802],[-145.578481,-17.383071]]],[[[-143.38622,-16.669854],[-143.45401,-16.624607],[-143.550689,-16.622166],[-143.464752,-16.614679],[-143.440582,-16.620782],[-143.38622,-16.669854]]],[[[-143.571156,-16.635837],[-143.620351,-16.632013],[-143.701527,-16.580499],[-143.666249,-16.588474],[-143.609527,-16.629978],[-143.571156,-16.635837]]],[[[-143.817616,-16.539646],[-143.848744,-16.492934],[-143.879791,-16.469415],[-143.934234,-16.450291],[-143.861969,-16.467218],[-143.832753,-16.498468],[-143.817616,-16.539646]]],[[[-144.256459,-16.478123],[-144.260854,-16.45086],[-144.291168,-16.416111],[-144.260121,-16.442315],[-144.251332,-16.461358],[-144.256459,-16.478123]]],[[[-144.373118,-16.340427],[-144.406117,-16.329197],[-144.426015,-16.332778],[-144.43456,-16.31992],[-144.427724,-16.326593],[-144.396148,-16.324477],[-144.373118,-16.340427]]],[[[-145.482289,-16.347833],[-145.502268,-16.336602],[-145.529612,-16.279474],[-145.553131,-16.25213],[-145.590403,-16.151625],[-145.606557,-16.129327],[-145.613881,-16.080255],[-145.603586,-16.120294],[-145.577138,-16.160821],[-145.559193,-16.233005],[-145.517079,-16.278904],[-145.482289,-16.347833]]],[[[-145.613881,-16.052911],[-145.708852,-16.060479],[-145.631256,-16.038344],[-145.613881,-16.052911]]],[[[-142.529652,-16.108168],[-142.509755,-16.059015],[-142.481272,-16.018813],[-142.529652,-16.108168]]],[[[-140.110219,-15.977227],[-140.117177,-15.961684],[-140.143219,-15.960545],[-140.172271,-15.977227],[-140.151682,-15.957696],[-140.125478,-15.953302],[-140.107086,-15.960626],[-140.110219,-15.977227]]],[[[-145.167592,-15.950453],[-145.235911,-15.888442],[-145.21996,-15.89837],[-145.167592,-15.950453]]],[[[-145.057729,-15.902114],[-145.076487,-15.858657],[-145.129872,-15.778009],[-145.160756,-15.758071],[-145.133616,-15.763116],[-145.117543,-15.780694],[-145.067006,-15.856378],[-145.057729,-15.902114]]],[[[-148.045766,-14.997735],[-148.08434,-14.955011],[-148.176096,-14.922052],[-148.08906,-14.936782],[-148.055002,-14.959893],[-148.045766,-14.997735]]],[[[-148.628,-14.894708],[-148.647939,-14.871759],[-148.690663,-14.853774],[-148.640574,-14.864923],[-148.622751,-14.877862],[-148.628,-14.894708]]],[[[-145.194936,-14.662042],[-145.222971,-14.688409],[-145.260406,-14.702325],[-145.263905,-14.690118],[-145.229644,-14.620375],[-145.254791,-14.693292],[-145.23351,-14.688246],[-145.194936,-14.662042]]],[[[-146.256907,-14.497491],[-146.239491,-14.455824],[-146.271148,-14.435479],[-146.243276,-14.439223],[-146.23176,-14.456801],[-146.236318,-14.479181],[-146.256907,-14.497491]]],[[[-145.003082,-14.511163],[-144.954661,-14.463474],[-144.888051,-14.418145],[-145.003082,-14.442966],[-144.96231,-14.426202],[-144.879628,-14.411798],[-144.88329,-14.427423],[-144.954661,-14.469822],[-145.003082,-14.511163]]],[[[-145.846588,-14.36712],[-145.8426,-14.346612],[-145.914296,-14.346612],[-145.858388,-14.337335],[-145.835439,-14.342706],[-145.846588,-14.36712]]],[[[-136.738759,-21.317153],[-136.74234,-21.320082],[-136.746938,-21.316176],[-136.738759,-21.317153]]],[[[-139.135365,-20.799737],[-139.141469,-20.803155],[-139.147857,-20.804946],[-139.135365,-20.799737]]],[[[-144.106842,-16.723891],[-144.080068,-16.717218],[-144.0631,-16.730727],[-144.050893,-16.759454],[-144.091135,-16.721856],[-144.110707,-16.739679],[-144.106842,-16.723891]]]]}},{"type":"Feature","properties":{"iso3":"KIR","name":"Kiribati","continent":"Oceania"},"geometry":{"type":"MultiPolygon","coordinates":[[[[173.038259,1.341051],[173.011241,1.337348],[173.084727,1.366685],[173.160655,1.374945],[173.143321,1.380316],[173.153168,1.386542],[173.171723,1.374172],[173.162934,1.356513],[173.078624,1.360012],[173.038259,1.341051]]],[[[-151.807729,-11.385919],[-151.784495,-11.429376],[-151.780955,-11.454685],[-151.800893,-11.461114],[-151.819529,-11.420994],[-151.818918,-11.399672],[-151.807729,-11.385919]]],[[[-155.899322,-5.616795],[-155.879628,-5.60947],[-155.859812,-5.625095],[-155.906443,-5.635349],[-155.922475,-5.629978],[-155.933461,-5.609145],[-155.899322,-5.616795]]],[[[-155.011708,-4.047052],[-154.940297,-4.031996],[-154.958567,-4.071222],[-154.953359,-4.094822],[-154.964792,-4.094985],[-154.977528,-4.078709],[-155.010813,-4.060642],[-155.018422,-4.051202],[-155.011708,-4.047052]]],[[[-171.677805,-2.833185],[-171.712717,-2.822198],[-171.664011,-2.835382],[-171.633249,-2.862074],[-171.62975,-2.857599],[-171.666697,-2.793145],[-171.714589,-2.772882],[-171.721913,-2.78631],[-171.72761,-2.771905],[-171.715077,-2.759047],[-171.649851,-2.797296],[-171.629628,-2.827244],[-171.625722,-2.86891],[-171.677805,-2.833185]]],[[[176.786143,-2.608168],[176.813162,-2.614435],[176.850922,-2.654067],[176.840668,-2.662774],[176.827322,-2.656183],[176.772309,-2.608168],[176.786143,-2.608168]]],[[[175.9817,-2.505955],[175.973155,-2.489679],[175.993175,-2.510349],[175.9817,-2.505955]]],[[[175.591482,-1.8742],[175.599946,-1.895115],[175.586274,-1.922459],[175.586274,-1.870782],[175.552257,-1.819268],[175.591482,-1.8742]]],[[[175.058767,-1.436293],[175.068614,-1.497003],[175.060557,-1.531671],[175.038259,-1.552423],[175.012543,-1.549249],[175.008474,-1.526788],[175.020844,-1.499933],[175.045095,-1.484145],[175.018565,-1.519627],[175.018321,-1.531915],[175.028005,-1.541192],[175.058279,-1.506768],[175.051768,-1.452732],[175.038259,-1.436293],[175.045095,-1.428888],[175.058767,-1.436293]]],[[[176.409353,-1.332696],[176.444835,-1.373793],[176.464041,-1.436293],[176.44988,-1.425388],[176.429861,-1.374282],[176.395681,-1.319594],[176.409353,-1.332696]]],[[[176.009288,-1.334242],[176.023448,-1.362888],[176.018321,-1.387872],[175.983572,-1.367446],[175.983572,-1.36061],[176.018321,-1.374282],[176.006358,-1.342706],[175.955903,-1.286554],[175.943126,-1.284845],[175.949392,-1.298517],[175.937022,-1.293064],[175.942149,-1.284845],[175.977306,-1.284845],[176.009288,-1.334242]]],[[[174.765147,-1.202895],[174.778819,-1.264418],[174.75587,-1.257501],[174.746755,-1.185968],[174.716645,-1.134698],[174.743988,-1.14837],[174.765147,-1.202895]]],[[[174.476573,-0.709568],[174.498383,-0.789158],[174.497325,-0.805108],[174.483409,-0.819431],[174.472341,-0.801853],[174.483409,-0.798923],[174.483409,-0.812595],[174.497569,-0.796889],[174.476573,-0.74033],[174.462901,-0.648126],[174.476573,-0.669122],[174.476573,-0.709568]]],[[[174.438731,-0.627618],[174.463634,-0.644789],[174.437185,-0.640802],[174.38087,-0.592869],[174.393891,-0.592869],[174.438731,-0.627618]]],[[[173.620616,0.133368],[173.609874,0.143052],[173.634125,0.174018],[173.638357,0.195217],[173.606212,0.215969],[173.628673,0.219143],[173.641124,0.208441],[173.640798,0.192125],[173.620616,0.133368]]],[[[173.832286,0.448676],[173.917247,0.399482],[173.921641,0.379788],[173.832042,0.436347],[173.804942,0.434394],[173.82545,0.455512],[173.832286,0.448676]]],[[[172.987153,0.832343],[172.989757,0.82803],[172.983409,0.831285],[172.987153,0.832343]]],[[[172.977794,0.83633],[172.982432,0.831163],[172.969412,0.839667],[172.977794,0.83633]]],[[[173.075938,0.965888],[173.079275,0.945217],[173.061209,0.914211],[172.990977,0.834418],[173.022716,0.882717],[173.046641,0.901516],[173.071788,0.962592],[173.025564,0.998033],[173.009776,1.003607],[173.009776,0.989936],[173.003673,0.989936],[172.990001,1.024075],[173.003673,1.024075],[173.075938,0.965888]]],[[[172.983165,1.531195],[172.969412,1.537991],[172.959158,1.609687],[172.948985,1.627346],[172.962901,1.620592],[172.983165,1.531195]]],[[[173.036143,1.777167],[173.038341,1.742377],[173.029307,1.716295],[172.996349,1.710679],[172.990001,1.715522],[173.023774,1.721096],[173.035492,1.743557],[173.027354,1.810452],[173.036143,1.777167]]],[[[172.980317,1.882025],[173.023448,1.821438],[172.938487,1.923163],[172.934744,1.942694],[172.941742,1.926947],[172.969412,1.90705],[172.980317,1.882025]]],[[[-157.190989,1.763902],[-157.179392,1.753892],[-157.178782,1.718492],[-157.194081,1.722968],[-157.22411,1.709703],[-157.246409,1.713324],[-157.286855,1.75023],[-157.410593,1.781928],[-157.448964,1.800238],[-157.528269,1.862494],[-157.546824,1.856431],[-157.566029,1.863756],[-157.581166,1.880316],[-157.578236,1.907945],[-157.543528,1.929023],[-157.52123,1.92768],[-157.517568,1.923651],[-157.545359,1.90233],[-157.549509,1.884467],[-157.537302,1.86636],[-157.500925,1.865871],[-157.490671,1.850165],[-157.428538,1.838568],[-157.475209,1.880601],[-157.45165,1.87641],[-157.447336,1.901109],[-157.436594,1.893866],[-157.423695,1.863227],[-157.411977,1.858466],[-157.410024,1.879381],[-157.426381,1.912055],[-157.419993,1.929023],[-157.408315,1.921454],[-157.406321,1.942694],[-157.394724,1.935736],[-157.395863,1.916978],[-157.382069,1.902167],[-157.358469,1.923896],[-157.355051,1.947659],[-157.408884,1.969306],[-157.477528,2.018134],[-157.487904,2.000556],[-157.498891,2.002183],[-157.508412,2.010688],[-157.509389,2.024604],[-157.496287,2.03441],[-157.423818,2.020453],[-157.385854,1.990465],[-157.310129,1.97309],[-157.315053,1.952786],[-157.340443,1.930243],[-157.347727,1.860785],[-157.325429,1.835842],[-157.222971,1.773586],[-157.190989,1.763902]]],[[[172.750336,3.031968],[172.771495,3.023871],[172.788259,3.029039],[172.829112,3.064276],[172.886974,3.072943],[172.880138,3.052476],[172.844412,3.059801],[172.770274,3.011461],[172.750336,3.031968]]],[[[172.962087,3.141832],[172.969412,3.12816],[172.886974,3.100246],[172.962087,3.141832]]],[[[-159.284535,3.874823],[-159.249989,3.81977],[-159.263417,3.79914],[-159.308705,3.784654],[-159.333445,3.786444],[-159.352854,3.79914],[-159.360789,3.819403],[-159.294789,3.805976],[-159.285227,3.811428],[-159.28718,3.837836],[-159.299672,3.854641],[-159.335439,3.871487],[-159.352854,3.909003],[-159.378245,3.907172],[-159.393788,3.888577],[-159.367136,3.840155],[-159.410024,3.862047],[-159.406321,3.902574],[-159.37682,3.933295],[-159.342275,3.925767],[-159.319895,3.879096],[-159.284535,3.874823]]],[[[-172.222768,-4.50628],[-172.202016,-4.520685],[-172.174387,-4.513116],[-172.20344,-4.532159],[-172.227162,-4.518731],[-172.229604,-4.497328],[-172.20047,-4.493422],[-172.201039,-4.500095],[-172.222768,-4.50628]]],[[[-174.506418,-4.689142],[-174.500681,-4.694268],[-174.521555,-4.683852],[-174.506418,-4.689142]]],[[[-174.529286,-4.682712],[-174.527659,-4.683852],[-174.541737,-4.672784],[-174.529286,-4.682712]]],[[[-174.500844,-4.691095],[-174.543406,-4.660252],[-174.524403,-4.664483],[-174.500844,-4.691095]]],[[[-171.259958,-4.444106],[-171.244985,-4.441339],[-171.230051,-4.460545],[-171.236521,-4.46852],[-171.259633,-4.465265],[-171.259958,-4.444106]]],[[[-171.093577,-3.131443],[-171.085439,-3.111261],[-171.083119,-3.129978],[-171.092478,-3.14544],[-171.093577,-3.131443]]],[[[169.53891,-0.874607],[169.527599,-0.872491],[169.522634,-0.860528],[169.545177,-0.847914],[169.554454,-0.856052],[169.554454,-0.869317],[169.53891,-0.874607]]],[[[173.289724,2.03384],[173.270518,2.045559],[173.262706,1.997463],[173.260265,2.007229],[173.262055,2.049872],[173.268565,2.059312],[173.282888,2.056342],[173.318044,1.974026],[173.304454,1.961575],[173.260265,1.971137],[173.25587,1.985663],[173.258474,1.992825],[173.271658,1.97484],[173.307872,1.973293],[173.297374,1.989895],[173.289724,2.03384]]],[[[-160.41039,4.709174],[-160.416615,4.717108],[-160.401194,4.72309],[-160.378896,4.713284],[-160.395375,4.704779],[-160.41039,4.709174]]]]}},{"type":"Feature","properties":{"iso3":"MHL","name":"Marshall Islands","continent":"Oceania"},"geometry":{"type":"MultiPolygon","coordinates":[[[[168.101085,5.599311],[168.121104,5.597357],[168.124522,5.631049],[168.132009,5.618557],[168.12794,5.60163],[168.116222,5.591376],[168.101085,5.599311]]],[[[171.72462,6.101711],[171.743175,6.083197],[171.738455,6.079169],[171.72283,6.083441],[171.72462,6.101711]]],[[[171.909679,7.098782],[171.921886,7.111762],[171.915375,7.125149],[171.928884,7.118313],[171.908946,7.092271],[171.8921,7.090806],[171.909679,7.098782]]],[[[168.685395,4.573798],[168.735037,4.590522],[168.768077,4.629055],[168.741384,4.585842],[168.716807,4.574774],[168.685395,4.573798]]],[[[169.590343,5.80093],[169.617524,5.818264],[169.629649,5.840155],[169.655528,5.942857],[169.734548,6.013129],[169.721446,5.97663],[169.665212,5.938788],[169.63502,5.829047],[169.615245,5.798774],[169.590343,5.80093]]],[[[172.029796,6.054145],[171.962413,6.051825],[171.948416,6.067776],[172.029796,6.054145]]],[[[171.756684,6.972113],[171.730317,6.975572],[171.688731,7.006578],[171.660411,7.013088],[171.613943,7.00609],[171.592621,7.015286],[171.577322,7.047187],[171.611176,7.019924],[171.689464,7.019924],[171.756684,6.972113]]],[[[171.393565,7.109931],[171.366873,7.094468],[171.293468,7.083686],[171.263194,7.067694],[171.235199,7.067694],[171.202159,7.072455],[171.060883,7.135403],[171.035655,7.155097],[171.050304,7.170722],[171.05714,7.143459],[171.22641,7.075751],[171.393565,7.109931]]],[[[168.757823,7.307929],[168.830089,7.307929],[168.815278,7.292467],[168.791515,7.293402],[168.675059,7.320868],[168.67921,7.335191],[168.694021,7.321763],[168.757823,7.307929]]],[[[168.576834,7.40412],[168.555186,7.430325],[168.553722,7.449856],[168.562511,7.464342],[168.576834,7.40412]]],[[[166.904145,11.172919],[166.894216,11.155178],[166.875255,11.144965],[166.853363,11.145413],[166.835785,11.159247],[166.904145,11.172919]]],[[[169.114513,5.638129],[169.116466,5.649237],[169.120616,5.647406],[169.114513,5.638129]]],[[[171.792247,7.054999],[171.800955,7.06269],[171.764171,7.019517],[171.792247,7.054999]]],[[[168.965587,7.574652],[168.962087,7.591702],[168.938487,7.596381],[168.965587,7.595364],[168.965587,7.574652]]],[[[167.401703,8.317816],[167.407725,8.307278],[167.399669,8.310777],[167.401703,8.317816]]],[[[167.731619,8.724595],[167.730317,8.735256],[167.740245,8.743842],[167.731619,8.724595]]],[[[170.851736,8.897773],[170.839122,8.88817],[170.841319,8.898586],[170.851736,8.897773]]],[[[170.240245,9.449774],[170.23878,9.466702],[170.243907,9.466376],[170.240245,9.449774]]],[[[170.874685,10.274604],[170.878591,10.287177],[170.878754,10.275092],[170.874685,10.274604]]],[[[165.540212,11.633775],[165.546886,11.631008],[165.553722,11.619818],[165.540212,11.633775]]],[[[165.282237,11.695787],[165.282237,11.708441],[165.286794,11.710883],[165.282237,11.695787]]],[[[169.010753,14.610175],[169.013682,14.6105],[168.987315,14.586859],[169.010753,14.610175]]]]}},{"type":"Feature","properties":{"iso3":"UMI","name":"United States Minor Outlying Islands","continent":"Oceania"},"geometry":{"type":"MultiPolygon","coordinates":[[[[-169.530263,16.760199],[-169.520823,16.7626],[-169.539174,16.754462],[-169.530263,16.760199]]],[[[-160.029978,-0.376153],[-160.008901,-0.372491],[-160.02477,-0.388767],[-160.029978,-0.376153]]],[[[-176.485829,0.196519],[-176.47529,0.193101],[-176.479319,0.190334],[-176.485829,0.196519]]],[[[-176.459543,0.225898],[-176.459177,0.219224],[-176.463938,0.221869],[-176.459543,0.225898]]],[[[-176.636179,0.790188],[-176.639638,0.804958],[-176.636098,0.803412],[-176.636179,0.790188]]],[[[166.619395,19.281643],[166.638194,19.286444],[166.634776,19.305732],[166.648123,19.297756],[166.652354,19.284247],[166.644216,19.27558],[166.619395,19.281643]]],[[[-177.328928,28.211086],[-177.322865,28.207668],[-177.335276,28.204291],[-177.328928,28.211086]]],[[[-177.357655,28.214423],[-177.389597,28.197659],[-177.378,28.212836],[-177.357655,28.214423]]],[[[-169.532338,16.733059],[-169.52241,16.732164],[-169.547353,16.721015],[-169.547678,16.727362],[-169.532338,16.733059]]],[[[-169.513661,16.743964],[-169.513661,16.745592],[-169.512766,16.74433],[-169.513661,16.743964]]],[[[-75.024322,18.417263],[-75.003733,18.410793],[-75.003163,18.397732],[-75.020497,18.400417],[-75.030832,18.413479],[-75.024322,18.417263]]],[[[-162.060862,5.887193],[-162.061106,5.87344],[-162.073069,5.869371],[-162.091135,5.871649],[-162.075063,5.885525],[-162.10029,5.88642],[-162.060862,5.887193]]],[[[-162.400177,6.445136],[-162.385284,6.445136],[-162.385284,6.430243],[-162.400177,6.430243],[-162.400177,6.445136]]]]}},{"type":"Feature","properties":{"iso3":"HMD","name":"Heard Island and McDonald Islands","continent":"Oceania"},"geometry":{"type":"Polygon","coordinates":[[[73.735118,-53.1124],[73.812185,-53.118504],[73.661632,-53.146661],[73.609548,-53.179864],[73.580821,-53.187595],[73.473399,-53.189223],[73.440196,-53.173272],[73.404145,-53.139337],[73.36378,-53.074802],[73.371267,-53.06463],[73.353282,-53.05169],[73.364431,-53.037286],[73.253673,-53.015069],[73.236013,-52.982029],[73.296886,-52.961602],[73.377452,-53.017022],[73.399587,-52.990981],[73.426524,-53.003188],[73.412852,-53.009373],[73.425629,-53.025323],[73.447032,-53.02809],[73.487966,-53.009373],[73.56422,-53.016778],[73.632579,-53.044122],[73.699474,-53.100844],[73.735118,-53.1124]]]}},{"type":"Feature","properties":{"iso3":"NFK","name":"Norfolk Island","continent":"Oceania"},"geometry":{"type":"Polygon","coordinates":[[[167.984141,-29.017836],[167.996349,-29.025649],[167.99464,-29.042576],[167.966645,-29.080011],[167.95045,-29.056573],[167.926443,-29.066339],[167.918305,-29.036391],[167.930512,-29.01214],[167.91212,-29.011651],[167.926524,-28.997491],[167.984141,-29.017836]]]}},{"type":"Feature","properties":{"iso3":"COK","name":"Cook Islands","continent":"Oceania"},"geometry":{"type":"MultiPolygon","coordinates":[[[[-157.93456,-21.877537],[-157.910349,-21.891697],[-157.887074,-21.926365],[-157.927724,-21.938897],[-157.961049,-21.923923],[-157.968699,-21.912286],[-157.96406,-21.900486],[-157.93456,-21.877537]]],[[[-157.707997,-19.767185],[-157.708241,-19.841241],[-157.721669,-19.85589],[-157.721669,-19.842218],[-157.742136,-19.80462],[-157.707997,-19.767185]]],[[[-157.940745,-8.980727],[-157.978627,-8.976007],[-158.00829,-8.952895],[-158.002878,-8.94671],[-157.940745,-8.974542],[-157.940745,-8.980727]]],[[[-159.797841,-21.18613],[-159.758412,-21.191827],[-159.742747,-21.201593],[-159.736033,-21.236993],[-159.743235,-21.254327],[-159.793284,-21.241632],[-159.833079,-21.244561],[-159.846262,-21.233819],[-159.83141,-21.195571],[-159.797841,-21.18613]]],[[[-157.312815,-20.155206],[-157.317983,-20.171808],[-157.328562,-20.179132],[-157.340321,-20.175714],[-157.348988,-20.143324],[-157.338572,-20.137384],[-157.324412,-20.141697],[-157.312815,-20.155206]]],[[[-158.078318,-19.994236],[-158.081776,-20.012791],[-158.096547,-20.019708],[-158.115102,-20.01572],[-158.129954,-20.000746],[-158.135203,-19.976495],[-158.12031,-19.972833],[-158.078318,-19.994236]]],[[[-158.2683,-19.832615],[-158.281077,-19.821954],[-158.276357,-19.8235],[-158.2683,-19.832615]]],[[[-158.287668,-19.810642],[-158.297353,-19.817315],[-158.295969,-19.814548],[-158.287668,-19.810642]]],[[[-158.92516,-19.26922],[-158.955556,-19.245294],[-158.945668,-19.24212],[-158.9322,-19.264255],[-158.91808,-19.261163],[-158.92516,-19.26922]]],[[[-165.824534,-10.881768],[-165.807688,-10.88128],[-165.818715,-10.891534],[-165.824534,-10.881768]]],[[[-160.986236,-10.382094],[-160.994333,-10.374688],[-160.9381,-10.422784],[-160.986236,-10.382094]]],[[[-161.088002,-10.035089],[-161.070058,-10.027439],[-161.08727,-10.04461],[-161.088002,-10.035089]]],[[[-159.785105,-18.830824],[-159.772613,-18.828953],[-159.761383,-18.845392],[-159.766632,-18.835219],[-159.779246,-18.852879],[-159.776479,-18.878188],[-159.782867,-18.887953],[-159.793609,-18.887465],[-159.802317,-18.865818],[-159.785105,-18.830824]]]]}},{"type":"Feature","properties":{"iso3":"TON","name":"Tonga","continent":"Oceania"},"geometry":{"type":"MultiPolygon","coordinates":[[[[-173.95637,-18.567315],[-173.915395,-18.59531],[-173.915151,-18.626886],[-173.922963,-18.636977],[-173.942087,-18.615818],[-173.952952,-18.620701],[-173.957631,-18.63421],[-173.948964,-18.643162],[-173.962595,-18.663507],[-173.976633,-18.660577],[-173.985951,-18.670994],[-173.990549,-18.705173],[-174.003041,-18.6985],[-174.017201,-18.663507],[-174.001169,-18.657403],[-174.010976,-18.62949],[-174.022328,-18.638849],[-174.030141,-18.663344],[-174.045155,-18.656834],[-174.059438,-18.663507],[-174.072499,-18.633966],[-174.025461,-18.604913],[-174.00414,-18.570977],[-173.95637,-18.567315]]],[[[-174.914744,-21.292169],[-174.908518,-21.32936],[-174.91393,-21.444106],[-174.920277,-21.454197],[-174.983632,-21.390883],[-174.96996,-21.383966],[-174.976877,-21.359552],[-174.97175,-21.347914],[-174.951853,-21.339776],[-174.918406,-21.284438],[-174.914744,-21.292169]]],[[[-175.065541,-21.123956],[-175.050893,-21.139337],[-175.051869,-21.154962],[-175.11738,-21.203058],[-175.117624,-21.255955],[-175.148752,-21.267999],[-175.180491,-21.25506],[-175.209665,-21.214451],[-175.257314,-21.192153],[-175.264841,-21.19964],[-175.325754,-21.173598],[-175.364817,-21.113946],[-175.355295,-21.089614],[-175.332143,-21.071222],[-175.305776,-21.062595],[-175.34081,-21.102634],[-175.315419,-21.121352],[-175.24059,-21.113702],[-175.218861,-21.13006],[-175.216379,-21.141046],[-175.23823,-21.15838],[-175.223582,-21.17254],[-175.193105,-21.158136],[-175.154978,-21.171808],[-175.140126,-21.16839],[-175.113962,-21.130792],[-175.065541,-21.123956]]],[[[-174.361073,-19.801365],[-174.336985,-19.787774],[-174.325673,-19.759698],[-174.309804,-19.764744],[-174.32018,-19.819268],[-174.339345,-19.821873],[-174.361073,-19.801365]]],[[[-175.069285,-19.712009],[-175.053334,-19.72381],[-175.04601,-19.751153],[-175.047841,-19.781183],[-175.059316,-19.801365],[-175.059316,-19.793878],[-175.065541,-19.801365],[-175.08727,-19.787693],[-175.099477,-19.74977],[-175.090647,-19.71266],[-175.069285,-19.712009]]],[[[-174.305816,-19.733005],[-174.288197,-19.723728],[-174.257436,-19.684666],[-174.252187,-19.699314],[-174.271677,-19.749119],[-174.302195,-19.744073],[-174.305816,-19.733005]]],[[[-174.260854,-19.630548],[-174.247996,-19.635919],[-174.249257,-19.653741],[-174.264272,-19.650486],[-174.275217,-19.635675],[-174.29304,-19.592706],[-174.277903,-19.59588],[-174.260854,-19.630548]]],[[[-175.631337,-15.559503],[-175.61262,-15.573337],[-175.617787,-15.601495],[-175.63915,-15.624282],[-175.668894,-15.621515],[-175.686269,-15.602309],[-175.683339,-15.582127],[-175.663767,-15.566013],[-175.631337,-15.559503]]],[[[-176.21349,-22.323907],[-176.19811,-22.331964],[-176.207021,-22.3388],[-176.215891,-22.335138],[-176.21349,-22.323907]]],[[[-174.653798,-18.817478],[-174.664133,-18.801365],[-174.661244,-18.786879],[-174.649607,-18.779555],[-174.63386,-18.785333],[-174.62682,-18.79754],[-174.640452,-18.816583],[-174.653798,-18.817478]]]]}},{"type":"Feature","properties":{"iso3":"WLF","name":"Wallis and Futuna","continent":"Oceania"},"geometry":{"type":"MultiPolygon","coordinates":[[[[-178.142323,-14.243585],[-178.105092,-14.285252],[-178.046742,-14.312595],[-178.046742,-14.319431],[-178.108835,-14.319431],[-178.156606,-14.305108],[-178.18574,-14.248224],[-178.178049,-14.232599],[-178.142323,-14.243585]]],[[[-176.155466,-13.208917],[-176.1256,-13.264093],[-176.13561,-13.284763],[-176.128163,-13.298272],[-176.14448,-13.300877],[-176.147654,-13.310479],[-176.141835,-13.33587],[-176.147165,-13.347752],[-176.159495,-13.350274],[-176.18281,-13.339288],[-176.199574,-13.290623],[-176.18281,-13.277927],[-176.190175,-13.257013],[-176.184031,-13.237888],[-176.155466,-13.208917]]]]}},{"type":"Feature","properties":{"iso3":"WSM","name":"Samoa","continent":"Oceania"},"geometry":{"type":"MultiPolygon","coordinates":[[[[-172.201039,-13.592543],[-172.190256,-13.65602],[-172.175649,-13.680271],[-172.180613,-13.702407],[-172.211497,-13.744561],[-172.212961,-13.800958],[-172.219065,-13.805352],[-172.253245,-13.802911],[-172.297556,-13.769789],[-172.368642,-13.788995],[-172.523183,-13.805352],[-172.575144,-13.762791],[-172.597117,-13.700616],[-172.633046,-13.681899],[-172.66747,-13.633884],[-172.693349,-13.624119],[-172.718739,-13.602797],[-172.725575,-13.581964],[-172.749745,-13.578302],[-172.776479,-13.542087],[-172.782582,-13.520278],[-172.76655,-13.510512],[-172.732371,-13.510512],[-172.695139,-13.524184],[-172.661204,-13.52516],[-172.569203,-13.501397],[-172.530629,-13.483982],[-172.451853,-13.483982],[-172.344431,-13.462986],[-172.300771,-13.476495],[-172.280507,-13.493585],[-172.222768,-13.558364],[-172.217519,-13.582778],[-172.201039,-13.592543]]],[[[-171.56428,-13.949395],[-171.51948,-13.944757],[-171.46935,-13.969415],[-171.437693,-14.006117],[-171.448191,-14.03753],[-171.440745,-14.051853],[-171.579213,-14.049493],[-171.619496,-14.03753],[-171.635813,-14.046157],[-171.700144,-14.038995],[-171.753285,-14.051528],[-171.768056,-14.043227],[-171.774526,-14.0263],[-171.837961,-14.003188],[-171.893503,-14.007013],[-171.926625,-14.001153],[-171.972401,-13.946222],[-171.98884,-13.949395],[-172.018015,-13.917901],[-172.061025,-13.906183],[-172.063669,-13.885024],[-172.044057,-13.846368],[-171.965199,-13.818536],[-171.880198,-13.805352],[-171.834543,-13.807387],[-171.792307,-13.816502],[-171.650217,-13.87127],[-171.585154,-13.883884],[-171.557444,-13.915216],[-171.570017,-13.938165],[-171.56428,-13.949395]]]]}},{"type":"Feature","properties":{"iso3":"SLB","name":"Solomon Islands","continent":"Oceania"},"geometry":{"type":"MultiPolygon","coordinates":[[[[160.503673,-11.736017],[160.564464,-11.773045],[160.582205,-11.794854],[160.558849,-11.811212],[160.517833,-11.811212],[160.497325,-11.84588],[160.483165,-11.844985],[160.449555,-11.804376],[160.428477,-11.811212],[160.385265,-11.783787],[160.360118,-11.716892],[160.339692,-11.701349],[160.285818,-11.686944],[160.284841,-11.649509],[160.270763,-11.632989],[160.230479,-11.626153],[160.209972,-11.653497],[160.168468,-11.653497],[160.092621,-11.619399],[160.100759,-11.605076],[160.08253,-11.592218],[160.041352,-11.605076],[160.023692,-11.600681],[159.965505,-11.525811],[159.969249,-11.503188],[160.003266,-11.461114],[160.052419,-11.495212],[160.087169,-11.494806],[160.287446,-11.617364],[160.393891,-11.65781],[160.503673,-11.736017]]],[[[159.804698,-11.29046],[159.839366,-11.297621],[159.851085,-11.307712],[159.853201,-11.324477],[159.793305,-11.302423],[159.777354,-11.283624],[159.804698,-11.29046]]],[[[161.740977,-10.272556],[161.74586,-10.263279],[161.717296,-10.231378],[161.717052,-10.218194],[161.730642,-10.20672],[161.752452,-10.224216],[161.768809,-10.252211],[161.770518,-10.278416],[161.740733,-10.288507],[161.740977,-10.272556]]],[[[162.374848,-10.823663],[162.385509,-10.81878],[162.391612,-10.8388],[162.378266,-10.844822],[162.341156,-10.838149],[162.327159,-10.844822],[162.278656,-10.835545],[162.207042,-10.808038],[162.18393,-10.810968],[162.161957,-10.83115],[162.11085,-10.823663],[162.011241,-10.769627],[161.969412,-10.781345],[161.908865,-10.76214],[161.891775,-10.769627],[161.861501,-10.752618],[161.846853,-10.728123],[161.840505,-10.7492],[161.818614,-10.733168],[161.792166,-10.734959],[161.778494,-10.71502],[161.769216,-10.718845],[161.760997,-10.712335],[161.748709,-10.682794],[161.710216,-10.680271],[161.694835,-10.649998],[161.679454,-10.646173],[161.647472,-10.618585],[161.636567,-10.631036],[161.625824,-10.624444],[161.603038,-10.591241],[161.586681,-10.584649],[161.586681,-10.570001],[161.573009,-10.556817],[161.552745,-10.570001],[161.524669,-10.564223],[161.545177,-10.50213],[161.53419,-10.495212],[161.528331,-10.464532],[161.490408,-10.46795],[161.507498,-10.440037],[161.506684,-10.425714],[161.490408,-10.42018],[161.507498,-10.383477],[161.52003,-10.376397],[161.510997,-10.364923],[161.483653,-10.364923],[161.465994,-10.346938],[161.413748,-10.341567],[161.402843,-10.330011],[161.367524,-10.330824],[161.344005,-10.344496],[161.284923,-10.323907],[161.284923,-10.276137],[161.299327,-10.263116],[161.29184,-10.225763],[161.300059,-10.207127],[161.319102,-10.200453],[161.340831,-10.214044],[161.396007,-10.204034],[161.502208,-10.250746],[161.609548,-10.316827],[161.66863,-10.364923],[161.687266,-10.357599],[161.700206,-10.365492],[161.735118,-10.405369],[161.778494,-10.406508],[161.820567,-10.429783],[161.835704,-10.446954],[161.880544,-10.442804],[161.895193,-10.43377],[161.932465,-10.445977],[161.963552,-10.440606],[161.987071,-10.467218],[162.009288,-10.478448],[162.058849,-10.478285],[162.068533,-10.454767],[162.084239,-10.447686],[162.113617,-10.456476],[162.140391,-10.493748],[162.163097,-10.508722],[162.191742,-10.577895],[162.215343,-10.596775],[162.228852,-10.644627],[162.287771,-10.69199],[162.292003,-10.764744],[162.264985,-10.789483],[162.271739,-10.814386],[162.374848,-10.823663]]],[[[167.17335,-9.886407],[167.165782,-9.868341],[167.170177,-9.859145],[167.180837,-9.860121],[167.195974,-9.885919],[167.185313,-9.894627],[167.17335,-9.886407]]],[[[167.091807,-9.803318],[167.104503,-9.801853],[167.108246,-9.80462],[167.091807,-9.803318]]],[[[161.977794,-9.851007],[161.950043,-9.816827],[161.928477,-9.720147],[161.940196,-9.692153],[161.977794,-9.686619],[161.963552,-9.720636],[161.982432,-9.81756],[161.977794,-9.851007]]],[[[161.394786,-9.412774],[161.379242,-9.417657],[161.368419,-9.379571],[161.347016,-9.343927],[161.35434,-9.338556],[161.415212,-9.386],[161.545177,-9.604669],[161.553966,-9.640313],[161.552501,-9.676365],[161.573009,-9.74863],[161.558604,-9.788995],[161.549164,-9.792576],[161.545177,-9.772231],[161.50408,-9.727472],[161.488292,-9.692071],[161.466482,-9.689874],[161.448904,-9.734959],[161.400727,-9.670017],[161.392345,-9.507582],[161.40919,-9.465997],[161.394786,-9.412774]]],[[[160.826345,-9.837335],[160.824718,-9.867283],[160.798513,-9.884047],[160.684255,-9.911879],[160.644786,-9.937107],[160.57252,-9.919203],[160.508637,-9.889255],[160.432872,-9.889093],[160.40797,-9.858494],[160.391938,-9.859308],[160.37379,-9.837335],[160.320323,-9.815118],[160.208263,-9.810154],[160.123871,-9.823175],[160.031261,-9.823826],[159.937266,-9.805597],[159.887218,-9.78281],[159.835623,-9.793878],[159.768728,-9.732192],[159.723399,-9.706964],[159.723969,-9.691095],[159.705903,-9.676365],[159.699067,-9.649102],[159.675304,-9.643243],[159.674978,-9.617608],[159.653982,-9.574802],[159.601817,-9.521905],[159.599132,-9.512384],[159.627208,-9.48797],[159.6067,-9.447524],[159.612478,-9.398858],[159.6067,-9.374933],[159.596039,-9.364435],[159.6067,-9.343927],[159.609548,-9.309828],[159.615977,-9.295343],[159.708995,-9.247735],[159.743663,-9.259535],[159.873302,-9.35947],[159.908214,-9.415623],[159.939708,-9.432875],[160.010265,-9.431817],[160.043468,-9.414158],[160.109874,-9.433526],[160.157725,-9.412774],[160.230479,-9.426446],[160.250987,-9.412774],[160.270763,-9.41961],[160.345958,-9.41961],[160.366384,-9.412774],[160.398448,-9.432875],[160.4192,-9.461114],[160.459321,-9.47503],[160.503673,-9.53631],[160.540782,-9.531427],[160.586436,-9.551365],[160.628429,-9.582289],[160.661469,-9.627618],[160.673025,-9.698012],[160.712657,-9.695408],[160.785411,-9.727472],[160.789561,-9.763849],[160.805512,-9.774021],[160.808279,-9.816013],[160.826345,-9.837335]]],[[[159.828868,-9.172621],[159.814708,-9.166192],[159.804454,-9.130141],[159.811534,-9.111098],[159.832693,-9.103692],[159.844737,-9.14544],[159.84254,-9.164646],[159.828868,-9.172621]]],[[[160.25408,-9.158949],[160.292003,-9.131606],[160.314952,-9.0617],[160.332286,-9.063409],[160.359223,-9.110935],[160.414236,-9.131606],[160.387218,-9.170831],[160.366384,-9.186212],[160.304942,-9.159845],[160.285167,-9.165785],[160.289317,-9.177992],[160.274425,-9.186456],[160.230479,-9.193048],[160.23463,-9.178806],[160.216156,-9.172621],[160.221934,-9.162774],[160.25408,-9.158949]]],[[[159.19516,-9.056573],[159.205333,-9.055108],[159.236095,-9.023045],[159.229259,-9.056573],[159.217133,-9.075128],[159.236095,-9.076349],[159.233246,-9.101007],[159.218761,-9.117364],[159.174083,-9.138442],[159.178396,-9.092706],[159.19516,-9.056573]]],[[[160.09669,-9.056573],[160.083751,-9.052016],[160.079112,-9.039483],[160.123871,-9.029392],[160.134288,-9.015558],[160.141124,-9.023045],[160.14503,-8.990004],[160.172537,-9.002211],[160.208507,-9.002699],[160.222992,-9.023045],[160.230479,-9.023045],[160.240245,-9.00628],[160.257986,-9.009047],[160.295095,-9.039483],[160.301443,-9.061619],[160.294688,-9.089939],[160.264496,-9.131606],[160.261078,-9.123956],[160.244151,-9.1242],[160.242931,-9.1124],[160.228201,-9.098321],[160.216156,-9.097589],[160.222992,-9.117934],[160.216156,-9.117934],[160.187511,-9.081801],[160.156749,-9.094008],[160.119965,-9.09059],[160.106293,-9.083754],[160.09669,-9.056573]]],[[[159.167166,-9.017999],[159.19516,-9.023045],[159.161632,-9.09002],[159.147309,-9.103692],[159.09962,-9.117934],[159.076182,-9.095961],[159.064789,-9.103692],[159.039317,-9.068536],[159.041026,-9.057306],[159.072276,-9.056573],[159.069347,-9.033787],[159.092133,-9.036065],[159.092133,-9.023045],[159.112559,-9.029229],[159.10727,-9.009535],[159.092133,-8.994399],[159.124034,-8.999933],[159.133637,-8.988377],[159.144379,-9.020929],[159.159353,-9.029067],[159.167166,-9.017999]]],[[[160.079112,-9.023045],[160.066661,-9.013604],[160.079112,-8.977716],[160.074392,-8.951349],[160.077647,-8.943129],[160.092621,-8.940525],[160.11378,-8.974298],[160.113129,-8.994399],[160.099132,-8.988458],[160.079112,-9.023045]]],[[[157.615489,-8.73447],[157.635509,-8.744073],[157.649913,-8.765232],[157.648936,-8.786228],[157.622325,-8.795831],[157.476736,-8.739516],[157.452403,-8.721856],[157.455333,-8.706476],[157.5088,-8.712579],[157.523692,-8.706476],[157.529796,-8.713962],[157.549653,-8.692153],[157.590587,-8.71087],[157.615489,-8.73447]]],[[[158.22877,-8.774672],[158.256684,-8.785577],[158.252208,-8.802667],[158.187185,-8.836847],[158.153656,-8.796563],[158.160492,-8.758396],[158.194591,-8.726983],[158.208263,-8.679132],[158.215099,-8.679132],[158.215099,-8.700291],[158.230235,-8.73797],[158.22877,-8.774672]]],[[[158.056895,-8.528253],[158.102794,-8.523614],[158.12379,-8.530369],[158.132498,-8.545505],[158.13502,-8.566827],[158.125743,-8.58294],[158.095551,-8.585545],[158.064952,-8.610935],[158.098399,-8.624607],[158.118907,-8.617771],[158.091563,-8.645115],[158.114268,-8.667739],[158.105724,-8.691095],[158.038585,-8.756768],[157.999034,-8.767267],[157.957042,-8.755955],[157.879242,-8.68255],[157.879242,-8.631443],[157.89975,-8.562433],[157.937673,-8.57936],[157.941417,-8.562433],[157.948253,-8.563409],[157.955089,-8.576755],[157.963145,-8.563735],[157.955089,-8.528253],[158.009613,-8.501072],[158.0171,-8.507908],[158.005219,-8.528497],[158.013357,-8.545505],[158.026378,-8.550958],[158.056895,-8.528253]]],[[[157.354259,-8.576755],[157.338064,-8.576755],[157.329356,-8.649102],[157.37086,-8.70086],[157.413829,-8.720798],[157.413829,-8.726983],[157.361664,-8.725274],[157.312266,-8.696222],[157.310802,-8.666192],[157.277843,-8.618585],[157.228363,-8.593438],[157.200938,-8.565851],[157.218923,-8.529229],[157.27003,-8.496515],[157.289073,-8.459161],[157.347504,-8.41253],[157.365977,-8.412856],[157.399262,-8.444024],[157.413829,-8.497979],[157.395844,-8.521173],[157.378184,-8.569268],[157.369802,-8.577895],[157.354259,-8.576755]]],[[[159.68865,-8.507908],[159.699474,-8.524998],[159.679535,-8.540134],[159.659923,-8.539646],[159.62794,-8.522638],[159.60141,-8.488865],[159.593028,-8.485284],[159.579356,-8.494806],[159.549815,-8.470798],[159.538829,-8.458917],[159.537852,-8.432794],[159.558279,-8.389418],[159.6067,-8.377537],[159.635916,-8.38421],[159.644054,-8.400323],[159.64088,-8.447035],[159.646983,-8.468438],[159.68865,-8.507908]]],[[[162.738617,-8.38836],[162.730479,-8.378188],[162.734874,-8.373793],[162.757579,-8.378513],[162.738617,-8.38836]]],[[[161.360688,-9.617608],[161.299327,-9.580743],[161.289399,-9.548598],[161.24464,-9.48797],[161.237153,-9.447524],[161.17921,-9.381768],[161.110688,-9.347263],[161.086762,-9.319594],[161.04005,-9.313246],[161.045421,-9.296075],[161.017426,-9.264744],[161.003917,-9.255141],[160.973155,-9.251397],[160.969737,-9.220392],[160.946462,-9.200128],[160.889903,-9.174981],[160.867931,-9.152114],[160.795258,-9.019301],[160.764334,-8.94671],[160.771332,-8.933364],[160.74822,-8.855157],[160.693126,-8.751235],[160.68686,-8.674574],[160.65447,-8.604099],[160.701508,-8.567153],[160.7199,-8.562433],[160.719981,-8.553399],[160.695974,-8.501072],[160.651378,-8.43963],[160.593516,-8.384942],[160.581065,-8.340509],[160.601329,-8.325453],[160.675548,-8.343357],[160.70281,-8.364516],[160.730235,-8.349054],[160.695974,-8.320082],[160.70574,-8.306248],[160.723318,-8.302992],[160.723318,-8.309259],[160.758962,-8.316664],[160.777843,-8.343357],[160.809825,-8.367283],[160.829112,-8.420831],[160.847423,-8.432794],[160.881033,-8.483982],[160.996837,-8.603774],[161.01059,-8.641534],[161.002696,-8.662367],[160.942393,-8.692153],[160.95338,-8.71852],[160.937022,-8.758884],[160.946625,-8.813735],[160.975922,-8.850274],[161.014008,-8.836847],[161.02296,-8.840753],[161.059093,-8.871026],[161.053071,-8.889744],[161.059093,-8.898858],[161.103038,-8.909845],[161.151134,-8.94964],[161.168956,-8.974542],[161.155935,-8.969496],[161.142833,-8.988702],[161.175141,-9.011651],[161.180919,-9.02752],[161.175792,-9.042901],[161.188487,-9.054132],[161.191254,-9.083429],[161.228689,-9.103692],[161.22755,-9.119073],[161.202485,-9.138442],[161.230968,-9.158949],[161.255707,-9.156915],[161.258311,-9.179376],[161.284923,-9.186212],[161.284923,-9.193048],[161.244314,-9.205255],[161.249278,-9.228692],[161.260997,-9.241876],[161.266856,-9.278009],[161.278819,-9.289239],[161.26531,-9.296563],[161.254161,-9.280369],[161.24464,-9.275649],[161.235362,-9.281183],[161.24586,-9.303888],[161.296641,-9.360284],[161.328136,-9.438572],[161.347667,-9.455824],[161.381114,-9.509047],[161.392589,-9.609063],[161.386404,-9.621759],[161.375662,-9.624933],[161.360688,-9.617608]]],[[[157.125173,-8.275079],[157.130626,-8.308282],[157.152517,-8.337172],[157.123546,-8.320408],[157.090587,-8.249119],[157.050059,-8.240899],[157.060069,-8.230564],[157.022634,-8.192804],[157.036388,-8.185724],[157.049978,-8.19671],[157.100841,-8.203546],[157.125173,-8.275079]]],[[[157.207693,-8.288751],[157.200938,-8.288751],[157.198985,-8.274591],[157.173025,-8.268813],[157.150401,-8.215916],[157.104666,-8.178888],[157.112071,-8.172621],[157.097179,-8.169122],[157.09783,-8.158949],[157.122325,-8.167413],[157.167328,-8.167413],[157.187266,-8.185724],[157.204112,-8.232843],[157.207693,-8.288751]]],[[[156.810557,-8.055352],[156.81422,-8.072035],[156.824718,-8.069594],[156.841319,-8.11297],[156.81544,-8.111993],[156.785655,-8.086196],[156.789887,-8.055352],[156.810557,-8.055352]]],[[[157.797374,-8.562433],[157.820486,-8.583185],[157.817882,-8.617771],[157.811046,-8.617771],[157.808849,-8.601332],[157.755707,-8.528253],[157.72934,-8.51393],[157.674815,-8.50921],[157.649669,-8.497979],[157.605642,-8.467462],[157.577647,-8.436212],[157.564626,-8.384942],[157.564626,-8.3235],[157.583018,-8.386489],[157.606456,-8.392999],[157.615001,-8.412367],[157.632335,-8.38836],[157.603363,-8.355727],[157.582693,-8.299412],[157.549653,-8.261407],[157.502615,-8.268813],[157.481781,-8.255955],[157.475841,-8.268813],[157.456554,-8.262302],[157.43214,-8.273614],[157.3449,-8.275079],[157.318858,-8.32586],[157.29713,-8.337172],[157.245372,-8.313653],[157.228201,-8.316664],[157.224864,-8.217706],[157.245372,-8.193129],[157.271251,-8.191664],[157.290294,-8.178888],[157.302013,-8.195733],[157.316905,-8.185724],[157.326508,-8.119399],[157.382823,-8.031508],[157.441091,-7.979669],[157.502615,-7.959731],[157.578868,-8.005548],[157.605642,-8.007582],[157.598643,-8.025567],[157.611827,-8.066176],[157.610525,-8.104181],[157.619314,-8.137953],[157.609874,-8.156345],[157.644705,-8.205173],[157.639659,-8.240899],[157.646495,-8.233657],[157.667003,-8.240899],[157.713878,-8.223565],[157.74586,-8.228692],[157.778494,-8.253351],[157.789887,-8.288751],[157.83839,-8.337172],[157.83839,-8.37127],[157.865571,-8.398614],[157.886078,-8.467462],[157.903331,-8.473565],[157.906912,-8.490899],[157.881114,-8.537774],[157.886078,-8.58294],[157.824474,-8.558852],[157.797374,-8.556329],[157.797374,-8.562433]]],[[[156.611176,-8.072686],[156.615977,-8.170668],[156.604666,-8.191013],[156.587413,-8.199395],[156.538422,-8.091485],[156.542979,-8.021173],[156.5324,-7.948907],[156.549815,-7.939223],[156.577159,-7.966567],[156.601085,-8.02337],[156.611176,-8.072686]]],[[[157.104666,-8.124933],[157.05421,-8.129083],[157.002289,-8.086847],[156.962169,-8.027439],[156.947032,-7.979669],[156.961274,-7.93255],[157.001964,-7.875177],[157.091075,-7.850518],[157.137543,-7.87477],[157.170421,-7.909926],[157.191254,-7.952895],[157.200938,-8.000746],[157.199474,-8.065199],[157.167247,-8.135512],[157.146251,-8.148614],[157.125173,-8.124933],[157.104666,-8.124933]]],[[[156.80714,-7.720147],[156.814708,-7.734552],[156.79949,-7.766534],[156.762706,-7.816502],[156.719737,-7.857029],[156.704112,-7.885024],[156.720714,-7.931817],[156.700694,-7.945489],[156.678071,-7.932306],[156.659679,-7.939223],[156.658946,-7.883966],[156.611827,-7.871189],[156.614757,-7.805108],[156.590831,-7.788507],[156.570974,-7.754327],[156.545177,-7.746515],[156.534841,-7.716567],[156.515636,-7.720147],[156.497081,-7.674981],[156.504161,-7.63006],[156.530772,-7.592462],[156.570974,-7.569431],[156.601573,-7.577569],[156.611176,-7.569431],[156.633962,-7.609308],[156.649587,-7.611261],[156.652843,-7.627374],[156.676443,-7.642267],[156.684825,-7.665704],[156.714854,-7.678643],[156.70753,-7.68613],[156.721039,-7.700372],[156.743663,-7.691827],[156.80714,-7.720147]]],[[[155.570323,-7.322931],[155.618175,-7.363946],[155.597423,-7.382908],[155.525238,-7.383884],[155.507986,-7.375746],[155.542328,-7.322931],[155.570323,-7.322931]]],[[[155.816742,-7.020685],[155.854259,-7.031508],[155.868012,-7.048517],[155.850922,-7.099298],[155.803071,-7.103204],[155.786632,-7.117852],[155.75294,-7.115492],[155.734874,-7.124282],[155.672862,-7.089532],[155.700694,-7.020685],[155.708832,-7.025486],[155.717947,-6.992446],[155.734874,-6.986505],[155.734874,-6.966078],[155.816742,-7.020685]]],[[[156.118419,-6.918227],[156.152599,-6.931329],[156.132091,-6.938735],[156.111583,-6.931329],[156.10434,-6.962091],[156.083669,-6.986505],[156.076834,-6.966078],[156.062266,-6.979099],[156.042735,-6.980401],[156.073416,-6.955743],[156.076671,-6.947524],[156.063731,-6.925063],[156.067149,-6.910903],[156.087169,-6.901625],[156.046886,-6.851658],[156.049653,-6.83172],[156.076834,-6.815199],[156.097911,-6.815199],[156.097911,-6.822035],[156.073416,-6.833185],[156.063731,-6.859633],[156.10255,-6.878188],[156.097911,-6.890883],[156.118419,-6.918227]]],[[[166.92392,-11.640972],[166.924016,-11.674289],[166.978448,-11.670487],[166.984149,-11.709863],[166.888241,-11.717422],[166.843021,-11.713316],[166.767248,-11.63349],[166.767203,-11.61712],[166.805532,-11.591568],[166.869884,-11.588962],[166.93556,-11.608813],[166.92392,-11.640972]]],[[[166.557252,-11.283644],[166.534163,-11.308094],[166.508827,-11.309319],[166.500207,-11.297914],[166.509127,-11.260915],[166.483449,-11.278662],[166.47976,-11.247422],[166.511856,-11.213424],[166.540424,-11.214564],[166.5639,-11.241026],[166.557252,-11.283644]]],[[[166.147905,-10.694046],[166.132986,-10.724786],[166.054501,-10.766732],[166.028168,-10.767267],[166.002376,-10.757216],[165.980805,-10.77337],[165.93422,-10.775741],[165.861965,-10.86854],[165.849358,-10.856151],[165.852392,-10.828618],[165.840418,-10.814568],[165.82837,-10.812301],[165.80008,-10.837543],[165.770235,-10.835823],[165.756474,-10.812161],[165.75303,-10.751888],[165.792634,-10.709137],[165.801813,-10.708588],[165.797417,-10.743065],[165.82195,-10.762165],[165.831218,-10.707651],[165.878062,-10.656847],[165.994527,-10.661139],[166.026664,-10.647016],[166.061174,-10.654033],[166.084972,-10.672052],[166.142757,-10.669251],[166.147905,-10.694046]]],[[[158.486095,-7.610284],[158.516612,-7.630955],[158.526541,-7.647068],[158.523611,-7.658136],[158.507823,-7.659845],[158.492931,-7.651056],[158.475108,-7.623956],[158.46461,-7.637384],[158.406912,-7.610284],[158.421153,-7.643813],[158.362153,-7.637628],[158.359386,-7.61712],[158.347911,-7.603123],[158.327973,-7.596775],[158.316905,-7.57936],[158.362478,-7.586196],[158.368175,-7.583673],[158.362153,-7.567071],[158.378754,-7.562677],[158.422618,-7.579685],[158.45102,-7.603123],[158.486095,-7.610284]]],[[[159.859386,-8.511326],[159.900401,-8.550714],[159.887218,-8.562433],[159.820079,-8.536798],[159.814708,-8.524021],[159.797374,-8.517267],[159.785492,-8.498956],[159.764822,-8.492283],[159.712413,-8.443129],[159.702891,-8.432794],[159.700369,-8.407892],[159.673839,-8.398696],[159.627208,-8.357599],[159.543956,-8.34002],[159.444835,-8.281183],[159.414317,-8.281915],[159.362315,-8.25628],[159.345388,-8.261407],[159.326182,-8.225844],[159.287608,-8.214939],[159.27711,-8.193129],[159.255382,-8.200372],[159.233897,-8.196222],[159.119965,-8.117446],[159.092133,-8.117446],[159.08725,-8.093927],[159.077973,-8.088149],[159.064789,-8.096938],[159.037446,-8.083266],[159.010102,-8.083266],[159.005544,-8.066827],[158.978038,-8.049574],[158.976085,-8.034926],[158.94809,-8.049086],[158.937348,-8.01393],[158.845714,-7.973403],[158.832042,-7.917901],[158.814952,-7.92254],[158.769867,-7.905857],[158.777354,-7.891534],[158.756358,-7.871026],[158.739024,-7.884535],[158.703624,-7.822931],[158.671153,-7.805108],[158.653982,-7.809666],[158.644298,-7.791762],[158.584972,-7.754327],[158.584972,-7.668634],[158.506847,-7.603611],[158.455333,-7.576267],[158.445079,-7.543552],[158.451996,-7.531996],[158.595958,-7.58587],[158.605724,-7.586196],[158.625255,-7.564142],[158.639659,-7.569431],[158.649262,-7.562433],[158.675792,-7.593845],[158.714854,-7.610284],[158.733084,-7.591567],[158.75172,-7.593438],[158.766612,-7.627374],[158.808116,-7.658136],[158.830251,-7.69378],[158.872325,-7.733819],[158.920746,-7.754327],[158.989757,-7.802179],[158.979503,-7.821954],[158.987071,-7.839614],[159.056895,-7.859959],[159.068614,-7.867608],[159.085704,-7.903578],[159.09962,-7.89837],[159.126801,-7.919529],[159.167979,-7.90488],[159.208263,-7.911879],[159.195567,-7.917657],[159.209239,-7.935479],[159.245128,-7.945571],[159.25587,-7.966567],[159.27296,-7.954034],[159.30128,-7.987074],[159.333832,-7.989841],[159.347179,-7.986098],[159.352794,-7.973403],[159.386974,-7.99391],[159.402599,-7.982354],[159.431651,-8.031508],[159.503673,-8.07586],[159.556407,-8.126397],[159.648936,-8.181248],[159.842052,-8.325616],[159.846446,-8.335382],[159.80421,-8.386163],[159.796641,-8.391778],[159.765391,-8.385349],[159.756847,-8.391778],[159.781586,-8.425388],[159.808604,-8.411798],[159.817882,-8.420099],[159.855968,-8.476658],[159.859386,-8.511326]]],[[[158.365245,-7.548272],[158.337657,-7.518324],[158.265798,-7.488214],[158.268565,-7.466974],[158.296641,-7.476821],[158.31129,-7.493748],[158.336111,-7.494561],[158.35906,-7.514093],[158.371349,-7.504164],[158.393077,-7.505792],[158.434825,-7.527765],[158.418468,-7.539727],[158.421153,-7.561293],[158.365245,-7.548272]]],[[[157.611583,-7.404229],[157.618988,-7.411798],[157.610606,-7.429783],[157.618988,-7.452081],[157.591645,-7.432224],[157.590587,-7.447198],[157.580414,-7.452813],[157.54949,-7.452081],[157.569998,-7.432224],[157.519379,-7.414809],[157.475597,-7.411798],[157.509125,-7.390558],[157.588878,-7.393324],[157.605235,-7.411798],[157.611583,-7.404229]]],[[[158.283214,-7.411798],[158.276215,-7.452081],[158.256358,-7.438409],[158.249034,-7.47324],[158.215343,-7.439142],[158.194347,-7.438409],[158.208018,-7.417901],[158.224294,-7.41961],[158.250255,-7.394952],[158.269379,-7.390558],[158.269379,-7.417901],[158.283214,-7.411798]]],[[[157.776215,-7.407973],[157.797374,-7.47324],[157.756033,-7.473891],[157.739268,-7.466892],[157.718272,-7.47324],[157.678559,-7.448175],[157.688975,-7.423028],[157.72169,-7.383884],[157.776215,-7.407973]]],[[[157.529796,-7.333185],[157.526378,-7.370864],[157.473481,-7.384698],[157.447927,-7.432224],[157.441742,-7.414239],[157.427501,-7.417901],[157.414399,-7.407485],[157.32545,-7.391778],[157.312022,-7.378839],[157.307953,-7.360284],[157.316905,-7.336602],[157.290294,-7.35711],[157.278005,-7.356541],[157.276622,-7.370782],[157.200938,-7.336602],[157.14796,-7.332289],[157.132498,-7.34295],[157.118337,-7.342462],[157.104259,-7.332208],[157.082693,-7.28753],[157.056895,-7.268324],[157.014659,-7.282647],[157.022797,-7.268324],[157.01352,-7.251886],[156.998546,-7.238702],[156.943858,-7.221612],[156.927745,-7.208754],[156.834321,-7.099786],[156.823253,-7.067071],[156.793224,-7.050226],[156.743907,-6.973891],[156.722016,-6.956476],[156.687022,-6.897149],[156.596202,-6.850763],[156.461111,-6.733331],[156.446625,-6.664972],[156.454438,-6.630792],[156.487804,-6.60296],[156.504893,-6.599867],[156.548025,-6.610528],[156.573985,-6.631931],[156.581554,-6.649672],[156.600841,-6.646254],[156.643077,-6.655043],[156.721039,-6.733331],[156.780284,-6.775811],[156.82309,-6.787286],[156.927257,-6.849379],[156.992849,-6.868829],[157.01238,-6.894627],[157.042654,-6.897149],[157.120453,-6.980727],[157.136241,-7.086114],[157.187266,-7.178888],[157.207693,-7.164727],[157.22877,-7.195245],[157.279633,-7.212498],[157.302745,-7.266371],[157.356212,-7.288507],[157.386485,-7.322931],[157.392751,-7.322931],[157.395193,-7.306329],[157.445567,-7.316176],[157.511404,-7.300226],[157.524913,-7.309991],[157.529796,-7.333185]]],[[[168.812266,-12.26629],[168.822927,-12.267267],[168.825857,-12.281508],[168.802419,-12.290623],[168.797862,-12.281915],[168.812266,-12.26629]]],[[[165.745291,-10.421645],[165.727794,-10.422459],[165.722911,-10.412856],[165.732188,-10.389907],[165.746349,-10.393487],[165.755056,-10.406915],[165.745291,-10.421645]]],[[[160.635753,-7.891046],[160.64796,-7.926853],[160.632009,-7.927016],[160.607595,-7.888849],[160.612071,-7.876723],[160.623302,-7.874444],[160.635753,-7.891046]]],[[[166.984874,-11.614353],[166.979666,-11.638604],[166.945649,-11.653253],[166.938975,-11.642022],[166.944347,-11.625421],[166.957693,-11.612563],[166.984874,-11.614353]]],[[[166.252452,-10.264907],[166.279959,-10.273045],[166.251475,-10.309177],[166.237315,-10.31113],[166.238048,-10.283461],[166.228689,-10.276056],[166.238536,-10.21502],[166.242442,-10.268976],[166.252452,-10.264907]]],[[[156.545421,-7.791681],[156.559418,-7.802423],[156.555431,-7.817315],[156.534841,-7.827407],[156.516856,-7.818129],[156.52589,-7.799412],[156.545421,-7.791681]]]]}},{"type":"Feature","properties":{"iso3":"TUV","name":"Tuvalu","continent":"Oceania"},"geometry":{"type":"MultiPolygon","coordinates":[[[[179.191254,-8.542087],[179.204112,-8.518976],[179.199392,-8.460626],[179.21754,-8.520603],[179.191254,-8.542087]]],[[[178.380544,-8.070001],[178.373302,-8.069024],[178.375499,-8.056085],[178.390636,-8.026544],[178.380544,-8.070001]]],[[[177.152599,-7.197361],[177.150076,-7.188165],[177.153331,-7.199151],[177.152599,-7.197361]]],[[[176.314301,-6.302341],[176.319184,-6.289239],[176.322439,-6.295099],[176.314301,-6.302341]]],[[[177.344086,-6.121026],[177.337169,-6.108168],[177.356619,-6.114516],[177.344086,-6.121026]]],[[[176.135265,-5.692804],[176.125255,-5.679132],[176.140391,-5.687188],[176.148448,-5.70672],[176.135265,-5.692804]]],[[[179.906749,-9.399347],[179.906098,-9.418634],[179.898611,-9.386814],[179.906749,-9.399347]]],[[[179.867849,-9.343194],[179.873302,-9.346856],[179.878429,-9.360772],[179.867849,-9.343194]]],[[[178.682791,-7.491469],[178.665212,-7.454034],[178.69337,-7.483982],[178.691417,-7.49863],[178.682791,-7.491469]]]]}},{"type":"Feature","properties":{"iso3":"NRU","name":"Nauru","continent":"Oceania"},"geometry":{"type":"Polygon","coordinates":[[[166.938813,-0.490411],[166.955577,-0.497979],[166.958263,-0.517673],[166.938813,-0.551853],[166.916352,-0.54754],[166.906993,-0.524835],[166.913422,-0.500177],[166.938813,-0.490411]]]}},{"type":"Feature","properties":{"iso3":"FSM","name":"Federated States of Micronesia","continent":"Oceania"},"geometry":{"type":"MultiPolygon","coordinates":[[[[163.026052,5.340888],[163.04656,5.323554],[163.019216,5.272691],[162.916189,5.286933],[162.91212,5.304185],[162.924083,5.321031],[162.990733,5.374823],[163.01059,5.379706],[163.026052,5.368842],[163.026052,5.340888]]],[[[158.290782,6.937974],[158.304698,6.924384],[158.324962,6.931138],[158.338227,6.879096],[158.338634,6.869086],[158.304454,6.865953],[158.317556,6.824693],[158.313813,6.808661],[158.292491,6.795071],[158.244477,6.788275],[158.225352,6.789496],[158.215099,6.800767],[158.193533,6.793443],[158.180186,6.802476],[158.160492,6.828111],[158.166026,6.85399],[158.153087,6.875922],[158.160492,6.890204],[158.132986,6.891913],[158.125824,6.907416],[158.132498,6.941352],[158.141856,6.950995],[158.178233,6.956041],[158.180919,6.978949],[158.208263,6.965277],[158.218028,6.970852],[158.276622,6.965277],[158.303477,6.942857],[158.290782,6.937974]]],[[[151.588634,7.383612],[151.622406,7.39175],[151.636404,7.387112],[151.650157,7.369371],[151.644542,7.336086],[151.634288,7.327867],[151.622732,7.342678],[151.607432,7.336127],[151.568126,7.342678],[151.622732,7.365912],[151.618419,7.375881],[151.596934,7.372748],[151.588634,7.383612]]],[[[151.87672,7.458726],[151.917654,7.458726],[151.890636,7.435248],[151.856212,7.424628],[151.863048,7.465562],[151.87672,7.458726]]],[[[138.192393,9.575873],[138.181651,9.558743],[138.184255,9.544379],[138.19752,9.539008],[138.219005,9.54857],[138.202403,9.521186],[138.177989,9.50019],[138.164073,9.504828],[138.156586,9.525784],[138.143809,9.521308],[138.068126,9.412055],[138.063813,9.436103],[138.073009,9.470404],[138.089122,9.501166],[138.112966,9.52147],[138.126231,9.565985],[138.141124,9.574368],[138.150076,9.541164],[138.164399,9.575873],[138.193614,9.588853],[138.192393,9.575873]]],[[[154.808116,0.927802],[154.812836,0.918158],[154.801768,0.918199],[154.798595,0.924465],[154.808116,0.927802]]],[[[154.714854,0.965562],[154.732921,0.967027],[154.726817,0.960639],[154.714854,0.965562]]],[[[154.793142,0.972113],[154.792328,0.962877],[154.778168,0.968817],[154.784353,0.975491],[154.793142,0.972113]]],[[[154.879242,3.751939],[154.87672,3.767971],[154.891856,3.778795],[154.894298,3.762844],[154.879242,3.751939]]],[[[154.789317,3.791815],[154.791759,3.776557],[154.773692,3.766262],[154.771251,3.78148],[154.789317,3.791815]]],[[[153.667735,5.286038],[153.685313,5.309719],[153.710704,5.314602],[153.707693,5.305365],[153.667735,5.286038]]],[[[157.161876,5.773871],[157.158946,5.777899],[157.16391,5.778713],[157.161876,5.773871]]],[[[149.315766,6.696926],[149.323497,6.719468],[149.324718,6.707099],[149.315766,6.696926]]],[[[157.936371,6.71719],[157.93922,6.727362],[157.948904,6.731676],[157.936371,6.71719]]],[[[151.856781,7.316596],[151.854503,7.370063],[151.865571,7.350653],[151.856781,7.316596]]],[[[149.18572,7.371649],[149.180837,7.381171],[149.187266,7.381578],[149.18572,7.371649]]],[[[150.407481,8.575507],[150.404633,8.586005],[150.409353,8.584662],[150.407481,8.575507]]],[[[149.668712,8.574693],[149.667817,8.604234],[149.675548,8.616441],[149.687266,8.616034],[149.668712,8.574693]]],[[[150.118175,8.976304],[150.124278,8.9855],[150.132986,8.98607],[150.118175,8.976304]]],[[[140.514171,9.767808],[140.531261,9.77558],[140.524669,9.764472],[140.515391,9.761176],[140.514171,9.767808]]]]}},{"type":"Feature","properties":{"iso3":"VUT","name":"Vanuatu","continent":"Oceania"},"geometry":{"type":"MultiPolygon","coordinates":[[[[169.840343,-20.140802],[169.888845,-20.173923],[169.898936,-20.192315],[169.871593,-20.239435],[169.830089,-20.253106],[169.737966,-20.208917],[169.736339,-20.185805],[169.755544,-20.143813],[169.821137,-20.135024],[169.840343,-20.140802]]],[[[169.432791,-19.492852],[169.50172,-19.52752],[169.460134,-19.582208],[169.453298,-19.626153],[169.436209,-19.657322],[169.357677,-19.636163],[169.306163,-19.582208],[169.278331,-19.578302],[169.218516,-19.490167],[169.214529,-19.439142],[169.219981,-19.414809],[169.238943,-19.398533],[169.234711,-19.362481],[169.243419,-19.341974],[169.261485,-19.328302],[169.336599,-19.31463],[169.352875,-19.328058],[169.344005,-19.380141],[169.357677,-19.455255],[169.366466,-19.469659],[169.432791,-19.492852]]],[[[169.336599,-18.934828],[169.32781,-18.960382],[169.286957,-18.982354],[169.275076,-18.999282],[169.166515,-18.939223],[169.134125,-18.940851],[169.102794,-18.932224],[169.059255,-18.901951],[168.987315,-18.87656],[168.985525,-18.859633],[169.002208,-18.80169],[168.98227,-18.762628],[168.98878,-18.690606],[169.008149,-18.649998],[169.038422,-18.629164],[169.07781,-18.618259],[169.118419,-18.619399],[169.152354,-18.636326],[169.162446,-18.652276],[169.17213,-18.726495],[169.227306,-18.739353],[169.243988,-18.732517],[169.268321,-18.769952],[169.193207,-18.787042],[169.22047,-18.824965],[169.319835,-18.882013],[169.332367,-18.90488],[169.336599,-18.934828]]],[[[168.549571,-17.691013],[168.583751,-17.684177],[168.58546,-17.701267],[168.547618,-17.784601],[168.540212,-17.796645],[168.50115,-17.807061],[168.484141,-17.820733],[168.467784,-17.809259],[168.388357,-17.823663],[168.37086,-17.813897],[168.360362,-17.793715],[168.34962,-17.807061],[168.343516,-17.780369],[168.309337,-17.794041],[168.315603,-17.75921],[168.283051,-17.778578],[168.247325,-17.786554],[168.264659,-17.767836],[168.304698,-17.752048],[168.309337,-17.731215],[168.2942,-17.736749],[168.286632,-17.71087],[168.25172,-17.695571],[168.213145,-17.704034],[168.185802,-17.738702],[168.174815,-17.740981],[168.151134,-17.718194],[168.178966,-17.656183],[168.226817,-17.615167],[168.266612,-17.558526],[168.292735,-17.537693],[168.323009,-17.532647],[168.336681,-17.555597],[168.354177,-17.545343],[168.423106,-17.534275],[168.45338,-17.546319],[168.459158,-17.570571],[168.487478,-17.594822],[168.510427,-17.648858],[168.529063,-17.656183],[168.549571,-17.691013]]],[[[168.205414,-17.58115],[168.207856,-17.550388],[168.238943,-17.521905],[168.275645,-17.509373],[168.295421,-17.526462],[168.247081,-17.546319],[168.205414,-17.58115]]],[[[168.322765,-17.447361],[168.327403,-17.419366],[168.338552,-17.414483],[168.36378,-17.443943],[168.372081,-17.479099],[168.356293,-17.484145],[168.334158,-17.469985],[168.322765,-17.447361]]],[[[168.391124,-17.067153],[168.376475,-17.085382],[168.333018,-17.094415],[168.322765,-17.089451],[168.339529,-17.066176],[168.388357,-17.041192],[168.425141,-17.046645],[168.391124,-17.067153]]],[[[168.559255,-16.943617],[168.532725,-16.937921],[168.533946,-16.894464],[168.552745,-16.879083],[168.57838,-16.876886],[168.597016,-16.895196],[168.570323,-16.937595],[168.559255,-16.943617]]],[[[168.192068,-16.813897],[168.149913,-16.778578],[168.144216,-16.731378],[168.120372,-16.709161],[168.131114,-16.635837],[168.149099,-16.616957],[168.144216,-16.573012],[168.189952,-16.580255],[168.230235,-16.642022],[168.247325,-16.690362],[168.281505,-16.676853],[168.298106,-16.682061],[168.335216,-16.733168],[168.353363,-16.738214],[168.370291,-16.767022],[168.441173,-16.77044],[168.464122,-16.778009],[168.480724,-16.800226],[168.46754,-16.805922],[168.473888,-16.848077],[168.45338,-16.848077],[168.384125,-16.802504],[168.333263,-16.786716],[168.291677,-16.795343],[168.232921,-16.822931],[168.192068,-16.813897]]],[[[168.3296,-16.539646],[168.315929,-16.535821],[168.295421,-16.497979],[168.33725,-16.491876],[168.349376,-16.497979],[168.361176,-16.514255],[168.361339,-16.529392],[168.350434,-16.539239],[168.3296,-16.539646]]],[[[168.213145,-16.478123],[168.222667,-16.440606],[168.260997,-16.429783],[168.25172,-16.444757],[168.243826,-16.494561],[168.210134,-16.504653],[168.203136,-16.495375],[168.213145,-16.478123]]],[[[168.182384,-16.347833],[168.139985,-16.361912],[168.10255,-16.339939],[168.076508,-16.340427],[168.050059,-16.322442],[168.021983,-16.326593],[167.920909,-16.258884],[167.926443,-16.244806],[167.912852,-16.233087],[167.925792,-16.219822],[167.994477,-16.192315],[168.048676,-16.190118],[168.069509,-16.179783],[168.125499,-16.129083],[168.140961,-16.089776],[168.171641,-16.080255],[168.207286,-16.134454],[168.230724,-16.227716],[168.249685,-16.246189],[168.3213,-16.282892],[168.329845,-16.306248],[168.288259,-16.344008],[168.182384,-16.347833]]],[[[167.812511,-16.419529],[167.822765,-16.419041],[167.843923,-16.457696],[167.820323,-16.481052],[167.799571,-16.486993],[167.771658,-16.524509],[167.771983,-16.54046],[167.76059,-16.546319],[167.744395,-16.546482],[167.726573,-16.517836],[167.690929,-16.511],[167.679373,-16.499933],[167.64088,-16.501642],[167.621918,-16.494236],[167.568126,-16.525974],[167.590017,-16.539646],[167.580251,-16.552179],[167.542166,-16.560154],[167.521007,-16.580499],[167.50294,-16.574395],[167.500662,-16.587335],[167.494395,-16.587335],[167.486176,-16.577081],[167.458751,-16.567966],[167.421072,-16.520196],[167.418712,-16.497979],[167.45281,-16.517836],[167.450206,-16.501886],[167.43572,-16.462823],[167.406505,-16.420017],[167.40504,-16.38128],[167.387543,-16.369724],[167.381521,-16.346775],[167.387706,-16.272638],[167.374848,-16.192966],[167.363455,-16.1867],[167.322439,-16.115004],[167.30128,-16.128676],[167.295177,-16.12127],[167.233084,-16.16961],[167.209321,-16.148858],[167.195974,-16.14365],[167.185313,-16.149102],[167.171641,-16.108168],[167.147472,-16.08294],[167.148448,-16.046319],[167.178477,-15.990899],[167.174164,-15.9249],[167.185313,-15.89072],[167.226248,-15.867364],[167.336111,-15.908949],[167.334809,-15.944106],[167.394705,-16.017999],[167.377126,-16.052911],[167.400401,-16.064711],[167.404307,-16.074395],[167.397634,-16.087091],[167.459646,-16.131768],[167.473399,-16.131036],[167.466482,-16.104425],[167.480154,-16.113214],[167.494395,-16.134942],[167.48699,-16.162774],[167.514903,-16.176446],[167.534679,-16.162774],[167.555186,-16.20436],[167.603038,-16.224298],[167.65268,-16.269708],[167.679373,-16.258966],[167.688731,-16.263849],[167.68572,-16.287042],[167.703624,-16.306248],[167.746918,-16.340427],[167.772472,-16.336033],[167.786143,-16.358575],[167.794688,-16.407973],[167.77589,-16.441176],[167.773936,-16.459568],[167.789236,-16.470636],[167.794444,-16.438653],[167.812511,-16.419529]]],[[[167.20574,-15.751235],[167.185883,-15.750746],[167.144216,-15.724054],[167.089122,-15.703546],[167.072276,-15.676202],[167.075694,-15.649591],[167.094981,-15.629571],[167.126964,-15.621515],[167.233572,-15.641534],[167.236827,-15.659356],[167.224946,-15.690037],[167.233735,-15.741388],[167.20574,-15.751235]]],[[[167.1574,-15.538995],[167.190196,-15.531671],[167.178477,-15.545831],[167.192638,-15.553888],[167.185313,-15.56699],[167.208344,-15.579034],[167.209483,-15.596368],[167.194835,-15.607517],[167.171641,-15.601007],[167.142833,-15.60589],[167.109548,-15.587498],[167.1574,-15.538995]]],[[[168.185802,-15.517836],[168.203787,-15.534438],[168.199474,-15.627699],[168.213145,-15.659356],[168.216075,-15.70379],[168.239513,-15.768162],[168.247325,-15.819513],[168.264008,-15.85711],[168.270356,-15.914239],[168.267751,-15.949151],[168.254893,-15.975763],[168.226817,-15.990899],[168.204275,-15.992446],[168.192393,-15.985528],[168.187511,-15.971124],[168.15504,-15.793634],[168.131114,-15.737563],[168.11964,-15.662774],[168.124522,-15.621352],[168.148936,-15.543227],[168.154552,-15.463311],[168.176524,-15.461602],[168.185802,-15.517836]]],[[[167.939464,-15.39186],[167.927908,-15.423598],[167.861583,-15.476739],[167.838552,-15.484796],[167.734141,-15.484308],[167.678722,-15.461033],[167.672862,-15.449802],[167.682384,-15.43255],[167.804454,-15.320001],[167.891612,-15.291925],[167.976899,-15.277765],[168.002452,-15.281834],[168.003266,-15.291599],[167.953949,-15.34881],[167.939464,-15.39186]]],[[[167.12322,-14.963637],[167.096446,-14.928888],[167.1574,-14.956231],[167.139659,-14.969659],[167.12322,-14.963637]]],[[[168.096446,-14.980401],[168.100434,-14.962091],[168.090505,-14.943536],[168.110688,-14.915785],[168.122895,-14.922784],[168.141368,-14.960138],[168.171641,-15.172784],[168.192068,-15.206313],[168.194347,-15.289158],[168.178966,-15.395115],[168.131114,-15.395115],[168.135427,-15.346856],[168.12379,-15.299412],[168.130544,-15.264744],[168.130138,-15.157647],[168.120616,-15.134942],[168.096446,-14.980401]]],[[[167.140636,-15.535577],[167.102712,-15.580011],[167.076427,-15.592869],[166.989106,-15.575616],[166.90797,-15.586358],[166.883474,-15.608005],[166.89324,-15.617771],[166.86378,-15.614841],[166.835785,-15.648858],[166.815603,-15.658298],[166.793142,-15.656345],[166.753917,-15.627699],[166.766449,-15.608819],[166.766775,-15.583917],[166.756196,-15.562433],[166.707205,-15.53281],[166.674083,-15.468032],[166.641368,-15.434747],[166.616059,-15.385024],[166.646169,-15.285577],[166.649181,-15.218357],[166.613943,-15.14186],[166.59962,-15.062107],[166.609874,-15.031915],[166.592621,-15.0263],[166.582042,-15.011407],[166.570811,-14.956231],[166.541026,-14.90838],[166.522634,-14.832127],[166.534679,-14.775323],[166.527354,-14.737074],[166.554535,-14.682387],[166.556163,-14.645929],[166.587657,-14.636407],[166.598399,-14.625258],[166.609874,-14.634698],[166.64031,-14.690037],[166.644054,-14.713149],[166.671235,-14.74391],[166.686209,-14.779962],[166.747081,-14.819594],[166.737315,-14.829522],[166.769867,-14.947931],[166.77296,-15.009698],[166.788097,-15.028497],[166.801768,-15.152276],[166.813162,-15.160414],[166.91977,-15.155938],[166.963227,-15.104181],[166.971934,-14.979913],[166.964529,-14.951349],[166.975922,-14.93727],[167.00766,-14.922052],[167.082856,-14.928888],[167.082856,-14.936293],[167.056163,-14.947686],[167.056814,-15.002048],[167.04127,-15.025079],[167.057872,-15.026951],[167.064626,-15.038832],[167.089122,-15.141209],[167.113292,-15.1242],[167.144216,-15.128106],[167.139415,-15.146417],[167.1574,-15.226821],[167.144216,-15.246352],[167.151134,-15.264744],[167.178477,-15.277765],[167.191742,-15.305597],[167.185069,-15.340997],[167.178884,-15.346612],[167.164806,-15.33294],[167.171723,-15.366388],[167.212901,-15.463556],[167.245372,-15.488051],[167.247244,-15.498224],[167.233409,-15.523614],[167.171723,-15.517836],[167.140636,-15.535577]]],[[[167.514903,-14.140558],[167.586436,-14.172459],[167.603038,-14.18906],[167.593435,-14.250421],[167.562022,-14.298923],[167.548025,-14.313084],[167.526134,-14.31992],[167.430919,-14.318455],[167.401215,-14.305108],[167.396821,-14.299574],[167.411143,-14.267836],[167.407481,-14.19492],[167.447927,-14.161391],[167.480724,-14.161065],[167.514903,-14.140558]]],[[[167.45281,-13.918634],[167.448416,-13.885024],[167.418712,-13.86004],[167.39503,-13.824965],[167.390798,-13.77752],[167.412283,-13.739516],[167.473806,-13.708429],[167.488943,-13.708185],[167.521007,-13.736505],[167.549653,-13.789483],[167.562022,-13.798028],[167.542166,-13.818536],[167.548595,-13.832778],[167.588715,-13.848403],[167.590017,-13.856622],[167.568126,-13.86004],[167.533702,-13.880466],[167.48699,-13.887384],[167.493663,-13.89186],[167.48699,-13.901056],[167.498546,-13.924493],[167.484874,-13.942153],[167.463878,-13.943943],[167.45281,-13.918634]]],[[[167.702647,-13.619806],[167.716482,-13.640232],[167.712901,-13.668227],[167.650727,-13.681899],[167.63502,-13.693536],[167.633474,-13.684259],[167.669932,-13.636489],[167.702647,-13.619806]]],[[[167.329275,-13.510512],[167.346934,-13.528009],[167.37086,-13.517348],[167.368663,-13.54339],[167.3567,-13.553399],[167.315603,-13.551528],[167.297048,-13.520603],[167.296641,-13.50449],[167.308849,-13.490167],[167.334809,-13.483575],[167.351329,-13.492934],[167.35141,-13.505955],[167.329275,-13.510512]]],[[[166.575206,-13.236261],[166.611583,-13.215265],[166.631521,-13.216729],[166.644054,-13.230076],[166.642833,-13.247735],[166.613048,-13.268243],[166.588145,-13.258477],[166.575206,-13.236261]]],[[[166.575206,-13.154392],[166.554535,-13.188409],[166.529633,-13.169854],[166.53419,-13.095636],[166.520518,-13.064874],[166.561371,-13.078709],[166.575206,-13.120212],[166.56837,-13.138279],[166.575206,-13.154392]]],[[[166.672699,-13.455011],[166.658458,-13.41546],[166.673839,-13.407647],[166.688731,-13.423435],[166.672699,-13.455011]]]]}},{"type":"Feature","properties":{"iso3":"NIU","name":"Niue","continent":"Oceania"},"geometry":{"type":"Polygon","coordinates":[[[-169.851145,-18.965102],[-169.825307,-18.96795],[-169.782908,-19.068943],[-169.865427,-19.129653],[-169.872996,-19.125909],[-169.898915,-19.142755],[-169.909983,-19.128595],[-169.933705,-19.129653],[-169.919423,-19.115981],[-169.924062,-19.099379],[-169.950429,-19.087335],[-169.947703,-19.069431],[-169.926259,-19.03753],[-169.933705,-19.013604],[-169.916005,-19.003106],[-169.895823,-18.965102],[-169.851145,-18.965102]]]}},{"type":"Feature","properties":{"iso3":"ASM","name":"American Samoa","continent":"Oceania"},"geometry":{"type":"MultiPolygon","coordinates":[[[[-170.591013,-14.264825],[-170.576243,-14.252537],[-170.56725,-14.258559],[-170.568471,-14.270929],[-170.584177,-14.277765],[-170.659291,-14.285252],[-170.748647,-14.374688],[-170.831248,-14.319431],[-170.788645,-14.294529],[-170.721506,-14.289239],[-170.698476,-14.260512],[-170.661448,-14.252374],[-170.620066,-14.254571],[-170.591013,-14.264825]]],[[[-169.463857,-14.22324],[-169.44404,-14.230645],[-169.440134,-14.245294],[-169.447133,-14.255629],[-169.460154,-14.250421],[-169.476186,-14.262384],[-169.494862,-14.257257],[-169.504262,-14.270603],[-169.522817,-14.270929],[-169.529286,-14.248793],[-169.542673,-14.236749],[-169.506459,-14.222263],[-169.463857,-14.22324]]],[[[-168.16157,-14.532892],[-168.173085,-14.523696],[-168.163523,-14.519789],[-168.16157,-14.532892]]],[[[-169.676218,-14.1749],[-169.658193,-14.168878],[-169.63561,-14.177016],[-169.660146,-14.189142],[-169.669749,-14.187921],[-169.676218,-14.1749]]],[[[-171.072825,-11.052504],[-171.081532,-11.066095],[-171.085642,-11.051365],[-171.072825,-11.052504]]]]}},{"type":"Feature","properties":{"iso3":"PLW","name":"Palau","continent":"Oceania"},"geometry":{"type":"MultiPolygon","coordinates":[[[[134.271495,7.07453],[134.284434,7.062649],[134.271495,7.033596],[134.279959,7.020494],[134.257823,7.013088],[134.234386,6.98432],[134.235688,7.00849],[134.271495,7.07453]]],[[[134.463878,7.294257],[134.449229,7.290025],[134.463878,7.263577],[134.458344,7.256741],[134.425955,7.253323],[134.392914,7.224514],[134.364919,7.221503],[134.349132,7.237779],[134.347911,7.267808],[134.382579,7.237942],[134.401703,7.246487],[134.443858,7.287421],[134.441091,7.316718],[134.458995,7.307685],[134.463878,7.294257]]],[[[134.471365,7.362494],[134.511892,7.347317],[134.527354,7.331529],[134.522227,7.311347],[134.511892,7.30858],[134.491222,7.342678],[134.477794,7.346869],[134.449474,7.328355],[134.449555,7.355414],[134.471365,7.362494]]],[[[134.648204,7.719428],[134.660167,7.686021],[134.658214,7.591051],[134.625743,7.530504],[134.635997,7.50316],[134.59962,7.442572],[134.594249,7.421129],[134.601085,7.383612],[134.591645,7.366889],[134.559337,7.376166],[134.5442,7.358547],[134.528005,7.357571],[134.499278,7.438218],[134.485525,7.444159],[134.487559,7.469916],[134.511567,7.493476],[134.515473,7.480536],[134.533865,7.485989],[134.536143,7.507961],[134.511567,7.527655],[134.54477,7.561835],[134.556977,7.601142],[134.586111,7.620551],[134.63502,7.62934],[134.640961,7.645982],[134.62143,7.729682],[134.634288,7.732164],[134.648204,7.719428]]],[[[131.1421,3.047309],[131.160899,3.058783],[131.183604,3.060289],[131.192068,3.048814],[131.180431,3.033271],[131.138438,3.018948],[131.131114,3.029486],[131.1421,3.047309]]],[[[132.220388,5.292222],[132.213878,5.307115],[132.220225,5.310248],[132.226736,5.304348],[132.220388,5.292222]]],[[[134.159679,6.884467],[134.136729,6.919094],[134.139659,6.934272],[134.159841,6.935004],[134.173188,6.924872],[134.17335,6.893744],[134.159679,6.884467]]],[[[131.791515,2.977729],[131.806407,2.97427],[131.812999,2.960435],[131.795177,2.949042],[131.778819,2.952826],[131.775401,2.964057],[131.791515,2.977729]]],[[[134.709676,8.096618],[134.722248,8.096466],[134.727343,8.082879],[134.718108,8.058676],[134.701245,8.050245],[134.692814,8.075539],[134.709676,8.096618]]]]}},{"type":"Feature","properties":{"iso3":"GUM","name":"Guam","continent":"Oceania"},"geometry":{"type":"Polygon","coordinates":[[[144.886404,13.640204],[144.896658,13.617987],[144.914317,13.605414],[144.951915,13.598578],[144.952159,13.586859],[144.906993,13.516669],[144.783458,13.420478],[144.769379,13.379136],[144.760102,13.285631],[144.735606,13.249172],[144.718028,13.241848],[144.680675,13.246772],[144.653575,13.287014],[144.644298,13.33161],[144.626313,13.345364],[144.643077,13.365709],[144.647472,13.396226],[144.624197,13.43122],[144.636485,13.443101],[144.65447,13.439154],[144.783458,13.516669],[144.811209,13.553616],[144.838634,13.632758],[144.86671,13.653022],[144.880626,13.65412],[144.886404,13.640204]]]}},{"type":"Feature","properties":{"iso3":"MNP","name":"Northern Mariana Islands","continent":"Oceania"},"geometry":{"type":"MultiPolygon","coordinates":[[[[145.20574,14.181383],[145.252452,14.200385],[145.279959,14.202786],[145.290538,14.181383],[145.282074,14.161038],[145.249848,14.150051],[145.229015,14.11994],[145.209972,14.110663],[145.171641,14.126166],[145.126231,14.123236],[145.119314,14.129584],[145.130707,14.146918],[145.157237,14.163764],[145.20574,14.181383]]],[[[145.647309,15.072089],[145.652599,15.059272],[145.647309,15.017483],[145.667817,14.982733],[145.645763,14.929755],[145.625824,14.915269],[145.606456,14.928127],[145.578461,15.017483],[145.611095,15.066799],[145.633067,15.082099],[145.647309,15.072089]]],[[[145.787852,15.267279],[145.81658,15.270168],[145.823741,15.262397],[145.792735,15.232245],[145.77589,15.189521],[145.784516,15.16828],[145.779796,15.159166],[145.766124,15.155015],[145.757172,15.160834],[145.73878,15.136664],[145.752615,15.096015],[145.716319,15.105618],[145.685557,15.102484],[145.683849,15.131293],[145.698253,15.203192],[145.729991,15.222886],[145.73406,15.239244],[145.787852,15.267279]]],[[[145.709483,16.367499],[145.717621,16.352607],[145.711192,16.344957],[145.669119,16.339179],[145.643809,16.344631],[145.628184,16.364081],[145.637706,16.37995],[145.654145,16.381171],[145.709483,16.367499]]],[[[145.771118,18.175209],[145.824962,18.167711],[145.839122,18.145087],[145.835623,18.128323],[145.758149,18.061184],[145.743663,18.05329],[145.719493,18.054185],[145.713067,18.077465],[145.739513,18.090969],[145.750766,18.113726],[145.756697,18.161751],[145.771118,18.175209]]],[[[145.661632,18.72427],[145.635517,18.747218],[145.632555,18.786914],[145.650372,18.808902],[145.688324,18.807359],[145.708018,18.77969],[145.709483,18.74844],[145.693614,18.727729],[145.661632,18.72427]]],[[[145.789236,16.675482],[145.769054,16.69477],[145.785899,16.7001],[145.804535,16.693061],[145.789236,16.675482]]],[[[145.854991,17.285793],[145.835948,17.305162],[145.851248,17.309394],[145.868175,17.301744],[145.854991,17.285793]]],[[[145.854259,17.566881],[145.832205,17.57746],[145.826915,17.593207],[145.834239,17.60578],[145.850597,17.606879],[145.862966,17.598538],[145.866954,17.575019],[145.854259,17.566881]]],[[[145.40561,19.652777],[145.382091,19.672797],[145.382091,19.684149],[145.409923,19.684475],[145.413748,19.662421],[145.40561,19.652777]]],[[[145.250743,20.009711],[145.226736,20.029771],[145.23878,20.050442],[145.24586,20.030422],[145.272797,20.032375],[145.265798,20.017564],[145.250743,20.009711]]],[[[144.915701,20.517157],[144.90211,20.540025],[144.906749,20.5515],[144.919688,20.555406],[144.931814,20.549221],[144.932465,20.537502],[144.915701,20.517157]]]]}}]}